brand,name,price,event,img_url
7Eleven,연세)블루베리요거트300ml,2500,1+1,https://www.7-eleven.co.kr/upload/product/8801753/110501.1.jpg
7Eleven,연세)스트로베리요거트300ml,2500,1+1,https://www.7-eleven.co.kr/upload/product/8801753/110976.1.jpg
7Eleven,CJ)숯불후랑크120g,3700,1+1,https://www.7-eleven.co.kr/upload/product/8801007/034980.1.jpg
7Eleven,깨끗한)생분해물티슈에코70매(캡,5900,1+1,https://www.7-eleven.co.kr/front/img/product/product_list_01.jpg
7Eleven,LG)엘라스틴프로틴헤어세럼100ml,12900,1+1,https://www.7-eleven.co.kr/front/img/product/product_list_01.jpg
7Eleven,동원)쿨피스에이드복숭아300ml,2000,1+1,https://www.7-eleven.co.kr/front/img/product/product_list_01.jpg
7Eleven,동원)쿨피스에이드자두300ml,2000,1+1,https://www.7-eleven.co.kr/front/img/product/product_list_01.jpg
7Eleven,피죤)액츠퍼펙트딥클린(겸용)1.4,14900,1+1,https://www.7-eleven.co.kr/front/img/product/product_list_01.jpg
7Eleven,하림)더미식김치콩나물국350g,4500,1+1,https://www.7-eleven.co.kr/front/img/product/product_list_01.jpg
7Eleven,하림)더미식시래기된장국350g,4500,1+1,https://www.7-eleven.co.kr/front/img/product/product_list_01.jpg
7Eleven,오뚜기)골드치킨마요덮밥(컵밥),5400,1+1,https://www.7-eleven.co.kr/front/img/product/product_list_01.jpg
7Eleven,P&G)페브리즈실내건조370ml_H,12000,1+1,https://www.7-eleven.co.kr/front/img/product/product_list_01.jpg
7Eleven,하림)더미식김치교자140g,5500,1+1,https://www.7-eleven.co.kr/front/img/product/product_list_01.jpg
7Eleven,하림)더미식육즙고기교자140g,5500,1+1,https://www.7-eleven.co.kr/front/img/product/product_list_01.jpg
7Eleven,CJ)숯불불닭맛후랑크120g,3700,1+1,https://www.7-eleven.co.kr/front/img/product/product_list_01.jpg
7Eleven,CJ)맥스봉매콤불고기맛핫바65g,2400,1+1,https://www.7-eleven.co.kr/front/img/product/product_list_01.jpg
7Eleven,풀무원)그릭시그니처150g,3900,1+1,https://www.7-eleven.co.kr/front/img/product/product_list_01.jpg
7Eleven,티젠)콤부차매실10T,8000,1+1,https://www.7-eleven.co.kr/front/img/product/product_list_01.jpg
7Eleven,LG)쏘피유기농대형4P,3500,1+1,https://www.7-eleven.co.kr/front/img/product/product_list_01.jpg
7Eleven,LG)쏘피유기농수퍼롱3P,4700,1+1,https://www.7-eleven.co.kr/front/img/product/product_list_01.jpg
7Eleven,피죤)퓨어뽀드득주방세제레몬(1.,7900,1+1,https://www.7-eleven.co.kr/front/img/product/product_list_01.jpg
7Eleven,G)보바티딸기복숭아320ml,2500,1+1,https://www.7-eleven.co.kr/front/img/product/product_list_01.jpg
7Eleven,G)보바티멜론배320ml,2500,1+1,https://www.7-eleven.co.kr/front/img/product/product_list_01.jpg
7Eleven,G)보바티흑당밀크315ml,2500,1+1,https://www.7-eleven.co.kr/front/img/product/product_list_01.jpg
7Eleven,서울)커피타운모카250ml,2600,1+1,https://www.7-eleven.co.kr/front/img/product/product_list_01.jpg
7Eleven,서울)커피타운바닐라250ml,2600,1+1,https://www.7-eleven.co.kr/front/img/product/product_list_01.jpg
7Eleven,LG)쏘피유기농무표백수퍼롱3P,4800,1+1,https://www.7-eleven.co.kr/front/img/product/product_list_01.jpg
7Eleven,LG)쏘피유기농중형4P,3100,1+1,https://www.7-eleven.co.kr/upload/product/8809299/231162.1.jpg
7Eleven,깨끗한)건강한순수한면입오버대,11200,1+1,https://www.7-eleven.co.kr/front/img/product/product_list_01.jpg
7Eleven,서울F&B)설빙마시는초코브라우니,1800,1+1,https://www.7-eleven.co.kr/front/img/product/product_list_01.jpg
7Eleven,K리그)산리오물티슈20매,2200,1+1,https://www.7-eleven.co.kr/front/img/product/product_list_01.jpg
7Eleven,CJ)동그란스팸160g,5500,1+1,https://www.7-eleven.co.kr/front/img/product/product_list_01.jpg
7Eleven,정관장)에브리타임맥스10ml,3500,1+1,https://www.7-eleven.co.kr/front/img/product/product_list_01.jpg
7Eleven,정관장)에브리타임리프레시1포,3500,1+1,https://www.7-eleven.co.kr/front/img/product/product_list_01.jpg
7Eleven,삼양)스틱불닭소스16g,700,1+1,https://www.7-eleven.co.kr/front/img/product/product_list_01.jpg
7Eleven,깨끗한)디어스킨리얼모달오버12P,8600,1+1,https://www.7-eleven.co.kr/front/img/product/product_list_01.jpg
7Eleven,에이스)데일리유기농레몬즙20g,1500,1+1,https://www.7-eleven.co.kr/front/img/product/product_list_01.jpg
7Eleven,피치)라바삭35g,2800,1+1,https://www.7-eleven.co.kr/front/img/product/product_list_01.jpg
7Eleven,디링)아침미소목장한라봉요거트1,5500,1+1,https://www.7-eleven.co.kr/front/img/product/product_list_01.jpg
7Eleven,디링)아침미소목장우도땅콩100ml,5500,1+1,https://www.7-eleven.co.kr/front/img/product/product_list_01.jpg
7Eleven,매일)바이오그릭파우치플레인120,3400,1+1,https://www.7-eleven.co.kr/front/img/product/product_list_01.jpg
7Eleven,매일)바이오그릭파우치허니120g,3400,1+1,https://www.7-eleven.co.kr/front/img/product/product_list_01.jpg
7Eleven,정관장)아미노활기력샷20ml,3500,1+1,https://www.7-eleven.co.kr/front/img/product/product_list_01.jpg
7Eleven,정관장)에너지활기력샷20ml,3500,1+1,https://www.7-eleven.co.kr/front/img/product/product_list_01.jpg
7Eleven,티젠)푸룬쏙50G,4000,1+1,https://www.7-eleven.co.kr/front/img/product/product_list_01.jpg
7Eleven,티젠)풋사과쏙50G,4000,1+1,https://www.7-eleven.co.kr/front/img/product/product_list_01.jpg
7Eleven,유한)좋은느낌울트라날개대4P,2800,1+1,https://www.7-eleven.co.kr/front/img/product/product_list_01.jpg
7Eleven,유한)좋은느낌무표백입는오버대,11200,1+1,https://www.7-eleven.co.kr/front/img/product/product_list_01.jpg
7Eleven,LG)온더바디발을씻자풋샴푸 레몬,11900,1+1,https://www.7-eleven.co.kr/front/img/product/product_list_01.jpg
7Eleven,종근당)깨노니땡큐샷30ml,6000,1+1,https://www.7-eleven.co.kr/front/img/product/product_list_01.jpg
7Eleven,PB)생생감자칩페퍼솔트60g,1700,1+1,https://www.7-eleven.co.kr/front/img/product/product_list_01.jpg
7Eleven,뉴트)비비랩푸룬클렌즈샷20ml,3900,1+1,https://www.7-eleven.co.kr/front/img/product/product_list_01.jpg
7Eleven,덴마크)테이크얼라이브망고200ml,1500,1+1,https://www.7-eleven.co.kr/front/img/product/product_list_01.jpg
7Eleven,덴마크)테이크얼라이브자몽200ml,1500,1+1,https://www.7-eleven.co.kr/front/img/product/product_list_01.jpg
7Eleven,LS)짠한형화깨수20g,3800,1+1,https://www.7-eleven.co.kr/front/img/product/product_list_01.jpg
7Eleven,티젠)말차라떼7입,7000,1+1,https://www.7-eleven.co.kr/front/img/product/product_list_01.jpg
7Eleven,PB)오가다레몬꿀물280ml,2000,1+1,https://www.7-eleven.co.kr/front/img/product/product_list_01.jpg
7Eleven,PB)오가다아카시아꿀물280ml,2000,1+1,https://www.7-eleven.co.kr/front/img/product/product_list_01.jpg
7Eleven,PB)오가다대추쌍화280ml,2000,1+1,https://www.7-eleven.co.kr/front/img/product/product_list_01.jpg
7Eleven,남양)과수원사과팩190ml,1000,1+1,https://www.7-eleven.co.kr/front/img/product/product_list_01.jpg
7Eleven,매일)바이오그릭요거트150g,3400,1+1,https://www.7-eleven.co.kr/front/img/product/product_list_01.jpg
7Eleven,히밥)럭히밥김찌라면큰컵,1900,1+1,https://www.7-eleven.co.kr/front/img/product/product_list_01.jpg
7Eleven,에이스)그릭요거트스타터2g,2500,1+1,https://www.7-eleven.co.kr/front/img/product/product_list_01.jpg
7Eleven,티젠)콤부차10입,8000,1+1,https://www.7-eleven.co.kr/upload/product/8809071/546552.1.jpg
7Eleven,이노엔)컨디션환1입,2900,1+1,https://www.7-eleven.co.kr/upload/product/8809422/043846.1.jpg
7Eleven,이노엔)컨디션환3입,8500,1+1,https://www.7-eleven.co.kr/upload/product/8809422/041293.1.jpg
7Eleven,티젠)콤부차피치10입,8000,1+1,https://www.7-eleven.co.kr/upload/product/8809685/980674.1.jpg
7Eleven,이노엔)컨디션스틱오리지널,3900,1+1,https://www.7-eleven.co.kr/upload/product/8809422/043884.1.jpg
7Eleven,이노엔)컨디션스틱그린애플,3900,1+1,https://www.7-eleven.co.kr/upload/product/8809422/043815.1.jpg
7Eleven,티젠)콤부차파인애플10T,8000,1+1,https://www.7-eleven.co.kr/upload/product/8809685/980810.1.jpg
7Eleven,티젠)콤부차망고구아바10T,8000,1+1,https://www.7-eleven.co.kr/upload/product/8809685/981251.1.jpg
7Eleven,뉴트)비비랩곡물발효효소15g,5900,1+1,https://www.7-eleven.co.kr/front/img/product/product_list_01.jpg
7Eleven,PB)트위스트애플파이맛95g,1600,1+1,https://www.7-eleven.co.kr/front/img/product/product_list_01.jpg
7Eleven,PB)하트뻥튀기90g,3000,1+1,https://www.7-eleven.co.kr/front/img/product/product_list_01.jpg
7Eleven,피죤)무균무때락스세제_H,8500,1+1,https://www.7-eleven.co.kr/front/img/product/product_list_01.jpg
7Eleven,CJ)쁘띠첼과일젤리복숭아90g,2000,1+1,https://www.7-eleven.co.kr/upload/product/8801007/091310.1.jpg
7Eleven,CJ)쁘띠첼과일젤리밀감90g,2000,1+1,https://www.7-eleven.co.kr/upload/product/8801007/091297.1.jpg
7Eleven,CJ)쁘띠첼과일젤리포도90g,2000,1+1,https://www.7-eleven.co.kr/upload/product/8801007/091303.1.jpg
7Eleven,선우)O△□동결건조젤리13g,2800,1+1,https://www.7-eleven.co.kr/front/img/product/product_list_01.jpg
7Eleven,풀무원다논)액티비아딸기150g,3200,1+1,https://www.7-eleven.co.kr/front/img/product/product_list_01.jpg
7Eleven,풀무원다논)액티비아사과150g,3200,1+1,https://www.7-eleven.co.kr/front/img/product/product_list_01.jpg
7Eleven,CJ)맥스봉고소한치즈후랑크65g,2400,1+1,https://www.7-eleven.co.kr/front/img/product/product_list_01.jpg
7Eleven,랩노쉬)프로틴파인트더블초코474,13900,1+1,https://www.7-eleven.co.kr/front/img/product/product_list_01.jpg
7Eleven,랩노쉬)프로틴파인트피넛버터474,13900,1+1,https://www.7-eleven.co.kr/front/img/product/product_list_01.jpg
7Eleven,에프투)검은콩두유190ml,1500,1+1,https://www.7-eleven.co.kr/front/img/product/product_list_01.jpg
7Eleven,에프투)호두아몬드두유190ml,1500,1+1,https://www.7-eleven.co.kr/front/img/product/product_list_01.jpg
7Eleven,에프투)고칼슘두유190ml,1500,1+1,https://www.7-eleven.co.kr/front/img/product/product_list_01.jpg
7Eleven,종근당)락토핏마시는유산균저당1,2200,1+1,https://www.7-eleven.co.kr/front/img/product/product_list_01.jpg
7Eleven,종근당)락토핏마시는유산균사과1,2200,1+1,https://www.7-eleven.co.kr/front/img/product/product_list_01.jpg
7Eleven,유한)좋은느낌입오버대형4P,10500,1+1,https://www.7-eleven.co.kr/front/img/product/product_list_01.jpg
7Eleven,CJ)맥스봉오리지널70g,2600,1+1,https://www.7-eleven.co.kr/front/img/product/product_list_01.jpg
7Eleven,롯데)클라우드논알콜릭350ml,1500,1+1,https://www.7-eleven.co.kr/front/img/product/product_list_01.jpg
7Eleven,티젠)애플사이다비니거10T,8000,1+1,https://www.7-eleven.co.kr/front/img/product/product_list_01.jpg
7Eleven,LG)아우라퍼퓸캡슐1L(미스틱문라,13900,1+1,https://www.7-eleven.co.kr/front/img/product/product_list_01.jpg
7Eleven,유한)화이트수퍼흡수드림가드수,3900,1+1,https://www.7-eleven.co.kr/front/img/product/product_list_01.jpg
7Eleven,풀무원)요거톡레몬비스킷머랭126,2200,1+1,https://www.7-eleven.co.kr/front/img/product/product_list_01.jpg
7Eleven,서울)미노스바나나우유235ml,2400,1+1,https://www.7-eleven.co.kr/front/img/product/product_list_01.jpg
7Eleven,덴마크)소화가잘되는카페라떼250,2800,1+1,https://www.7-eleven.co.kr/front/img/product/product_list_01.jpg
7Eleven,덴마크)소화가잘되는바닐라라떼2,2800,1+1,https://www.7-eleven.co.kr/front/img/product/product_list_01.jpg
7Eleven,위드)유니프믹스베리주스200ml,2200,1+1,https://www.7-eleven.co.kr/front/img/product/product_list_01.jpg
7Eleven,위드)유니프그린베지주스200ml,2200,1+1,https://www.7-eleven.co.kr/front/img/product/product_list_01.jpg
7Eleven,서영)모닝이즈백스틱(블루베리)2,3300,1+1,https://www.7-eleven.co.kr/front/img/product/product_list_01.jpg
7Eleven,서영)모닝이즈백스틱(레몬)20g,3600,1+1,https://www.7-eleven.co.kr/front/img/product/product_list_01.jpg
7Eleven,연세)검은콩고칼슘두유190ml,1600,1+1,https://www.7-eleven.co.kr/front/img/product/product_list_01.jpg
7Eleven,연세)아몬드잣고소한두유190ml,1600,1+1,https://www.7-eleven.co.kr/front/img/product/product_list_01.jpg
7Eleven,CJ)비비고칩버터오징어40g,4900,1+1,https://www.7-eleven.co.kr/front/img/product/product_list_01.jpg
7Eleven,PB)산리오포차코아망추망고350ml,2800,1+1,https://www.7-eleven.co.kr/front/img/product/product_list_01.jpg
7Eleven,PB)산리오마이멜로디아샷추복숭,2800,1+1,https://www.7-eleven.co.kr/front/img/product/product_list_01.jpg
7Eleven,티젠)콤부차요구르트10T,8000,1+1,https://www.7-eleven.co.kr/front/img/product/product_list_01.jpg
7Eleven,코카)파워에이드제로라임600ml,2400,1+1,https://www.7-eleven.co.kr/front/img/product/product_list_01.jpg
7Eleven,삼양)맵탱쿨스파이시비빔면김치,1400,1+1,https://www.7-eleven.co.kr/front/img/product/product_list_01.jpg
7Eleven,CJ)햇반100%통곡물밥130g,2600,1+1,https://www.7-eleven.co.kr/front/img/product/product_list_01.jpg
7Eleven,비트)캡슐세탁세제(15입)_H,7900,1+1,https://www.7-eleven.co.kr/front/img/product/product_list_01.jpg
7Eleven,PB)럭히밥든든미역꾹밥225g,4200,1+1,https://www.7-eleven.co.kr/front/img/product/product_list_01.jpg
7Eleven,PB)럭히밥사골곰탕꾹밥225g,4200,1+1,https://www.7-eleven.co.kr/front/img/product/product_list_01.jpg
7Eleven,유한)화이트스테이쿨중형18P,12500,1+1,https://www.7-eleven.co.kr/front/img/product/product_list_01.jpg
7Eleven,유한)화이트스테이쿨입오버중형4,12500,1+1,https://www.7-eleven.co.kr/front/img/product/product_list_01.jpg
7Eleven,유한)화이트스테이쿨입오버대형4,12500,1+1,https://www.7-eleven.co.kr/front/img/product/product_list_01.jpg
7Eleven,프레)캐치티니핑워터젤리복숭아,1600,1+1,https://www.7-eleven.co.kr/front/img/product/product_list_01.jpg
7Eleven,프레)캐치티니핑홍삼포도맛100ml,1600,1+1,https://www.7-eleven.co.kr/front/img/product/product_list_01.jpg
7Eleven,선린)쿨팩_H,1500,1+1,https://www.7-eleven.co.kr/front/img/product/product_list_01.jpg
7Eleven,동원)양반오미밥130g,2000,1+1,https://www.7-eleven.co.kr/front/img/product/product_list_01.jpg
7Eleven,티젠)콤부차콜라겐젤리20g(피치),2000,1+1,https://www.7-eleven.co.kr/front/img/product/product_list_01.jpg
7Eleven,PB)인절미스낵56g,1500,1+1,https://www.7-eleven.co.kr/front/img/product/product_list_01.jpg
7Eleven,LG)홈스타습기제거제(제습제)_물,3300,1+1,https://www.7-eleven.co.kr/front/img/product/product_list_01.jpg
7Eleven,LG)홈스타습기제거제(제습제)_걸,4900,1+1,https://www.7-eleven.co.kr/front/img/product/product_list_01.jpg
7Eleven,PB)자이언츠돌아온팅클초코맛60g,1900,1+1,https://www.7-eleven.co.kr/front/img/product/product_list_01.jpg
7Eleven,스너글)섬유탈취제(허거블코튼)4,10900,1+1,https://www.7-eleven.co.kr/front/img/product/product_list_01.jpg
7Eleven,스너글)섬유탈취제(허거블선샤인,10900,1+1,https://www.7-eleven.co.kr/front/img/product/product_list_01.jpg
7Eleven,스너글)섬유탈취제(허거블코튼)1,6900,1+1,https://www.7-eleven.co.kr/front/img/product/product_list_01.jpg
7Eleven,PB)자이언츠새로온팅클메론맛60g,1900,1+1,https://www.7-eleven.co.kr/front/img/product/product_list_01.jpg
7Eleven,뉴트)비비랩유기농레몬즙100%,1500,1+1,https://www.7-eleven.co.kr/front/img/product/product_list_01.jpg
7Eleven,유한)좋은느낌수퍼소프트울날중4,3000,1+1,https://www.7-eleven.co.kr/front/img/product/product_list_01.jpg
7Eleven,LG)쏘피안심숙면팬티유기농L 4P,10800,1+1,https://www.7-eleven.co.kr/front/img/product/product_list_01.jpg
7Eleven,LG)쏘피안심숙면팬티XL 4P,11900,1+1,https://www.7-eleven.co.kr/front/img/product/product_list_01.jpg
7Eleven,서울)커피타운헤이즐넛250ml,2600,1+1,https://www.7-eleven.co.kr/front/img/product/product_list_01.jpg
7Eleven,코카)코카콜라제로제로500ml,2400,1+1,https://www.7-eleven.co.kr/front/img/product/product_list_01.jpg
7Eleven,G)싱하레몬소다제로355ml,2000,1+1,https://www.7-eleven.co.kr/front/img/product/product_list_01.jpg
7Eleven,G)싱하유자소다제로355ml,2000,1+1,https://www.7-eleven.co.kr/front/img/product/product_list_01.jpg
7Eleven,피죤)초고농축실내건조섬유1L_H,13900,1+1,https://www.7-eleven.co.kr/front/img/product/product_list_01.jpg
7Eleven,PB)영양반계탕600g,15900,1+1,https://www.7-eleven.co.kr/front/img/product/product_list_01.jpg
7Eleven,남양)맛있는두유GT고칼슘검은콩,1500,1+1,https://www.7-eleven.co.kr/front/img/product/product_list_01.jpg
7Eleven,남양)맛있는두유GT고칼슘담백팩1,1500,1+1,https://www.7-eleven.co.kr/front/img/product/product_list_01.jpg
7Eleven,히말라야)파티스마트소프트츄2입,3900,1+1,https://www.7-eleven.co.kr/front/img/product/product_list_01.jpg
7Eleven,뉴트)비비랩유기농레몬자몽즙20g,1500,1+1,https://www.7-eleven.co.kr/front/img/product/product_list_01.jpg
7Eleven,CJ)맥스봉진한풍미후랑크65g,2400,1+1,https://www.7-eleven.co.kr/front/img/product/product_list_01.jpg
7Eleven,PB)K리그슛!허니카라멜팝콘75g,2000,1+1,https://www.7-eleven.co.kr/front/img/product/product_list_01.jpg
7Eleven,라엘)순면커버중형16P,11900,1+1,https://www.7-eleven.co.kr/front/img/product/product_list_01.jpg
7Eleven,K리그)슛!비타민워터레몬340ml,3000,1+1,https://www.7-eleven.co.kr/front/img/product/product_list_01.jpg
7Eleven,K리그)슛!비타민워터믹스후르츠3,3000,1+1,https://www.7-eleven.co.kr/front/img/product/product_list_01.jpg
7Eleven,롯데)가나초코바자이언츠기획(4,8200,1+1,https://www.7-eleven.co.kr/front/img/product/product_list_01.jpg
7Eleven,롯데)빼빼로자이언츠기획(2입),7000,1+1,https://www.7-eleven.co.kr/front/img/product/product_list_01.jpg
7Eleven,K리그)슛!더비라면,1600,1+1,https://www.7-eleven.co.kr/front/img/product/product_list_01.jpg
7Eleven,유한)좋은느낌수퍼소프트울날대4,3000,1+1,https://www.7-eleven.co.kr/front/img/product/product_list_01.jpg
7Eleven,유한)그린핑거 라라소프트100캡,6000,1+1,https://www.7-eleven.co.kr/front/img/product/product_list_01.jpg
7Eleven,오뚜기)순후추찐만두180g,4900,1+1,https://www.7-eleven.co.kr/front/img/product/product_list_01.jpg
7Eleven,자이언츠)쌔리라빠지락라면,1900,1+1,https://www.7-eleven.co.kr/front/img/product/product_list_01.jpg
7Eleven,PB)자이언츠쌔리라짱셔요소다믹,1900,1+1,https://www.7-eleven.co.kr/front/img/product/product_list_01.jpg
7Eleven,PB)젤리초코볼샤인머스켓42g,1600,1+1,https://www.7-eleven.co.kr/front/img/product/product_list_01.jpg
7Eleven,PB)젤리초코볼오렌지42g,1600,1+1,https://www.7-eleven.co.kr/front/img/product/product_list_01.jpg
7Eleven,오뚜기)오즈키친직화유니짜장,4800,1+1,https://www.7-eleven.co.kr/front/img/product/product_list_01.jpg
7Eleven,동아)얼박사355ml,2300,1+1,https://www.7-eleven.co.kr/front/img/product/product_list_01.jpg
7Eleven,CJ)하루낫또 45.5g(2입),3900,1+1,https://www.7-eleven.co.kr/front/img/product/product_list_01.jpg
7Eleven,CJ)찌개두부 380g,2900,1+1,https://www.7-eleven.co.kr/front/img/product/product_list_01.jpg
7Eleven,CJ)부침두부 380g,2900,1+1,https://www.7-eleven.co.kr/front/img/product/product_list_01.jpg
7Eleven,자임)콜라겐젤리복숭아130g,2000,1+1,https://www.7-eleven.co.kr/front/img/product/product_list_01.jpg
7Eleven,자임)콜라겐젤리청포도130g,2000,1+1,https://www.7-eleven.co.kr/front/img/product/product_list_01.jpg
7Eleven,자임)콜라겐젤리애사비130g,2000,1+1,https://www.7-eleven.co.kr/front/img/product/product_list_01.jpg
7Eleven,서영)모닝이즈백스틱(그린애플)2,3600,1+1,https://www.7-eleven.co.kr/front/img/product/product_list_01.jpg
7Eleven,히말라야)파티스마트소프트츄망,3900,1+1,https://www.7-eleven.co.kr/front/img/product/product_list_01.jpg
7Eleven,CJ)얼티브균형영양식흑임자150mL,2000,1+1,https://www.7-eleven.co.kr/front/img/product/product_list_01.jpg
7Eleven,CJ)얼티브균형영양식구수한맛150,2000,1+1,https://www.7-eleven.co.kr/front/img/product/product_list_01.jpg
7Eleven,연세)든든한23곡두유190ml,1600,1+1,https://www.7-eleven.co.kr/front/img/product/product_list_01.jpg
7Eleven,LG)샤프란핑크센세이션1.6L,6900,1+1,https://www.7-eleven.co.kr/front/img/product/product_list_01.jpg
7Eleven,메디카)포텐+비타민아르기닌스틱,2500,1+1,https://www.7-eleven.co.kr/front/img/product/product_list_01.jpg
7Eleven,엔제이)후르츠소르베미니믹스150,8500,1+1,https://www.7-eleven.co.kr/front/img/product/product_list_01.jpg
7Eleven,PB)베이컨매콤크림파스타280g,6900,1+1,https://www.7-eleven.co.kr/front/img/product/product_list_01.jpg
7Eleven,PB)중화식얼큰짬뽕300g,6900,1+1,https://www.7-eleven.co.kr/front/img/product/product_list_01.jpg
7Eleven,서울)말차에스프레소200ml,2900,1+1,https://www.7-eleven.co.kr/front/img/product/product_list_01.jpg
7Eleven,롯데)오리지날프랑크90g,3200,1+1,https://www.7-eleven.co.kr/front/img/product/product_list_01.jpg
7Eleven,풀무원)생만두고기배추400g,10000,1+1,https://www.7-eleven.co.kr/front/img/product/product_list_01.jpg
7Eleven,풀무원)생만두새우청경채320g,10000,1+1,https://www.7-eleven.co.kr/front/img/product/product_list_01.jpg
7Eleven,딸기키티)스트로베리초코라떼275,3000,1+1,https://www.7-eleven.co.kr/front/img/product/product_list_01.jpg
7Eleven,서주)젤리의연금술42g,2000,1+1,https://www.7-eleven.co.kr/front/img/product/product_list_01.jpg
7Eleven,동아)템포내추럴코튼탐폰라이트1,11900,1+1,https://www.7-eleven.co.kr/front/img/product/product_list_01.jpg
7Eleven,PB)제트콘김와사비맛90g,1600,1+1,https://www.7-eleven.co.kr/front/img/product/product_list_01.jpg
7Eleven,PB)딸기키티미니초콜릿16g,1000,1+1,https://www.7-eleven.co.kr/front/img/product/product_list_01.jpg
7Eleven,에이스)에그롤에그맛20g,900,1+1,https://www.7-eleven.co.kr/front/img/product/product_list_01.jpg
7Eleven,에이스)에그롤치즈맛20g,900,1+1,https://www.7-eleven.co.kr/front/img/product/product_list_01.jpg
7Eleven,다논)YoPRO설탕무첨가플레인요거,3900,1+1,https://www.7-eleven.co.kr/front/img/product/product_list_01.jpg
7Eleven,다논)YoPRO블루베리요거트150g,3900,1+1,https://www.7-eleven.co.kr/front/img/product/product_list_01.jpg
7Eleven,CJ)고메정지선샤오롱바오141g,7800,1+1,https://www.7-eleven.co.kr/front/img/product/product_list_01.jpg
7Eleven,CJ)고메정지선새우하가우135g,7800,1+1,https://www.7-eleven.co.kr/front/img/product/product_list_01.jpg
7Eleven,CJ)맛콩병아리콩50g,2900,1+1,https://www.7-eleven.co.kr/front/img/product/product_list_01.jpg
7Eleven,CJ)맛콩검은콩50g,2900,1+1,https://www.7-eleven.co.kr/front/img/product/product_list_01.jpg
7Eleven,크리넥스)뽑아쓰는키친타월100매,4000,1+1,https://www.7-eleven.co.kr/front/img/product/product_list_01.jpg
7Eleven,대상)순창(현미)찰고추장200g,4750,1+1,https://www.7-eleven.co.kr/front/img/product/product_list_01.jpg
7Eleven,PB)폼폼푸린마롱미니초콜릿,1000,1+1,https://www.7-eleven.co.kr/front/img/product/product_list_01.jpg
7Eleven,서주)제로백젤리42g,2000,1+1,https://www.7-eleven.co.kr/front/img/product/product_list_01.jpg
7Eleven,PB)이나피러브믹스72g,2000,1+1,https://www.7-eleven.co.kr/front/img/product/product_list_01.jpg
7Eleven,덴마크)소화가잘되는카라멜라떼2,2800,1+1,https://www.7-eleven.co.kr/front/img/product/product_list_01.jpg
7Eleven,프레)캐치티니핑하루키즈소다맛1,1800,1+1,https://www.7-eleven.co.kr/front/img/product/product_list_01.jpg
7Eleven,프레)캐치티니핑하루키즈포도맛1,1800,1+1,https://www.7-eleven.co.kr/front/img/product/product_list_01.jpg
7Eleven,서울)말차스트로베리200ml,2900,1+1,https://www.7-eleven.co.kr/front/img/product/product_list_01.jpg
7Eleven,하림)치즈인더컵,1900,1+1,https://www.7-eleven.co.kr/front/img/product/product_list_01.jpg
7Eleven,하림)참맛후랑크(4개입)70g,2400,1+1,https://www.7-eleven.co.kr/front/img/product/product_list_01.jpg
7Eleven,다논)액티비아더블제로플레인150,2200,1+1,https://www.7-eleven.co.kr/front/img/product/product_list_01.jpg
7Eleven,다논)액티비아더블제로청사과150,2200,1+1,https://www.7-eleven.co.kr/front/img/product/product_list_01.jpg
7Eleven,하림)마늘후랑크70g,2500,1+1,https://www.7-eleven.co.kr/front/img/product/product_list_01.jpg
7Eleven,하림)매콤후랑크70g,2500,1+1,https://www.7-eleven.co.kr/front/img/product/product_list_01.jpg
7Eleven,널담)두바이초코크럼블쿠키75g,3300,1+1,https://www.7-eleven.co.kr/front/img/product/product_list_01.jpg
7Eleven,널담)초코볼크럼블쿠키75g,3300,1+1,https://www.7-eleven.co.kr/front/img/product/product_list_01.jpg
7Eleven,엔제이)크리스탈구미베어포도&파,3000,1+1,https://www.7-eleven.co.kr/front/img/product/product_list_01.jpg
7Eleven,엔제이)크리스탈구미베어복숭아&,3000,1+1,https://www.7-eleven.co.kr/front/img/product/product_list_01.jpg
7Eleven,엔제이)크리스탈구미베어오렌지&,3000,1+1,https://www.7-eleven.co.kr/front/img/product/product_list_01.jpg
7Eleven,동원)쿨피스생복숭아300ml,1600,1+1,https://www.7-eleven.co.kr/front/img/product/product_list_01.jpg
7Eleven,동원)쿨피스생바나나300ml,1600,1+1,https://www.7-eleven.co.kr/front/img/product/product_list_01.jpg
7Eleven,CJ)국산콩두부(찌개용)380g,5900,1+1,https://www.7-eleven.co.kr/front/img/product/product_list_01.jpg
7Eleven,CJ)국산콩두부(부침용)380g,5900,1+1,https://www.7-eleven.co.kr/front/img/product/product_list_01.jpg
7Eleven,CJ)특등급국산콩나물340g,3500,1+1,https://www.7-eleven.co.kr/front/img/product/product_list_01.jpg
7Eleven,널담)고단백저당포카치아(올리브,2300,1+1,https://www.7-eleven.co.kr/front/img/product/product_list_01.jpg
7Eleven,널담)고단백저당포카치아(치폴레,2300,1+1,https://www.7-eleven.co.kr/front/img/product/product_list_01.jpg
7Eleven,스위트)트롤리계란후라이모양젤,2500,1+1,https://www.7-eleven.co.kr/front/img/product/product_list_01.jpg
7Eleven,덴마크)소화가잘되는바닐라빈라,3400,1+1,https://www.7-eleven.co.kr/front/img/product/product_list_01.jpg
7Eleven,덴마크)소화가잘되는시그니처라,3400,1+1,https://www.7-eleven.co.kr/front/img/product/product_list_01.jpg
7Eleven,풀무원)생만두갓김치400g,10000,1+1,https://www.7-eleven.co.kr/front/img/product/product_list_01.jpg
7Eleven,PB)두햄빠할라피뇨맛나쵸칩70g,1700,1+1,https://www.7-eleven.co.kr/front/img/product/product_list_01.jpg
7Eleven,PB)두햄빠한입버터갈릭바게트100,1700,1+1,https://www.7-eleven.co.kr/front/img/product/product_list_01.jpg
7Eleven,오뚜기)미역국밥200g,4800,1+1,https://www.7-eleven.co.kr/front/img/product/product_list_01.jpg
7Eleven,동아)얼박사제로355ml,2300,1+1,https://www.7-eleven.co.kr/front/img/product/product_list_01.jpg
7Eleven,자이언츠)이온워터제로340ml,3000,1+1,https://www.7-eleven.co.kr/front/img/product/product_list_01.jpg
7Eleven,자이언츠)크런치에너지바4입,6000,1+1,https://www.7-eleven.co.kr/front/img/product/product_list_01.jpg
7Eleven,자이언츠)크런치에너지바35g,1500,1+1,https://www.7-eleven.co.kr/front/img/product/product_list_01.jpg
7Eleven,자이언츠)사워크림어니언팝콘75g,2800,1+1,https://www.7-eleven.co.kr/front/img/product/product_list_01.jpg
7Eleven,자이언츠)새우칩블랙페퍼맛97g,2000,1+1,https://www.7-eleven.co.kr/front/img/product/product_list_01.jpg
7Eleven,CJ)비비고닭가슴살만두168g,5900,1+1,https://www.7-eleven.co.kr/front/img/product/product_list_01.jpg
7Eleven,CJ)비비고닭가슴살김치만두168g,5900,1+1,https://www.7-eleven.co.kr/front/img/product/product_list_01.jpg
7Eleven,PB)바나나우유300ml,2100,1+1,https://www.7-eleven.co.kr/front/img/product/product_list_01.jpg
7Eleven,PB)딸기우유300ml,2100,1+1,https://www.7-eleven.co.kr/front/img/product/product_list_01.jpg
7Eleven,PB)초코우유300ml,2100,1+1,https://www.7-eleven.co.kr/front/img/product/product_list_01.jpg
7Eleven,하이트)테라제로350ml캔,2000,1+1,https://www.7-eleven.co.kr/front/img/product/product_list_01.jpg
7Eleven,CJ)소고기듬뿍무국500g,9900,1+1,https://www.7-eleven.co.kr/front/img/product/product_list_01.jpg
7Eleven,뉴트)프리미엄알부민골드25ml,2900,1+1,https://www.7-eleven.co.kr/front/img/product/product_list_01.jpg
7Eleven,라엘)무표백순면소형14P,10800,1+1,https://www.7-eleven.co.kr/front/img/product/product_list_01.jpg
7Eleven,코카)암바사제로500ml,2200,1+1,https://www.7-eleven.co.kr/front/img/product/product_list_01.jpg
7Eleven,정식품)베지밀바나나땅콩버터쉐,2300,1+1,https://www.7-eleven.co.kr/front/img/product/product_list_01.jpg
7Eleven,애경)포인트 클렌징키트_H,7000,1+1,https://www.7-eleven.co.kr/front/img/product/product_list_01.jpg
7Eleven,삼립)갈릭후랑크65g,2400,1+1,https://www.7-eleven.co.kr/front/img/product/product_list_01.jpg
7Eleven,자이언츠)응원배트쿠키65g,2300,1+1,https://www.7-eleven.co.kr/front/img/product/product_list_01.jpg
7Eleven,PB)유미의세포깡70g,1700,1+1,https://www.7-eleven.co.kr/front/img/product/product_list_01.jpg
7Eleven,동원)리얼관자크랩스오리지널72g,4900,1+1,https://www.7-eleven.co.kr/front/img/product/product_list_01.jpg
7Eleven,동원)리얼관자크랩스버터72g,4900,1+1,https://www.7-eleven.co.kr/front/img/product/product_list_01.jpg
7Eleven,널담)고단백황치즈크럼블쿠키75g,3300,1+1,https://www.7-eleven.co.kr/front/img/product/product_list_01.jpg
7Eleven,덴마크)액티브드링킹딸기210ml,2300,1+1,https://www.7-eleven.co.kr/front/img/product/product_list_01.jpg
7Eleven,덴마크)액티브드링킹베리믹스210,2300,1+1,https://www.7-eleven.co.kr/front/img/product/product_list_01.jpg
7Eleven,CJ)비비고남도식추어탕460g,11900,1+1,https://www.7-eleven.co.kr/front/img/product/product_list_01.jpg
7Eleven,코카)스프라이트TEA제로500ml,2200,1+1,https://www.7-eleven.co.kr/front/img/product/product_list_01.jpg
7Eleven,덴마크)테이크얼라이브아사이베,1500,1+1,https://www.7-eleven.co.kr/front/img/product/product_list_01.jpg
7Eleven,오뚜기)골든후라이드치킨250g,9900,1+1,https://www.7-eleven.co.kr/front/img/product/product_list_01.jpg
7Eleven,더필)클린KF94마스크1입(흰색)_H,2000,1+1,https://www.7-eleven.co.kr/front/img/product/product_list_01.jpg
7Eleven,반찬단지)한입단무지130g,1000,1+1,https://www.7-eleven.co.kr/front/img/product/product_list_01.jpg
7Eleven,롯데)파스퇴르장편한하루150ml,2300,1+1,https://www.7-eleven.co.kr/front/img/product/product_list_01.jpg
7Eleven,CJ)동치미냉면육수330g,2500,1+1,https://www.7-eleven.co.kr/upload/product/8801007/033686.1.jpg
7Eleven,PB)영양반계탕(신)600g,15900,1+1,https://www.7-eleven.co.kr/front/img/product/product_list_01.jpg
7Eleven,프레시팜)천도복숭아450g,5200,1+1,https://www.7-eleven.co.kr/front/img/product/product_list_01.jpg
7Eleven,삼경)웨더스슈가프리크림캔디42g,3000,1+1,https://www.7-eleven.co.kr/front/img/product/product_list_01.jpg
7Eleven,동원)양반볶음김치(캔)160g,3400,1+1,https://www.7-eleven.co.kr/front/img/product/product_list_01.jpg
7Eleven,CJ)New비비고찐만두168g,5900,1+1,https://www.7-eleven.co.kr/front/img/product/product_list_01.jpg
7Eleven,CJ)New비비고육즙불고기찐만두16,5900,1+1,https://www.7-eleven.co.kr/front/img/product/product_list_01.jpg
7Eleven,CJ)New비비고청양고추찐만두168g,5900,1+1,https://www.7-eleven.co.kr/front/img/product/product_list_01.jpg
7Eleven,CJ)비비고육즙가득떡갈비140g,9900,1+1,https://www.7-eleven.co.kr/front/img/product/product_list_01.jpg
7Eleven,롯데)스파이시프랑크90g,3200,1+1,https://www.7-eleven.co.kr/front/img/product/product_list_01.jpg
7Eleven,칠성)오트몬드프로틴커피250ml,2900,1+1,https://www.7-eleven.co.kr/front/img/product/product_list_01.jpg
7Eleven,동원)어델리해물60g,4500,1+1,https://www.7-eleven.co.kr/front/img/product/product_list_01.jpg
7Eleven,동원)어델리콘치즈60g,4500,1+1,https://www.7-eleven.co.kr/front/img/product/product_list_01.jpg
7Eleven,오뚜기)찰현미밥210g,2700,1+1,https://www.7-eleven.co.kr/upload/product/8801045/890302.1.jpg
7Eleven,CJ)작은햇반흑미밥130g*3입,5950,1+1,https://www.7-eleven.co.kr/upload/product/8801007/281247.1.jpg
7Eleven,CJ)작은햇반발아현미밥130g*3입,5950,1+1,https://www.7-eleven.co.kr/upload/product/8801007/281223.1.jpg
7Eleven,동원)양반김치(캔)160g,3400,1+1,https://www.7-eleven.co.kr/front/img/product/product_list_01.jpg
7Eleven,오뚜기)쇠고기미역국밥컵밥,4800,1+1,https://www.7-eleven.co.kr/upload/product/8801045/890289.1.jpg
7Eleven,오뚜기)햄버그덮밥(컵밥),5400,1+1,https://www.7-eleven.co.kr/front/img/product/product_list_01.jpg
7Eleven,오뚜기)톡톡김치알밥(컵밥),5400,1+1,https://www.7-eleven.co.kr/upload/product/8801045/892344.1.jpg
7Eleven,오뚜기)참치마요덮밥(컵밥),5400,1+1,https://www.7-eleven.co.kr/upload/product/8801045/892641.1.jpg
7Eleven,오뚜기)옛날사골곰탕500ml,3000,1+1,https://www.7-eleven.co.kr/upload/product/8801045/290102.1.jpg
7Eleven,오뚜기)차돌강된장보리밥컵밥,5400,1+1,https://www.7-eleven.co.kr/upload/product/8801045/892351.1.jpg
7Eleven,오뚜기)마포식차돌된장찌개,8500,1+1,https://www.7-eleven.co.kr/upload/product/8801045/634630.1.jpg
7Eleven,오뚜기)대구식쇠고기육개장,8500,1+1,https://www.7-eleven.co.kr/upload/product/8801045/600444.1.jpg
7Eleven,CJ)비비고갈비탕400g,11900,1+1,https://www.7-eleven.co.kr/upload/product/8801007/712079.1.jpg
7Eleven,CJ)비비고돼지고기김치찌개460g,9900,1+1,https://www.7-eleven.co.kr/upload/product/8801007/761749.1.jpg
7Eleven,CJ)비비고한우사골곰탕500g,3200,1+1,https://www.7-eleven.co.kr/upload/product/8801007/849805.1.jpg
7Eleven,동원)양반현미밥130g,2000,1+1,https://www.7-eleven.co.kr/upload/product/8801047/170969.1.jpg
7Eleven,오뚜기)카레컵밥,5400,1+1,https://www.7-eleven.co.kr/upload/product/8801045/725529.1.jpg
7Eleven,오뚜기)청주식돼지김치짜글이,8500,1+1,https://www.7-eleven.co.kr/upload/product/8801045/030098.1.jpg
7Eleven,하림)더미식우렁된장찌개350g,6500,1+1,https://www.7-eleven.co.kr/upload/product/8809778/493418.1.jpg
7Eleven,하림)더미식차돌육개장350g,6500,1+1,https://www.7-eleven.co.kr/upload/product/8809778/493357.1.jpg
7Eleven,CJ)비비고사골곰탕500g,2900,1+1,https://www.7-eleven.co.kr/upload/product/8801007/526492.1.jpg
7Eleven,CJ)작은햇반100%현미밥130g,2600,1+1,https://www.7-eleven.co.kr/upload/product/8801392/023200.1.jpg
7Eleven,CJ)소고기듬뿍미역국460g,9900,1+1,https://www.7-eleven.co.kr/upload/product/8801392/032998.1.jpg
7Eleven,CJ)백설사골육수1분링,8900,1+1,https://www.7-eleven.co.kr/upload/product/8801392/061646.1.jpg
7Eleven,CJ)백설멸치육수1분링,8900,1+1,https://www.7-eleven.co.kr/upload/product/8801392/061622.1.jpg
7Eleven,CJ)비비고한식간장김자반20g,3200,1+1,https://www.7-eleven.co.kr/front/img/product/product_list_01.jpg
7Eleven,코카)스프라이트500ml,2200,1+1,https://www.7-eleven.co.kr/upload/product/8801094/202606.1.jpg
7Eleven,코카)코카콜라제로1.5L,4000,1+1,https://www.7-eleven.co.kr/upload/product/8801094/082406.1.jpg
7Eleven,CJ)비비고칩오리지널김스낵40g,4900,1+1,https://www.7-eleven.co.kr/upload/product/8801007/761503.1.jpg
7Eleven,CJ)비비고칩스위트콘김스낵40g,4900,1+1,https://www.7-eleven.co.kr/upload/product/8801007/761527.1.jpg
7Eleven,CJ)비비고칩포테이토40g,4900,1+1,https://www.7-eleven.co.kr/upload/product/8801007/761541.1.jpg
7Eleven,하이트)하이트제로350ml캔,2000,1+1,https://www.7-eleven.co.kr/front/img/product/product_list_01.jpg
7Eleven,HK)컨디션(레이디)100ml,5000,1+1,https://www.7-eleven.co.kr/upload/product/8801007/178233.1.jpg
7Eleven,코카)토레타500ml,2200,1+1,https://www.7-eleven.co.kr/upload/product/8801094/412005.1.jpg
7Eleven,코카)닥터페퍼500ml,2200,1+1,https://www.7-eleven.co.kr/upload/product/8801094/052607.1.jpg
7Eleven,매일)상하목장아이스밀크474ml,14900,1+1,https://www.7-eleven.co.kr/upload/product/8801121/036976.1.jpg
7Eleven,매일)상하목장아이스딸기474ml,14900,1+1,https://www.7-eleven.co.kr/upload/product/8801121/036990.1.jpg
7Eleven,끌)끼리크림치즈플레인&블루베리,14900,1+1,https://www.7-eleven.co.kr/front/img/product/product_list_01.jpg
7Eleven,끌)클린라벨솔티드바닐라파인트,14900,1+1,https://www.7-eleven.co.kr/upload/product/8801104/675581.1.jpg
7Eleven,끌)클린라벨밀크티파인트,14900,1+1,https://www.7-eleven.co.kr/upload/product/8801104/675567.1.jpg
7Eleven,나이스케키)솔티드카라멜474,11900,1+1,https://www.7-eleven.co.kr/front/img/product/product_list_01.jpg
7Eleven,나이스케키)초콜릿474ml,11900,1+1,https://www.7-eleven.co.kr/front/img/product/product_list_01.jpg
7Eleven,매일)상하목장아이스초코474ml,14900,1+1,https://www.7-eleven.co.kr/front/img/product/product_list_01.jpg
7Eleven,동원)양반쇠고기죽285g,4500,1+1,https://www.7-eleven.co.kr/upload/product/8801047/161608.1.jpg
7Eleven,동원)양반야채죽285g,4500,1+1,https://www.7-eleven.co.kr/upload/product/8801047/161646.1.jpg
7Eleven,오뚜기)XO교자만두324g,7200,1+1,https://www.7-eleven.co.kr/upload/product/8801045/712987.1.jpg
7Eleven,LG)리엔흑모비책염모제(흑갈색)_,13900,1+1,https://www.7-eleven.co.kr/upload/product/8801051/385410.1.jpg
7Eleven,LG)엘라스틴맨인매트스프레이200,8900,1+1,https://www.7-eleven.co.kr/upload/product/8801051/199970.1.jpg
7Eleven,LG)핑크솔트클렌징폼200ml_H,11000,1+1,https://www.7-eleven.co.kr/upload/product/8801051/023220.1.jpg
7Eleven,PB)도루코PACE4일회용면도기_H,2300,1+1,https://www.7-eleven.co.kr/upload/product/8801038/564852.1.jpg
7Eleven,아모레)메디안치석케어93%_H,5400,1+1,https://www.7-eleven.co.kr/front/img/product/product_list_01.jpg
7Eleven,애경)케라시스데미지샴푸_H,6000,1+1,https://www.7-eleven.co.kr/upload/product/8801046/900932.1.jpg
7Eleven,애경)케라시스데미지린스_H,6000,1+1,https://www.7-eleven.co.kr/upload/product/8801046/902073.1.jpg
7Eleven,LG)페리오토탈7치약_H,4700,1+1,https://www.7-eleven.co.kr/upload/product/8801051/064223.1.jpg
7Eleven,LG)엘라스틴실크리페어샴푸400ml,11900,1+1,https://www.7-eleven.co.kr/upload/product/8801051/018868.1.jpg
7Eleven,애경)2080슈퍼클린칫솔_H,2500,1+1,https://www.7-eleven.co.kr/upload/product/8801046/297230.1.jpg
7Eleven,아모레)미장센퍼펙트샴푸680ml_H,18000,1+1,https://www.7-eleven.co.kr/upload/product/8809803/548472.1.jpg
7Eleven,아모레)미장센퍼펙트린스680ml_H,18000,1+1,https://www.7-eleven.co.kr/upload/product/8809803/549202.1.jpg
7Eleven,P&G)질레트센서3일회용면도기1입,3000,1+1,https://www.7-eleven.co.kr/upload/product/4902430/909303.1.jpg
7Eleven,LG)엘라스틴 러브미샴푸600ml_H,13900,1+1,https://www.7-eleven.co.kr/upload/product/8801051/152517.1.jpg
7Eleven,도루코)6중날 휴대용면도기3입_H,8600,1+1,https://www.7-eleven.co.kr/upload/product/8801038/116204.1.jpg
7Eleven,LG)세꼼마버블항균핸드워시250_H,7900,1+1,https://www.7-eleven.co.kr/upload/product/8801051/371079.1.jpg
7Eleven,LG)엘라스틴프로틴샴푸480ml_H,12900,1+1,https://www.7-eleven.co.kr/upload/product/8801051/292916.1.jpg
7Eleven,LG)엘라스틴프로틴컨디셔너480ml,12900,1+1,https://www.7-eleven.co.kr/upload/product/8801051/292909.1.jpg
7Eleven,LG)핑크솔트바디워시200ml_H,5500,1+1,https://www.7-eleven.co.kr/upload/product/8801051/298970.1.jpg
7Eleven,LG)핑크솔트시카샴푸200ml_H,7000,1+1,https://www.7-eleven.co.kr/upload/product/8801051/299274.1.jpg
7Eleven,LG)유시몰제로마일드가글90ml_H,3900,1+1,https://www.7-eleven.co.kr/upload/product/8801051/218282.1.jpg
7Eleven,LG)바디피트귀애랑울날중4P,2500,1+1,https://www.7-eleven.co.kr/upload/product/8809016/360083.1.jpg
7Eleven,LG)샤프란케어담배냄새탈취100ml,4200,1+1,https://www.7-eleven.co.kr/upload/product/8801051/262681.1.jpg
7Eleven,LG)샤프란케어은은한향100ml_H,4200,1+1,https://www.7-eleven.co.kr/upload/product/8801051/262995.1.jpg
7Eleven,P&G)다우니핑크1L_H,15000,1+1,https://www.7-eleven.co.kr/upload/product/4902430/311625.1.jpg
7Eleven,P&G)다우니블루1L_H,15000,1+1,https://www.7-eleven.co.kr/upload/product/4902430/311724.1.jpg
7Eleven,P&G)다우니향페브리즈370ml_H,12000,1+1,https://www.7-eleven.co.kr/upload/product/4902430/741880.1.jpg
7Eleven,P&G)페브리즈MEN_370ml_H,12000,1+1,https://www.7-eleven.co.kr/upload/product/4902430/643191.1.jpg
7Eleven,LG)아우라1L(윌유메리미)_H,10900,1+1,https://www.7-eleven.co.kr/upload/product/8801051/267730.1.jpg
7Eleven,LG)테크베이킹소다액체세제1.4L_,12900,1+1,https://www.7-eleven.co.kr/upload/product/8801051/020014.1.jpg
7Eleven,LG)홈스타뿌리는곰팡이싹500ml_H,7900,1+1,https://www.7-eleven.co.kr/front/img/product/product_list_01.jpg
7Eleven,피죤)스프레이80ml(플라워퍼퓸)_,4200,1+1,https://www.7-eleven.co.kr/upload/product/8801101/883989.1.jpg
7Eleven,피죤)스프레이80ml(미스틱레인)_,4200,1+1,https://www.7-eleven.co.kr/upload/product/8801101/883996.1.jpg
7Eleven,LG)퐁퐁주방세제리필오렌지1.2L_,6900,1+1,https://www.7-eleven.co.kr/front/img/product/product_list_01.jpg
7Eleven,피죤)액츠프리미엄(프레시)1L_H,12500,1+1,https://www.7-eleven.co.kr/upload/product/8801101/882869.1.jpg
7Eleven,피죤)액츠프리미엄(유칼립튜스)_,12500,1+1,https://www.7-eleven.co.kr/upload/product/8801101/882852.1.jpg
7Eleven,피죤)초고농축시그니처1L(플라워,13900,1+1,https://www.7-eleven.co.kr/front/img/product/product_list_01.jpg
7Eleven,LG)테크실내건조1.4L(공용)_H,12900,1+1,https://www.7-eleven.co.kr/upload/product/8801051/219333.1.jpg
7Eleven,피죤)초고농축시그니처1L(미스틱,13900,1+1,https://www.7-eleven.co.kr/front/img/product/product_list_01.jpg
7Eleven,피죤)액츠실내건조캡슐세제(15입,13600,1+1,https://www.7-eleven.co.kr/front/img/product/product_list_01.jpg
7Eleven,애경)2080칫솔_H,3000,1+1,https://www.7-eleven.co.kr/upload/product/8801046/057216.1.jpg
7Eleven,애경)2080치약125g_H,4400,1+1,https://www.7-eleven.co.kr/upload/product/8801046/846087.1.jpg
7Eleven,P&G)향기나는페브리즈370ml_H,11000,1+1,https://www.7-eleven.co.kr/upload/product/4902430/741873.1.jpg
7Eleven,P&G)상쾌한향페브리즈370ml_H,11000,1+1,https://www.7-eleven.co.kr/upload/product/4902430/741866.1.jpg
7Eleven,피죤)액츠후레쉬(겸용)1.4L_H,14900,1+1,https://www.7-eleven.co.kr/upload/product/8801101/161537.1.jpg
7Eleven,LG)볼록맞춤울날대16P,9400,1+1,https://www.7-eleven.co.kr/upload/product/8809016/362056.1.jpg
7Eleven,좋은느낌유기농순면라이너18P,4900,1+1,https://www.7-eleven.co.kr/upload/product/8801166/222587.1.jpg
7Eleven,PB)키친타올150매*4롤,9900,1+1,https://www.7-eleven.co.kr/upload/product/8801260/330881.1.jpg
7Eleven,LG)바디피트슈퍼롱&와이드10P,9400,1+1,https://www.7-eleven.co.kr/upload/product/8809299/230820.1.jpg
7Eleven,깨끗한)퓨어물티슈60매,4200,1+1,https://www.7-eleven.co.kr/upload/product/8801260/606849.1.jpg
7Eleven,PB)천연펄프3겹데코12롤,17800,1+1,https://www.7-eleven.co.kr/upload/product/8801260/112173.1.jpg
7Eleven,LG)바디피트내몸에순한면4P,2800,1+1,https://www.7-eleven.co.kr/upload/product/8809299/234811.1.jpg
7Eleven,LG)내몸에순한면 수퍼롱3P,4500,1+1,https://www.7-eleven.co.kr/upload/product/8809299/233883.1.jpg
7Eleven,LG)바디피트볼록맞춤오버4P,4200,1+1,https://www.7-eleven.co.kr/upload/product/8809299/234446.1.jpg
7Eleven,유한)좋은느낌울트라날개중4P,2000,1+1,https://www.7-eleven.co.kr/upload/product/8801166/234399.1.jpg
7Eleven,유한)좋은느낌울트라날개중18P,9900,1+1,https://www.7-eleven.co.kr/upload/product/8801166/234023.1.jpg
7Eleven,유한)좋은느낌울트라날개대16P,9900,1+1,https://www.7-eleven.co.kr/upload/product/8801166/234214.1.jpg
7Eleven,유한)좋은느낌순면울날중18P,10400,1+1,https://www.7-eleven.co.kr/upload/product/8801166/234153.1.jpg
7Eleven,유한)좋은느낌입는오버4P,10500,1+1,https://www.7-eleven.co.kr/upload/product/8801166/230469.1.jpg
7Eleven,LG)바디피트볼록맞춤중형16P,8400,1+1,https://www.7-eleven.co.kr/upload/product/8809299/235399.1.jpg
7Eleven,LG)귀애랑대형4P,2800,1+1,https://www.7-eleven.co.kr/upload/product/8809299/232442.1.jpg
7Eleven,유한)크리넥스수앤수캡80(라이언,6600,1+1,https://www.7-eleven.co.kr/upload/product/8801166/051897.1.jpg
7Eleven,유한)좋은느낌좋은순면울날대16P,10400,1+1,https://www.7-eleven.co.kr/upload/product/8801166/231367.1.jpg
7Eleven,PB)프리미엄3겹데코24롤,26700,1+1,https://www.7-eleven.co.kr/upload/product/8809310/377299.1.jpg
7Eleven,PB)new미용티슈200매*3입,9800,1+1,https://www.7-eleven.co.kr/upload/product/8809310/377275.1.jpg
7Eleven,깨끗한)깨끗한나라물티슈20매,2200,1+1,https://www.7-eleven.co.kr/upload/product/8801260/610006.1.jpg
7Eleven,동아)템포팬티라이너18P,4000,1+1,https://www.7-eleven.co.kr/upload/product/8806011/636748.1.jpg
7Eleven,유한)하기스물티슈캡형72매,6800,1+1,https://www.7-eleven.co.kr/upload/product/8801166/386173.1.jpg
7Eleven,LG)쏘피유기농100%무표백중형4P,3400,1+1,https://www.7-eleven.co.kr/upload/product/8809709/260102.1.jpg
7Eleven,LG)쏘피유기농100%무표백대형4P,3900,1+1,https://www.7-eleven.co.kr/upload/product/8809709/260201.1.jpg
7Eleven,깨끗한)건강한순수한면중형16P,8900,1+1,https://www.7-eleven.co.kr/upload/product/8801260/418596.1.jpg
7Eleven,깨끗한)건강한순수한면대형14P,8900,1+1,https://www.7-eleven.co.kr/upload/product/8801260/418602.1.jpg
7Eleven,깨끗한)디어스킨에어엠보중형16P,8100,1+1,https://www.7-eleven.co.kr/upload/product/8801260/419593.1.jpg
7Eleven,깨끗한)디어스킨에어엠보대형14P,8100,1+1,https://www.7-eleven.co.kr/upload/product/8801260/419609.1.jpg
7Eleven,깨끗한나라3겹소프트24롤(펄프),29800,1+1,https://www.7-eleven.co.kr/upload/product/8801260/113873.1.jpg
7Eleven,LG)쏘피안심숙면팬티4P(L),10500,1+1,https://www.7-eleven.co.kr/upload/product/8809709/260898.1.jpg
7Eleven,유한)좋은느낌좋은순면수퍼롱10P,10400,1+1,https://www.7-eleven.co.kr/upload/product/8801166/234122.1.jpg
7Eleven,유한)좋은느낌유기농순면중형14P,10300,1+1,https://www.7-eleven.co.kr/upload/product/8801166/239110.1.jpg
7Eleven,유한)좋은느낌유기농순면대형14P,12000,1+1,https://www.7-eleven.co.kr/upload/product/8801166/239134.1.jpg
7Eleven,좋은느낌유기농순면수퍼롱오버8,10600,1+1,https://www.7-eleven.co.kr/upload/product/8801166/239172.1.jpg
7Eleven,유한)화이트수퍼흡수중형18P,9700,1+1,https://www.7-eleven.co.kr/upload/product/8801166/238762.1.jpg
7Eleven,유한)화이트수퍼흡수대형16P,9700,1+1,https://www.7-eleven.co.kr/upload/product/8801166/238786.1.jpg
7Eleven,라엘)라엘오가닉중형14P,9400,1+1,https://www.7-eleven.co.kr/upload/product/0859306/006502.1.jpg
7Eleven,라엘)라엘오가닉대형12P,9400,1+1,https://www.7-eleven.co.kr/upload/product/0859306/006496.1.jpg
7Eleven,깨끗한)디어스킨리얼모달중형16P,8600,1+1,https://www.7-eleven.co.kr/upload/product/8801260/420322.1.jpg
7Eleven,깨끗한)디어스킨리얼모달대형14P,8600,1+1,https://www.7-eleven.co.kr/upload/product/8801260/420339.1.jpg
7Eleven,유한)좋은느낌무표백중형16P,12500,1+1,https://www.7-eleven.co.kr/upload/product/8801166/090049.1.jpg
7Eleven,유한)크리넥스마이비데물티슈10,1600,1+1,https://www.7-eleven.co.kr/upload/product/8801166/055123.1.jpg
7Eleven,깨끗한)디어스킨입는오버4P(M),10900,1+1,https://www.7-eleven.co.kr/upload/product/8801260/419760.1.jpg
7Eleven,유한)좋은느낌입는데이팬티중형4,10900,1+1,https://www.7-eleven.co.kr/upload/product/8801166/098984.1.jpg
7Eleven,유한)좋은느낌입는데이팬티대형4,10900,1+1,https://www.7-eleven.co.kr/upload/product/8801166/098991.1.jpg
7Eleven,동아)템포입는오버나이트5P,11900,1+1,https://www.7-eleven.co.kr/upload/product/8806011/637684.1.jpg
7Eleven,LG)쏘피안심숙면팬티4P(M),10500,1+1,https://www.7-eleven.co.kr/upload/product/8809709/260881.1.jpg
7Eleven,수젠텍)코로나자가검사키트2입,11000,1+1,https://www.7-eleven.co.kr/front/img/product/product_list_01.jpg
7Eleven,선린)휴에르KF94마스크블랙1입_H,2000,1+1,https://www.7-eleven.co.kr/upload/product/8809229/813963.1.jpg
7Eleven,P&G)질레트마하３터보면도기_H,24800,1+1,https://www.7-eleven.co.kr/upload/product/3014260/274856.1.jpg
7Eleven,동원)뉴트리스틱(참치연어)_H,3000,1+1,https://www.7-eleven.co.kr/upload/product/8801047/648048.1.jpg
7Eleven,동원)뉴트리스틱(참치닭가슴살)_,3000,1+1,https://www.7-eleven.co.kr/upload/product/8801047/648024.1.jpg
7Eleven,동원)뉴트리스틱(참치)_H,3000,1+1,https://www.7-eleven.co.kr/upload/product/8801047/648000.1.jpg
7Eleven,LG)바디피트볼록맞춤울날중4P,2000,1+1,https://www.7-eleven.co.kr/upload/product/8809016/369048.1.jpg
7Eleven,P&G)오랄비후레쉬클린칫솔_H,2000,1+1,https://www.7-eleven.co.kr/upload/product/3014260/844622.1.jpg
7Eleven,LG)뉴 퐁퐁400g_H,3700,1+1,https://www.7-eleven.co.kr/upload/product/8801051/231038.1.jpg
7Eleven,라엘)라엘오가닉중형4P,3900,1+1,https://www.7-eleven.co.kr/upload/product/8809641/110220.1.jpg
7Eleven,쏘피)안심숙면팬티무표백대형4,11900,1+1,https://www.7-eleven.co.kr/upload/product/8809709/260911.1.jpg
7Eleven,동원)양반흑미밥130g,2000,1+1,https://www.7-eleven.co.kr/front/img/product/product_list_01.jpg
7Eleven,뉴초이스)아쌈블랙티400ml,1900,2+1,https://www.7-eleven.co.kr/upload/product/4711162/984508.1.jpg
7Eleven,덴마크)얼라이브망고250ml,1700,2+1,https://www.7-eleven.co.kr/upload/product/8801155/735081.1.jpg
7Eleven,덴마크)얼라이브스위티자몽250ml,1700,2+1,https://www.7-eleven.co.kr/upload/product/8801155/735074.1.jpg
7Eleven,남양)요구르트그란데280ml,1700,2+1,https://www.7-eleven.co.kr/upload/product/8801069/186351.1.jpg
7Eleven,정식품)베지밀B검은콩190ml,2000,2+1,https://www.7-eleven.co.kr/upload/product/8801033/799075.1.jpg
7Eleven,덴마크)딸기딸기우유300ml,2100,2+1,https://www.7-eleven.co.kr/upload/product/8801155/731632.1.jpg
7Eleven,서울)초코꿀단지180ml,1700,2+1,https://www.7-eleven.co.kr/upload/product/8801115/384007.1.jpg
7Eleven,서울)딸기꿀단지180ml,1700,2+1,https://www.7-eleven.co.kr/upload/product/8801115/384014.1.jpg
7Eleven,매일)바리스타시그니처드립325ml,3500,2+1,https://www.7-eleven.co.kr/upload/product/8801121/768167.1.jpg
7Eleven,매일)바리스타블랙325ml,3500,2+1,https://www.7-eleven.co.kr/upload/product/8801121/768174.1.jpg
7Eleven,매일)아몬드브리즈초콜릿190ml,1500,2+1,https://www.7-eleven.co.kr/upload/product/8801121/768068.1.jpg
7Eleven,매일)두유오리지널190ml,1400,2+1,https://www.7-eleven.co.kr/upload/product/8801121/768464.1.jpg
7Eleven,매일)두유99.9 190ml,1400,2+1,https://www.7-eleven.co.kr/upload/product/8801121/768440.1.jpg
7Eleven,빙그레)닥터캡슐플레인130ml,2300,2+1,https://www.7-eleven.co.kr/upload/product/8801104/302739.1.jpg
7Eleven,덴마크)초코초코우유300ml,2100,2+1,https://www.7-eleven.co.kr/upload/product/8801155/731625.1.jpg
7Eleven,덴마크)커피커피300ml,2100,2+1,https://www.7-eleven.co.kr/upload/product/8801155/731847.1.jpg
7Eleven,덴마크)바나바나우유300ml,2100,2+1,https://www.7-eleven.co.kr/upload/product/8801155/731830.1.jpg
7Eleven,매일)바리스타바닐라빈라떼325ml,3500,2+1,https://www.7-eleven.co.kr/upload/product/8801121/771402.1.jpg
7Eleven,매일)바리스타쇼콜라모카325ml,3500,2+1,https://www.7-eleven.co.kr/upload/product/8801121/771396.1.jpg
7Eleven,빙그레)사이즈업라떼350ml,2600,2+1,https://www.7-eleven.co.kr/upload/product/8801104/304047.1.jpg
7Eleven,빙그레)사이즈업아메리카노350ml,2600,2+1,https://www.7-eleven.co.kr/upload/product/8801104/304023.1.jpg
7Eleven,동서)맥심TOP라떼240ml,2300,2+1,https://www.7-eleven.co.kr/upload/product/8801037/092240.1.jpg
7Eleven,동서)맥심TOP블랙240ml,2300,2+1,https://www.7-eleven.co.kr/upload/product/8801037/092264.1.jpg
7Eleven,덴마크)얼라이브블러드오렌지250,1700,2+1,https://www.7-eleven.co.kr/upload/product/8801155/735135.1.jpg
7Eleven,동서)맥심TOP볼드라떼컵300ml,2900,2+1,https://www.7-eleven.co.kr/upload/product/8801115/381761.1.jpg
7Eleven,정식품)베지밀아몬드호두190ml,2000,2+1,https://www.7-eleven.co.kr/front/img/product/product_list_01.jpg
7Eleven,비락)유기농야채사랑190ml,1700,2+1,https://www.7-eleven.co.kr/upload/product/8801189/201767.1.jpg
7Eleven,비락)유기농당근비트180ml,1700,2+1,https://www.7-eleven.co.kr/upload/product/8801189/204232.1.jpg
7Eleven,빙그레)사이즈업바닐라라떼350ml,2600,2+1,https://www.7-eleven.co.kr/upload/product/8801104/306591.1.jpg
7Eleven,서울)비요뜨쿠키앤크림131g,2300,2+1,https://www.7-eleven.co.kr/front/img/product/product_list_01.jpg
7Eleven,칠성)오가닉사과&당근주스125ml,1500,2+1,https://www.7-eleven.co.kr/upload/product/8801056/095413.1.jpg
7Eleven,빙그레)닥터캡슐사과130ml,2300,2+1,https://www.7-eleven.co.kr/upload/product/8801104/665421.1.jpg
7Eleven,매일)두유검은콩190ml,1400,2+1,https://www.7-eleven.co.kr/upload/product/8801121/025710.1.jpg
7Eleven,매일)엔요280ml,1700,2+1,https://www.7-eleven.co.kr/upload/product/8801121/024737.1.jpg
7Eleven,매일)바리스타디카페인325ml,3500,2+1,https://www.7-eleven.co.kr/upload/product/8801121/027523.1.jpg
7Eleven,서울)바나나우유300ml,2100,2+1,https://www.7-eleven.co.kr/upload/product/8801115/137290.1.jpg
7Eleven,빙그레)스페셜티예가체프460ml,3000,2+1,https://www.7-eleven.co.kr/upload/product/8801104/667043.1.jpg
7Eleven,동서)맥심TOP너티카라멜300ml,2900,2+1,https://www.7-eleven.co.kr/upload/product/8801115/384250.1.jpg
7Eleven,매일)상하치즈아몬드고다48g,2800,2+1,https://www.7-eleven.co.kr/upload/product/8801121/027431.1.jpg
7Eleven,빙그레)닥터캡슐베리믹스130ml,2300,2+1,https://www.7-eleven.co.kr/upload/product/8801104/669283.1.jpg
7Eleven,덴마크)얼라이브머스캣청포도250,1700,2+1,https://www.7-eleven.co.kr/upload/product/8801155/732769.1.jpg
7Eleven,칠성)오가닉적포도&보라당근125m,1500,2+1,https://www.7-eleven.co.kr/upload/product/8801056/168308.1.jpg
7Eleven,매일)바리스타라떼PET475ml,2700,2+1,https://www.7-eleven.co.kr/upload/product/8801121/031858.1.jpg
7Eleven,매일)바리스타아메리카노PET475m,2700,2+1,https://www.7-eleven.co.kr/upload/product/8801121/031834.1.jpg
7Eleven,빙그레)더단백초코250ml,2900,2+1,https://www.7-eleven.co.kr/upload/product/8801104/670876.1.jpg
7Eleven,이디야)카페라떼300ml,3200,2+1,https://www.7-eleven.co.kr/upload/product/8809388/463917.1.jpg
7Eleven,이디야)토피넛라떼300ml,3200,2+1,https://www.7-eleven.co.kr/upload/product/8809388/463924.1.jpg
7Eleven,이디야)돌체콜드브루300ml,3200,2+1,https://www.7-eleven.co.kr/upload/product/8809388/463931.1.jpg
7Eleven,비알)쿠키앤크림우유190ml,1500,2+1,https://www.7-eleven.co.kr/upload/product/8809288/633052.1.jpg
7Eleven,비알)베리베리스트로베리우유190,1500,2+1,https://www.7-eleven.co.kr/upload/product/8809288/633045.1.jpg
7Eleven,비알)민트초코우유190ml,1500,2+1,https://www.7-eleven.co.kr/upload/product/8809288/633038.1.jpg
7Eleven,매일)어메이징오트오리지널190ml,1500,2+1,https://www.7-eleven.co.kr/upload/product/8801121/033531.1.jpg
7Eleven,매일)어메이징오트언스위트190ml,1500,2+1,https://www.7-eleven.co.kr/upload/product/8801121/033463.1.jpg
7Eleven,매일)상하치즈크림치즈48g,2800,2+1,https://www.7-eleven.co.kr/upload/product/8801121/020388.1.jpg
7Eleven,빙그레)더단백커피250ml,2900,2+1,https://www.7-eleven.co.kr/upload/product/8801104/673211.1.jpg
7Eleven,남양)테이크핏초코250ml,2900,2+1,https://www.7-eleven.co.kr/upload/product/8801069/416007.1.jpg
7Eleven,남양)테이크핏고소한맛250ml,2900,2+1,https://www.7-eleven.co.kr/upload/product/8801069/415833.1.jpg
7Eleven,비알)이상한나라솜사탕우유190ml,1500,2+1,https://www.7-eleven.co.kr/upload/product/8809288/633595.1.jpg
7Eleven,일동)하이뮨액티브밀크쉐이크제,2900,2+1,https://www.7-eleven.co.kr/upload/product/8801157/470959.1.jpg
7Eleven,일동)하이뮨액티브딥초코제로250,2900,2+1,https://www.7-eleven.co.kr/upload/product/8801157/470928.1.jpg
7Eleven,남양)과수원사과200ml,1800,2+1,https://www.7-eleven.co.kr/upload/product/8801069/416236.1.jpg
7Eleven,덴마크)드링킹딸기275ml,2400,2+1,https://www.7-eleven.co.kr/upload/product/8801155/741822.1.jpg
7Eleven,덴마크)드링킹베리믹스275ml,2400,2+1,https://www.7-eleven.co.kr/upload/product/8801155/741846.1.jpg
7Eleven,덴마크)드링킹복숭아275ml,2400,2+1,https://www.7-eleven.co.kr/upload/product/8801155/741877.1.jpg
7Eleven,덴마크)드링킹사과275ml,2400,2+1,https://www.7-eleven.co.kr/upload/product/8801155/741839.1.jpg
7Eleven,덴마크)드링킹플레인275ml,2400,2+1,https://www.7-eleven.co.kr/upload/product/8801155/741853.1.jpg
7Eleven,정식품)고단백검은콩두유190ml,1600,2+1,https://www.7-eleven.co.kr/front/img/product/product_list_01.jpg
7Eleven,남양)테이크핏바나나250ml,2900,2+1,https://www.7-eleven.co.kr/upload/product/8801069/417554.1.jpg
7Eleven,매일)바리스타돌체라떼325ml,3500,2+1,https://www.7-eleven.co.kr/upload/product/8801121/040416.1.jpg
7Eleven,빙그레)스페셜티안티오키아460ml,3000,2+1,https://www.7-eleven.co.kr/upload/product/8801104/940603.1.jpg
7Eleven,빙그레)사이즈업연유라떼350ml,2600,2+1,https://www.7-eleven.co.kr/upload/product/8801104/940931.1.jpg
7Eleven,일동)하이뮨액티브더블샷커피제,2900,2+1,https://www.7-eleven.co.kr/upload/product/8801157/471178.1.jpg
7Eleven,매일)두유고단백190ml,1800,2+1,https://www.7-eleven.co.kr/upload/product/8801121/032145.1.jpg
7Eleven,PB)앙리마티스카페라떼250ml,2500,2+1,https://www.7-eleven.co.kr/upload/product/8801155/743161.1.jpg
7Eleven,PB)앙리마티스바닐라라떼250ml,2500,2+1,https://www.7-eleven.co.kr/upload/product/8801155/743178.1.jpg
7Eleven,남양)테이크핏호박고구마250ml,2900,2+1,https://www.7-eleven.co.kr/upload/product/8801069/419619.1.jpg
7Eleven,정식품)베지밀A(병)190ml,1800,2+1,https://www.7-eleven.co.kr/upload/product/8801033/000119.1.jpg
7Eleven,매일)커피속에모카치노300ml,1600,2+1,https://www.7-eleven.co.kr/upload/product/8801121/130568.1.jpg
7Eleven,서울)아침에주스오렌지PE210ml,2300,2+1,https://www.7-eleven.co.kr/upload/product/8801115/336143.1.jpg
7Eleven,서울)비요뜨초코링138g,2300,2+1,https://www.7-eleven.co.kr/upload/product/8801115/212713.1.jpg
7Eleven,롯데)쾌변사과150ml,1900,2+1,https://www.7-eleven.co.kr/upload/product/8801207/050117.1.jpg
7Eleven,매일)바리스타스모키250ml,2900,2+1,https://www.7-eleven.co.kr/upload/product/8801121/107935.1.jpg
7Eleven,매일)바리스타모카프레소250ml,2900,2+1,https://www.7-eleven.co.kr/upload/product/8801121/107942.1.jpg
7Eleven,남양)불가리스딸기150ml,2000,2+1,https://www.7-eleven.co.kr/upload/product/8801069/175959.1.jpg
7Eleven,남양)불가리스사과150ml,2000,2+1,https://www.7-eleven.co.kr/upload/product/8801069/175942.1.jpg
7Eleven,매일)바리스타에스프레소250ml,2900,2+1,https://www.7-eleven.co.kr/upload/product/8801121/106792.1.jpg
7Eleven,제니코)스트링치즈24g,1800,2+1,https://www.7-eleven.co.kr/upload/product/0309003/61352.1.jpg
7Eleven,롯데)에센뽀득프랑크70g,2600,2+1,https://www.7-eleven.co.kr/upload/product/8801123/307630.1.jpg
7Eleven,롯데)의성마늘프랑크70g,2600,2+1,https://www.7-eleven.co.kr/upload/product/8801123/307647.1.jpg
7Eleven,종가집)새콤달콤볶음김치80g,2100,2+1,https://www.7-eleven.co.kr/upload/product/8801024/053667.1.jpg
7Eleven,진주햄)천하장사28g,1500,2+1,https://www.7-eleven.co.kr/upload/product/8801077/285701.1.jpg
7Eleven,CJ)청양고추후랑크80g,2700,2+1,https://www.7-eleven.co.kr/upload/product/8801007/348308.1.jpg
7Eleven,롯데)의성마늘빅프랑크90g,2900,2+1,https://www.7-eleven.co.kr/upload/product/8801123/309498.1.jpg
7Eleven,CJ)맥스봉숯불구이맛핫바90g,2700,2+1,https://www.7-eleven.co.kr/upload/product/8801007/403571.1.jpg
7Eleven,CJ)맥스봉빅소시지150g,3900,2+1,https://www.7-eleven.co.kr/upload/product/8801007/403793.1.jpg
7Eleven,CJ)맥스봉치즈70g,2600,2+1,https://www.7-eleven.co.kr/upload/product/8801007/358499.1.jpg
7Eleven,CJ)맥스봉구운풍미마늘후랑크80g,2700,2+1,https://www.7-eleven.co.kr/upload/product/8801007/618807.1.jpg
7Eleven,대림)스노우크랩킹70g,3000,2+1,https://www.7-eleven.co.kr/upload/product/8801066/056169.1.jpg
7Eleven,한성)몬스터크랩142g,5100,2+1,https://www.7-eleven.co.kr/upload/product/8801074/003490.1.jpg
7Eleven,한성)몬스터크랩72g,2900,2+1,https://www.7-eleven.co.kr/upload/product/8801074/003896.1.jpg
7Eleven,진주햄)천하장사70g,2800,2+1,https://www.7-eleven.co.kr/upload/product/8801077/308608.1.jpg
7Eleven,대림)한입에꼬치다90g,3200,2+1,https://www.7-eleven.co.kr/upload/product/8801066/057708.1.jpg
7Eleven,하림)닭가슴살갈릭100g,5000,2+1,https://www.7-eleven.co.kr/upload/product/8801492/373083.1.jpg
7Eleven,대림)매콤함에꼬치다90g,3200,2+1,https://www.7-eleven.co.kr/upload/product/8801066/058422.1.jpg
7Eleven,동원)친친오리지널소시지70g,2200,2+1,https://www.7-eleven.co.kr/upload/product/8801047/578857.1.jpg
7Eleven,CJ)맥스봉직화구이꼬치바90g,2700,2+1,https://www.7-eleven.co.kr/upload/product/8801007/835396.1.jpg
7Eleven,하림)닭가슴살리얼바오리지널70g,2900,2+1,https://www.7-eleven.co.kr/upload/product/8801492/375384.1.jpg
7Eleven,하림)닭가슴살리얼바블랙페퍼70g,2900,2+1,https://www.7-eleven.co.kr/upload/product/8801492/377654.1.jpg
7Eleven,CJ)맥스봉직화청양꼬치바90g,2700,2+1,https://www.7-eleven.co.kr/upload/product/8801007/880303.1.jpg
7Eleven,CJ)닭가슴살소시지80g,2900,2+1,https://www.7-eleven.co.kr/upload/product/8801007/899985.1.jpg
7Eleven,고래사)통새우말이어묵90g,3800,2+1,https://www.7-eleven.co.kr/upload/product/8809265/021780.1.jpg
7Eleven,대림)숯불구이후랑크커플140g,4000,2+1,https://www.7-eleven.co.kr/upload/product/8801066/060517.1.jpg
7Eleven,CJ)닭가슴살소시지(청양고추)80g,2900,2+1,https://www.7-eleven.co.kr/upload/product/8801007/951805.1.jpg
7Eleven,고래사)어묵탕(시원한맛)360g,3900,2+1,https://www.7-eleven.co.kr/upload/product/8809265/025214.1.jpg
7Eleven,고래사)어묵탕(얼큰한맛)360g,3900,2+1,https://www.7-eleven.co.kr/upload/product/8809265/025221.1.jpg
7Eleven,동원)황금치킨닭가슴살오리지널,4500,2+1,https://www.7-eleven.co.kr/upload/product/8801047/574002.1.jpg
7Eleven,동원)황금치킨닭가슴살블랙페퍼,4500,2+1,https://www.7-eleven.co.kr/upload/product/8801047/574019.1.jpg
7Eleven,롯데)의성마늘프랑크매콤땡초65g,2600,2+1,https://www.7-eleven.co.kr/upload/product/8801123/311057.1.jpg
7Eleven,대림)숯불구이맛후랑크70g,2200,2+1,https://www.7-eleven.co.kr/upload/product/8801066/019447.1.jpg
7Eleven,롯데)키스틱55g,2400,2+1,https://www.7-eleven.co.kr/upload/product/8801123/203918.1.jpg
7Eleven,삼립)잼있는사과쿠키75g,1300,2+1,https://www.7-eleven.co.kr/upload/product/8801068/371192.1.jpg
7Eleven,삼립)잼있는딸기쿠키75g,1300,2+1,https://www.7-eleven.co.kr/upload/product/8801068/371208.1.jpg
7Eleven,삼립)NEW초코블랑48g,1500,2+1,https://www.7-eleven.co.kr/upload/product/8801068/392944.1.jpg
7Eleven,삼립)정통보름달88g,1800,2+1,https://www.7-eleven.co.kr/front/img/product/product_list_01.jpg
7Eleven,삼립)생크림보름달80g,1800,2+1,https://www.7-eleven.co.kr/front/img/product/product_list_01.jpg
7Eleven,해태)고향만두378g,5300,2+1,https://www.7-eleven.co.kr/upload/product/8801019/998041.1.jpg
7Eleven,돌코리아)후룻컵파인애플198g,3200,2+1,https://www.7-eleven.co.kr/upload/product/8809069/304010.1.jpg
7Eleven,돌코리아)후룻컵복숭아198g,3200,2+1,https://www.7-eleven.co.kr/upload/product/8809069/304034.1.jpg
7Eleven,돌코리아)후룻컵망고198g,3200,2+1,https://www.7-eleven.co.kr/upload/product/8809069/304812.1.jpg
7Eleven,롯데)세척방울토마토(150g),4500,2+1,https://www.7-eleven.co.kr/front/img/product/product_list_01.jpg
7Eleven,돌코리아)건망고(80g),5000,2+1,https://www.7-eleven.co.kr/upload/product/8809069/308469.1.jpg
7Eleven,마즈)스니커즈피넛바51g,1800,2+1,https://www.7-eleven.co.kr/upload/product/93682/091.1.jpg
7Eleven,해태)락맛동산165g,3200,2+1,https://www.7-eleven.co.kr/upload/product/8801019/603426.1.jpg
7Eleven,해태)에이스121g,1700,2+1,https://www.7-eleven.co.kr/upload/product/8801019/306907.1.jpg
7Eleven,크라운)콘초66g,1500,2+1,https://www.7-eleven.co.kr/upload/product/8801111/180993.1.jpg
7Eleven,크라운)죠리퐁1500,1500,2+1,https://www.7-eleven.co.kr/upload/product/8801111/610636.1.jpg
7Eleven,롯데)허쉬쿠키앤크림화이트40g,2000,2+1,https://www.7-eleven.co.kr/upload/product/0340002/39344.1.jpg
7Eleven,롯데)허쉬밀크초콜릿40g,2000,2+1,https://www.7-eleven.co.kr/upload/product/03424/005.1.jpg
7Eleven,크라운)빅파이216g,3200,2+1,https://www.7-eleven.co.kr/upload/product/8801111/180481.1.jpg
7Eleven,뉴트)비비랩멀티비타슈퍼샷20ml,3900,2+1,https://www.7-eleven.co.kr/front/img/product/product_list_01.jpg
7Eleven,삼립)트리플치즈부리또125g,3500,2+1,https://www.7-eleven.co.kr/front/img/product/product_list_01.jpg
7Eleven,매일)셀렉스모카초코250ml,2900,2+1,https://www.7-eleven.co.kr/front/img/product/product_list_01.jpg
7Eleven,매일)셀렉스밀크바닐라250ml,2900,2+1,https://www.7-eleven.co.kr/front/img/product/product_list_01.jpg
7Eleven,CJ)작은햇반발아현미밥130g,2100,2+1,https://www.7-eleven.co.kr/front/img/product/product_list_01.jpg
7Eleven,CJ)작은햇반흑미밥130g,2100,2+1,https://www.7-eleven.co.kr/front/img/product/product_list_01.jpg
7Eleven,G)탑젤리(망고맛)80g,2000,2+1,https://www.7-eleven.co.kr/front/img/product/product_list_01.jpg
7Eleven,삼성)까스명수골드(10입),12000,2+1,https://www.7-eleven.co.kr/front/img/product/product_list_01.jpg
7Eleven,유한)좋은느낌무표백중형4P,3900,2+1,https://www.7-eleven.co.kr/front/img/product/product_list_01.jpg
7Eleven,농심)누들핏육개장사발면맛,1800,2+1,https://www.7-eleven.co.kr/front/img/product/product_list_01.jpg
7Eleven,농심)누들핏김치사발면맛,1800,2+1,https://www.7-eleven.co.kr/front/img/product/product_list_01.jpg
7Eleven,칠성)펩시라임제로카페인355ml,2100,2+1,https://www.7-eleven.co.kr/front/img/product/product_list_01.jpg
7Eleven,마즈)비카인드단백질바40g,2500,2+1,https://www.7-eleven.co.kr/front/img/product/product_list_01.jpg
7Eleven,비알)엄마는외계인밀키300ml,2900,2+1,https://www.7-eleven.co.kr/front/img/product/product_list_01.jpg
7Eleven,메디힐)티트리에센셜마스크팩_H,2000,2+1,https://www.7-eleven.co.kr/front/img/product/product_list_01.jpg
7Eleven,메디힐)티트리에센셜마스크팩10,20000,2+1,https://www.7-eleven.co.kr/front/img/product/product_list_01.jpg
7Eleven,오뚜기)진비빔면큰컵,1800,2+1,https://www.7-eleven.co.kr/front/img/product/product_list_01.jpg
7Eleven,MDS)NEW베이컨까르보나라230g,4200,2+1,https://www.7-eleven.co.kr/front/img/product/product_list_01.jpg
7Eleven,MDS)라구파스타230g,4200,2+1,https://www.7-eleven.co.kr/front/img/product/product_list_01.jpg
7Eleven,MDS)NEW투움바파스타230g,4200,2+1,https://www.7-eleven.co.kr/front/img/product/product_list_01.jpg
7Eleven,존슨)리스테린토탈케어100ml_H,2700,2+1,https://www.7-eleven.co.kr/upload/product/8801008/002131.1.jpg
7Eleven,종근당)멀티비타부스터샷20ML,3800,2+1,https://www.7-eleven.co.kr/front/img/product/product_list_01.jpg
7Eleven,농심)배홍동비빔면큰사발,1800,2+1,https://www.7-eleven.co.kr/front/img/product/product_list_01.jpg
7Eleven,빙그레)사이즈업벤티아메리카노6,3200,2+1,https://www.7-eleven.co.kr/front/img/product/product_list_01.jpg
7Eleven,덴마크)하이요구르트280ml,1700,2+1,https://www.7-eleven.co.kr/front/img/product/product_list_01.jpg
7Eleven,빙그레)더단백딸기250ml,2900,2+1,https://www.7-eleven.co.kr/front/img/product/product_list_01.jpg
7Eleven,네슬레)킷캣4핑거(녹차)35g,2200,2+1,https://www.7-eleven.co.kr/front/img/product/product_list_01.jpg
7Eleven,칠성)칸타타딥블랙200ml,1600,2+1,https://www.7-eleven.co.kr/front/img/product/product_list_01.jpg
7Eleven,해태)고향김치손만두330g,5300,2+1,https://www.7-eleven.co.kr/front/img/product/product_list_01.jpg
7Eleven,CJ)비비고떡볶이오리지널110g,3900,2+1,https://www.7-eleven.co.kr/front/img/product/product_list_01.jpg
7Eleven,바프)추억의땅콩믹스120g,2900,2+1,https://www.7-eleven.co.kr/front/img/product/product_list_01.jpg
7Eleven,뉴트)비비랩밀크씨슬파워샷20ml,3900,2+1,https://www.7-eleven.co.kr/front/img/product/product_list_01.jpg
7Eleven,대상)청정원고소한마요네즈300g,4600,2+1,https://www.7-eleven.co.kr/front/img/product/product_list_01.jpg
7Eleven,크라운)콘칩초당70g,1700,2+1,https://www.7-eleven.co.kr/front/img/product/product_list_01.jpg
7Eleven,MDS)베이컨로제파스타230g,4200,2+1,https://www.7-eleven.co.kr/front/img/product/product_list_01.jpg
7Eleven,G)대파크래커80g,2500,2+1,https://www.7-eleven.co.kr/front/img/product/product_list_01.jpg
7Eleven,진주햄)천하장사콰트로치즈50g,2400,2+1,https://www.7-eleven.co.kr/front/img/product/product_list_01.jpg
7Eleven,PB)백미밥210g,1550,2+1,https://www.7-eleven.co.kr/front/img/product/product_list_01.jpg
7Eleven,PB)앙리마티스아메리카노250ml,2500,2+1,https://www.7-eleven.co.kr/front/img/product/product_list_01.jpg
7Eleven,존슨)베드타임로션100ml_H,6000,2+1,https://www.7-eleven.co.kr/front/img/product/product_list_01.jpg
7Eleven,동원)불참치90g,3300,2+1,https://www.7-eleven.co.kr/front/img/product/product_list_01.jpg
7Eleven,비알)메롱멜론우유190ml,1500,2+1,https://www.7-eleven.co.kr/front/img/product/product_list_01.jpg
7Eleven,빙그레)더단백멜론250ml,2900,2+1,https://www.7-eleven.co.kr/front/img/product/product_list_01.jpg
7Eleven,크라운)국희고소한땅콩샌드93g,1600,2+1,https://www.7-eleven.co.kr/front/img/product/product_list_01.jpg
7Eleven,페레로)로쉐바오리지널90g,5500,2+1,https://www.7-eleven.co.kr/front/img/product/product_list_01.jpg
7Eleven,페레로)로쉐바다크90g,5500,2+1,https://www.7-eleven.co.kr/front/img/product/product_list_01.jpg
7Eleven,농심)신라면툼바큰사발,1800,2+1,https://www.7-eleven.co.kr/front/img/product/product_list_01.jpg
7Eleven,대상)고구마츄60g,3900,2+1,https://www.7-eleven.co.kr/upload/product/8801052/004068.1.jpg
7Eleven,네슬레)프루팁스하와이안,3000,2+1,https://www.7-eleven.co.kr/front/img/product/product_list_01.jpg
7Eleven,매일)바리스타에소무가당325ml,3500,2+1,https://www.7-eleven.co.kr/front/img/product/product_list_01.jpg
7Eleven,매일)바리스타바닐라빈무가당325,3500,2+1,https://www.7-eleven.co.kr/front/img/product/product_list_01.jpg
7Eleven,매일)허쉬초코딸기190ml,1600,2+1,https://www.7-eleven.co.kr/front/img/product/product_list_01.jpg
7Eleven,매일)허쉬초코바나나190ml,1600,2+1,https://www.7-eleven.co.kr/front/img/product/product_list_01.jpg
7Eleven,이너)유얼거트블루베리요거트190,2900,2+1,https://www.7-eleven.co.kr/front/img/product/product_list_01.jpg
7Eleven,오뚜기)짜슐랭큰컵,2000,2+1,https://www.7-eleven.co.kr/front/img/product/product_list_01.jpg
7Eleven,메디카)뷰티글루콜라겐부스터샷2,4500,2+1,https://www.7-eleven.co.kr/front/img/product/product_list_01.jpg
7Eleven,메디카)멀티비타12부스터샷25ml,4500,2+1,https://www.7-eleven.co.kr/front/img/product/product_list_01.jpg
7Eleven,하림)맛닭가슴살바베큐맛100g,5000,2+1,https://www.7-eleven.co.kr/front/img/product/product_list_01.jpg
7Eleven,매일)셀렉스바나나250ml,2900,2+1,https://www.7-eleven.co.kr/front/img/product/product_list_01.jpg
7Eleven,선우)동결건조하트구미첼젤리13g,2000,2+1,https://www.7-eleven.co.kr/front/img/product/product_list_01.jpg
7Eleven,정식품)고단백두유초코190ml,1600,2+1,https://www.7-eleven.co.kr/front/img/product/product_list_01.jpg
7Eleven,MQ)켈로그콘푸로스트바35g,1700,2+1,https://www.7-eleven.co.kr/front/img/product/product_list_01.jpg
7Eleven,롯데)가나초코바아몬드43g,1300,2+1,https://www.7-eleven.co.kr/upload/product/8801062/278053.1.jpg
7Eleven,크라운)못말리는신짱1500,1500,2+1,https://www.7-eleven.co.kr/upload/product/8801111/185066.1.jpg
7Eleven,롯데)가나초코바43g,1300,2+1,https://www.7-eleven.co.kr/upload/product/8801062/628773.1.jpg
7Eleven,롯데)목캔디허브(오리지날)38g,1200,2+1,https://www.7-eleven.co.kr/upload/product/8801062/331673.1.jpg
7Eleven,롯데)목캔디믹스베리38g,1200,2+1,https://www.7-eleven.co.kr/upload/product/8801062/331772.1.jpg
7Eleven,크라운)마이쮸사과44g,800,2+1,https://www.7-eleven.co.kr/upload/product/8801111/187916.1.jpg
7Eleven,크라운)새콤달콤포도29g,500,2+1,https://www.7-eleven.co.kr/upload/product/8801111/188012.1.jpg
7Eleven,크라운)새콤달콤복숭아29g,500,2+1,https://www.7-eleven.co.kr/upload/product/8801111/188036.1.jpg
7Eleven,롯데)치토스매콤한맛82g,1200,2+1,https://www.7-eleven.co.kr/upload/product/8801062/380015.1.jpg
7Eleven,롯데)치토스스모크바베큐82g,1700,2+1,https://www.7-eleven.co.kr/upload/product/8801062/289936.1.jpg
7Eleven,동원)건강레시피 관절&유리너리_,1600,2+1,https://www.7-eleven.co.kr/front/img/product/product_list_01.jpg
7Eleven,동원)건강레시피 면역&유리너리_,1600,2+1,https://www.7-eleven.co.kr/front/img/product/product_list_01.jpg
7Eleven,해태)버터링65g,1500,2+1,https://www.7-eleven.co.kr/front/img/product/product_list_01.jpg
7Eleven,MQ)프링글스매운맛110g,4200,2+1,https://www.7-eleven.co.kr/upload/product/8886467/100055.1.jpg
7Eleven,MQ)프링글스치즈맛110g,4200,2+1,https://www.7-eleven.co.kr/upload/product/8886467/100031.1.jpg
7Eleven,농심)짜파게티더블랙사발면,1800,2+1,https://www.7-eleven.co.kr/front/img/product/product_list_01.jpg
7Eleven,동서)오레오웨하스초코(5입),3400,2+1,https://www.7-eleven.co.kr/upload/product/8801037/090185.1.jpg
7Eleven,크라운)츄러스84g,1500,2+1,https://www.7-eleven.co.kr/upload/product/8801111/916479.1.jpg
7Eleven,크라운)딸기산도161g,2500,2+1,https://www.7-eleven.co.kr/upload/product/8801111/917421.1.jpg
7Eleven,네슬레)프루팁스미니(젤리),3000,2+1,https://www.7-eleven.co.kr/upload/product/6917878/047201.1.jpg
7Eleven,롯데)허쉬키세스쿠키앤크림52g,2700,2+1,https://www.7-eleven.co.kr/upload/product/8801062/642021.1.jpg
7Eleven,롯데)허쉬키세스아몬드52g,2700,2+1,https://www.7-eleven.co.kr/upload/product/8801062/641895.1.jpg
7Eleven,롯데)허쉬키세스밀크52g,2700,2+1,https://www.7-eleven.co.kr/upload/product/8801062/641826.1.jpg
7Eleven,동서)오레오씬즈화이트84g,2300,2+1,https://www.7-eleven.co.kr/upload/product/8801037/091113.1.jpg
7Eleven,MQ)프링글스버터카라멜110g,4200,2+1,https://www.7-eleven.co.kr/upload/product/8886467/104725.1.jpg
7Eleven,해태)자가비짭짤한맛45g,2000,2+1,https://www.7-eleven.co.kr/upload/product/8801019/607912.1.jpg
7Eleven,롯데)오잉75g,1700,2+1,https://www.7-eleven.co.kr/upload/product/8801062/382811.1.jpg
7Eleven,롯데)도리토스나쵸치즈맛84g,1700,2+1,https://www.7-eleven.co.kr/upload/product/8801062/381814.1.jpg
7Eleven,삼양)맵탱마늘조개라면소컵,1300,2+1,https://www.7-eleven.co.kr/front/img/product/product_list_01.jpg
7Eleven,삼양)맵탱청양고추대파라면소컵,1300,2+1,https://www.7-eleven.co.kr/front/img/product/product_list_01.jpg
7Eleven,농심)신라면툼바봉지,1500,2+1,https://www.7-eleven.co.kr/front/img/product/product_list_01.jpg
7Eleven,몽뜨)설곤약향라맛30g,1200,2+1,https://www.7-eleven.co.kr/front/img/product/product_list_01.jpg
7Eleven,롯데)말랑카우밀크79g,3000,2+1,https://www.7-eleven.co.kr/upload/product/8801062/013388.1.jpg
7Eleven,유미)말랑카우딸기맛79g,3000,2+1,https://www.7-eleven.co.kr/upload/product/8801062/013395.1.jpg
7Eleven,해태)맛동산90g,2000,2+1,https://www.7-eleven.co.kr/upload/product/8801019/608766.1.jpg
7Eleven,해태)구운감자27g,1000,2+1,https://www.7-eleven.co.kr/upload/product/8801019/602498.1.jpg
7Eleven,동아)박카스맛젤리50g,1700,2+1,https://www.7-eleven.co.kr/upload/product/8806011/435631.1.jpg
7Eleven,농심)닭다리후라이드치킨66g,1700,2+1,https://www.7-eleven.co.kr/upload/product/8801043/036535.1.jpg
7Eleven,삼양)사또밥67g,1500,2+1,https://www.7-eleven.co.kr/upload/product/8801073/310711.1.jpg
7Eleven,마즈)몰티저스37g,1800,2+1,https://www.7-eleven.co.kr/upload/product/8804973/306204.1.jpg
7Eleven,해태)사브레84g,1500,2+1,https://www.7-eleven.co.kr/upload/product/8801019/314742.1.jpg
7Eleven,동아)박카스맛젤리사우어50g,1700,2+1,https://www.7-eleven.co.kr/upload/product/8806011/435679.1.jpg
7Eleven,크라운)참쌀선과115g,3000,2+1,https://www.7-eleven.co.kr/upload/product/8801111/922739.1.jpg
7Eleven,동서)오레오씬즈초코84g,2300,2+1,https://www.7-eleven.co.kr/upload/product/8801037/094763.1.jpg
7Eleven,동서)포스트단백질바50g,2100,2+1,https://www.7-eleven.co.kr/upload/product/8801037/094701.1.jpg
7Eleven,농심)1M츄파춥스사워벨트55g,1800,2+1,https://www.7-eleven.co.kr/upload/product/8935001/714774.1.jpg
7Eleven,마즈)엠앤엠즈블록밀크46g,1800,2+1,https://www.7-eleven.co.kr/upload/product/9300682/051507.1.jpg
7Eleven,마즈)엠앤엠즈블록크리스피44g,1800,2+1,https://www.7-eleven.co.kr/upload/product/9300682/053761.1.jpg
7Eleven,동서)미니카누마일드10입,3800,2+1,https://www.7-eleven.co.kr/upload/product/8801037/053425.1.jpg
7Eleven,미성)스위스미스핫초코원컵,2200,2+1,https://www.7-eleven.co.kr/upload/product/8809256/674155.1.jpg
7Eleven,삼양사)상쾌환3입,8500,2+1,https://www.7-eleven.co.kr/upload/product/8801013/770155.1.jpg
7Eleven,동서)맥심슈프림골드믹스,6700,2+1,https://www.7-eleven.co.kr/upload/product/8801037/003048.1.jpg
7Eleven,삼양사)상쾌환스틱ZERO18g(청사,3900,2+1,https://www.7-eleven.co.kr/upload/product/8801013/776829.1.jpg
7Eleven,종근당)깨노니스틱(배사과)18g,3300,2+1,https://www.7-eleven.co.kr/upload/product/8809807/286028.1.jpg
7Eleven,종근당)깨노니스틱(복숭아)18g,3300,2+1,https://www.7-eleven.co.kr/upload/product/8809807/286042.1.jpg
7Eleven,이노엔)컨디션스틱망고18g,3900,2+1,https://www.7-eleven.co.kr/upload/product/8809422/044904.1.jpg
7Eleven,이노엔)컨디션스틱자두18g,3900,2+1,https://www.7-eleven.co.kr/upload/product/8809422/044928.1.jpg
7Eleven,삼양사)상쾌환스틱ZERO18g(납작,3900,2+1,https://www.7-eleven.co.kr/upload/product/8801013/777390.1.jpg
7Eleven,유앤)스웨디시스타일젤리80g,2500,2+1,https://www.7-eleven.co.kr/front/img/product/product_list_01.jpg
7Eleven,PB)떡볶이맛오징어30g,4500,2+1,https://www.7-eleven.co.kr/front/img/product/product_list_01.jpg
7Eleven,PB)마라맛오징어30g,4500,2+1,https://www.7-eleven.co.kr/front/img/product/product_list_01.jpg
7Eleven,PB)두부칩92g,1600,2+1,https://www.7-eleven.co.kr/front/img/product/product_list_01.jpg
7Eleven,PB)착한콘칩65g,1200,2+1,https://www.7-eleven.co.kr/front/img/product/product_list_01.jpg
7Eleven,이그니스)애사비소다500ml,2800,2+1,https://www.7-eleven.co.kr/front/img/product/product_list_01.jpg
7Eleven,샘표)질러블랙앤레드페퍼육포30g,4200,2+1,https://www.7-eleven.co.kr/front/img/product/product_list_01.jpg
7Eleven,삼진)1953어묵순살바80g(야채맛),3500,2+1,https://www.7-eleven.co.kr/front/img/product/product_list_01.jpg
7Eleven,삼진)1953어묵순살바80g(매운맛),3500,2+1,https://www.7-eleven.co.kr/front/img/product/product_list_01.jpg
7Eleven,삼진)1953어묵순살바80g(오징어,3500,2+1,https://www.7-eleven.co.kr/front/img/product/product_list_01.jpg
7Eleven,오뚜기)순후추닭강정180g,5600,2+1,https://www.7-eleven.co.kr/front/img/product/product_list_01.jpg
7Eleven,일신)캇예스베러버니75g,2800,2+1,https://www.7-eleven.co.kr/front/img/product/product_list_01.jpg
7Eleven,유한)좋은느낌무표백대형14P,12500,2+1,https://www.7-eleven.co.kr/front/img/product/product_list_01.jpg
7Eleven,오뚜기)컵누들짬뽕맛소컵,1800,2+1,https://www.7-eleven.co.kr/front/img/product/product_list_01.jpg
7Eleven,서울)멸균흰우유200ml,1200,2+1,https://www.7-eleven.co.kr/front/img/product/product_list_01.jpg
7Eleven,오뚜기)컵누들참깨라면소컵,1800,2+1,https://www.7-eleven.co.kr/front/img/product/product_list_01.jpg
7Eleven,대림)스노우크랩킹140g,5500,2+1,https://www.7-eleven.co.kr/upload/product/8801066/055438.1.jpg
7Eleven,농심)누들핏튀김우동맛,1800,2+1,https://www.7-eleven.co.kr/front/img/product/product_list_01.jpg
7Eleven,진주햄)천하장사콰트로치즈70g,2800,2+1,https://www.7-eleven.co.kr/front/img/product/product_list_01.jpg
7Eleven,오츠카)데미소다레드애플350ml,1900,2+1,https://www.7-eleven.co.kr/front/img/product/product_list_01.jpg
7Eleven,동원)그릴리직화닭꼬치데리야끼7,4500,2+1,https://www.7-eleven.co.kr/front/img/product/product_list_01.jpg
7Eleven,동원)그릴리직화닭꼬치볼케이노7,4500,2+1,https://www.7-eleven.co.kr/front/img/product/product_list_01.jpg
7Eleven,돌코리아)후룻컵알로코코198g,3200,2+1,https://www.7-eleven.co.kr/front/img/product/product_list_01.jpg
7Eleven,농심)배홍동칼빔면봉지,1700,2+1,https://www.7-eleven.co.kr/front/img/product/product_list_01.jpg
7Eleven,에이스)마루와유지크림브륄레130,8000,2+1,https://www.7-eleven.co.kr/front/img/product/product_list_01.jpg
7Eleven,일동)하이뮨액티브바나나250ml,2900,2+1,https://www.7-eleven.co.kr/front/img/product/product_list_01.jpg
7Eleven,오리온)포카칩트리플페퍼60g,1700,2+1,https://www.7-eleven.co.kr/front/img/product/product_list_01.jpg
7Eleven,삼립)NEW불고기치즈부리또115g,3500,2+1,https://www.7-eleven.co.kr/front/img/product/product_list_01.jpg
7Eleven,삼립)NEW슈퍼슈프림치즈부리또12,3500,2+1,https://www.7-eleven.co.kr/front/img/product/product_list_01.jpg
7Eleven,존슨)리스테린토탈케어마일드100,2700,2+1,https://www.7-eleven.co.kr/front/img/product/product_list_01.jpg
7Eleven,삼양)탱글머쉬룸크림파스타큰컵,2500,2+1,https://www.7-eleven.co.kr/front/img/product/product_list_01.jpg
7Eleven,매일)바나나는원래맛있다190ml,1500,2+1,https://www.7-eleven.co.kr/front/img/product/product_list_01.jpg
7Eleven,매일)그릭드링크플레인190ml,2900,2+1,https://www.7-eleven.co.kr/front/img/product/product_list_01.jpg
7Eleven,매일)그릭드링크바나나190ml,2900,2+1,https://www.7-eleven.co.kr/front/img/product/product_list_01.jpg
7Eleven,유한)화이트스테이쿨대형16P,12500,2+1,https://www.7-eleven.co.kr/front/img/product/product_list_01.jpg
7Eleven,CJ)비비고김치200g,3200,2+1,https://www.7-eleven.co.kr/front/img/product/product_list_01.jpg
7Eleven,오비)카스레몬제로473ml캔,2800,2+1,https://www.7-eleven.co.kr/front/img/product/product_list_01.jpg
7Eleven,마즈)스키틀즈젤리(후르츠믹스),2000,2+1,https://www.7-eleven.co.kr/front/img/product/product_list_01.jpg
7Eleven,마즈)스키틀즈젤리(후르츠요거트,2000,2+1,https://www.7-eleven.co.kr/front/img/product/product_list_01.jpg
7Eleven,시원)자두야핸드폰캔디12g,3500,2+1,https://www.7-eleven.co.kr/front/img/product/product_list_01.jpg
7Eleven,메드)RU21웨이크업샷20g,4900,2+1,https://www.7-eleven.co.kr/front/img/product/product_list_01.jpg
7Eleven,유한)비컴플마그네슘25g,3900,2+1,https://www.7-eleven.co.kr/front/img/product/product_list_01.jpg
7Eleven,유한)비컴플아르기닌25g,3900,2+1,https://www.7-eleven.co.kr/front/img/product/product_list_01.jpg
7Eleven,신화)간장먹태17g,2900,2+1,https://www.7-eleven.co.kr/front/img/product/product_list_01.jpg
7Eleven,신화)한입동전쥐포32g,2900,2+1,https://www.7-eleven.co.kr/front/img/product/product_list_01.jpg
7Eleven,신화)쫄깃한오징어19g,2900,2+1,https://www.7-eleven.co.kr/front/img/product/product_list_01.jpg
7Eleven,동국)KBO마데카쿨링패치(NC)4P_H,3300,2+1,https://www.7-eleven.co.kr/front/img/product/product_list_01.jpg
7Eleven,동국)KBO마데카쿨링패치(롯데)4P,3300,2+1,https://www.7-eleven.co.kr/front/img/product/product_list_01.jpg
7Eleven,동국)KBO마데카쿨링패치(KT)4P_H,3300,2+1,https://www.7-eleven.co.kr/front/img/product/product_list_01.jpg
7Eleven,동국)KBO마데카쿨링패치(삼성)4P,3300,2+1,https://www.7-eleven.co.kr/front/img/product/product_list_01.jpg
7Eleven,동국)KBO마데카쿨링패치(두산)4P,3300,2+1,https://www.7-eleven.co.kr/front/img/product/product_list_01.jpg
7Eleven,동국)KBO마데카쿨링패치(LG)4P_H,3300,2+1,https://www.7-eleven.co.kr/front/img/product/product_list_01.jpg
7Eleven,동국)KBO마데카쿨링패치(한화)4P,3300,2+1,https://www.7-eleven.co.kr/front/img/product/product_list_01.jpg
7Eleven,동국)KBO마데카쿨링패치(KIA)4P_,3300,2+1,https://www.7-eleven.co.kr/front/img/product/product_list_01.jpg
7Eleven,PB)오리지날자일리톨72g,2900,2+1,https://www.7-eleven.co.kr/front/img/product/product_list_01.jpg
7Eleven,하림)맥시칸허니버터순살치킨200,9900,2+1,https://www.7-eleven.co.kr/front/img/product/product_list_01.jpg
7Eleven,하림)맥시칸갈릭양념순살치킨200,9900,2+1,https://www.7-eleven.co.kr/front/img/product/product_list_01.jpg
7Eleven,나그참파)인센스스틱(블랙체리)_,7900,2+1,https://www.7-eleven.co.kr/front/img/product/product_list_01.jpg
7Eleven,나그참파)인센스스틱(호텔라운지,7900,2+1,https://www.7-eleven.co.kr/front/img/product/product_list_01.jpg
7Eleven,종근당건강)아임비타아르기닌샷,3500,2+1,https://www.7-eleven.co.kr/front/img/product/product_list_01.jpg
7Eleven,종근당건강)아임비타글루타치온,3500,2+1,https://www.7-eleven.co.kr/front/img/product/product_list_01.jpg
7Eleven,PB)땅콩품은오징어볼200g,3000,2+1,https://www.7-eleven.co.kr/front/img/product/product_list_01.jpg
7Eleven,PB)허니버터&솔티카라멜팝콘75g,1900,2+1,https://www.7-eleven.co.kr/front/img/product/product_list_01.jpg
7Eleven,칠성)오트몬드프로틴초코250ml,2900,2+1,https://www.7-eleven.co.kr/front/img/product/product_list_01.jpg
7Eleven,칠성)오트몬드프로틴쿠키앤크림2,2900,2+1,https://www.7-eleven.co.kr/front/img/product/product_list_01.jpg
7Eleven,동원)뉴트리플랜 소프트뮨(닭가,2500,2+1,https://www.7-eleven.co.kr/front/img/product/product_list_01.jpg
7Eleven,동원)뉴트리플랜 소프트뮨(참치),2500,2+1,https://www.7-eleven.co.kr/front/img/product/product_list_01.jpg
7Eleven,LG)쏘피유기농수퍼롱10P,11900,2+1,https://www.7-eleven.co.kr/front/img/product/product_list_01.jpg
7Eleven,하림)맥시칸크리스피순살250g,9900,2+1,https://www.7-eleven.co.kr/front/img/product/product_list_01.jpg
7Eleven,하림)맥시칸핫크리스피순살250g,9900,2+1,https://www.7-eleven.co.kr/front/img/product/product_list_01.jpg
7Eleven,삼립)빚은제주우유대박찹쌀떡95g,2000,2+1,https://www.7-eleven.co.kr/front/img/product/product_list_01.jpg
7Eleven,G)싱하소다워터325ml,1500,2+1,https://www.7-eleven.co.kr/front/img/product/product_list_01.jpg
7Eleven,오뚜기)레드칠리미트볼180g,6500,2+1,https://www.7-eleven.co.kr/front/img/product/product_list_01.jpg
7Eleven,오뚜기)육즙가득떡갈비180g,6500,2+1,https://www.7-eleven.co.kr/front/img/product/product_list_01.jpg
7Eleven,삼립)빚은제주쑥대박찹쌀떡95g,2000,2+1,https://www.7-eleven.co.kr/front/img/product/product_list_01.jpg
7Eleven,PB)말랑촉촉롱다리오징어35g,5900,2+1,https://www.7-eleven.co.kr/front/img/product/product_list_01.jpg
7Eleven,빙그레)요플레그릭마일드180g,2200,2+1,https://www.7-eleven.co.kr/front/img/product/product_list_01.jpg
7Eleven,농협홍삼)한삼인멀티비타G홍삼샷,4400,2+1,https://www.7-eleven.co.kr/front/img/product/product_list_01.jpg
7Eleven,PB)솔티스위트팝콘80g,1900,2+1,https://www.7-eleven.co.kr/front/img/product/product_list_01.jpg
7Eleven,정식품)베지밀고단백두유190ml,1600,2+1,https://www.7-eleven.co.kr/front/img/product/product_list_01.jpg
7Eleven,PB)최강록의리얼웨지감자45g,2000,2+1,https://www.7-eleven.co.kr/front/img/product/product_list_01.jpg
7Eleven,CJ)비비고떡볶이로제108g,3900,2+1,https://www.7-eleven.co.kr/front/img/product/product_list_01.jpg
7Eleven,PB)김맛나160g,3000,2+1,https://www.7-eleven.co.kr/front/img/product/product_list_01.jpg
7Eleven,케이)소독용에탄올150ml_H,1500,2+1,https://www.7-eleven.co.kr/upload/product/8809103/877579.1.jpg
7Eleven,CJ)작은햇반130g*3입,5100,2+1,https://www.7-eleven.co.kr/front/img/product/product_list_01.jpg
7Eleven,PB)달고나24g,1500,2+1,https://www.7-eleven.co.kr/front/img/product/product_list_01.jpg
7Eleven,농심)야키호타테카이히모(구운가,3900,2+1,https://www.7-eleven.co.kr/front/img/product/product_list_01.jpg
7Eleven,농협홍삼)한삼인잠잠(굿나잇앰플,4400,2+1,https://www.7-eleven.co.kr/front/img/product/product_list_01.jpg
7Eleven,오뚜기)버팔로봉200g,7900,2+1,https://www.7-eleven.co.kr/front/img/product/product_list_01.jpg
7Eleven,MDS)청양크림파스타230g,4200,2+1,https://www.7-eleven.co.kr/front/img/product/product_list_01.jpg
7Eleven,서주)젤리인젤리콜라사이다맛40g,1500,2+1,https://www.7-eleven.co.kr/front/img/product/product_list_01.jpg
7Eleven,삼양)탱글갈릭오일파스타,2500,2+1,https://www.7-eleven.co.kr/front/img/product/product_list_01.jpg
7Eleven,K리그)슛!팅떡볶이(매콤까르보맛,2600,2+1,https://www.7-eleven.co.kr/front/img/product/product_list_01.jpg
7Eleven,메디힐)더마플러스마스크(시카)_,2000,2+1,https://www.7-eleven.co.kr/front/img/product/product_list_01.jpg
7Eleven,오뚜기)참깨찐만두180g,4900,2+1,https://www.7-eleven.co.kr/front/img/product/product_list_01.jpg
7Eleven,웅진)자연은납작복숭아500ml,2350,2+1,https://www.7-eleven.co.kr/front/img/product/product_list_01.jpg
7Eleven,웅진)자연은망고500ml,2350,2+1,https://www.7-eleven.co.kr/front/img/product/product_list_01.jpg
7Eleven,제니코)본가드마블잭스틱치즈28g,1800,2+1,https://www.7-eleven.co.kr/front/img/product/product_list_01.jpg
7Eleven,제니코)본가드체다스틱치즈28g,1800,2+1,https://www.7-eleven.co.kr/front/img/product/product_list_01.jpg
7Eleven,유한)내일N스틱20g,3900,2+1,https://www.7-eleven.co.kr/front/img/product/product_list_01.jpg
7Eleven,메디힐)더마플러스마스크(미백)_,2000,2+1,https://www.7-eleven.co.kr/front/img/product/product_list_01.jpg
7Eleven,메디힐)더마플러스마스크(수분)_,2000,2+1,https://www.7-eleven.co.kr/front/img/product/product_list_01.jpg
7Eleven,메디힐)더마플러스마스크(시카)1,20000,2+1,https://www.7-eleven.co.kr/front/img/product/product_list_01.jpg
7Eleven,메디힐)더마플러스마스크(수분)1,20000,2+1,https://www.7-eleven.co.kr/front/img/product/product_list_01.jpg
7Eleven,메디힐)더마플러스마스크(미백)1,20000,2+1,https://www.7-eleven.co.kr/front/img/product/product_list_01.jpg
7Eleven,바이타)인후통 필름지_H,5500,2+1,https://www.7-eleven.co.kr/front/img/product/product_list_01.jpg
7Eleven,MQ)켈로그크런치넛에너지바40g,2000,2+1,https://www.7-eleven.co.kr/front/img/product/product_list_01.jpg
7Eleven,나무)점핑롱젤리80g,1800,2+1,https://www.7-eleven.co.kr/front/img/product/product_list_01.jpg
7Eleven,PB)K리그슛!페스츄리오징어40g,4900,2+1,https://www.7-eleven.co.kr/front/img/product/product_list_01.jpg
7Eleven,G)차바코코넛스무디310ml,2500,2+1,https://www.7-eleven.co.kr/front/img/product/product_list_01.jpg
7Eleven,PB)미니뻥튀기45g,1900,2+1,https://www.7-eleven.co.kr/front/img/product/product_list_01.jpg
7Eleven,대림)스노우크랩킹버터갈릭140g,5500,2+1,https://www.7-eleven.co.kr/front/img/product/product_list_01.jpg
7Eleven,한양)숏바디버터불고기40g,5900,2+1,https://www.7-eleven.co.kr/front/img/product/product_list_01.jpg
7Eleven,자임)허니자몽블랙티245ml,2500,2+1,https://www.7-eleven.co.kr/front/img/product/product_list_01.jpg
7Eleven,자임)유자레몬티245ml,2500,2+1,https://www.7-eleven.co.kr/front/img/product/product_list_01.jpg
7Eleven,선우)코아타초코웨이퍼52g,3000,2+1,https://www.7-eleven.co.kr/front/img/product/product_list_01.jpg
7Eleven,오뚜기)뿌셔뿌셔불고기맛팝콘40g,2000,2+1,https://www.7-eleven.co.kr/front/img/product/product_list_01.jpg
7Eleven,나무)도라에몽딸기콘15g,800,2+1,https://www.7-eleven.co.kr/front/img/product/product_list_01.jpg
7Eleven,PB)테디베어바닐라빈라떼250ml,2500,2+1,https://www.7-eleven.co.kr/front/img/product/product_list_01.jpg
7Eleven,PB)테디베어플랫화이트라떼250ml,2500,2+1,https://www.7-eleven.co.kr/front/img/product/product_list_01.jpg
7Eleven,PB)테디베어피스타치오라떼250ml,2500,2+1,https://www.7-eleven.co.kr/front/img/product/product_list_01.jpg
7Eleven,PB)테디베어디카페인아메리카노2,2500,2+1,https://www.7-eleven.co.kr/front/img/product/product_list_01.jpg
7Eleven,키다리)소고기쌀국수큰컵,2600,2+1,https://www.7-eleven.co.kr/front/img/product/product_list_01.jpg
7Eleven,빙그레)닥터캡슐복숭아130ml,2300,2+1,https://www.7-eleven.co.kr/front/img/product/product_list_01.jpg
7Eleven,동서)맥심모카골드제로슈거20T,7600,2+1,https://www.7-eleven.co.kr/front/img/product/product_list_01.jpg
7Eleven,오뚜기)찍어먹는뿌셔뿌셔구운양,1500,2+1,https://www.7-eleven.co.kr/front/img/product/product_list_01.jpg
7Eleven,삼양)삼양라면1963봉지,1900,2+1,https://www.7-eleven.co.kr/front/img/product/product_list_01.jpg
7Eleven,동서)TOP배럴에이지드향볼트380m,3300,2+1,https://www.7-eleven.co.kr/front/img/product/product_list_01.jpg
7Eleven,동서)TOP배럴에이지드향마일드38,3300,2+1,https://www.7-eleven.co.kr/front/img/product/product_list_01.jpg
7Eleven,이그니스)애사비소다오리지널350,2200,2+1,https://www.7-eleven.co.kr/front/img/product/product_list_01.jpg
7Eleven,하림)맥시칸양념치킨순살200g,9900,2+1,https://www.7-eleven.co.kr/front/img/product/product_list_01.jpg
7Eleven,해태)에이스샌드우유크림51g,1500,2+1,https://www.7-eleven.co.kr/front/img/product/product_list_01.jpg
7Eleven,일해)와!명태다50g,5700,2+1,https://www.7-eleven.co.kr/front/img/product/product_list_01.jpg
7Eleven,PB)말차라떼250ml,2900,2+1,https://www.7-eleven.co.kr/front/img/product/product_list_01.jpg
7Eleven,삼립)프로H.통밀땅콩샌드(5입)10,2400,2+1,https://www.7-eleven.co.kr/front/img/product/product_list_01.jpg
7Eleven,칠성)칠성사이다제로라임355ml,2100,2+1,https://www.7-eleven.co.kr/front/img/product/product_list_01.jpg
7Eleven,CJ)더건강한닭가슴살통살100g,4500,2+1,https://www.7-eleven.co.kr/front/img/product/product_list_01.jpg
7Eleven,G)아모스4D베리믹스구미56g,2000,2+1,https://www.7-eleven.co.kr/front/img/product/product_list_01.jpg
7Eleven,대상)저당비빔면소스270g(튜브),5200,2+1,https://www.7-eleven.co.kr/front/img/product/product_list_01.jpg
7Eleven,선린)깔끔얼룩제거스틱,2000,2+1,https://www.7-eleven.co.kr/front/img/product/product_list_01.jpg
7Eleven,써라클)영양맛밤50g,2400,2+1,https://www.7-eleven.co.kr/front/img/product/product_list_01.jpg
7Eleven,CJ)오마이갓김치시즈닝팝콘80g,1900,2+1,https://www.7-eleven.co.kr/front/img/product/product_list_01.jpg
7Eleven,농심)누들핏새우탕맛,1800,2+1,https://www.7-eleven.co.kr/front/img/product/product_list_01.jpg
7Eleven,PB)말차딸기라떼250ml,2900,2+1,https://www.7-eleven.co.kr/front/img/product/product_list_01.jpg
7Eleven,매일)두유렌틸콩190ml,1800,2+1,https://www.7-eleven.co.kr/front/img/product/product_list_01.jpg
7Eleven,서울)저지방멸균흰우유200ml,1200,2+1,https://www.7-eleven.co.kr/front/img/product/product_list_01.jpg
7Eleven,대웅)베아듀얼원샷30ml,4900,2+1,https://www.7-eleven.co.kr/front/img/product/product_list_01.jpg
7Eleven,대웅)간편듀얼원샷30ml,4900,2+1,https://www.7-eleven.co.kr/front/img/product/product_list_01.jpg
7Eleven,이그니스)애사비소다제주감귤500,2800,2+1,https://www.7-eleven.co.kr/front/img/product/product_list_01.jpg
7Eleven,이그니스)에사비소다레몬500ml,2800,2+1,https://www.7-eleven.co.kr/front/img/product/product_list_01.jpg
7Eleven,농심)튀김우동큰사발,1500,2+1,https://www.7-eleven.co.kr/upload/product/8801043/016070.1.jpg
7Eleven,농심)오징어짬뽕(소컵),1250,2+1,https://www.7-eleven.co.kr/upload/product/8801043/015745.1.jpg
7Eleven,농심)너구리(소컵),1250,2+1,https://www.7-eleven.co.kr/upload/product/8801043/015837.1.jpg
7Eleven,농심)메밀소바봉지,1400,2+1,https://www.7-eleven.co.kr/upload/product/8801043/004398.1.jpg
7Eleven,오뚜기)진라면순한맛큰컵,1400,2+1,https://www.7-eleven.co.kr/upload/product/8801045/571362.1.jpg
7Eleven,오뚜기)진짬뽕큰컵,2000,2+1,https://www.7-eleven.co.kr/upload/product/8801045/574585.1.jpg
7Eleven,삼양)불닭볶음탕면(큰컵),1800,2+1,https://www.7-eleven.co.kr/upload/product/8801073/211032.1.jpg
7Eleven,오뚜기)진비빔면봉지,1250,2+1,https://www.7-eleven.co.kr/upload/product/8801045/526294.1.jpg
7Eleven,농심)신라면건면사발,1800,2+1,https://www.7-eleven.co.kr/upload/product/8801043/056489.1.jpg
7Eleven,대웅)임팩타임에너지젤45g,3500,2+1,https://www.7-eleven.co.kr/front/img/product/product_list_01.jpg
7Eleven,농심)배홍동비빔면(봉지),1250,2+1,https://www.7-eleven.co.kr/upload/product/8801043/060356.1.jpg
7Eleven,오뚜기)육개장사발면104g,1100,2+1,https://www.7-eleven.co.kr/upload/product/8801045/702643.1.jpg
7Eleven,오뚜기)짜슐랭봉지,1200,2+1,https://www.7-eleven.co.kr/upload/product/8801045/033181.1.jpg
7Eleven,농심)배홍동쫄쫄면봉지,1700,2+1,https://www.7-eleven.co.kr/upload/product/8801043/067430.1.jpg
7Eleven,삼양)맵탱마늘조개라면큰컵,1800,2+1,https://www.7-eleven.co.kr/upload/product/8801073/216198.1.jpg
7Eleven,오뚜기)컵누들마라탕맛소컵,1800,2+1,https://www.7-eleven.co.kr/upload/product/8801045/512518.1.jpg
7Eleven,CJ)더건강한저당닭가슴살숯불치,4900,2+1,https://www.7-eleven.co.kr/front/img/product/product_list_01.jpg
7Eleven,CJ)더건강한저당닭가슴살데리야,4900,2+1,https://www.7-eleven.co.kr/front/img/product/product_list_01.jpg
7Eleven,엔제이)블랙썬더밀크딸기20g,1500,2+1,https://www.7-eleven.co.kr/front/img/product/product_list_01.jpg
7Eleven,경진)꾸이맨바삭칩70g,4800,2+1,https://www.7-eleven.co.kr/front/img/product/product_list_01.jpg
7Eleven,V_4이나피)시그니처초콜릿6P세트,5500,2+1,https://www.7-eleven.co.kr/front/img/product/product_list_01.jpg
7Eleven,PB)초코별딸기별60g,2000,2+1,https://www.7-eleven.co.kr/front/img/product/product_list_01.jpg
7Eleven,PB)초코별말차별60g,2000,2+1,https://www.7-eleven.co.kr/front/img/product/product_list_01.jpg
7Eleven,PB)바사삭랍스터칩70g,1800,2+1,https://www.7-eleven.co.kr/front/img/product/product_list_01.jpg
7Eleven,매일한끼)단백질쉐이크초코40g,4000,2+1,https://www.7-eleven.co.kr/front/img/product/product_list_01.jpg
7Eleven,매일한끼)단백질쉐이크곡물40g,4000,2+1,https://www.7-eleven.co.kr/front/img/product/product_list_01.jpg
7Eleven,리치)철판닭가슴살100g,4500,2+1,https://www.7-eleven.co.kr/front/img/product/product_list_01.jpg
7Eleven,G)차바코코넛워터310ml,2500,2+1,https://www.7-eleven.co.kr/front/img/product/product_list_01.jpg
7Eleven,이노엔)컨디션스틱제로샤인머스,3900,2+1,https://www.7-eleven.co.kr/front/img/product/product_list_01.jpg
7Eleven,매크로)키도크리미버터샌드90g,2000,2+1,https://www.7-eleven.co.kr/front/img/product/product_list_01.jpg
7Eleven,매크로)키도레몬버터샌드90g,2000,2+1,https://www.7-eleven.co.kr/front/img/product/product_list_01.jpg
7Eleven,서울)비요뜨베리콩포트165g,2300,2+1,https://www.7-eleven.co.kr/front/img/product/product_list_01.jpg
7Eleven,CJ)매콤달콤닭강정200g,7800,2+1,https://www.7-eleven.co.kr/front/img/product/product_list_01.jpg
7Eleven,종근당건강)락토핏골드10입,5300,2+1,https://www.7-eleven.co.kr/front/img/product/product_list_01.jpg
7Eleven,종근당건강)아임비타멀티비타민,4700,2+1,https://www.7-eleven.co.kr/front/img/product/product_list_01.jpg
7Eleven,CJ)바삭팝콘허브솔트55g,1900,2+1,https://www.7-eleven.co.kr/front/img/product/product_list_01.jpg
7Eleven,CJ)바삭팝콘스팸맛55g,1900,2+1,https://www.7-eleven.co.kr/front/img/product/product_list_01.jpg
7Eleven,유앤)킹웜크루젤리80g,2500,2+1,https://www.7-eleven.co.kr/front/img/product/product_list_01.jpg
7Eleven,시원)맛카로니50g,1500,2+1,https://www.7-eleven.co.kr/front/img/product/product_list_01.jpg
7Eleven,시원)강냉이50g,1500,2+1,https://www.7-eleven.co.kr/front/img/product/product_list_01.jpg
7Eleven,시원)앵두콘50g,1500,2+1,https://www.7-eleven.co.kr/front/img/product/product_list_01.jpg
7Eleven,리치)직화닭가슴살바후라이드치,2900,2+1,https://www.7-eleven.co.kr/front/img/product/product_list_01.jpg
7Eleven,리치)직화닭가슴살바블랙페퍼트,2900,2+1,https://www.7-eleven.co.kr/front/img/product/product_list_01.jpg
7Eleven,오뚜기)열라면프레첼50g,1700,2+1,https://www.7-eleven.co.kr/front/img/product/product_list_01.jpg
7Eleven,오뚜기)컵누들저당불닭맛,1800,2+1,https://www.7-eleven.co.kr/front/img/product/product_list_01.jpg
7Eleven,대상)순창(현미)찰고추장500g,10900,2+1,https://www.7-eleven.co.kr/upload/product/8801052/435015.1.jpg
7Eleven,대상)두번달인진간장골드500ml,5300,2+1,https://www.7-eleven.co.kr/front/img/product/product_list_01.jpg
7Eleven,대상)순창양념듬뿍쌈장500g,5400,2+1,https://www.7-eleven.co.kr/upload/product/8801052/438016.1.jpg
7Eleven,종가집)열무김치80g,2100,2+1,https://www.7-eleven.co.kr/upload/product/8801024/053674.1.jpg
7Eleven,종가집)맛김치200g,3700,2+1,https://www.7-eleven.co.kr/upload/product/8801024/190225.1.jpg
7Eleven,종가집)맛김치50g,1200,2+1,https://www.7-eleven.co.kr/upload/product/8801024/053650.1.jpg
7Eleven,삼립)프로H.통밀딸기샌드(5입)10,2400,2+1,https://www.7-eleven.co.kr/front/img/product/product_list_01.jpg
7Eleven,PB)이나피딸기웨이퍼(8입),4500,2+1,https://www.7-eleven.co.kr/front/img/product/product_list_01.jpg
7Eleven,PB)이나피말차웨이퍼(8입),4500,2+1,https://www.7-eleven.co.kr/front/img/product/product_list_01.jpg
7Eleven,오뚜기)돼지고기김치찌개밥310g,5400,2+1,https://www.7-eleven.co.kr/front/img/product/product_list_01.jpg
7Eleven,농심)츄파춥스플러피판다60g,1400,2+1,https://www.7-eleven.co.kr/front/img/product/product_list_01.jpg
7Eleven,빙그레)요플레그릭아몬드바나나1,2200,2+1,https://www.7-eleven.co.kr/front/img/product/product_list_01.jpg
7Eleven,빙그레)설탕무첨가딸기190ml,1500,2+1,https://www.7-eleven.co.kr/front/img/product/product_list_01.jpg
7Eleven,빙그레)설탕무첨가초코190ml,1500,2+1,https://www.7-eleven.co.kr/front/img/product/product_list_01.jpg
7Eleven,농심)라뽁구리큰사발,1900,2+1,https://www.7-eleven.co.kr/front/img/product/product_list_01.jpg
7Eleven,MZ)호올스스트로베리27.9g,1200,2+1,https://www.7-eleven.co.kr/front/img/product/product_list_01.jpg
7Eleven,바이오)돼지껍데기튀김콩고물맛3,3900,2+1,https://www.7-eleven.co.kr/front/img/product/product_list_01.jpg
7Eleven,바이오)돼지껍데기튀김데리야끼,3900,2+1,https://www.7-eleven.co.kr/front/img/product/product_list_01.jpg
7Eleven,랩노쉬)프로틴드링크퍼펙트초코3,3800,2+1,https://www.7-eleven.co.kr/front/img/product/product_list_01.jpg
7Eleven,랩노쉬)프로틴드링크퍼펙트바나,3800,2+1,https://www.7-eleven.co.kr/front/img/product/product_list_01.jpg
7Eleven,PB)밀양딸기젤리40g,2000,2+1,https://www.7-eleven.co.kr/front/img/product/product_list_01.jpg
7Eleven,PB)제주감귤젤리40g,2000,2+1,https://www.7-eleven.co.kr/front/img/product/product_list_01.jpg
7Eleven,랩노쉬)프로틴드링크퍼펙트그레,3800,2+1,https://www.7-eleven.co.kr/front/img/product/product_list_01.jpg
7Eleven,정식품)데일리저당두유190ml,1400,2+1,https://www.7-eleven.co.kr/front/img/product/product_list_01.jpg
7Eleven,삼립)멕시칸스파이시치킨부리또1,3500,2+1,https://www.7-eleven.co.kr/front/img/product/product_list_01.jpg
7Eleven,사조)쥐포후라이드허니소이맛40g,5900,2+1,https://www.7-eleven.co.kr/front/img/product/product_list_01.jpg
7Eleven,사조)쥐포후라이드불닭맛40g,5900,2+1,https://www.7-eleven.co.kr/front/img/product/product_list_01.jpg
7Eleven,한성)일품철판구이오징어30g,6600,2+1,https://www.7-eleven.co.kr/front/img/product/product_list_01.jpg
7Eleven,한성)일품실오징어30g,6600,2+1,https://www.7-eleven.co.kr/front/img/product/product_list_01.jpg
7Eleven,한성)일품쇠고기육포30g,5500,2+1,https://www.7-eleven.co.kr/front/img/product/product_list_01.jpg
7Eleven,한성)일품도톰육포45g,5500,2+1,https://www.7-eleven.co.kr/front/img/product/product_list_01.jpg
7Eleven,오리온)찍먹오감자버터갈릭감자,1700,2+1,https://www.7-eleven.co.kr/front/img/product/product_list_01.jpg
7Eleven,머거본)알땅콩40G,1500,2+1,https://www.7-eleven.co.kr/front/img/product/product_list_01.jpg
7Eleven,머거본)꿀땅콩40G,1500,2+1,https://www.7-eleven.co.kr/front/img/product/product_list_01.jpg
7Eleven,MGR)황비홍마라땅콩70g,3900,2+1,https://www.7-eleven.co.kr/front/img/product/product_list_01.jpg
7Eleven,썬푸드)인생노가리35g,4500,2+1,https://www.7-eleven.co.kr/front/img/product/product_list_01.jpg
7Eleven,덴마크)미숫미숫우유300ml,2100,2+1,https://www.7-eleven.co.kr/front/img/product/product_list_01.jpg
7Eleven,아크네스)퍼펙트솔루션 스팟패치,4700,2+1,https://www.7-eleven.co.kr/front/img/product/product_list_01.jpg
7Eleven,농심)배홍동막국수봉지,1700,2+1,https://www.7-eleven.co.kr/front/img/product/product_list_01.jpg
7Eleven,풀무원)찰도토리묵300g,2500,2+1,https://www.7-eleven.co.kr/front/img/product/product_list_01.jpg
7Eleven,삼립)조청듬뿍도넛60g,1300,2+1,https://www.7-eleven.co.kr/front/img/product/product_list_01.jpg
7Eleven,하림)직화닭가슴살소금구이맛100,5000,2+1,https://www.7-eleven.co.kr/front/img/product/product_list_01.jpg
7Eleven,PB)두햄빠타코야끼볼57g,1700,2+1,https://www.7-eleven.co.kr/front/img/product/product_list_01.jpg
7Eleven,해태)자가비들기름김맛90g,4000,2+1,https://www.7-eleven.co.kr/front/img/product/product_list_01.jpg
7Eleven,오뚜기)뿌셔뿌셔팝콘양념치킨맛4,2000,2+1,https://www.7-eleven.co.kr/front/img/product/product_list_01.jpg
7Eleven,한성)킹오브크랩150g,5300,2+1,https://www.7-eleven.co.kr/front/img/product/product_list_01.jpg
7Eleven,하림)직화닭가슴살갈비구이맛100,5000,2+1,https://www.7-eleven.co.kr/front/img/product/product_list_01.jpg
7Eleven,하림)직화닭가슴살바베큐구이맛1,5000,2+1,https://www.7-eleven.co.kr/front/img/product/product_list_01.jpg
7Eleven,칠성)실론티말차라떼340ml,2700,2+1,https://www.7-eleven.co.kr/front/img/product/product_list_01.jpg
7Eleven,칠성)칸타타하모니돌체라떼340ml,2700,2+1,https://www.7-eleven.co.kr/front/img/product/product_list_01.jpg
7Eleven,삼립)프로H.통밀우유샌드(5입)10,2400,2+1,https://www.7-eleven.co.kr/front/img/product/product_list_01.jpg
7Eleven,슈가로로)곤약젤리(딸기&키위)15,1900,2+1,https://www.7-eleven.co.kr/front/img/product/product_list_01.jpg
7Eleven,슈가로로)곤약젤리(골드키위&파,1900,2+1,https://www.7-eleven.co.kr/front/img/product/product_list_01.jpg
7Eleven,동서)리츠멕시칸타코73g,2000,2+1,https://www.7-eleven.co.kr/front/img/product/product_list_01.jpg
7Eleven,서주)헬로키티베리에이스42g,2000,2+1,https://www.7-eleven.co.kr/front/img/product/product_list_01.jpg
7Eleven,키다리)잔치쌀국수,2600,2+1,https://www.7-eleven.co.kr/front/img/product/product_list_01.jpg
7Eleven,오뚜기)진밀면봉지,1700,2+1,https://www.7-eleven.co.kr/front/img/product/product_list_01.jpg
7Eleven,광동)제주삼다수1L,1500,2+1,https://www.7-eleven.co.kr/front/img/product/product_list_01.jpg
7Eleven,매일)아몬드브리즈커피190ml,1500,2+1,https://www.7-eleven.co.kr/front/img/product/product_list_01.jpg
7Eleven,에이블)더블콘솜사탕18g,1800,2+1,https://www.7-eleven.co.kr/front/img/product/product_list_01.jpg
7Eleven,매일)상하프로틴스트링치즈20g,1600,2+1,https://www.7-eleven.co.kr/front/img/product/product_list_01.jpg
7Eleven,칠성)칠성사이다제로유자355ml,2100,2+1,https://www.7-eleven.co.kr/front/img/product/product_list_01.jpg
7Eleven,매일한끼)단백질쉐이크스윗콘40g,4000,2+1,https://www.7-eleven.co.kr/front/img/product/product_list_01.jpg
7Eleven,대림)쫄깃탱탱어묵바70g,3300,2+1,https://www.7-eleven.co.kr/front/img/product/product_list_01.jpg
7Eleven,대림)화끈매콤어묵바70g,3300,2+1,https://www.7-eleven.co.kr/front/img/product/product_list_01.jpg
7Eleven,해태)구론산비타액150ml,1300,2+1,https://www.7-eleven.co.kr/front/img/product/product_list_01.jpg
7Eleven,마즈)비카인드아몬드코코넛바35g,2200,2+1,https://www.7-eleven.co.kr/front/img/product/product_list_01.jpg
7Eleven,한성)돈부심후랑크바80g,3500,2+1,https://www.7-eleven.co.kr/front/img/product/product_list_01.jpg
7Eleven,G)대만여주차590ml,3000,2+1,https://www.7-eleven.co.kr/front/img/product/product_list_01.jpg
7Eleven,오리온)한끼바치즈맛40g,1500,2+1,https://www.7-eleven.co.kr/front/img/product/product_list_01.jpg
7Eleven,오리온)호호감자크래커81g,1600,2+1,https://www.7-eleven.co.kr/front/img/product/product_list_01.jpg
7Eleven,오뚜기)제주똣똣라면큰컵,2300,2+1,https://www.7-eleven.co.kr/front/img/product/product_list_01.jpg
7Eleven,키다리)중화쌀짬뽕,2600,2+1,https://www.7-eleven.co.kr/front/img/product/product_list_01.jpg
7Eleven,삼립)누네띠네이천쌀120g,3800,2+1,https://www.7-eleven.co.kr/front/img/product/product_list_01.jpg
7Eleven,종가집)한입총각김치290g,7500,2+1,https://www.7-eleven.co.kr/front/img/product/product_list_01.jpg
7Eleven,종가집)한입열무김치290g,7500,2+1,https://www.7-eleven.co.kr/front/img/product/product_list_01.jpg
7Eleven,풀무원)특등급국산콩두유190ml,1900,2+1,https://www.7-eleven.co.kr/front/img/product/product_list_01.jpg
7Eleven,매일)허쉬초코드링크밀크300ml,2300,2+1,https://www.7-eleven.co.kr/front/img/product/product_list_01.jpg
7Eleven,매일)허쉬초코드링크넛츠300ml,2300,2+1,https://www.7-eleven.co.kr/front/img/product/product_list_01.jpg
7Eleven,롯데)컷팅사과200g,5700,2+1,https://www.7-eleven.co.kr/front/img/product/product_list_01.jpg
7Eleven,농심)빵부장솔티꽈배기55g,1700,2+1,https://www.7-eleven.co.kr/front/img/product/product_list_01.jpg
7Eleven,시원)쉐이킹스파클링복숭아250ml,2800,2+1,https://www.7-eleven.co.kr/front/img/product/product_list_01.jpg
7Eleven,시원)쉐이킹스파클링파인250ml,2800,2+1,https://www.7-eleven.co.kr/front/img/product/product_list_01.jpg
7Eleven,웅진)아침햇살말차500ml,2500,2+1,https://www.7-eleven.co.kr/front/img/product/product_list_01.jpg
7Eleven,켈로그)저당그래놀라300g,7600,2+1,https://www.7-eleven.co.kr/front/img/product/product_list_01.jpg
7Eleven,PB)김희은들기름김칩75g,1700,2+1,https://www.7-eleven.co.kr/front/img/product/product_list_01.jpg
7Eleven,엔제이)블랙썬더바닐라초코칩20g,1500,2+1,https://www.7-eleven.co.kr/front/img/product/product_list_01.jpg
7Eleven,빙그레)왕실말차190ml,1600,2+1,https://www.7-eleven.co.kr/front/img/product/product_list_01.jpg
7Eleven,크라운)카라멜콘크로아상60g,1700,2+1,https://www.7-eleven.co.kr/front/img/product/product_list_01.jpg
7Eleven,동국)KBO마데카쿨링패치 롱(KIA),3300,2+1,https://www.7-eleven.co.kr/front/img/product/product_list_01.jpg
7Eleven,동국)KBO마데카쿨링패치 롱(한화,3300,2+1,https://www.7-eleven.co.kr/front/img/product/product_list_01.jpg
7Eleven,동국)KBO마데카쿨링패치 롱(LG)1,3300,2+1,https://www.7-eleven.co.kr/front/img/product/product_list_01.jpg
7Eleven,동국)KBO마데카쿨링패치 롱(롯데,3300,2+1,https://www.7-eleven.co.kr/front/img/product/product_list_01.jpg
7Eleven,동국)KBO마데카쿨링패치 롱(두산,3300,2+1,https://www.7-eleven.co.kr/front/img/product/product_list_01.jpg
7Eleven,동국)KBO마데카쿨링패치 롱(SSG),3300,2+1,https://www.7-eleven.co.kr/front/img/product/product_list_01.jpg
7Eleven,동국)KBO마데카쿨링패치 롱(삼성,3300,2+1,https://www.7-eleven.co.kr/front/img/product/product_list_01.jpg
7Eleven,동국)KBO마데카쿨링패치 롱(NC)1,3300,2+1,https://www.7-eleven.co.kr/front/img/product/product_list_01.jpg
7Eleven,동국)KBO마데카쿨링패치 롱(KT)1,3300,2+1,https://www.7-eleven.co.kr/front/img/product/product_list_01.jpg
7Eleven,동국)KBO마데카쿨링패치 롱(키움,3300,2+1,https://www.7-eleven.co.kr/front/img/product/product_list_01.jpg
7Eleven,동국)KBO마데카썸머향패치(KIA)6,3300,2+1,https://www.7-eleven.co.kr/front/img/product/product_list_01.jpg
7Eleven,동국)KBO마데카썸머향패치(한화),3300,2+1,https://www.7-eleven.co.kr/front/img/product/product_list_01.jpg
7Eleven,동국)KBO마데카썸머향패치(LG)6P,3300,2+1,https://www.7-eleven.co.kr/front/img/product/product_list_01.jpg
7Eleven,동국)KBO마데카썸머향패치(롯데),3300,2+1,https://www.7-eleven.co.kr/front/img/product/product_list_01.jpg
7Eleven,동국)KBO마데카썸머향패치(두산),3300,2+1,https://www.7-eleven.co.kr/front/img/product/product_list_01.jpg
7Eleven,동국)KBO마데카썸머향패치(SSG)6,3300,2+1,https://www.7-eleven.co.kr/front/img/product/product_list_01.jpg
7Eleven,동국)KBO마데카썸머향패치(삼성),3300,2+1,https://www.7-eleven.co.kr/front/img/product/product_list_01.jpg
7Eleven,동국)KBO마데카썸머향패치(NC)6P,3300,2+1,https://www.7-eleven.co.kr/front/img/product/product_list_01.jpg
7Eleven,동국)KBO마데카썸머향패치(KT)6P,3300,2+1,https://www.7-eleven.co.kr/front/img/product/product_list_01.jpg
7Eleven,동국)KBO마데카썸머향패치(키움),3300,2+1,https://www.7-eleven.co.kr/front/img/product/product_list_01.jpg
7Eleven,NCTWISH)멜론팝340ml,3500,2+1,https://www.7-eleven.co.kr/front/img/product/product_list_01.jpg
7Eleven,해태)오사쯔맛탕맛60g,2000,2+1,https://www.7-eleven.co.kr/front/img/product/product_list_01.jpg
7Eleven,페레로)로쉐바화이트90g,5500,2+1,https://www.7-eleven.co.kr/front/img/product/product_list_01.jpg
7Eleven,서울F)설빙미숫가루우유190ml,2500,2+1,https://www.7-eleven.co.kr/front/img/product/product_list_01.jpg
7Eleven,뉴트)비비랩올리브레몬밸런스샷2,3900,2+1,https://www.7-eleven.co.kr/front/img/product/product_list_01.jpg
7Eleven,삼양)탱글갈릭쉬림프파스타,2500,2+1,https://www.7-eleven.co.kr/front/img/product/product_list_01.jpg
7Eleven,농심)신라면로제큰사발,1800,2+1,https://www.7-eleven.co.kr/front/img/product/product_list_01.jpg
7Eleven,농심)망고킥60g,1700,2+1,https://www.7-eleven.co.kr/front/img/product/product_list_01.jpg
7Eleven,하리보)골드배렌썸머에디션80g,2500,2+1,https://www.7-eleven.co.kr/front/img/product/product_list_01.jpg
7Eleven,대림)로얄크랩디핑100g,5500,2+1,https://www.7-eleven.co.kr/front/img/product/product_list_01.jpg
7Eleven,오뚜기)로제열라면봉지,1300,2+1,https://www.7-eleven.co.kr/front/img/product/product_list_01.jpg
7Eleven,삼립)아메리칸 딥치즈소시지 부,3500,2+1,https://www.7-eleven.co.kr/front/img/product/product_list_01.jpg
7Eleven,CJ)더건강한오븐구이생선살87g,4500,2+1,https://www.7-eleven.co.kr/front/img/product/product_list_01.jpg
7Eleven,오뚜기)진라면약간매운맛큰컵,1400,2+1,https://www.7-eleven.co.kr/front/img/product/product_list_01.jpg
7Eleven,삼양)1963우지파개장큰컵,1950,2+1,https://www.7-eleven.co.kr/front/img/product/product_list_01.jpg
7Eleven,삼립)캐네디언 그레이비해쉬 부,3500,2+1,https://www.7-eleven.co.kr/front/img/product/product_list_01.jpg
7Eleven,G)DOLL초면왕굴소스맛120g,2500,2+1,https://www.7-eleven.co.kr/front/img/product/product_list_01.jpg
7Eleven,G)DOLL초면왕칠리소스맛120g,2500,2+1,https://www.7-eleven.co.kr/front/img/product/product_list_01.jpg
7Eleven,오뚜기)진라면약간매운맛소컵,1100,2+1,https://www.7-eleven.co.kr/front/img/product/product_list_01.jpg
7Eleven,오뚜기)로제열라면큰컵,2000,2+1,https://www.7-eleven.co.kr/front/img/product/product_list_01.jpg
7Eleven,팔도)아리레몬크레스트355ml,2200,2+1,https://www.7-eleven.co.kr/front/img/product/product_list_01.jpg
7Eleven,팔도)아리오렌지아워355ml,2200,2+1,https://www.7-eleven.co.kr/front/img/product/product_list_01.jpg
7Eleven,코주부)K육포30g,5900,2+1,https://www.7-eleven.co.kr/front/img/product/product_list_01.jpg
7Eleven,PB)김희은들깨듬뿍수제비,3600,2+1,https://www.7-eleven.co.kr/front/img/product/product_list_01.jpg
7Eleven,동서)오레오오즈바24g,1900,2+1,https://www.7-eleven.co.kr/front/img/product/product_list_01.jpg
7Eleven,농심)신라면로제봉지,1500,2+1,https://www.7-eleven.co.kr/front/img/product/product_list_01.jpg
7Eleven,팔도)아리봉골레큰컵,2200,2+1,https://www.7-eleven.co.kr/front/img/product/product_list_01.jpg
7Eleven,팔도)아리트러플불고기큰컵,2200,2+1,https://www.7-eleven.co.kr/front/img/product/product_list_01.jpg
7Eleven,팔도)아리고추장버터큰컵,2200,2+1,https://www.7-eleven.co.kr/front/img/product/product_list_01.jpg
7Eleven,일신)캇예스베러버니사우어75g,2800,2+1,https://www.7-eleven.co.kr/front/img/product/product_list_01.jpg
7Eleven,오크베리)파인트오리지날473ml,17800,2+1,https://www.7-eleven.co.kr/front/img/product/product_list_01.jpg
7Eleven,오크베리)파인트피넛버터473ml,17800,2+1,https://www.7-eleven.co.kr/front/img/product/product_list_01.jpg
7Eleven,오크베리)미니오리지날195g,8800,2+1,https://www.7-eleven.co.kr/front/img/product/product_list_01.jpg
7Eleven,오크베리)미니딸기바나나195g,8800,2+1,https://www.7-eleven.co.kr/front/img/product/product_list_01.jpg
7Eleven,웅진)꿀밤햇살500ml,2350,2+1,https://www.7-eleven.co.kr/front/img/product/product_list_01.jpg
7Eleven,웅진)붉은매실500ml,2350,2+1,https://www.7-eleven.co.kr/front/img/product/product_list_01.jpg
7Eleven,G)차바코코넛워터말차310ml,2500,2+1,https://www.7-eleven.co.kr/front/img/product/product_list_01.jpg
7Eleven,G)차바수박주스310ml,2500,2+1,https://www.7-eleven.co.kr/front/img/product/product_list_01.jpg
7Eleven,MDS)젤리블리코코포도60g,1000,2+1,https://www.7-eleven.co.kr/front/img/product/product_list_01.jpg
7Eleven,MDS)젤리블리코코리치60g,1000,2+1,https://www.7-eleven.co.kr/front/img/product/product_list_01.jpg
7Eleven,서주)허쉬바나나초코바90ml,3000,2+1,https://www.7-eleven.co.kr/front/img/product/product_list_01.jpg
7Eleven,사조)한입피자불고기80g,3000,2+1,https://www.7-eleven.co.kr/front/img/product/product_list_01.jpg
7Eleven,농심)포테토칩엽떡로제맛55g,1700,2+1,https://www.7-eleven.co.kr/front/img/product/product_list_01.jpg
7Eleven,바프)와삭콘치킨맛땅콩30g,1500,2+1,https://www.7-eleven.co.kr/front/img/product/product_list_01.jpg
7Eleven,바이오)오징어카츠청양마요맛40g,6300,2+1,https://www.7-eleven.co.kr/front/img/product/product_list_01.jpg
7Eleven,오뚜기)발아흑미밥210g,2700,2+1,https://www.7-eleven.co.kr/upload/product/8801045/890463.1.jpg
7Eleven,CJ)큰햇반300g*3입,8300,2+1,https://www.7-eleven.co.kr/upload/product/8801007/289649.1.jpg
7Eleven,동원)튜나페고소마요129g,4900,2+1,https://www.7-eleven.co.kr/upload/product/8801047/828396.1.jpg
7Eleven,CJ)햇반황태국밥(컵반),4800,2+1,https://www.7-eleven.co.kr/upload/product/8801007/403205.1.jpg
7Eleven,CJ)햇반미역국밥(컵반),4800,2+1,https://www.7-eleven.co.kr/upload/product/8801007/403267.1.jpg
7Eleven,CJ)햇반사골국밥(컵반),4800,2+1,https://www.7-eleven.co.kr/upload/product/8801007/403182.1.jpg
7Eleven,CJ)강된장보리비빔밥(컵반),4800,2+1,https://www.7-eleven.co.kr/upload/product/8801007/423180.1.jpg
7Eleven,오뚜기)김치참치덮밥(컵밥),5400,2+1,https://www.7-eleven.co.kr/upload/product/8801045/892207.1.jpg
7Eleven,오뚜기)오뚜기밥210g*4입,7200,2+1,https://www.7-eleven.co.kr/upload/product/8801045/892085.1.jpg
7Eleven,CJ)햇반불고기덮밥(컵반),4800,2+1,https://www.7-eleven.co.kr/upload/product/8801007/608112.1.jpg
7Eleven,CJ)비비고소고기미역국500g,5900,2+1,https://www.7-eleven.co.kr/upload/product/8801007/561677.1.jpg
7Eleven,CJ)비비고육개장500g,5900,2+1,https://www.7-eleven.co.kr/upload/product/8801007/526515.1.jpg
7Eleven,CJ)철판제육덮밥(컵반),4800,2+1,https://www.7-eleven.co.kr/upload/product/8801007/611679.1.jpg
7Eleven,CJ)버터장조림비빔밥(컵반),4800,2+1,https://www.7-eleven.co.kr/upload/product/8801007/732466.1.jpg
7Eleven,CJ)스팸마요덮밥(컵반),4800,2+1,https://www.7-eleven.co.kr/upload/product/8801007/732442.1.jpg
7Eleven,CJ)햇반치킨마요덮밥컵반,4800,2+1,https://www.7-eleven.co.kr/upload/product/8801007/778280.1.jpg
7Eleven,동원)리챔120g,4200,2+1,https://www.7-eleven.co.kr/upload/product/8801047/181002.1.jpg
7Eleven,CJ)비비고차돌된장찌개460g,7900,2+1,https://www.7-eleven.co.kr/upload/product/8801007/737089.1.jpg
7Eleven,오뚜기)발아현미밥210g,2700,2+1,https://www.7-eleven.co.kr/upload/product/8801045/890449.1.jpg
7Eleven,오뚜기)오곡밥210g,2700,2+1,https://www.7-eleven.co.kr/upload/product/8801045/890500.1.jpg
7Eleven,CJ)스팸김치덮밥(컵반),4800,2+1,https://www.7-eleven.co.kr/upload/product/8801007/867045.1.jpg
7Eleven,CJ)김치날치알밥(컵반),4800,2+1,https://www.7-eleven.co.kr/upload/product/8801007/820392.1.jpg
7Eleven,PB)칼칼북어국(컵),1500,2+1,https://www.7-eleven.co.kr/upload/product/8809258/780922.1.jpg
7Eleven,샘표)밥도둑메추리알장조림150g,4000,2+1,https://www.7-eleven.co.kr/upload/product/8801005/384858.1.jpg
7Eleven,오뚜기)참기름김치볶음컵밥,5400,2+1,https://www.7-eleven.co.kr/upload/product/8801045/875538.1.jpg
7Eleven,동원)매운고추참치90g,3300,2+1,https://www.7-eleven.co.kr/front/img/product/product_list_01.jpg
7Eleven,동원)야채참치90g,3300,2+1,https://www.7-eleven.co.kr/front/img/product/product_list_01.jpg
7Eleven,롯데)돼지바70ml,1500,2+1,https://www.7-eleven.co.kr/upload/product/8801118/250613.1.jpg
7Eleven,삼양)불닭소스200g,5000,2+1,https://www.7-eleven.co.kr/upload/product/8801073/910263.1.jpg
7Eleven,오뚜기)미트스파게티소스400g,5500,2+1,https://www.7-eleven.co.kr/upload/product/8801045/803104.1.jpg
7Eleven,훼밀리)S&B생와사비43g,4000,2+1,https://www.7-eleven.co.kr/upload/product/4901002/166373.1.jpg
7Eleven,대상)순창초고추장300g(튜브),3400,2+1,https://www.7-eleven.co.kr/front/img/product/product_list_01.jpg
7Eleven,동원)더바삭한김5g,1000,2+1,https://www.7-eleven.co.kr/front/img/product/product_list_01.jpg
7Eleven,웅진)아침햇살500ml,2350,2+1,https://www.7-eleven.co.kr/upload/product/8801382/124528.1.jpg
7Eleven,동원)녹차350ml펫,1500,2+1,https://www.7-eleven.co.kr/upload/product/8801047/283447.1.jpg
7Eleven,오츠카)데미소다애플250ml,1700,2+1,https://www.7-eleven.co.kr/upload/product/8801097/160064.1.jpg
7Eleven,농심)웰치스포도355ml캔,1500,2+1,https://www.7-eleven.co.kr/upload/product/8801043/450690.1.jpg
7Eleven,일화)맥콜500ml,2200,2+1,https://www.7-eleven.co.kr/upload/product/8801223/100261.1.jpg
7Eleven,농심)카프리썬오렌지,1100,2+1,https://www.7-eleven.co.kr/upload/product/8801043/650182.1.jpg
7Eleven,칠성)밀키스500ml,2400,2+1,https://www.7-eleven.co.kr/upload/product/8801056/755010.1.jpg
7Eleven,농심)파워오투(오렌지레몬)500ml,2300,2+1,https://www.7-eleven.co.kr/upload/product/4005906/404835.1.jpg
7Eleven,칠성)칸타타아메리카노200ml,1600,2+1,https://www.7-eleven.co.kr/upload/product/8801056/048150.1.jpg
7Eleven,칠성)칸타타프리미엄라떼200,1600,2+1,https://www.7-eleven.co.kr/upload/product/8801056/048129.1.jpg
7Eleven,웅진)하늘보리1ㆍ0L,2500,2+1,https://www.7-eleven.co.kr/upload/product/8801382/132400.1.jpg
7Eleven,광동)옥수수수염차500ml,2200,2+1,https://www.7-eleven.co.kr/upload/product/8806002/006437.1.jpg
7Eleven,남양)17차(십칠차)500ml,2200,2+1,https://www.7-eleven.co.kr/upload/product/8801069/174020.1.jpg
7Eleven,동서)TOP마스터라떼275ml,2700,2+1,https://www.7-eleven.co.kr/upload/product/8801037/087543.1.jpg
7Eleven,동서)TOP스위트아메리카노275ml,2700,2+1,https://www.7-eleven.co.kr/upload/product/8801037/087550.1.jpg
7Eleven,동서)TOP스위트아메리카노200,1500,2+1,https://www.7-eleven.co.kr/upload/product/8801037/039993.1.jpg
7Eleven,샘표)질러부드러운우육포30g,4900,2+1,https://www.7-eleven.co.kr/upload/product/8801005/013116.1.jpg
7Eleven,PB)우리맛밤70g,3800,2+1,https://www.7-eleven.co.kr/front/img/product/product_list_01.jpg
7Eleven,홍선)일품쇠고기육포40g,5500,2+1,https://www.7-eleven.co.kr/front/img/product/product_list_01.jpg
7Eleven,홍선)일품통육포40g,3500,2+1,https://www.7-eleven.co.kr/upload/product/8802456/105085.1.jpg
7Eleven,바프)군옥수수맛아몬드40g,2500,2+1,https://www.7-eleven.co.kr/upload/product/8809617/945122.1.jpg
7Eleven,바프)허니버터아몬드40g,2500,2+1,https://www.7-eleven.co.kr/upload/product/8809617/945092.1.jpg
7Eleven,바프)와사비맛아몬드40g,2500,2+1,https://www.7-eleven.co.kr/upload/product/8809617/945115.1.jpg
7Eleven,바프)마늘빵아몬드40g,2500,2+1,https://www.7-eleven.co.kr/upload/product/8809617/945160.1.jpg
7Eleven,안주야)먹태청양데리야끼맛25g,5900,2+1,https://www.7-eleven.co.kr/upload/product/8801052/094007.1.jpg
7Eleven,바프)허니로스티드땅콩120g,3900,2+1,https://www.7-eleven.co.kr/upload/product/8809617/947010.1.jpg
7Eleven,바프)로스티드앤솔티드땅콩120g,3900,2+1,https://www.7-eleven.co.kr/upload/product/8809617/947034.1.jpg
7Eleven,바프)멸치아몬드100g,7900,2+1,https://www.7-eleven.co.kr/upload/product/8809617/947263.1.jpg
7Eleven,리피아)오리지널육포40g,7100,2+1,https://www.7-eleven.co.kr/upload/product/8809044/943067.1.jpg
7Eleven,바프)군옥수수맛땅콩앤콘프라이,3900,2+1,https://www.7-eleven.co.kr/upload/product/8809617/947355.1.jpg
7Eleven,바프)와사비맛땅콩120g,3900,2+1,https://www.7-eleven.co.kr/upload/product/8809617/944842.1.jpg
7Eleven,바프)멸치아몬드구운양파맛100g,7900,2+1,https://www.7-eleven.co.kr/upload/product/8809617/947775.1.jpg
7Eleven,썬푸드)피자파스타맛오징어30g,4200,2+1,https://www.7-eleven.co.kr/upload/product/8801149/406348.1.jpg
7Eleven,PB)고구마씬스틱50g,2000,2+1,https://www.7-eleven.co.kr/front/img/product/product_list_01.jpg
7Eleven,현대)미에로화이바210ml,1700,2+1,https://www.7-eleven.co.kr/front/img/product/product_list_01.jpg
7Eleven,HK)헛개컨디션100ml,5000,2+1,https://www.7-eleven.co.kr/upload/product/8801007/071046.1.jpg
7Eleven,오비)카스제로500ml캔,2800,2+1,https://www.7-eleven.co.kr/front/img/product/product_list_01.jpg
7Eleven,동서)TOP마스터라떼200ml,1500,2+1,https://www.7-eleven.co.kr/upload/product/8801037/040029.1.jpg
7Eleven,광동)비타500 180ml,1900,2+1,https://www.7-eleven.co.kr/upload/product/8806002/007298.1.jpg
7Eleven,동서)TOP블랙275ml,2700,2+1,https://www.7-eleven.co.kr/upload/product/8801037/087741.1.jpg
7Eleven,칠성)립톤아이스티제로500ml,1900,2+1,https://www.7-eleven.co.kr/upload/product/8801056/044534.1.jpg
7Eleven,오츠카)데미소다피치250ml,1700,2+1,https://www.7-eleven.co.kr/upload/product/8801097/168404.1.jpg
7Eleven,하이트)토닉워터300ml,1900,2+1,https://www.7-eleven.co.kr/upload/product/8801001/236076.1.jpg
7Eleven,광동)제주삼다수500ml,1100,2+1,https://www.7-eleven.co.kr/front/img/product/product_list_01.jpg
7Eleven,광동)삼다수0.5L*20입,22000,2+1,https://www.7-eleven.co.kr/front/img/product/product_list_01.jpg
7Eleven,동서)TOP(더블랙)200ml,1500,2+1,https://www.7-eleven.co.kr/upload/product/8801037/042870.1.jpg
7Eleven,삼양사)상쾌환3g,2900,2+1,https://www.7-eleven.co.kr/upload/product/8801013/770087.1.jpg
7Eleven,농심)백산수500ml,1000,2+1,https://www.7-eleven.co.kr/upload/product/8801043/022781.1.jpg
7Eleven,농심)백산수2L,1900,2+1,https://www.7-eleven.co.kr/upload/product/8801043/020473.1.jpg
7Eleven,칠성)칠성사이다355ml,2100,2+1,https://www.7-eleven.co.kr/upload/product/8801056/040925.1.jpg
7Eleven,칠성)펩시콜라355ml,2100,2+1,https://www.7-eleven.co.kr/upload/product/8801056/150013.1.jpg
7Eleven,동서)TOP스위트아메리카노380ml,3300,2+1,https://www.7-eleven.co.kr/upload/product/8801037/057843.1.jpg
7Eleven,동서)TOP더블랙380ml,3300,2+1,https://www.7-eleven.co.kr/upload/product/8801037/057867.1.jpg
7Eleven,오츠카)오로나민C120ml,1500,2+1,https://www.7-eleven.co.kr/upload/product/8801097/280014.1.jpg
7Eleven,동서)TOP마스터라떼380ml,3300,2+1,https://www.7-eleven.co.kr/upload/product/8801037/064346.1.jpg
7Eleven,동서)레드불에너지355ml,3200,2+1,https://www.7-eleven.co.kr/upload/product/9002490/232887.1.jpg
7Eleven,HK)컨디션CEO150ml,10000,2+1,https://www.7-eleven.co.kr/upload/product/8809422/040876.1.jpg
7Eleven,웅진)초록매실마일드500ml,2350,2+1,https://www.7-eleven.co.kr/upload/product/8801382/146544.1.jpg
7Eleven,해태)구론산스파클링150ml,1300,2+1,https://www.7-eleven.co.kr/upload/product/8801105/914610.1.jpg
7Eleven,칠성)칸타타콘트라베이스블랙500,2900,2+1,https://www.7-eleven.co.kr/upload/product/8801056/094591.1.jpg
7Eleven,칠성)칸타타콘트라베이스라떼500,2900,2+1,https://www.7-eleven.co.kr/upload/product/8801056/096052.1.jpg
7Eleven,OKF)옐로우스무디350ml,2500,2+1,https://www.7-eleven.co.kr/upload/product/8809041/429120.1.jpg
7Eleven,칠성)칸타타콘트라베이스스위트,2900,2+1,https://www.7-eleven.co.kr/upload/product/8801056/102036.1.jpg
7Eleven,OKF)워터멜론500ml,2500,2+1,https://www.7-eleven.co.kr/upload/product/8809041/429649.1.jpg
7Eleven,칠성)깨수깡160ml,5000,2+1,https://www.7-eleven.co.kr/front/img/product/product_list_01.jpg
7Eleven,빙그레)아카페라아메리카노1L,4200,2+1,https://www.7-eleven.co.kr/upload/product/8801104/669658.1.jpg
7Eleven,빙그레)아카페라헤이즐넛1L,4200,2+1,https://www.7-eleven.co.kr/upload/product/8801104/669672.1.jpg
7Eleven,칠성)펩시콜라제로355ml,2100,2+1,https://www.7-eleven.co.kr/upload/product/8801056/175900.1.jpg
7Eleven,칠성)칠성사이다제로355ml,2100,2+1,https://www.7-eleven.co.kr/upload/product/8801056/177645.1.jpg
7Eleven,동서)TOP스모키블랙275,2700,2+1,https://www.7-eleven.co.kr/upload/product/8801037/001730.1.jpg
7Eleven,칠성)칸타타콘트라베이스디카페,2900,2+1,https://www.7-eleven.co.kr/upload/product/8801056/178666.1.jpg
7Eleven,하이트)토닉워터제로300ml,1900,2+1,https://www.7-eleven.co.kr/upload/product/8801001/236243.1.jpg
7Eleven,농심)카프리썬오렌지망고200ml,1100,2+1,https://www.7-eleven.co.kr/upload/product/8801043/650311.1.jpg
7Eleven,웅진)자연은샤인머스켓500ml,2350,2+1,https://www.7-eleven.co.kr/upload/product/8801382/149866.1.jpg
7Eleven,동서)TOP돌체라떼275,2700,2+1,https://www.7-eleven.co.kr/upload/product/8801037/006193.1.jpg
7Eleven,PB)아침햇살흑미500ml,2350,2+1,https://www.7-eleven.co.kr/upload/product/8801382/150169.1.jpg
7Eleven,큐원)상쾌환부스터100ml,5000,2+1,https://www.7-eleven.co.kr/upload/product/8801013/777260.1.jpg
7Eleven,칠성)콘트라베이스블랙&샷500ml,2900,2+1,https://www.7-eleven.co.kr/upload/product/8801056/234027.1.jpg
7Eleven,하이트)토닉워터600ml,2900,2+1,https://www.7-eleven.co.kr/upload/product/8801001/236199.1.jpg
7Eleven,큐원)상쾌환부스터제로100ml,5000,2+1,https://www.7-eleven.co.kr/front/img/product/product_list_01.jpg
7Eleven,농심)둥지비빔냉면봉지,2250,2+1,https://www.7-eleven.co.kr/upload/product/8801043/003964.1.jpg
7Eleven,농심)둥지물냉면봉지,2250,2+1,https://www.7-eleven.co.kr/upload/product/8801043/003988.1.jpg
7Eleven,CJ)스팸클래식340g,8900,2+1,https://www.7-eleven.co.kr/upload/product/8801007/512235.1.jpg
7Eleven,CJ)스팸클래식200g,6900,2+1,https://www.7-eleven.co.kr/upload/product/8801007/512259.1.jpg
7Eleven,동원)고추참치150g,4400,2+1,https://www.7-eleven.co.kr/upload/product/8801047/123750.1.jpg
7Eleven,동원)야채참치150g,4400,2+1,https://www.7-eleven.co.kr/upload/product/8801047/121350.1.jpg
7Eleven,오뚜기)3분카레매운맛,2500,2+1,https://www.7-eleven.co.kr/upload/product/8801045/290324.1.jpg
7Eleven,CJ)둥근햇반210g,2100,2+1,https://www.7-eleven.co.kr/upload/product/8801007/310572.1.jpg
7Eleven,CJ)맛밤80g,3900,2+1,https://www.7-eleven.co.kr/upload/product/8801007/022635.1.jpg
7Eleven,CJ)작은햇반130g,1700,2+1,https://www.7-eleven.co.kr/upload/product/8801007/002989.1.jpg
7Eleven,동원)양반참치죽285g,4500,2+1,https://www.7-eleven.co.kr/upload/product/8801047/161585.1.jpg
7Eleven,동원)양반단호박죽285g,4500,2+1,https://www.7-eleven.co.kr/upload/product/8801047/161592.1.jpg
7Eleven,동원)양반전복죽285g,4500,2+1,https://www.7-eleven.co.kr/upload/product/8801047/161578.1.jpg
7Eleven,동원)양반누룽지닭죽285g,4500,2+1,https://www.7-eleven.co.kr/upload/product/8801047/161677.1.jpg
7Eleven,오뚜기)맛있는큰밥300g,2800,2+1,https://www.7-eleven.co.kr/upload/product/8801045/890432.1.jpg
7Eleven,CJ)큰햇반300g,2900,2+1,https://www.7-eleven.co.kr/upload/product/8801007/054186.1.jpg
7Eleven,농심)보노콘스프3입,4400,2+1,https://www.7-eleven.co.kr/upload/product/4901001/021994.1.jpg
7Eleven,농심)보노포르치니스프3입,4400,2+1,https://www.7-eleven.co.kr/upload/product/4901001/022564.1.jpg
7Eleven,동원)양반밤단팥죽285g,4500,2+1,https://www.7-eleven.co.kr/upload/product/8801047/161653.1.jpg
7Eleven,오뚜기)오뚜기밥210g,2000,2+1,https://www.7-eleven.co.kr/upload/product/8801045/890418.1.jpg
7Eleven,CJ)햇반200g*3입,5700,2+1,https://www.7-eleven.co.kr/upload/product/8801007/066271.1.jpg
7Eleven,동원)리챔200g,6200,2+1,https://www.7-eleven.co.kr/upload/product/8801047/181040.1.jpg
7Eleven,오뚜기)작은밥150g,1700,2+1,https://www.7-eleven.co.kr/upload/product/8801045/890692.1.jpg
7Eleven,유성)유동번데기130g,2400,2+1,https://www.7-eleven.co.kr/upload/product/8801063/310011.1.jpg
7Eleven,오뚜기)새우볶음밥230g,4500,2+1,https://www.7-eleven.co.kr/upload/product/8801045/941103.1.jpg
7Eleven,오뚜기)우노콤비네이션피자195g,6500,2+1,https://www.7-eleven.co.kr/upload/product/8801045/751238.1.jpg
7Eleven,오뚜기)우노불고기피자180g,6500,2+1,https://www.7-eleven.co.kr/upload/product/8801045/751245.1.jpg
7Eleven,CJ)비비고청양고기만두200g,4900,2+1,https://www.7-eleven.co.kr/upload/product/8801007/836294.1.jpg
7Eleven,CJ)비비고진한김치만두200g,4900,2+1,https://www.7-eleven.co.kr/upload/product/8801007/836270.1.jpg
7Eleven,오뚜기)바삭한빅핫도그120g,2800,2+1,https://www.7-eleven.co.kr/upload/product/8801045/750743.1.jpg
7Eleven,오뚜기)모짜소떡핫도그100g,2800,2+1,https://www.7-eleven.co.kr/upload/product/8801045/750750.1.jpg
7Eleven,오뚜기)참치김치치즈볶음밥230g,4500,2+1,https://www.7-eleven.co.kr/upload/product/8801045/931234.1.jpg
7Eleven,롯데)쫄깃롤만두180g,4400,2+1,https://www.7-eleven.co.kr/upload/product/8801123/727742.1.jpg
7Eleven,롯데)김치롤만두180g,4400,2+1,https://www.7-eleven.co.kr/upload/product/8801123/727759.1.jpg
7Eleven,CJ)비비고수제진한고기만두327g,6500,2+1,https://www.7-eleven.co.kr/upload/product/8801007/980683.1.jpg
7Eleven,오뚜기)진라면볶음밥230g,4500,2+1,https://www.7-eleven.co.kr/upload/product/8801045/146980.1.jpg
7Eleven,하림)간장닭강정220g,9900,2+1,https://www.7-eleven.co.kr/upload/product/8801492/372482.1.jpg
7Eleven,하림)매콤닭강정220g,9900,2+1,https://www.7-eleven.co.kr/upload/product/8801492/372475.1.jpg
7Eleven,오뚜기)우노페퍼로니피자180g,6500,2+1,https://www.7-eleven.co.kr/upload/product/8801045/435169.1.jpg
7Eleven,오뚜기)순후추치킨180g,5600,2+1,https://www.7-eleven.co.kr/upload/product/8801045/273570.1.jpg
7Eleven,오뚜기)딸기쨈300g,6600,2+1,https://www.7-eleven.co.kr/upload/product/8801045/331126.1.jpg
7Eleven,니베아)립케어 스트로베리 샤인_,5500,2+1,https://www.7-eleven.co.kr/upload/product/4005808/372881.1.jpg
7Eleven,니베아)데오드란트 엑스트라_H,7900,2+1,https://www.7-eleven.co.kr/upload/product/4005808/512836.1.jpg
7Eleven,존슨)화이트로션100ml(NEW)_H,6000,2+1,https://www.7-eleven.co.kr/upload/product/8801108/000297.1.jpg
7Eleven,바슈롬)리뉴멀티플러스120ml_H,3600,2+1,https://www.7-eleven.co.kr/upload/product/3101190/34965.1.jpg
7Eleven,존슨)리스테린쿨민트250ml_H,5000,2+1,https://www.7-eleven.co.kr/upload/product/8801008/700105.1.jpg
7Eleven,존슨)리스테린쿨민트100ml_H,2400,2+1,https://www.7-eleven.co.kr/upload/product/8801008/700174.1.jpg
7Eleven,LG)46Cm스프레이가글_H,4200,2+1,https://www.7-eleven.co.kr/upload/product/8801051/057638.1.jpg
7Eleven,존슨)리스테린그린티100ml_H,2400,2+1,https://www.7-eleven.co.kr/upload/product/8801008/700389.1.jpg
7Eleven,동아)가그린오리지널100ml_H,2300,2+1,https://www.7-eleven.co.kr/upload/product/8806011/616047.1.jpg
7Eleven,동아)가그린제로100ml_H,2300,2+1,https://www.7-eleven.co.kr/upload/product/8806011/616153.1.jpg
7Eleven,LG)마카다미아크랜베리바디워시_,9900,2+1,https://www.7-eleven.co.kr/upload/product/8801051/107289.1.jpg
7Eleven,존슨)리스테린쿨민트 마일드_H,2400,2+1,https://www.7-eleven.co.kr/upload/product/8801108/000273.1.jpg
7Eleven,동아)가그린오리지널250ml_H,4500,2+1,https://www.7-eleven.co.kr/upload/product/8806011/616054.1.jpg
7Eleven,동아)가그린제로250ml_H,4500,2+1,https://www.7-eleven.co.kr/upload/product/8806011/616160.1.jpg
7Eleven,존슨)리스테린쿨민트마일드250_H,5000,2+1,https://www.7-eleven.co.kr/upload/product/8801008/003848.1.jpg
7Eleven,존슨)리스테린그린티250ml_H,5000,2+1,https://www.7-eleven.co.kr/upload/product/8801008/700358.1.jpg
7Eleven,동아)new템포레귤러10입,7900,2+1,https://www.7-eleven.co.kr/upload/product/8806011/632856.1.jpg
7Eleven,동아)템포슈퍼10입,7900,2+1,https://www.7-eleven.co.kr/upload/product/8806011/632771.1.jpg
7Eleven,유니)도브비누_H,2700,2+1,https://www.7-eleven.co.kr/front/img/product/product_list_01.jpg
7Eleven,유한)화이트팬티라이너일반24P,4300,2+1,https://www.7-eleven.co.kr/upload/product/8801166/222419.1.jpg
7Eleven,LG)바디피트내몸에순한면중형18P,10400,2+1,https://www.7-eleven.co.kr/upload/product/8809299/234828.1.jpg
7Eleven,LG)바디피트내몸에순한면대형16P,10400,2+1,https://www.7-eleven.co.kr/upload/product/8809299/234842.1.jpg
7Eleven,유한)좋은느낌순면라이너롱18P,4500,2+1,https://www.7-eleven.co.kr/upload/product/8801166/233408.1.jpg
7Eleven,유한)좋은느낌수퍼롱4P,4100,2+1,https://www.7-eleven.co.kr/upload/product/8801166/234412.1.jpg
7Eleven,유한)좋은느낌울트라날개소18P,9200,2+1,https://www.7-eleven.co.kr/upload/product/8801166/090643.1.jpg
7Eleven,유한)좋은느낌무표백대형4P,3900,2+1,https://www.7-eleven.co.kr/upload/product/8801166/091244.1.jpg
7Eleven,케이)과산화수소150ml_H,2000,2+1,https://www.7-eleven.co.kr/upload/product/8809103/877586.1.jpg
7Eleven,케이)드림아이여행용세트80ml_H,4000,2+1,https://www.7-eleven.co.kr/upload/product/8809103/878040.1.jpg
7Eleven,대웅)우루샷 2정_H,2500,2+1,https://www.7-eleven.co.kr/upload/product/8806000/000000.1.jpg
7Eleven,존슨)베이비오일125ml_H,6000,2+1,https://www.7-eleven.co.kr/upload/product/8801008/021200.1.jpg
7Eleven,존슨)CC오일컨트롤필름60매_H,5000,2+1,https://www.7-eleven.co.kr/upload/product/8801008/200629.1.jpg
7Eleven,동원)뉴트리흰살참치연어(애묘)_,2000,2+1,https://www.7-eleven.co.kr/upload/product/8801047/642268.1.jpg
7Eleven,마즈)심플리닭고기당근_H,3000,2+1,https://www.7-eleven.co.kr/front/img/product/product_list_01.jpg
7Eleven,마즈)심플리쇠고기닭고기_H,3000,2+1,https://www.7-eleven.co.kr/front/img/product/product_list_01.jpg
7Eleven,마즈)심플리닭고기고구마_H,3000,2+1,https://www.7-eleven.co.kr/front/img/product/product_list_01.jpg
7Eleven,동원)뉴트리플랜참치와닭가슴살_,2000,2+1,https://www.7-eleven.co.kr/upload/product/8801047/642015.1.jpg
7Eleven,마즈)시저홀썸볼(고구마)_H,5000,2+1,https://www.7-eleven.co.kr/front/img/product/product_list_01.jpg
7Eleven,마즈)시저홀썸볼(보리콩)_H,5000,2+1,https://www.7-eleven.co.kr/front/img/product/product_list_01.jpg
7Eleven,크라운)쿠크다스(커피)128g,3000,2+1,https://www.7-eleven.co.kr/upload/product/8801111/186087.1.jpg
7Eleven,해태)홈런볼128g,5000,2+1,https://www.7-eleven.co.kr/front/img/product/product_list_01.jpg
7Eleven,PB)왕소라형과자143g,1600,2+1,https://www.7-eleven.co.kr/front/img/product/product_list_01.jpg
7Eleven,PB)고구마형과자138g,1600,2+1,https://www.7-eleven.co.kr/front/img/product/product_list_01.jpg
7Eleven,PB)바삭한튀김건빵200g,1900,2+1,https://www.7-eleven.co.kr/upload/product/8804312/001012.1.jpg
7Eleven,오리온)리찌알맹이67g,1200,2+1,https://www.7-eleven.co.kr/front/img/product/product_list_01.jpg
7Eleven,오리온)톡핑아몬드그래놀라43g,1600,2+1,https://www.7-eleven.co.kr/upload/product/8801117/488802.1.jpg
7Eleven,롯데)꼬깔콘군옥수수맛(대)134g,3400,2+1,https://www.7-eleven.co.kr/upload/product/8801062/011315.1.jpg
7Eleven,롯데)꼬깔콘고소한맛(대)134g,3400,2+1,https://www.7-eleven.co.kr/upload/product/8801062/010578.1.jpg
7Eleven,동서)오곡코코볼바33g,1900,2+1,https://www.7-eleven.co.kr/upload/product/8801037/095876.1.jpg
7Eleven,동서)콘푸라이트바35g,1900,2+1,https://www.7-eleven.co.kr/upload/product/8801037/095845.1.jpg
7Eleven,삼경)리콜라레몬민트40g,3300,2+1,https://www.7-eleven.co.kr/upload/product/7610700/607046.1.jpg
7Eleven,삼경)리콜라크랜베리40g,3300,2+1,https://www.7-eleven.co.kr/upload/product/7610700/009338.1.jpg
7Eleven,마즈)이클립스플러스배&비파향,3500,2+1,https://www.7-eleven.co.kr/upload/product/8804973/308802.1.jpg
7Eleven,마즈)이클립스플러스꿀&레몬향,3500,2+1,https://www.7-eleven.co.kr/upload/product/8804973/308789.1.jpg
7Eleven,동서)콘푸라이트컵30g,2200,2+1,https://www.7-eleven.co.kr/upload/product/8801037/096552.1.jpg
7Eleven,동서)오곡코코볼컵30g,2200,2+1,https://www.7-eleven.co.kr/upload/product/8801037/096569.1.jpg
7Eleven,동서)오레오오즈컵30g,2200,2+1,https://www.7-eleven.co.kr/upload/product/8801037/096576.1.jpg
7Eleven,엔제이)블랙썬더21g,1500,2+1,https://www.7-eleven.co.kr/front/img/product/product_list_01.jpg
7Eleven,엔제이)블랙썬더버터22g,1500,2+1,https://www.7-eleven.co.kr/front/img/product/product_list_01.jpg
7Eleven,에스씨)기가마시멜로우마일드,3000,2+1,https://www.7-eleven.co.kr/front/img/product/product_list_01.jpg
7Eleven,오리온)핫고래밥매콤양념맛56g,1100,2+1,https://www.7-eleven.co.kr/front/img/product/product_list_01.jpg
7Eleven,케이)드림아이2습윤액13ml_H,4500,2+1,https://www.7-eleven.co.kr/upload/product/8809103/874318.1.jpg
7Eleven,LG)테크750g_H,6500,2+1,https://www.7-eleven.co.kr/upload/product/8801051/215632.1.jpg
7Eleven,롯데)허쉬아몬드초콜렛40g,2000,2+1,https://www.7-eleven.co.kr/upload/product/03424/102.1.jpg
7Eleven,농심)백두산백산수330펫,900,2+1,https://www.7-eleven.co.kr/front/img/product/product_list_01.jpg
7Eleven,존슨)베이비로션핑크100ml_H,6000,2+1,https://www.7-eleven.co.kr/upload/product/8801008/002858.1.jpg
7Eleven,동원)뉴트리플랜참치와멸치_H,2000,2+1,https://www.7-eleven.co.kr/upload/product/8801047/642008.1.jpg
7Eleven,동원)뉴트리플랜참치와치즈_H,2000,2+1,https://www.7-eleven.co.kr/upload/product/8801047/642022.1.jpg
7Eleven,리피아)원프리미엄육포30g,6500,2+1,https://www.7-eleven.co.kr/upload/product/8809044/941056.1.jpg
