brand,name,price,event,img_url,category
7Eleven,연세)블루베리요거트300ml,2500,1+1,https://www.7-eleven.co.kr/upload/product/8801753/110501.1.jpg,기타
7Eleven,연세)스트로베리요거트300ml,2500,1+1,https://www.7-eleven.co.kr/upload/product/8801753/110976.1.jpg,기타
7Eleven,CJ)숯불후랑크120g,3700,1+1,https://www.7-eleven.co.kr/upload/product/8801007/034980.1.jpg,기타
7Eleven,깨끗한)생분해물티슈에코70매(캡,5900,1+1,https://www.7-eleven.co.kr/front/img/product/product_list_01.jpg,생활/위생용품
7Eleven,LG)엘라스틴프로틴헤어세럼100ml,12900,1+1,https://www.7-eleven.co.kr/front/img/product/product_list_01.jpg,생활/위생용품
7Eleven,동원)쿨피스에이드복숭아300ml,2000,1+1,https://www.7-eleven.co.kr/front/img/product/product_list_01.jpg,음료
7Eleven,동원)쿨피스에이드자두300ml,2000,1+1,https://www.7-eleven.co.kr/front/img/product/product_list_01.jpg,음료
7Eleven,피죤)액츠퍼펙트딥클린(겸용)1.4,14900,1+1,https://www.7-eleven.co.kr/front/img/product/product_list_01.jpg,생활/위생용품
7Eleven,하림)더미식김치콩나물국350g,4500,1+1,https://www.7-eleven.co.kr/front/img/product/product_list_01.jpg,기타
7Eleven,하림)더미식시래기된장국350g,4500,1+1,https://www.7-eleven.co.kr/front/img/product/product_list_01.jpg,기타
7Eleven,오뚜기)골드치킨마요덮밥(컵밥),5400,1+1,https://www.7-eleven.co.kr/front/img/product/product_list_01.jpg,식사류
7Eleven,P&G)페브리즈실내건조370ml_H,12000,1+1,https://www.7-eleven.co.kr/front/img/product/product_list_01.jpg,생활/위생용품
7Eleven,하림)더미식김치교자140g,5500,1+1,https://www.7-eleven.co.kr/front/img/product/product_list_01.jpg,기타
7Eleven,하림)더미식육즙고기교자140g,5500,1+1,https://www.7-eleven.co.kr/front/img/product/product_list_01.jpg,기타
7Eleven,CJ)숯불불닭맛후랑크120g,3700,1+1,https://www.7-eleven.co.kr/front/img/product/product_list_01.jpg,기타
7Eleven,CJ)맥스봉매콤불고기맛핫바65g,2400,1+1,https://www.7-eleven.co.kr/front/img/product/product_list_01.jpg,간식류
7Eleven,풀무원)그릭시그니처150g,3900,1+1,https://www.7-eleven.co.kr/front/img/product/product_list_01.jpg,기타
7Eleven,티젠)콤부차매실10T,8000,1+1,https://www.7-eleven.co.kr/front/img/product/product_list_01.jpg,음료
7Eleven,LG)쏘피유기농대형4P,3500,1+1,https://www.7-eleven.co.kr/front/img/product/product_list_01.jpg,생활/위생용품
7Eleven,LG)쏘피유기농수퍼롱3P,4700,1+1,https://www.7-eleven.co.kr/front/img/product/product_list_01.jpg,생활/위생용품
7Eleven,피죤)퓨어뽀드득주방세제레몬(1.,7900,1+1,https://www.7-eleven.co.kr/front/img/product/product_list_01.jpg,생활/위생용품
7Eleven,G)보바티딸기복숭아320ml,2500,1+1,https://www.7-eleven.co.kr/front/img/product/product_list_01.jpg,기타
7Eleven,G)보바티멜론배320ml,2500,1+1,https://www.7-eleven.co.kr/front/img/product/product_list_01.jpg,기타
7Eleven,G)보바티흑당밀크315ml,2500,1+1,https://www.7-eleven.co.kr/front/img/product/product_list_01.jpg,기타
7Eleven,서울)커피타운모카250ml,2600,1+1,https://www.7-eleven.co.kr/front/img/product/product_list_01.jpg,음료
7Eleven,서울)커피타운바닐라250ml,2600,1+1,https://www.7-eleven.co.kr/front/img/product/product_list_01.jpg,음료
7Eleven,LG)쏘피유기농무표백수퍼롱3P,4800,1+1,https://www.7-eleven.co.kr/front/img/product/product_list_01.jpg,생활/위생용품
7Eleven,LG)쏘피유기농중형4P,3100,1+1,https://www.7-eleven.co.kr/upload/product/8809299/231162.1.jpg,생활/위생용품
7Eleven,깨끗한)건강한순수한면입오버대,11200,1+1,https://www.7-eleven.co.kr/front/img/product/product_list_01.jpg,기타
7Eleven,서울F&B)설빙마시는초코브라우니,1800,1+1,https://www.7-eleven.co.kr/front/img/product/product_list_01.jpg,간식류
7Eleven,K리그)산리오물티슈20매,2200,1+1,https://www.7-eleven.co.kr/front/img/product/product_list_01.jpg,생활/위생용품
7Eleven,CJ)동그란스팸160g,5500,1+1,https://www.7-eleven.co.kr/front/img/product/product_list_01.jpg,기타
7Eleven,정관장)에브리타임맥스10ml,3500,1+1,https://www.7-eleven.co.kr/front/img/product/product_list_01.jpg,기타
7Eleven,정관장)에브리타임리프레시1포,3500,1+1,https://www.7-eleven.co.kr/front/img/product/product_list_01.jpg,기타
7Eleven,삼양)스틱불닭소스16g,700,1+1,https://www.7-eleven.co.kr/front/img/product/product_list_01.jpg,기타
7Eleven,깨끗한)디어스킨리얼모달오버12P,8600,1+1,https://www.7-eleven.co.kr/front/img/product/product_list_01.jpg,생활/위생용품
7Eleven,에이스)데일리유기농레몬즙20g,1500,1+1,https://www.7-eleven.co.kr/front/img/product/product_list_01.jpg,간식류
7Eleven,피치)라바삭35g,2800,1+1,https://www.7-eleven.co.kr/front/img/product/product_list_01.jpg,기타
7Eleven,디링)아침미소목장한라봉요거트1,5500,1+1,https://www.7-eleven.co.kr/front/img/product/product_list_01.jpg,기타
7Eleven,디링)아침미소목장우도땅콩100ml,5500,1+1,https://www.7-eleven.co.kr/front/img/product/product_list_01.jpg,기타
7Eleven,매일)바이오그릭파우치플레인120,3400,1+1,https://www.7-eleven.co.kr/front/img/product/product_list_01.jpg,간식류
7Eleven,매일)바이오그릭파우치허니120g,3400,1+1,https://www.7-eleven.co.kr/front/img/product/product_list_01.jpg,기타
7Eleven,정관장)아미노활기력샷20ml,3500,1+1,https://www.7-eleven.co.kr/front/img/product/product_list_01.jpg,기타
7Eleven,정관장)에너지활기력샷20ml,3500,1+1,https://www.7-eleven.co.kr/front/img/product/product_list_01.jpg,기타
7Eleven,티젠)푸룬쏙50G,4000,1+1,https://www.7-eleven.co.kr/front/img/product/product_list_01.jpg,기타
7Eleven,티젠)풋사과쏙50G,4000,1+1,https://www.7-eleven.co.kr/front/img/product/product_list_01.jpg,기타
7Eleven,유한)좋은느낌울트라날개대4P,2800,1+1,https://www.7-eleven.co.kr/front/img/product/product_list_01.jpg,생활/위생용품
7Eleven,유한)좋은느낌무표백입는오버대,11200,1+1,https://www.7-eleven.co.kr/front/img/product/product_list_01.jpg,생활/위생용품
7Eleven,LG)온더바디발을씻자풋샴푸 레몬,11900,1+1,https://www.7-eleven.co.kr/front/img/product/product_list_01.jpg,생활/위생용품
7Eleven,종근당)깨노니땡큐샷30ml,6000,1+1,https://www.7-eleven.co.kr/front/img/product/product_list_01.jpg,기타
7Eleven,PB)생생감자칩페퍼솔트60g,1700,1+1,https://www.7-eleven.co.kr/front/img/product/product_list_01.jpg,간식류
7Eleven,뉴트)비비랩푸룬클렌즈샷20ml,3900,1+1,https://www.7-eleven.co.kr/front/img/product/product_list_01.jpg,기타
7Eleven,덴마크)테이크얼라이브망고200ml,1500,1+1,https://www.7-eleven.co.kr/front/img/product/product_list_01.jpg,기타
7Eleven,덴마크)테이크얼라이브자몽200ml,1500,1+1,https://www.7-eleven.co.kr/front/img/product/product_list_01.jpg,기타
7Eleven,LS)짠한형화깨수20g,3800,1+1,https://www.7-eleven.co.kr/front/img/product/product_list_01.jpg,기타
7Eleven,티젠)말차라떼7입,7000,1+1,https://www.7-eleven.co.kr/front/img/product/product_list_01.jpg,음료
7Eleven,PB)오가다레몬꿀물280ml,2000,1+1,https://www.7-eleven.co.kr/front/img/product/product_list_01.jpg,기타
7Eleven,PB)오가다아카시아꿀물280ml,2000,1+1,https://www.7-eleven.co.kr/front/img/product/product_list_01.jpg,기타
7Eleven,PB)오가다대추쌍화280ml,2000,1+1,https://www.7-eleven.co.kr/front/img/product/product_list_01.jpg,기타
7Eleven,남양)과수원사과팩190ml,1000,1+1,https://www.7-eleven.co.kr/front/img/product/product_list_01.jpg,기타
7Eleven,매일)바이오그릭요거트150g,3400,1+1,https://www.7-eleven.co.kr/front/img/product/product_list_01.jpg,기타
7Eleven,히밥)럭히밥김찌라면큰컵,1900,1+1,https://www.7-eleven.co.kr/front/img/product/product_list_01.jpg,식사류
7Eleven,에이스)그릭요거트스타터2g,2500,1+1,https://www.7-eleven.co.kr/front/img/product/product_list_01.jpg,간식류
7Eleven,티젠)콤부차10입,8000,1+1,https://www.7-eleven.co.kr/upload/product/8809071/546552.1.jpg,음료
7Eleven,이노엔)컨디션환1입,2900,1+1,https://www.7-eleven.co.kr/upload/product/8809422/043846.1.jpg,기타
7Eleven,이노엔)컨디션환3입,8500,1+1,https://www.7-eleven.co.kr/upload/product/8809422/041293.1.jpg,기타
7Eleven,티젠)콤부차피치10입,8000,1+1,https://www.7-eleven.co.kr/upload/product/8809685/980674.1.jpg,음료
7Eleven,이노엔)컨디션스틱오리지널,3900,1+1,https://www.7-eleven.co.kr/upload/product/8809422/043884.1.jpg,기타
7Eleven,이노엔)컨디션스틱그린애플,3900,1+1,https://www.7-eleven.co.kr/upload/product/8809422/043815.1.jpg,기타
7Eleven,티젠)콤부차파인애플10T,8000,1+1,https://www.7-eleven.co.kr/upload/product/8809685/980810.1.jpg,음료
7Eleven,티젠)콤부차망고구아바10T,8000,1+1,https://www.7-eleven.co.kr/upload/product/8809685/981251.1.jpg,음료
7Eleven,뉴트)비비랩곡물발효효소15g,5900,1+1,https://www.7-eleven.co.kr/front/img/product/product_list_01.jpg,기타
7Eleven,PB)트위스트애플파이맛95g,1600,1+1,https://www.7-eleven.co.kr/front/img/product/product_list_01.jpg,기타
7Eleven,PB)하트뻥튀기90g,3000,1+1,https://www.7-eleven.co.kr/front/img/product/product_list_01.jpg,간식류
7Eleven,피죤)무균무때락스세제_H,8500,1+1,https://www.7-eleven.co.kr/front/img/product/product_list_01.jpg,생활/위생용품
7Eleven,CJ)쁘띠첼과일젤리복숭아90g,2000,1+1,https://www.7-eleven.co.kr/upload/product/8801007/091310.1.jpg,간식류
7Eleven,CJ)쁘띠첼과일젤리밀감90g,2000,1+1,https://www.7-eleven.co.kr/upload/product/8801007/091297.1.jpg,간식류
7Eleven,CJ)쁘띠첼과일젤리포도90g,2000,1+1,https://www.7-eleven.co.kr/upload/product/8801007/091303.1.jpg,간식류
7Eleven,선우)O△□동결건조젤리13g,2800,1+1,https://www.7-eleven.co.kr/front/img/product/product_list_01.jpg,간식류
7Eleven,풀무원다논)액티비아딸기150g,3200,1+1,https://www.7-eleven.co.kr/front/img/product/product_list_01.jpg,기타
7Eleven,풀무원다논)액티비아사과150g,3200,1+1,https://www.7-eleven.co.kr/front/img/product/product_list_01.jpg,기타
7Eleven,CJ)맥스봉고소한치즈후랑크65g,2400,1+1,https://www.7-eleven.co.kr/front/img/product/product_list_01.jpg,간식류
7Eleven,랩노쉬)프로틴파인트더블초코474,13900,1+1,https://www.7-eleven.co.kr/front/img/product/product_list_01.jpg,간식류
7Eleven,랩노쉬)프로틴파인트피넛버터474,13900,1+1,https://www.7-eleven.co.kr/front/img/product/product_list_01.jpg,간식류
7Eleven,에프투)검은콩두유190ml,1500,1+1,https://www.7-eleven.co.kr/front/img/product/product_list_01.jpg,음료
7Eleven,에프투)호두아몬드두유190ml,1500,1+1,https://www.7-eleven.co.kr/front/img/product/product_list_01.jpg,간식류
7Eleven,에프투)고칼슘두유190ml,1500,1+1,https://www.7-eleven.co.kr/front/img/product/product_list_01.jpg,음료
7Eleven,종근당)락토핏마시는유산균저당1,2200,1+1,https://www.7-eleven.co.kr/front/img/product/product_list_01.jpg,기타
7Eleven,종근당)락토핏마시는유산균사과1,2200,1+1,https://www.7-eleven.co.kr/front/img/product/product_list_01.jpg,기타
7Eleven,유한)좋은느낌입오버대형4P,10500,1+1,https://www.7-eleven.co.kr/front/img/product/product_list_01.jpg,생활/위생용품
7Eleven,CJ)맥스봉오리지널70g,2600,1+1,https://www.7-eleven.co.kr/front/img/product/product_list_01.jpg,간식류
7Eleven,롯데)클라우드논알콜릭350ml,1500,1+1,https://www.7-eleven.co.kr/front/img/product/product_list_01.jpg,기타
7Eleven,티젠)애플사이다비니거10T,8000,1+1,https://www.7-eleven.co.kr/front/img/product/product_list_01.jpg,음료
7Eleven,LG)아우라퍼퓸캡슐1L(미스틱문라,13900,1+1,https://www.7-eleven.co.kr/front/img/product/product_list_01.jpg,기타
7Eleven,유한)화이트수퍼흡수드림가드수,3900,1+1,https://www.7-eleven.co.kr/front/img/product/product_list_01.jpg,기타
7Eleven,풀무원)요거톡레몬비스킷머랭126,2200,1+1,https://www.7-eleven.co.kr/front/img/product/product_list_01.jpg,간식류
7Eleven,서울)미노스바나나우유235ml,2400,1+1,https://www.7-eleven.co.kr/front/img/product/product_list_01.jpg,음료
7Eleven,덴마크)소화가잘되는카페라떼250,2800,1+1,https://www.7-eleven.co.kr/front/img/product/product_list_01.jpg,음료
7Eleven,덴마크)소화가잘되는바닐라라떼2,2800,1+1,https://www.7-eleven.co.kr/front/img/product/product_list_01.jpg,음료
7Eleven,위드)유니프믹스베리주스200ml,2200,1+1,https://www.7-eleven.co.kr/front/img/product/product_list_01.jpg,음료
7Eleven,위드)유니프그린베지주스200ml,2200,1+1,https://www.7-eleven.co.kr/front/img/product/product_list_01.jpg,음료
7Eleven,서영)모닝이즈백스틱(블루베리)2,3300,1+1,https://www.7-eleven.co.kr/front/img/product/product_list_01.jpg,기타
7Eleven,서영)모닝이즈백스틱(레몬)20g,3600,1+1,https://www.7-eleven.co.kr/front/img/product/product_list_01.jpg,기타
7Eleven,연세)검은콩고칼슘두유190ml,1600,1+1,https://www.7-eleven.co.kr/front/img/product/product_list_01.jpg,음료
7Eleven,연세)아몬드잣고소한두유190ml,1600,1+1,https://www.7-eleven.co.kr/front/img/product/product_list_01.jpg,음료
7Eleven,CJ)비비고칩버터오징어40g,4900,1+1,https://www.7-eleven.co.kr/front/img/product/product_list_01.jpg,간식류
7Eleven,PB)산리오포차코아망추망고350ml,2800,1+1,https://www.7-eleven.co.kr/front/img/product/product_list_01.jpg,음료
7Eleven,PB)산리오마이멜로디아샷추복숭,2800,1+1,https://www.7-eleven.co.kr/front/img/product/product_list_01.jpg,기타
7Eleven,티젠)콤부차요구르트10T,8000,1+1,https://www.7-eleven.co.kr/front/img/product/product_list_01.jpg,음료
7Eleven,코카)파워에이드제로라임600ml,2400,1+1,https://www.7-eleven.co.kr/front/img/product/product_list_01.jpg,음료
7Eleven,삼양)맵탱쿨스파이시비빔면김치,1400,1+1,https://www.7-eleven.co.kr/front/img/product/product_list_01.jpg,식사류
7Eleven,CJ)햇반100%통곡물밥130g,2600,1+1,https://www.7-eleven.co.kr/front/img/product/product_list_01.jpg,식사류
7Eleven,비트)캡슐세탁세제(15입)_H,7900,1+1,https://www.7-eleven.co.kr/front/img/product/product_list_01.jpg,생활/위생용품
7Eleven,PB)럭히밥든든미역꾹밥225g,4200,1+1,https://www.7-eleven.co.kr/front/img/product/product_list_01.jpg,식사류
7Eleven,PB)럭히밥사골곰탕꾹밥225g,4200,1+1,https://www.7-eleven.co.kr/front/img/product/product_list_01.jpg,식사류
7Eleven,유한)화이트스테이쿨중형18P,12500,1+1,https://www.7-eleven.co.kr/front/img/product/product_list_01.jpg,생활/위생용품
7Eleven,유한)화이트스테이쿨입오버중형4,12500,1+1,https://www.7-eleven.co.kr/front/img/product/product_list_01.jpg,생활/위생용품
7Eleven,유한)화이트스테이쿨입오버대형4,12500,1+1,https://www.7-eleven.co.kr/front/img/product/product_list_01.jpg,생활/위생용품
7Eleven,프레)캐치티니핑워터젤리복숭아,1600,1+1,https://www.7-eleven.co.kr/front/img/product/product_list_01.jpg,간식류
7Eleven,프레)캐치티니핑홍삼포도맛100ml,1600,1+1,https://www.7-eleven.co.kr/front/img/product/product_list_01.jpg,기타
7Eleven,선린)쿨팩_H,1500,1+1,https://www.7-eleven.co.kr/front/img/product/product_list_01.jpg,기타
7Eleven,동원)양반오미밥130g,2000,1+1,https://www.7-eleven.co.kr/front/img/product/product_list_01.jpg,식사류
7Eleven,티젠)콤부차콜라겐젤리20g(피치),2000,1+1,https://www.7-eleven.co.kr/front/img/product/product_list_01.jpg,기타
7Eleven,PB)인절미스낵56g,1500,1+1,https://www.7-eleven.co.kr/front/img/product/product_list_01.jpg,간식류
7Eleven,LG)홈스타습기제거제(제습제)_물,3300,1+1,https://www.7-eleven.co.kr/front/img/product/product_list_01.jpg,생활/위생용품
7Eleven,LG)홈스타습기제거제(제습제)_걸,4900,1+1,https://www.7-eleven.co.kr/front/img/product/product_list_01.jpg,생활/위생용품
7Eleven,PB)자이언츠돌아온팅클초코맛60g,1900,1+1,https://www.7-eleven.co.kr/front/img/product/product_list_01.jpg,기타
7Eleven,스너글)섬유탈취제(허거블코튼)4,10900,1+1,https://www.7-eleven.co.kr/front/img/product/product_list_01.jpg,생활/위생용품
7Eleven,스너글)섬유탈취제(허거블선샤인,10900,1+1,https://www.7-eleven.co.kr/front/img/product/product_list_01.jpg,생활/위생용품
7Eleven,스너글)섬유탈취제(허거블코튼)1,6900,1+1,https://www.7-eleven.co.kr/front/img/product/product_list_01.jpg,생활/위생용품
7Eleven,PB)자이언츠새로온팅클메론맛60g,1900,1+1,https://www.7-eleven.co.kr/front/img/product/product_list_01.jpg,기타
7Eleven,뉴트)비비랩유기농레몬즙100%,1500,1+1,https://www.7-eleven.co.kr/front/img/product/product_list_01.jpg,기타
7Eleven,유한)좋은느낌수퍼소프트울날중4,3000,1+1,https://www.7-eleven.co.kr/front/img/product/product_list_01.jpg,생활/위생용품
7Eleven,LG)쏘피안심숙면팬티유기농L 4P,10800,1+1,https://www.7-eleven.co.kr/front/img/product/product_list_01.jpg,생활/위생용품
7Eleven,LG)쏘피안심숙면팬티XL 4P,11900,1+1,https://www.7-eleven.co.kr/front/img/product/product_list_01.jpg,생활/위생용품
7Eleven,서울)커피타운헤이즐넛250ml,2600,1+1,https://www.7-eleven.co.kr/front/img/product/product_list_01.jpg,음료
7Eleven,코카)코카콜라제로제로500ml,2400,1+1,https://www.7-eleven.co.kr/front/img/product/product_list_01.jpg,음료
7Eleven,G)싱하레몬소다제로355ml,2000,1+1,https://www.7-eleven.co.kr/front/img/product/product_list_01.jpg,음료
7Eleven,G)싱하유자소다제로355ml,2000,1+1,https://www.7-eleven.co.kr/front/img/product/product_list_01.jpg,음료
7Eleven,피죤)초고농축실내건조섬유1L_H,13900,1+1,https://www.7-eleven.co.kr/front/img/product/product_list_01.jpg,생활/위생용품
7Eleven,PB)영양반계탕600g,15900,1+1,https://www.7-eleven.co.kr/front/img/product/product_list_01.jpg,기타
7Eleven,남양)맛있는두유GT고칼슘검은콩,1500,1+1,https://www.7-eleven.co.kr/front/img/product/product_list_01.jpg,음료
7Eleven,남양)맛있는두유GT고칼슘담백팩1,1500,1+1,https://www.7-eleven.co.kr/front/img/product/product_list_01.jpg,음료
7Eleven,히말라야)파티스마트소프트츄2입,3900,1+1,https://www.7-eleven.co.kr/front/img/product/product_list_01.jpg,기타
7Eleven,뉴트)비비랩유기농레몬자몽즙20g,1500,1+1,https://www.7-eleven.co.kr/front/img/product/product_list_01.jpg,기타
7Eleven,CJ)맥스봉진한풍미후랑크65g,2400,1+1,https://www.7-eleven.co.kr/front/img/product/product_list_01.jpg,간식류
7Eleven,PB)K리그슛!허니카라멜팝콘75g,2000,1+1,https://www.7-eleven.co.kr/front/img/product/product_list_01.jpg,간식류
7Eleven,라엘)순면커버중형16P,11900,1+1,https://www.7-eleven.co.kr/front/img/product/product_list_01.jpg,기타
7Eleven,K리그)슛!비타민워터레몬340ml,3000,1+1,https://www.7-eleven.co.kr/front/img/product/product_list_01.jpg,기타
7Eleven,K리그)슛!비타민워터믹스후르츠3,3000,1+1,https://www.7-eleven.co.kr/front/img/product/product_list_01.jpg,기타
7Eleven,롯데)가나초코바자이언츠기획(4,8200,1+1,https://www.7-eleven.co.kr/front/img/product/product_list_01.jpg,간식류
7Eleven,롯데)빼빼로자이언츠기획(2입),7000,1+1,https://www.7-eleven.co.kr/front/img/product/product_list_01.jpg,간식류
7Eleven,K리그)슛!더비라면,1600,1+1,https://www.7-eleven.co.kr/front/img/product/product_list_01.jpg,식사류
7Eleven,유한)좋은느낌수퍼소프트울날대4,3000,1+1,https://www.7-eleven.co.kr/front/img/product/product_list_01.jpg,생활/위생용품
7Eleven,유한)그린핑거 라라소프트100캡,6000,1+1,https://www.7-eleven.co.kr/front/img/product/product_list_01.jpg,기타
7Eleven,오뚜기)순후추찐만두180g,4900,1+1,https://www.7-eleven.co.kr/front/img/product/product_list_01.jpg,식사류
7Eleven,자이언츠)쌔리라빠지락라면,1900,1+1,https://www.7-eleven.co.kr/front/img/product/product_list_01.jpg,식사류
7Eleven,PB)자이언츠쌔리라짱셔요소다믹,1900,1+1,https://www.7-eleven.co.kr/front/img/product/product_list_01.jpg,간식류
7Eleven,PB)젤리초코볼샤인머스켓42g,1600,1+1,https://www.7-eleven.co.kr/front/img/product/product_list_01.jpg,간식류
7Eleven,PB)젤리초코볼오렌지42g,1600,1+1,https://www.7-eleven.co.kr/front/img/product/product_list_01.jpg,간식류
7Eleven,오뚜기)오즈키친직화유니짜장,4800,1+1,https://www.7-eleven.co.kr/front/img/product/product_list_01.jpg,기타
7Eleven,동아)얼박사355ml,2300,1+1,https://www.7-eleven.co.kr/front/img/product/product_list_01.jpg,기타
7Eleven,CJ)하루낫또 45.5g(2입),3900,1+1,https://www.7-eleven.co.kr/front/img/product/product_list_01.jpg,기타
7Eleven,CJ)찌개두부 380g,2900,1+1,https://www.7-eleven.co.kr/front/img/product/product_list_01.jpg,기타
7Eleven,CJ)부침두부 380g,2900,1+1,https://www.7-eleven.co.kr/front/img/product/product_list_01.jpg,기타
7Eleven,자임)콜라겐젤리복숭아130g,2000,1+1,https://www.7-eleven.co.kr/front/img/product/product_list_01.jpg,기타
7Eleven,자임)콜라겐젤리청포도130g,2000,1+1,https://www.7-eleven.co.kr/front/img/product/product_list_01.jpg,기타
7Eleven,자임)콜라겐젤리애사비130g,2000,1+1,https://www.7-eleven.co.kr/front/img/product/product_list_01.jpg,기타
7Eleven,서영)모닝이즈백스틱(그린애플)2,3600,1+1,https://www.7-eleven.co.kr/front/img/product/product_list_01.jpg,기타
7Eleven,히말라야)파티스마트소프트츄망,3900,1+1,https://www.7-eleven.co.kr/front/img/product/product_list_01.jpg,기타
7Eleven,CJ)얼티브균형영양식흑임자150mL,2000,1+1,https://www.7-eleven.co.kr/front/img/product/product_list_01.jpg,기타
7Eleven,CJ)얼티브균형영양식구수한맛150,2000,1+1,https://www.7-eleven.co.kr/front/img/product/product_list_01.jpg,기타
7Eleven,연세)든든한23곡두유190ml,1600,1+1,https://www.7-eleven.co.kr/front/img/product/product_list_01.jpg,음료
7Eleven,LG)샤프란핑크센세이션1.6L,6900,1+1,https://www.7-eleven.co.kr/front/img/product/product_list_01.jpg,생활/위생용품
7Eleven,메디카)포텐+비타민아르기닌스틱,2500,1+1,https://www.7-eleven.co.kr/front/img/product/product_list_01.jpg,기타
7Eleven,엔제이)후르츠소르베미니믹스150,8500,1+1,https://www.7-eleven.co.kr/front/img/product/product_list_01.jpg,기타
7Eleven,PB)베이컨매콤크림파스타280g,6900,1+1,https://www.7-eleven.co.kr/front/img/product/product_list_01.jpg,식사류
7Eleven,PB)중화식얼큰짬뽕300g,6900,1+1,https://www.7-eleven.co.kr/front/img/product/product_list_01.jpg,기타
7Eleven,서울)말차에스프레소200ml,2900,1+1,https://www.7-eleven.co.kr/front/img/product/product_list_01.jpg,음료
7Eleven,롯데)오리지날프랑크90g,3200,1+1,https://www.7-eleven.co.kr/front/img/product/product_list_01.jpg,간식류
7Eleven,풀무원)생만두고기배추400g,10000,1+1,https://www.7-eleven.co.kr/front/img/product/product_list_01.jpg,식사류
7Eleven,풀무원)생만두새우청경채320g,10000,1+1,https://www.7-eleven.co.kr/front/img/product/product_list_01.jpg,식사류
7Eleven,딸기키티)스트로베리초코라떼275,3000,1+1,https://www.7-eleven.co.kr/front/img/product/product_list_01.jpg,음료
7Eleven,서주)젤리의연금술42g,2000,1+1,https://www.7-eleven.co.kr/front/img/product/product_list_01.jpg,간식류
7Eleven,동아)템포내추럴코튼탐폰라이트1,11900,1+1,https://www.7-eleven.co.kr/front/img/product/product_list_01.jpg,기타
7Eleven,PB)제트콘김와사비맛90g,1600,1+1,https://www.7-eleven.co.kr/front/img/product/product_list_01.jpg,기타
7Eleven,PB)딸기키티미니초콜릿16g,1000,1+1,https://www.7-eleven.co.kr/front/img/product/product_list_01.jpg,간식류
7Eleven,에이스)에그롤에그맛20g,900,1+1,https://www.7-eleven.co.kr/front/img/product/product_list_01.jpg,간식류
7Eleven,에이스)에그롤치즈맛20g,900,1+1,https://www.7-eleven.co.kr/front/img/product/product_list_01.jpg,간식류
7Eleven,다논)YoPRO설탕무첨가플레인요거,3900,1+1,https://www.7-eleven.co.kr/front/img/product/product_list_01.jpg,간식류
7Eleven,다논)YoPRO블루베리요거트150g,3900,1+1,https://www.7-eleven.co.kr/front/img/product/product_list_01.jpg,기타
7Eleven,CJ)고메정지선샤오롱바오141g,7800,1+1,https://www.7-eleven.co.kr/front/img/product/product_list_01.jpg,기타
7Eleven,CJ)고메정지선새우하가우135g,7800,1+1,https://www.7-eleven.co.kr/front/img/product/product_list_01.jpg,기타
7Eleven,CJ)맛콩병아리콩50g,2900,1+1,https://www.7-eleven.co.kr/front/img/product/product_list_01.jpg,기타
7Eleven,CJ)맛콩검은콩50g,2900,1+1,https://www.7-eleven.co.kr/front/img/product/product_list_01.jpg,기타
7Eleven,크리넥스)뽑아쓰는키친타월100매,4000,1+1,https://www.7-eleven.co.kr/front/img/product/product_list_01.jpg,기타
7Eleven,대상)순창(현미)찰고추장200g,4750,1+1,https://www.7-eleven.co.kr/front/img/product/product_list_01.jpg,기타
7Eleven,PB)폼폼푸린마롱미니초콜릿,1000,1+1,https://www.7-eleven.co.kr/front/img/product/product_list_01.jpg,생활/위생용품
7Eleven,서주)제로백젤리42g,2000,1+1,https://www.7-eleven.co.kr/front/img/product/product_list_01.jpg,간식류
7Eleven,PB)이나피러브믹스72g,2000,1+1,https://www.7-eleven.co.kr/front/img/product/product_list_01.jpg,기타
7Eleven,덴마크)소화가잘되는카라멜라떼2,2800,1+1,https://www.7-eleven.co.kr/front/img/product/product_list_01.jpg,음료
7Eleven,프레)캐치티니핑하루키즈소다맛1,1800,1+1,https://www.7-eleven.co.kr/front/img/product/product_list_01.jpg,음료
7Eleven,프레)캐치티니핑하루키즈포도맛1,1800,1+1,https://www.7-eleven.co.kr/front/img/product/product_list_01.jpg,기타
7Eleven,서울)말차스트로베리200ml,2900,1+1,https://www.7-eleven.co.kr/front/img/product/product_list_01.jpg,음료
7Eleven,하림)치즈인더컵,1900,1+1,https://www.7-eleven.co.kr/front/img/product/product_list_01.jpg,기타
7Eleven,하림)참맛후랑크(4개입)70g,2400,1+1,https://www.7-eleven.co.kr/front/img/product/product_list_01.jpg,기타
7Eleven,다논)액티비아더블제로플레인150,2200,1+1,https://www.7-eleven.co.kr/front/img/product/product_list_01.jpg,간식류
7Eleven,다논)액티비아더블제로청사과150,2200,1+1,https://www.7-eleven.co.kr/front/img/product/product_list_01.jpg,기타
7Eleven,하림)마늘후랑크70g,2500,1+1,https://www.7-eleven.co.kr/front/img/product/product_list_01.jpg,기타
7Eleven,하림)매콤후랑크70g,2500,1+1,https://www.7-eleven.co.kr/front/img/product/product_list_01.jpg,기타
7Eleven,널담)두바이초코크럼블쿠키75g,3300,1+1,https://www.7-eleven.co.kr/front/img/product/product_list_01.jpg,간식류
7Eleven,널담)초코볼크럼블쿠키75g,3300,1+1,https://www.7-eleven.co.kr/front/img/product/product_list_01.jpg,간식류
7Eleven,엔제이)크리스탈구미베어포도&파,3000,1+1,https://www.7-eleven.co.kr/front/img/product/product_list_01.jpg,생수
7Eleven,엔제이)크리스탈구미베어복숭아&,3000,1+1,https://www.7-eleven.co.kr/front/img/product/product_list_01.jpg,생수
7Eleven,엔제이)크리스탈구미베어오렌지&,3000,1+1,https://www.7-eleven.co.kr/front/img/product/product_list_01.jpg,생수
7Eleven,동원)쿨피스생복숭아300ml,1600,1+1,https://www.7-eleven.co.kr/front/img/product/product_list_01.jpg,기타
7Eleven,동원)쿨피스생바나나300ml,1600,1+1,https://www.7-eleven.co.kr/front/img/product/product_list_01.jpg,기타
7Eleven,CJ)국산콩두부(찌개용)380g,5900,1+1,https://www.7-eleven.co.kr/front/img/product/product_list_01.jpg,기타
7Eleven,CJ)국산콩두부(부침용)380g,5900,1+1,https://www.7-eleven.co.kr/front/img/product/product_list_01.jpg,기타
7Eleven,CJ)특등급국산콩나물340g,3500,1+1,https://www.7-eleven.co.kr/front/img/product/product_list_01.jpg,기타
7Eleven,널담)고단백저당포카치아(올리브,2300,1+1,https://www.7-eleven.co.kr/front/img/product/product_list_01.jpg,기타
7Eleven,널담)고단백저당포카치아(치폴레,2300,1+1,https://www.7-eleven.co.kr/front/img/product/product_list_01.jpg,기타
7Eleven,스위트)트롤리계란후라이모양젤,2500,1+1,https://www.7-eleven.co.kr/front/img/product/product_list_01.jpg,기타
7Eleven,덴마크)소화가잘되는바닐라빈라,3400,1+1,https://www.7-eleven.co.kr/front/img/product/product_list_01.jpg,기타
7Eleven,덴마크)소화가잘되는시그니처라,3400,1+1,https://www.7-eleven.co.kr/front/img/product/product_list_01.jpg,기타
7Eleven,풀무원)생만두갓김치400g,10000,1+1,https://www.7-eleven.co.kr/front/img/product/product_list_01.jpg,식사류
7Eleven,PB)두햄빠할라피뇨맛나쵸칩70g,1700,1+1,https://www.7-eleven.co.kr/front/img/product/product_list_01.jpg,기타
7Eleven,PB)두햄빠한입버터갈릭바게트100,1700,1+1,https://www.7-eleven.co.kr/front/img/product/product_list_01.jpg,기타
7Eleven,오뚜기)미역국밥200g,4800,1+1,https://www.7-eleven.co.kr/front/img/product/product_list_01.jpg,식사류
7Eleven,동아)얼박사제로355ml,2300,1+1,https://www.7-eleven.co.kr/front/img/product/product_list_01.jpg,기타
7Eleven,자이언츠)이온워터제로340ml,3000,1+1,https://www.7-eleven.co.kr/front/img/product/product_list_01.jpg,음료
7Eleven,자이언츠)크런치에너지바4입,6000,1+1,https://www.7-eleven.co.kr/front/img/product/product_list_01.jpg,간식류
7Eleven,자이언츠)크런치에너지바35g,1500,1+1,https://www.7-eleven.co.kr/front/img/product/product_list_01.jpg,간식류
7Eleven,자이언츠)사워크림어니언팝콘75g,2800,1+1,https://www.7-eleven.co.kr/front/img/product/product_list_01.jpg,간식류
7Eleven,자이언츠)새우칩블랙페퍼맛97g,2000,1+1,https://www.7-eleven.co.kr/front/img/product/product_list_01.jpg,기타
7Eleven,CJ)비비고닭가슴살만두168g,5900,1+1,https://www.7-eleven.co.kr/front/img/product/product_list_01.jpg,식사류
7Eleven,CJ)비비고닭가슴살김치만두168g,5900,1+1,https://www.7-eleven.co.kr/front/img/product/product_list_01.jpg,식사류
7Eleven,PB)바나나우유300ml,2100,1+1,https://www.7-eleven.co.kr/front/img/product/product_list_01.jpg,음료
7Eleven,PB)딸기우유300ml,2100,1+1,https://www.7-eleven.co.kr/front/img/product/product_list_01.jpg,음료
7Eleven,PB)초코우유300ml,2100,1+1,https://www.7-eleven.co.kr/front/img/product/product_list_01.jpg,음료
7Eleven,하이트)테라제로350ml캔,2000,1+1,https://www.7-eleven.co.kr/front/img/product/product_list_01.jpg,기타
7Eleven,CJ)소고기듬뿍무국500g,9900,1+1,https://www.7-eleven.co.kr/front/img/product/product_list_01.jpg,기타
7Eleven,뉴트)프리미엄알부민골드25ml,2900,1+1,https://www.7-eleven.co.kr/front/img/product/product_list_01.jpg,기타
7Eleven,라엘)무표백순면소형14P,10800,1+1,https://www.7-eleven.co.kr/front/img/product/product_list_01.jpg,기타
7Eleven,코카)암바사제로500ml,2200,1+1,https://www.7-eleven.co.kr/front/img/product/product_list_01.jpg,음료
7Eleven,정식품)베지밀바나나땅콩버터쉐,2300,1+1,https://www.7-eleven.co.kr/front/img/product/product_list_01.jpg,기타
7Eleven,애경)포인트 클렌징키트_H,7000,1+1,https://www.7-eleven.co.kr/front/img/product/product_list_01.jpg,기타
7Eleven,삼립)갈릭후랑크65g,2400,1+1,https://www.7-eleven.co.kr/front/img/product/product_list_01.jpg,기타
7Eleven,자이언츠)응원배트쿠키65g,2300,1+1,https://www.7-eleven.co.kr/front/img/product/product_list_01.jpg,간식류
7Eleven,PB)유미의세포깡70g,1700,1+1,https://www.7-eleven.co.kr/front/img/product/product_list_01.jpg,기타
7Eleven,동원)리얼관자크랩스오리지널72g,4900,1+1,https://www.7-eleven.co.kr/front/img/product/product_list_01.jpg,기타
7Eleven,동원)리얼관자크랩스버터72g,4900,1+1,https://www.7-eleven.co.kr/front/img/product/product_list_01.jpg,기타
7Eleven,널담)고단백황치즈크럼블쿠키75g,3300,1+1,https://www.7-eleven.co.kr/front/img/product/product_list_01.jpg,간식류
7Eleven,덴마크)액티브드링킹딸기210ml,2300,1+1,https://www.7-eleven.co.kr/front/img/product/product_list_01.jpg,간식류
7Eleven,덴마크)액티브드링킹베리믹스210,2300,1+1,https://www.7-eleven.co.kr/front/img/product/product_list_01.jpg,간식류
7Eleven,CJ)비비고남도식추어탕460g,11900,1+1,https://www.7-eleven.co.kr/front/img/product/product_list_01.jpg,식사류
7Eleven,코카)스프라이트TEA제로500ml,2200,1+1,https://www.7-eleven.co.kr/front/img/product/product_list_01.jpg,음료
7Eleven,덴마크)테이크얼라이브아사이베,1500,1+1,https://www.7-eleven.co.kr/front/img/product/product_list_01.jpg,기타
7Eleven,오뚜기)골든후라이드치킨250g,9900,1+1,https://www.7-eleven.co.kr/front/img/product/product_list_01.jpg,기타
7Eleven,더필)클린KF94마스크1입(흰색)_H,2000,1+1,https://www.7-eleven.co.kr/front/img/product/product_list_01.jpg,기타
7Eleven,반찬단지)한입단무지130g,1000,1+1,https://www.7-eleven.co.kr/front/img/product/product_list_01.jpg,기타
7Eleven,롯데)파스퇴르장편한하루150ml,2300,1+1,https://www.7-eleven.co.kr/front/img/product/product_list_01.jpg,기타
7Eleven,CJ)동치미냉면육수330g,2500,1+1,https://www.7-eleven.co.kr/upload/product/8801007/033686.1.jpg,식사류
7Eleven,PB)영양반계탕(신)600g,15900,1+1,https://www.7-eleven.co.kr/front/img/product/product_list_01.jpg,기타
7Eleven,프레시팜)천도복숭아450g,5200,1+1,https://www.7-eleven.co.kr/front/img/product/product_list_01.jpg,기타
7Eleven,삼경)웨더스슈가프리크림캔디42g,3000,1+1,https://www.7-eleven.co.kr/front/img/product/product_list_01.jpg,간식류
7Eleven,동원)양반볶음김치(캔)160g,3400,1+1,https://www.7-eleven.co.kr/front/img/product/product_list_01.jpg,기타
7Eleven,CJ)New비비고찐만두168g,5900,1+1,https://www.7-eleven.co.kr/front/img/product/product_list_01.jpg,식사류
7Eleven,CJ)New비비고육즙불고기찐만두16,5900,1+1,https://www.7-eleven.co.kr/front/img/product/product_list_01.jpg,식사류
7Eleven,CJ)New비비고청양고추찐만두168g,5900,1+1,https://www.7-eleven.co.kr/front/img/product/product_list_01.jpg,식사류
7Eleven,CJ)비비고육즙가득떡갈비140g,9900,1+1,https://www.7-eleven.co.kr/front/img/product/product_list_01.jpg,간식류
7Eleven,롯데)스파이시프랑크90g,3200,1+1,https://www.7-eleven.co.kr/front/img/product/product_list_01.jpg,간식류
7Eleven,칠성)오트몬드프로틴커피250ml,2900,1+1,https://www.7-eleven.co.kr/front/img/product/product_list_01.jpg,음료
7Eleven,동원)어델리해물60g,4500,1+1,https://www.7-eleven.co.kr/front/img/product/product_list_01.jpg,기타
7Eleven,동원)어델리콘치즈60g,4500,1+1,https://www.7-eleven.co.kr/front/img/product/product_list_01.jpg,기타
7Eleven,오뚜기)찰현미밥210g,2700,1+1,https://www.7-eleven.co.kr/upload/product/8801045/890302.1.jpg,식사류
7Eleven,CJ)작은햇반흑미밥130g*3입,5950,1+1,https://www.7-eleven.co.kr/upload/product/8801007/281247.1.jpg,식사류
7Eleven,CJ)작은햇반발아현미밥130g*3입,5950,1+1,https://www.7-eleven.co.kr/upload/product/8801007/281223.1.jpg,식사류
7Eleven,동원)양반김치(캔)160g,3400,1+1,https://www.7-eleven.co.kr/front/img/product/product_list_01.jpg,기타
7Eleven,오뚜기)쇠고기미역국밥컵밥,4800,1+1,https://www.7-eleven.co.kr/upload/product/8801045/890289.1.jpg,식사류
7Eleven,오뚜기)햄버그덮밥(컵밥),5400,1+1,https://www.7-eleven.co.kr/front/img/product/product_list_01.jpg,식사류
7Eleven,오뚜기)톡톡김치알밥(컵밥),5400,1+1,https://www.7-eleven.co.kr/upload/product/8801045/892344.1.jpg,식사류
7Eleven,오뚜기)참치마요덮밥(컵밥),5400,1+1,https://www.7-eleven.co.kr/upload/product/8801045/892641.1.jpg,식사류
7Eleven,오뚜기)옛날사골곰탕500ml,3000,1+1,https://www.7-eleven.co.kr/upload/product/8801045/290102.1.jpg,식사류
7Eleven,오뚜기)차돌강된장보리밥컵밥,5400,1+1,https://www.7-eleven.co.kr/upload/product/8801045/892351.1.jpg,식사류
7Eleven,오뚜기)마포식차돌된장찌개,8500,1+1,https://www.7-eleven.co.kr/upload/product/8801045/634630.1.jpg,식사류
7Eleven,오뚜기)대구식쇠고기육개장,8500,1+1,https://www.7-eleven.co.kr/upload/product/8801045/600444.1.jpg,식사류
7Eleven,CJ)비비고갈비탕400g,11900,1+1,https://www.7-eleven.co.kr/upload/product/8801007/712079.1.jpg,식사류
7Eleven,CJ)비비고돼지고기김치찌개460g,9900,1+1,https://www.7-eleven.co.kr/upload/product/8801007/761749.1.jpg,식사류
7Eleven,CJ)비비고한우사골곰탕500g,3200,1+1,https://www.7-eleven.co.kr/upload/product/8801007/849805.1.jpg,식사류
7Eleven,동원)양반현미밥130g,2000,1+1,https://www.7-eleven.co.kr/upload/product/8801047/170969.1.jpg,식사류
7Eleven,오뚜기)카레컵밥,5400,1+1,https://www.7-eleven.co.kr/upload/product/8801045/725529.1.jpg,식사류
7Eleven,오뚜기)청주식돼지김치짜글이,8500,1+1,https://www.7-eleven.co.kr/upload/product/8801045/030098.1.jpg,기타
7Eleven,하림)더미식우렁된장찌개350g,6500,1+1,https://www.7-eleven.co.kr/upload/product/8809778/493418.1.jpg,식사류
7Eleven,하림)더미식차돌육개장350g,6500,1+1,https://www.7-eleven.co.kr/upload/product/8809778/493357.1.jpg,식사류
7Eleven,CJ)비비고사골곰탕500g,2900,1+1,https://www.7-eleven.co.kr/upload/product/8801007/526492.1.jpg,식사류
7Eleven,CJ)작은햇반100%현미밥130g,2600,1+1,https://www.7-eleven.co.kr/upload/product/8801392/023200.1.jpg,식사류
7Eleven,CJ)소고기듬뿍미역국460g,9900,1+1,https://www.7-eleven.co.kr/upload/product/8801392/032998.1.jpg,기타
7Eleven,CJ)백설사골육수1분링,8900,1+1,https://www.7-eleven.co.kr/upload/product/8801392/061646.1.jpg,식사류
7Eleven,CJ)백설멸치육수1분링,8900,1+1,https://www.7-eleven.co.kr/upload/product/8801392/061622.1.jpg,기타
7Eleven,CJ)비비고한식간장김자반20g,3200,1+1,https://www.7-eleven.co.kr/front/img/product/product_list_01.jpg,식사류
7Eleven,코카)스프라이트500ml,2200,1+1,https://www.7-eleven.co.kr/upload/product/8801094/202606.1.jpg,음료
7Eleven,코카)코카콜라제로1.5L,4000,1+1,https://www.7-eleven.co.kr/upload/product/8801094/082406.1.jpg,음료
7Eleven,CJ)비비고칩오리지널김스낵40g,4900,1+1,https://www.7-eleven.co.kr/upload/product/8801007/761503.1.jpg,간식류
7Eleven,CJ)비비고칩스위트콘김스낵40g,4900,1+1,https://www.7-eleven.co.kr/upload/product/8801007/761527.1.jpg,간식류
7Eleven,CJ)비비고칩포테이토40g,4900,1+1,https://www.7-eleven.co.kr/upload/product/8801007/761541.1.jpg,식사류
7Eleven,하이트)하이트제로350ml캔,2000,1+1,https://www.7-eleven.co.kr/front/img/product/product_list_01.jpg,기타
7Eleven,HK)컨디션(레이디)100ml,5000,1+1,https://www.7-eleven.co.kr/upload/product/8801007/178233.1.jpg,기타
7Eleven,코카)토레타500ml,2200,1+1,https://www.7-eleven.co.kr/upload/product/8801094/412005.1.jpg,음료
7Eleven,코카)닥터페퍼500ml,2200,1+1,https://www.7-eleven.co.kr/upload/product/8801094/052607.1.jpg,음료
7Eleven,매일)상하목장아이스밀크474ml,14900,1+1,https://www.7-eleven.co.kr/upload/product/8801121/036976.1.jpg,기타
7Eleven,매일)상하목장아이스딸기474ml,14900,1+1,https://www.7-eleven.co.kr/upload/product/8801121/036990.1.jpg,기타
7Eleven,끌)끼리크림치즈플레인&블루베리,14900,1+1,https://www.7-eleven.co.kr/front/img/product/product_list_01.jpg,간식류
7Eleven,끌)클린라벨솔티드바닐라파인트,14900,1+1,https://www.7-eleven.co.kr/upload/product/8801104/675581.1.jpg,간식류
7Eleven,끌)클린라벨밀크티파인트,14900,1+1,https://www.7-eleven.co.kr/upload/product/8801104/675567.1.jpg,간식류
7Eleven,나이스케키)솔티드카라멜474,11900,1+1,https://www.7-eleven.co.kr/front/img/product/product_list_01.jpg,기타
7Eleven,나이스케키)초콜릿474ml,11900,1+1,https://www.7-eleven.co.kr/front/img/product/product_list_01.jpg,간식류
7Eleven,매일)상하목장아이스초코474ml,14900,1+1,https://www.7-eleven.co.kr/front/img/product/product_list_01.jpg,기타
7Eleven,동원)양반쇠고기죽285g,4500,1+1,https://www.7-eleven.co.kr/upload/product/8801047/161608.1.jpg,식사류
7Eleven,동원)양반야채죽285g,4500,1+1,https://www.7-eleven.co.kr/upload/product/8801047/161646.1.jpg,식사류
7Eleven,오뚜기)XO교자만두324g,7200,1+1,https://www.7-eleven.co.kr/upload/product/8801045/712987.1.jpg,식사류
7Eleven,LG)리엔흑모비책염모제(흑갈색)_,13900,1+1,https://www.7-eleven.co.kr/upload/product/8801051/385410.1.jpg,생활/위생용품
7Eleven,LG)엘라스틴맨인매트스프레이200,8900,1+1,https://www.7-eleven.co.kr/upload/product/8801051/199970.1.jpg,생활/위생용품
7Eleven,LG)핑크솔트클렌징폼200ml_H,11000,1+1,https://www.7-eleven.co.kr/upload/product/8801051/023220.1.jpg,생활/위생용품
7Eleven,PB)도루코PACE4일회용면도기_H,2300,1+1,https://www.7-eleven.co.kr/upload/product/8801038/564852.1.jpg,생활/위생용품
7Eleven,아모레)메디안치석케어93%_H,5400,1+1,https://www.7-eleven.co.kr/front/img/product/product_list_01.jpg,기타
7Eleven,애경)케라시스데미지샴푸_H,6000,1+1,https://www.7-eleven.co.kr/upload/product/8801046/900932.1.jpg,생활/위생용품
7Eleven,애경)케라시스데미지린스_H,6000,1+1,https://www.7-eleven.co.kr/upload/product/8801046/902073.1.jpg,생활/위생용품
7Eleven,LG)페리오토탈7치약_H,4700,1+1,https://www.7-eleven.co.kr/upload/product/8801051/064223.1.jpg,생활/위생용품
7Eleven,LG)엘라스틴실크리페어샴푸400ml,11900,1+1,https://www.7-eleven.co.kr/upload/product/8801051/018868.1.jpg,생활/위생용품
7Eleven,애경)2080슈퍼클린칫솔_H,2500,1+1,https://www.7-eleven.co.kr/upload/product/8801046/297230.1.jpg,생활/위생용품
7Eleven,아모레)미장센퍼펙트샴푸680ml_H,18000,1+1,https://www.7-eleven.co.kr/upload/product/8809803/548472.1.jpg,생활/위생용품
7Eleven,아모레)미장센퍼펙트린스680ml_H,18000,1+1,https://www.7-eleven.co.kr/upload/product/8809803/549202.1.jpg,생활/위생용품
7Eleven,P&G)질레트센서3일회용면도기1입,3000,1+1,https://www.7-eleven.co.kr/upload/product/4902430/909303.1.jpg,생활/위생용품
7Eleven,LG)엘라스틴 러브미샴푸600ml_H,13900,1+1,https://www.7-eleven.co.kr/upload/product/8801051/152517.1.jpg,생활/위생용품
7Eleven,도루코)6중날 휴대용면도기3입_H,8600,1+1,https://www.7-eleven.co.kr/upload/product/8801038/116204.1.jpg,생활/위생용품
7Eleven,LG)세꼼마버블항균핸드워시250_H,7900,1+1,https://www.7-eleven.co.kr/upload/product/8801051/371079.1.jpg,생활/위생용품
7Eleven,LG)엘라스틴프로틴샴푸480ml_H,12900,1+1,https://www.7-eleven.co.kr/upload/product/8801051/292916.1.jpg,생활/위생용품
7Eleven,LG)엘라스틴프로틴컨디셔너480ml,12900,1+1,https://www.7-eleven.co.kr/upload/product/8801051/292909.1.jpg,생활/위생용품
7Eleven,LG)핑크솔트바디워시200ml_H,5500,1+1,https://www.7-eleven.co.kr/upload/product/8801051/298970.1.jpg,생활/위생용품
7Eleven,LG)핑크솔트시카샴푸200ml_H,7000,1+1,https://www.7-eleven.co.kr/upload/product/8801051/299274.1.jpg,생활/위생용품
7Eleven,LG)유시몰제로마일드가글90ml_H,3900,1+1,https://www.7-eleven.co.kr/upload/product/8801051/218282.1.jpg,생활/위생용품
7Eleven,LG)바디피트귀애랑울날중4P,2500,1+1,https://www.7-eleven.co.kr/upload/product/8809016/360083.1.jpg,생활/위생용품
7Eleven,LG)샤프란케어담배냄새탈취100ml,4200,1+1,https://www.7-eleven.co.kr/upload/product/8801051/262681.1.jpg,생활/위생용품
7Eleven,LG)샤프란케어은은한향100ml_H,4200,1+1,https://www.7-eleven.co.kr/upload/product/8801051/262995.1.jpg,생활/위생용품
7Eleven,P&G)다우니핑크1L_H,15000,1+1,https://www.7-eleven.co.kr/upload/product/4902430/311625.1.jpg,생활/위생용품
7Eleven,P&G)다우니블루1L_H,15000,1+1,https://www.7-eleven.co.kr/upload/product/4902430/311724.1.jpg,생활/위생용품
7Eleven,P&G)다우니향페브리즈370ml_H,12000,1+1,https://www.7-eleven.co.kr/upload/product/4902430/741880.1.jpg,생활/위생용품
7Eleven,P&G)페브리즈MEN_370ml_H,12000,1+1,https://www.7-eleven.co.kr/upload/product/4902430/643191.1.jpg,생활/위생용품
7Eleven,LG)아우라1L(윌유메리미)_H,10900,1+1,https://www.7-eleven.co.kr/upload/product/8801051/267730.1.jpg,생활/위생용품
7Eleven,LG)테크베이킹소다액체세제1.4L_,12900,1+1,https://www.7-eleven.co.kr/upload/product/8801051/020014.1.jpg,생활/위생용품
7Eleven,LG)홈스타뿌리는곰팡이싹500ml_H,7900,1+1,https://www.7-eleven.co.kr/front/img/product/product_list_01.jpg,생활/위생용품
7Eleven,피죤)스프레이80ml(플라워퍼퓸)_,4200,1+1,https://www.7-eleven.co.kr/upload/product/8801101/883989.1.jpg,생활/위생용품
7Eleven,피죤)스프레이80ml(미스틱레인)_,4200,1+1,https://www.7-eleven.co.kr/upload/product/8801101/883996.1.jpg,기타
7Eleven,LG)퐁퐁주방세제리필오렌지1.2L_,6900,1+1,https://www.7-eleven.co.kr/front/img/product/product_list_01.jpg,생활/위생용품
7Eleven,피죤)액츠프리미엄(프레시)1L_H,12500,1+1,https://www.7-eleven.co.kr/upload/product/8801101/882869.1.jpg,생활/위생용품
7Eleven,피죤)액츠프리미엄(유칼립튜스)_,12500,1+1,https://www.7-eleven.co.kr/upload/product/8801101/882852.1.jpg,생활/위생용품
7Eleven,피죤)초고농축시그니처1L(플라워,13900,1+1,https://www.7-eleven.co.kr/front/img/product/product_list_01.jpg,생활/위생용품
7Eleven,LG)테크실내건조1.4L(공용)_H,12900,1+1,https://www.7-eleven.co.kr/upload/product/8801051/219333.1.jpg,생활/위생용품
7Eleven,피죤)초고농축시그니처1L(미스틱,13900,1+1,https://www.7-eleven.co.kr/front/img/product/product_list_01.jpg,기타
7Eleven,피죤)액츠실내건조캡슐세제(15입,13600,1+1,https://www.7-eleven.co.kr/front/img/product/product_list_01.jpg,생활/위생용품
7Eleven,애경)2080칫솔_H,3000,1+1,https://www.7-eleven.co.kr/upload/product/8801046/057216.1.jpg,생활/위생용품
7Eleven,애경)2080치약125g_H,4400,1+1,https://www.7-eleven.co.kr/upload/product/8801046/846087.1.jpg,생활/위생용품
7Eleven,P&G)향기나는페브리즈370ml_H,11000,1+1,https://www.7-eleven.co.kr/upload/product/4902430/741873.1.jpg,생활/위생용품
7Eleven,P&G)상쾌한향페브리즈370ml_H,11000,1+1,https://www.7-eleven.co.kr/upload/product/4902430/741866.1.jpg,생활/위생용품
7Eleven,피죤)액츠후레쉬(겸용)1.4L_H,14900,1+1,https://www.7-eleven.co.kr/upload/product/8801101/161537.1.jpg,생활/위생용품
7Eleven,LG)볼록맞춤울날대16P,9400,1+1,https://www.7-eleven.co.kr/upload/product/8809016/362056.1.jpg,생활/위생용품
7Eleven,좋은느낌유기농순면라이너18P,4900,1+1,https://www.7-eleven.co.kr/upload/product/8801166/222587.1.jpg,기타
7Eleven,PB)키친타올150매*4롤,9900,1+1,https://www.7-eleven.co.kr/upload/product/8801260/330881.1.jpg,기타
7Eleven,LG)바디피트슈퍼롱&와이드10P,9400,1+1,https://www.7-eleven.co.kr/upload/product/8809299/230820.1.jpg,생활/위생용품
7Eleven,깨끗한)퓨어물티슈60매,4200,1+1,https://www.7-eleven.co.kr/upload/product/8801260/606849.1.jpg,생활/위생용품
7Eleven,PB)천연펄프3겹데코12롤,17800,1+1,https://www.7-eleven.co.kr/upload/product/8801260/112173.1.jpg,기타
7Eleven,LG)바디피트내몸에순한면4P,2800,1+1,https://www.7-eleven.co.kr/upload/product/8809299/234811.1.jpg,생활/위생용품
7Eleven,LG)내몸에순한면 수퍼롱3P,4500,1+1,https://www.7-eleven.co.kr/upload/product/8809299/233883.1.jpg,생활/위생용품
7Eleven,LG)바디피트볼록맞춤오버4P,4200,1+1,https://www.7-eleven.co.kr/upload/product/8809299/234446.1.jpg,생활/위생용품
7Eleven,유한)좋은느낌울트라날개중4P,2000,1+1,https://www.7-eleven.co.kr/upload/product/8801166/234399.1.jpg,생활/위생용품
7Eleven,유한)좋은느낌울트라날개중18P,9900,1+1,https://www.7-eleven.co.kr/upload/product/8801166/234023.1.jpg,생활/위생용품
7Eleven,유한)좋은느낌울트라날개대16P,9900,1+1,https://www.7-eleven.co.kr/upload/product/8801166/234214.1.jpg,생활/위생용품
7Eleven,유한)좋은느낌순면울날중18P,10400,1+1,https://www.7-eleven.co.kr/upload/product/8801166/234153.1.jpg,기타
7Eleven,유한)좋은느낌입는오버4P,10500,1+1,https://www.7-eleven.co.kr/upload/product/8801166/230469.1.jpg,생활/위생용품
7Eleven,LG)바디피트볼록맞춤중형16P,8400,1+1,https://www.7-eleven.co.kr/upload/product/8809299/235399.1.jpg,생활/위생용품
7Eleven,LG)귀애랑대형4P,2800,1+1,https://www.7-eleven.co.kr/upload/product/8809299/232442.1.jpg,생활/위생용품
7Eleven,유한)크리넥스수앤수캡80(라이언,6600,1+1,https://www.7-eleven.co.kr/upload/product/8801166/051897.1.jpg,기타
7Eleven,유한)좋은느낌좋은순면울날대16P,10400,1+1,https://www.7-eleven.co.kr/upload/product/8801166/231367.1.jpg,기타
7Eleven,PB)프리미엄3겹데코24롤,26700,1+1,https://www.7-eleven.co.kr/upload/product/8809310/377299.1.jpg,기타
7Eleven,PB)new미용티슈200매*3입,9800,1+1,https://www.7-eleven.co.kr/upload/product/8809310/377275.1.jpg,생활/위생용품
7Eleven,깨끗한)깨끗한나라물티슈20매,2200,1+1,https://www.7-eleven.co.kr/upload/product/8801260/610006.1.jpg,생활/위생용품
7Eleven,동아)템포팬티라이너18P,4000,1+1,https://www.7-eleven.co.kr/upload/product/8806011/636748.1.jpg,생활/위생용품
7Eleven,유한)하기스물티슈캡형72매,6800,1+1,https://www.7-eleven.co.kr/upload/product/8801166/386173.1.jpg,생활/위생용품
7Eleven,LG)쏘피유기농100%무표백중형4P,3400,1+1,https://www.7-eleven.co.kr/upload/product/8809709/260102.1.jpg,생활/위생용품
7Eleven,LG)쏘피유기농100%무표백대형4P,3900,1+1,https://www.7-eleven.co.kr/upload/product/8809709/260201.1.jpg,생활/위생용품
7Eleven,깨끗한)건강한순수한면중형16P,8900,1+1,https://www.7-eleven.co.kr/upload/product/8801260/418596.1.jpg,기타
7Eleven,깨끗한)건강한순수한면대형14P,8900,1+1,https://www.7-eleven.co.kr/upload/product/8801260/418602.1.jpg,기타
7Eleven,깨끗한)디어스킨에어엠보중형16P,8100,1+1,https://www.7-eleven.co.kr/upload/product/8801260/419593.1.jpg,생활/위생용품
7Eleven,깨끗한)디어스킨에어엠보대형14P,8100,1+1,https://www.7-eleven.co.kr/upload/product/8801260/419609.1.jpg,생활/위생용품
7Eleven,깨끗한나라3겹소프트24롤(펄프),29800,1+1,https://www.7-eleven.co.kr/upload/product/8801260/113873.1.jpg,기타
7Eleven,LG)쏘피안심숙면팬티4P(L),10500,1+1,https://www.7-eleven.co.kr/upload/product/8809709/260898.1.jpg,생활/위생용품
7Eleven,유한)좋은느낌좋은순면수퍼롱10P,10400,1+1,https://www.7-eleven.co.kr/upload/product/8801166/234122.1.jpg,기타
7Eleven,유한)좋은느낌유기농순면중형14P,10300,1+1,https://www.7-eleven.co.kr/upload/product/8801166/239110.1.jpg,기타
7Eleven,유한)좋은느낌유기농순면대형14P,12000,1+1,https://www.7-eleven.co.kr/upload/product/8801166/239134.1.jpg,기타
7Eleven,좋은느낌유기농순면수퍼롱오버8,10600,1+1,https://www.7-eleven.co.kr/upload/product/8801166/239172.1.jpg,기타
7Eleven,유한)화이트수퍼흡수중형18P,9700,1+1,https://www.7-eleven.co.kr/upload/product/8801166/238762.1.jpg,생활/위생용품
7Eleven,유한)화이트수퍼흡수대형16P,9700,1+1,https://www.7-eleven.co.kr/upload/product/8801166/238786.1.jpg,생활/위생용품
7Eleven,라엘)라엘오가닉중형14P,9400,1+1,https://www.7-eleven.co.kr/upload/product/0859306/006502.1.jpg,생활/위생용품
7Eleven,라엘)라엘오가닉대형12P,9400,1+1,https://www.7-eleven.co.kr/upload/product/0859306/006496.1.jpg,생활/위생용품
7Eleven,깨끗한)디어스킨리얼모달중형16P,8600,1+1,https://www.7-eleven.co.kr/upload/product/8801260/420322.1.jpg,생활/위생용품
7Eleven,깨끗한)디어스킨리얼모달대형14P,8600,1+1,https://www.7-eleven.co.kr/upload/product/8801260/420339.1.jpg,생활/위생용품
7Eleven,유한)좋은느낌무표백중형16P,12500,1+1,https://www.7-eleven.co.kr/upload/product/8801166/090049.1.jpg,생활/위생용품
7Eleven,유한)크리넥스마이비데물티슈10,1600,1+1,https://www.7-eleven.co.kr/upload/product/8801166/055123.1.jpg,생활/위생용품
7Eleven,깨끗한)디어스킨입는오버4P(M),10900,1+1,https://www.7-eleven.co.kr/upload/product/8801260/419760.1.jpg,생활/위생용품
7Eleven,유한)좋은느낌입는데이팬티중형4,10900,1+1,https://www.7-eleven.co.kr/upload/product/8801166/098984.1.jpg,생활/위생용품
7Eleven,유한)좋은느낌입는데이팬티대형4,10900,1+1,https://www.7-eleven.co.kr/upload/product/8801166/098991.1.jpg,생활/위생용품
7Eleven,동아)템포입는오버나이트5P,11900,1+1,https://www.7-eleven.co.kr/upload/product/8806011/637684.1.jpg,기타
7Eleven,LG)쏘피안심숙면팬티4P(M),10500,1+1,https://www.7-eleven.co.kr/upload/product/8809709/260881.1.jpg,생활/위생용품
7Eleven,수젠텍)코로나자가검사키트2입,11000,1+1,https://www.7-eleven.co.kr/front/img/product/product_list_01.jpg,기타
7Eleven,선린)휴에르KF94마스크블랙1입_H,2000,1+1,https://www.7-eleven.co.kr/upload/product/8809229/813963.1.jpg,기타
7Eleven,P&G)질레트마하３터보면도기_H,24800,1+1,https://www.7-eleven.co.kr/upload/product/3014260/274856.1.jpg,생활/위생용품
7Eleven,동원)뉴트리스틱(참치연어)_H,3000,1+1,https://www.7-eleven.co.kr/upload/product/8801047/648048.1.jpg,기타
7Eleven,동원)뉴트리스틱(참치닭가슴살)_,3000,1+1,https://www.7-eleven.co.kr/upload/product/8801047/648024.1.jpg,기타
7Eleven,동원)뉴트리스틱(참치)_H,3000,1+1,https://www.7-eleven.co.kr/upload/product/8801047/648000.1.jpg,기타
7Eleven,LG)바디피트볼록맞춤울날중4P,2000,1+1,https://www.7-eleven.co.kr/upload/product/8809016/369048.1.jpg,생활/위생용품
7Eleven,P&G)오랄비후레쉬클린칫솔_H,2000,1+1,https://www.7-eleven.co.kr/upload/product/3014260/844622.1.jpg,생활/위생용품
7Eleven,LG)뉴 퐁퐁400g_H,3700,1+1,https://www.7-eleven.co.kr/upload/product/8801051/231038.1.jpg,생활/위생용품
7Eleven,라엘)라엘오가닉중형4P,3900,1+1,https://www.7-eleven.co.kr/upload/product/8809641/110220.1.jpg,생활/위생용품
7Eleven,쏘피)안심숙면팬티무표백대형4,11900,1+1,https://www.7-eleven.co.kr/upload/product/8809709/260911.1.jpg,생활/위생용품
7Eleven,동원)양반흑미밥130g,2000,1+1,https://www.7-eleven.co.kr/front/img/product/product_list_01.jpg,식사류
7Eleven,뉴초이스)아쌈블랙티400ml,1900,2+1,https://www.7-eleven.co.kr/upload/product/4711162/984508.1.jpg,기타
7Eleven,덴마크)얼라이브망고250ml,1700,2+1,https://www.7-eleven.co.kr/upload/product/8801155/735081.1.jpg,기타
7Eleven,덴마크)얼라이브스위티자몽250ml,1700,2+1,https://www.7-eleven.co.kr/upload/product/8801155/735074.1.jpg,기타
7Eleven,남양)요구르트그란데280ml,1700,2+1,https://www.7-eleven.co.kr/upload/product/8801069/186351.1.jpg,음료
7Eleven,정식품)베지밀B검은콩190ml,2000,2+1,https://www.7-eleven.co.kr/upload/product/8801033/799075.1.jpg,기타
7Eleven,덴마크)딸기딸기우유300ml,2100,2+1,https://www.7-eleven.co.kr/upload/product/8801155/731632.1.jpg,음료
7Eleven,서울)초코꿀단지180ml,1700,2+1,https://www.7-eleven.co.kr/upload/product/8801115/384007.1.jpg,기타
7Eleven,서울)딸기꿀단지180ml,1700,2+1,https://www.7-eleven.co.kr/upload/product/8801115/384014.1.jpg,기타
7Eleven,매일)바리스타시그니처드립325ml,3500,2+1,https://www.7-eleven.co.kr/upload/product/8801121/768167.1.jpg,기타
7Eleven,매일)바리스타블랙325ml,3500,2+1,https://www.7-eleven.co.kr/upload/product/8801121/768174.1.jpg,기타
7Eleven,매일)아몬드브리즈초콜릿190ml,1500,2+1,https://www.7-eleven.co.kr/upload/product/8801121/768068.1.jpg,간식류
7Eleven,매일)두유오리지널190ml,1400,2+1,https://www.7-eleven.co.kr/upload/product/8801121/768464.1.jpg,음료
7Eleven,매일)두유99.9 190ml,1400,2+1,https://www.7-eleven.co.kr/upload/product/8801121/768440.1.jpg,음료
7Eleven,빙그레)닥터캡슐플레인130ml,2300,2+1,https://www.7-eleven.co.kr/upload/product/8801104/302739.1.jpg,간식류
7Eleven,덴마크)초코초코우유300ml,2100,2+1,https://www.7-eleven.co.kr/upload/product/8801155/731625.1.jpg,음료
7Eleven,덴마크)커피커피300ml,2100,2+1,https://www.7-eleven.co.kr/upload/product/8801155/731847.1.jpg,음료
7Eleven,덴마크)바나바나우유300ml,2100,2+1,https://www.7-eleven.co.kr/upload/product/8801155/731830.1.jpg,음료
7Eleven,매일)바리스타바닐라빈라떼325ml,3500,2+1,https://www.7-eleven.co.kr/upload/product/8801121/771402.1.jpg,음료
7Eleven,매일)바리스타쇼콜라모카325ml,3500,2+1,https://www.7-eleven.co.kr/upload/product/8801121/771396.1.jpg,음료
7Eleven,빙그레)사이즈업라떼350ml,2600,2+1,https://www.7-eleven.co.kr/upload/product/8801104/304047.1.jpg,음료
7Eleven,빙그레)사이즈업아메리카노350ml,2600,2+1,https://www.7-eleven.co.kr/upload/product/8801104/304023.1.jpg,음료
7Eleven,동서)맥심TOP라떼240ml,2300,2+1,https://www.7-eleven.co.kr/upload/product/8801037/092240.1.jpg,음료
7Eleven,동서)맥심TOP블랙240ml,2300,2+1,https://www.7-eleven.co.kr/upload/product/8801037/092264.1.jpg,기타
7Eleven,덴마크)얼라이브블러드오렌지250,1700,2+1,https://www.7-eleven.co.kr/upload/product/8801155/735135.1.jpg,기타
7Eleven,동서)맥심TOP볼드라떼컵300ml,2900,2+1,https://www.7-eleven.co.kr/upload/product/8801115/381761.1.jpg,음료
7Eleven,정식품)베지밀아몬드호두190ml,2000,2+1,https://www.7-eleven.co.kr/front/img/product/product_list_01.jpg,간식류
7Eleven,비락)유기농야채사랑190ml,1700,2+1,https://www.7-eleven.co.kr/upload/product/8801189/201767.1.jpg,기타
7Eleven,비락)유기농당근비트180ml,1700,2+1,https://www.7-eleven.co.kr/upload/product/8801189/204232.1.jpg,기타
7Eleven,빙그레)사이즈업바닐라라떼350ml,2600,2+1,https://www.7-eleven.co.kr/upload/product/8801104/306591.1.jpg,음료
7Eleven,서울)비요뜨쿠키앤크림131g,2300,2+1,https://www.7-eleven.co.kr/front/img/product/product_list_01.jpg,간식류
7Eleven,칠성)오가닉사과&당근주스125ml,1500,2+1,https://www.7-eleven.co.kr/upload/product/8801056/095413.1.jpg,음료
7Eleven,빙그레)닥터캡슐사과130ml,2300,2+1,https://www.7-eleven.co.kr/upload/product/8801104/665421.1.jpg,기타
7Eleven,매일)두유검은콩190ml,1400,2+1,https://www.7-eleven.co.kr/upload/product/8801121/025710.1.jpg,음료
7Eleven,매일)엔요280ml,1700,2+1,https://www.7-eleven.co.kr/upload/product/8801121/024737.1.jpg,기타
7Eleven,매일)바리스타디카페인325ml,3500,2+1,https://www.7-eleven.co.kr/upload/product/8801121/027523.1.jpg,음료
7Eleven,서울)바나나우유300ml,2100,2+1,https://www.7-eleven.co.kr/upload/product/8801115/137290.1.jpg,음료
7Eleven,빙그레)스페셜티예가체프460ml,3000,2+1,https://www.7-eleven.co.kr/upload/product/8801104/667043.1.jpg,기타
7Eleven,동서)맥심TOP너티카라멜300ml,2900,2+1,https://www.7-eleven.co.kr/upload/product/8801115/384250.1.jpg,기타
7Eleven,매일)상하치즈아몬드고다48g,2800,2+1,https://www.7-eleven.co.kr/upload/product/8801121/027431.1.jpg,기타
7Eleven,빙그레)닥터캡슐베리믹스130ml,2300,2+1,https://www.7-eleven.co.kr/upload/product/8801104/669283.1.jpg,기타
7Eleven,덴마크)얼라이브머스캣청포도250,1700,2+1,https://www.7-eleven.co.kr/upload/product/8801155/732769.1.jpg,기타
7Eleven,칠성)오가닉적포도&보라당근125m,1500,2+1,https://www.7-eleven.co.kr/upload/product/8801056/168308.1.jpg,기타
7Eleven,매일)바리스타라떼PET475ml,2700,2+1,https://www.7-eleven.co.kr/upload/product/8801121/031858.1.jpg,음료
7Eleven,매일)바리스타아메리카노PET475m,2700,2+1,https://www.7-eleven.co.kr/upload/product/8801121/031834.1.jpg,음료
7Eleven,빙그레)더단백초코250ml,2900,2+1,https://www.7-eleven.co.kr/upload/product/8801104/670876.1.jpg,기타
7Eleven,이디야)카페라떼300ml,3200,2+1,https://www.7-eleven.co.kr/upload/product/8809388/463917.1.jpg,음료
7Eleven,이디야)토피넛라떼300ml,3200,2+1,https://www.7-eleven.co.kr/upload/product/8809388/463924.1.jpg,음료
7Eleven,이디야)돌체콜드브루300ml,3200,2+1,https://www.7-eleven.co.kr/upload/product/8809388/463931.1.jpg,음료
7Eleven,비알)쿠키앤크림우유190ml,1500,2+1,https://www.7-eleven.co.kr/upload/product/8809288/633052.1.jpg,간식류
7Eleven,비알)베리베리스트로베리우유190,1500,2+1,https://www.7-eleven.co.kr/upload/product/8809288/633045.1.jpg,음료
7Eleven,비알)민트초코우유190ml,1500,2+1,https://www.7-eleven.co.kr/upload/product/8809288/633038.1.jpg,음료
7Eleven,매일)어메이징오트오리지널190ml,1500,2+1,https://www.7-eleven.co.kr/upload/product/8801121/033531.1.jpg,기타
7Eleven,매일)어메이징오트언스위트190ml,1500,2+1,https://www.7-eleven.co.kr/upload/product/8801121/033463.1.jpg,기타
7Eleven,매일)상하치즈크림치즈48g,2800,2+1,https://www.7-eleven.co.kr/upload/product/8801121/020388.1.jpg,기타
7Eleven,빙그레)더단백커피250ml,2900,2+1,https://www.7-eleven.co.kr/upload/product/8801104/673211.1.jpg,음료
7Eleven,남양)테이크핏초코250ml,2900,2+1,https://www.7-eleven.co.kr/upload/product/8801069/416007.1.jpg,기타
7Eleven,남양)테이크핏고소한맛250ml,2900,2+1,https://www.7-eleven.co.kr/upload/product/8801069/415833.1.jpg,기타
7Eleven,비알)이상한나라솜사탕우유190ml,1500,2+1,https://www.7-eleven.co.kr/upload/product/8809288/633595.1.jpg,간식류
7Eleven,일동)하이뮨액티브밀크쉐이크제,2900,2+1,https://www.7-eleven.co.kr/upload/product/8801157/470959.1.jpg,기타
7Eleven,일동)하이뮨액티브딥초코제로250,2900,2+1,https://www.7-eleven.co.kr/upload/product/8801157/470928.1.jpg,기타
7Eleven,남양)과수원사과200ml,1800,2+1,https://www.7-eleven.co.kr/upload/product/8801069/416236.1.jpg,기타
7Eleven,덴마크)드링킹딸기275ml,2400,2+1,https://www.7-eleven.co.kr/upload/product/8801155/741822.1.jpg,간식류
7Eleven,덴마크)드링킹베리믹스275ml,2400,2+1,https://www.7-eleven.co.kr/upload/product/8801155/741846.1.jpg,간식류
7Eleven,덴마크)드링킹복숭아275ml,2400,2+1,https://www.7-eleven.co.kr/upload/product/8801155/741877.1.jpg,간식류
7Eleven,덴마크)드링킹사과275ml,2400,2+1,https://www.7-eleven.co.kr/upload/product/8801155/741839.1.jpg,간식류
7Eleven,덴마크)드링킹플레인275ml,2400,2+1,https://www.7-eleven.co.kr/upload/product/8801155/741853.1.jpg,간식류
7Eleven,정식품)고단백검은콩두유190ml,1600,2+1,https://www.7-eleven.co.kr/front/img/product/product_list_01.jpg,음료
7Eleven,남양)테이크핏바나나250ml,2900,2+1,https://www.7-eleven.co.kr/upload/product/8801069/417554.1.jpg,기타
7Eleven,매일)바리스타돌체라떼325ml,3500,2+1,https://www.7-eleven.co.kr/upload/product/8801121/040416.1.jpg,음료
7Eleven,빙그레)스페셜티안티오키아460ml,3000,2+1,https://www.7-eleven.co.kr/upload/product/8801104/940603.1.jpg,기타
7Eleven,빙그레)사이즈업연유라떼350ml,2600,2+1,https://www.7-eleven.co.kr/upload/product/8801104/940931.1.jpg,음료
7Eleven,일동)하이뮨액티브더블샷커피제,2900,2+1,https://www.7-eleven.co.kr/upload/product/8801157/471178.1.jpg,음료
7Eleven,매일)두유고단백190ml,1800,2+1,https://www.7-eleven.co.kr/upload/product/8801121/032145.1.jpg,음료
7Eleven,PB)앙리마티스카페라떼250ml,2500,2+1,https://www.7-eleven.co.kr/upload/product/8801155/743161.1.jpg,음료
7Eleven,PB)앙리마티스바닐라라떼250ml,2500,2+1,https://www.7-eleven.co.kr/upload/product/8801155/743178.1.jpg,음료
7Eleven,남양)테이크핏호박고구마250ml,2900,2+1,https://www.7-eleven.co.kr/upload/product/8801069/419619.1.jpg,기타
7Eleven,정식품)베지밀A(병)190ml,1800,2+1,https://www.7-eleven.co.kr/upload/product/8801033/000119.1.jpg,기타
7Eleven,매일)커피속에모카치노300ml,1600,2+1,https://www.7-eleven.co.kr/upload/product/8801121/130568.1.jpg,음료
7Eleven,서울)아침에주스오렌지PE210ml,2300,2+1,https://www.7-eleven.co.kr/upload/product/8801115/336143.1.jpg,음료
7Eleven,서울)비요뜨초코링138g,2300,2+1,https://www.7-eleven.co.kr/upload/product/8801115/212713.1.jpg,기타
7Eleven,롯데)쾌변사과150ml,1900,2+1,https://www.7-eleven.co.kr/upload/product/8801207/050117.1.jpg,기타
7Eleven,매일)바리스타스모키250ml,2900,2+1,https://www.7-eleven.co.kr/upload/product/8801121/107935.1.jpg,기타
7Eleven,매일)바리스타모카프레소250ml,2900,2+1,https://www.7-eleven.co.kr/upload/product/8801121/107942.1.jpg,음료
7Eleven,남양)불가리스딸기150ml,2000,2+1,https://www.7-eleven.co.kr/upload/product/8801069/175959.1.jpg,기타
7Eleven,남양)불가리스사과150ml,2000,2+1,https://www.7-eleven.co.kr/upload/product/8801069/175942.1.jpg,기타
7Eleven,매일)바리스타에스프레소250ml,2900,2+1,https://www.7-eleven.co.kr/upload/product/8801121/106792.1.jpg,음료
7Eleven,제니코)스트링치즈24g,1800,2+1,https://www.7-eleven.co.kr/upload/product/0309003/61352.1.jpg,간식류
7Eleven,롯데)에센뽀득프랑크70g,2600,2+1,https://www.7-eleven.co.kr/upload/product/8801123/307630.1.jpg,간식류
7Eleven,롯데)의성마늘프랑크70g,2600,2+1,https://www.7-eleven.co.kr/upload/product/8801123/307647.1.jpg,간식류
7Eleven,종가집)새콤달콤볶음김치80g,2100,2+1,https://www.7-eleven.co.kr/upload/product/8801024/053667.1.jpg,간식류
7Eleven,진주햄)천하장사28g,1500,2+1,https://www.7-eleven.co.kr/upload/product/8801077/285701.1.jpg,간식류
7Eleven,CJ)청양고추후랑크80g,2700,2+1,https://www.7-eleven.co.kr/upload/product/8801007/348308.1.jpg,기타
7Eleven,롯데)의성마늘빅프랑크90g,2900,2+1,https://www.7-eleven.co.kr/upload/product/8801123/309498.1.jpg,간식류
7Eleven,CJ)맥스봉숯불구이맛핫바90g,2700,2+1,https://www.7-eleven.co.kr/upload/product/8801007/403571.1.jpg,기타
7Eleven,CJ)맥스봉빅소시지150g,3900,2+1,https://www.7-eleven.co.kr/upload/product/8801007/403793.1.jpg,간식류
7Eleven,CJ)맥스봉치즈70g,2600,2+1,https://www.7-eleven.co.kr/upload/product/8801007/358499.1.jpg,간식류
7Eleven,CJ)맥스봉구운풍미마늘후랑크80g,2700,2+1,https://www.7-eleven.co.kr/upload/product/8801007/618807.1.jpg,간식류
7Eleven,대림)스노우크랩킹70g,3000,2+1,https://www.7-eleven.co.kr/upload/product/8801066/056169.1.jpg,기타
7Eleven,한성)몬스터크랩142g,5100,2+1,https://www.7-eleven.co.kr/upload/product/8801074/003490.1.jpg,기타
7Eleven,한성)몬스터크랩72g,2900,2+1,https://www.7-eleven.co.kr/upload/product/8801074/003896.1.jpg,기타
7Eleven,진주햄)천하장사70g,2800,2+1,https://www.7-eleven.co.kr/upload/product/8801077/308608.1.jpg,간식류
7Eleven,대림)한입에꼬치다90g,3200,2+1,https://www.7-eleven.co.kr/upload/product/8801066/057708.1.jpg,기타
7Eleven,하림)닭가슴살갈릭100g,5000,2+1,https://www.7-eleven.co.kr/upload/product/8801492/373083.1.jpg,기타
7Eleven,대림)매콤함에꼬치다90g,3200,2+1,https://www.7-eleven.co.kr/upload/product/8801066/058422.1.jpg,기타
7Eleven,동원)친친오리지널소시지70g,2200,2+1,https://www.7-eleven.co.kr/upload/product/8801047/578857.1.jpg,간식류
7Eleven,CJ)맥스봉직화구이꼬치바90g,2700,2+1,https://www.7-eleven.co.kr/upload/product/8801007/835396.1.jpg,기타
7Eleven,하림)닭가슴살리얼바오리지널70g,2900,2+1,https://www.7-eleven.co.kr/upload/product/8801492/375384.1.jpg,기타
7Eleven,하림)닭가슴살리얼바블랙페퍼70g,2900,2+1,https://www.7-eleven.co.kr/upload/product/8801492/377654.1.jpg,기타
7Eleven,CJ)맥스봉직화청양꼬치바90g,2700,2+1,https://www.7-eleven.co.kr/upload/product/8801007/880303.1.jpg,간식류
7Eleven,CJ)닭가슴살소시지80g,2900,2+1,https://www.7-eleven.co.kr/upload/product/8801007/899985.1.jpg,간식류
7Eleven,고래사)통새우말이어묵90g,3800,2+1,https://www.7-eleven.co.kr/upload/product/8809265/021780.1.jpg,기타
7Eleven,대림)숯불구이후랑크커플140g,4000,2+1,https://www.7-eleven.co.kr/upload/product/8801066/060517.1.jpg,기타
7Eleven,CJ)닭가슴살소시지(청양고추)80g,2900,2+1,https://www.7-eleven.co.kr/upload/product/8801007/951805.1.jpg,간식류
7Eleven,고래사)어묵탕(시원한맛)360g,3900,2+1,https://www.7-eleven.co.kr/upload/product/8809265/025214.1.jpg,기타
7Eleven,고래사)어묵탕(얼큰한맛)360g,3900,2+1,https://www.7-eleven.co.kr/upload/product/8809265/025221.1.jpg,기타
7Eleven,동원)황금치킨닭가슴살오리지널,4500,2+1,https://www.7-eleven.co.kr/upload/product/8801047/574002.1.jpg,기타
7Eleven,동원)황금치킨닭가슴살블랙페퍼,4500,2+1,https://www.7-eleven.co.kr/upload/product/8801047/574019.1.jpg,기타
7Eleven,롯데)의성마늘프랑크매콤땡초65g,2600,2+1,https://www.7-eleven.co.kr/upload/product/8801123/311057.1.jpg,간식류
7Eleven,대림)숯불구이맛후랑크70g,2200,2+1,https://www.7-eleven.co.kr/upload/product/8801066/019447.1.jpg,기타
7Eleven,롯데)키스틱55g,2400,2+1,https://www.7-eleven.co.kr/upload/product/8801123/203918.1.jpg,기타
7Eleven,삼립)잼있는사과쿠키75g,1300,2+1,https://www.7-eleven.co.kr/upload/product/8801068/371192.1.jpg,간식류
7Eleven,삼립)잼있는딸기쿠키75g,1300,2+1,https://www.7-eleven.co.kr/upload/product/8801068/371208.1.jpg,간식류
7Eleven,삼립)NEW초코블랑48g,1500,2+1,https://www.7-eleven.co.kr/upload/product/8801068/392944.1.jpg,기타
7Eleven,삼립)정통보름달88g,1800,2+1,https://www.7-eleven.co.kr/front/img/product/product_list_01.jpg,기타
7Eleven,삼립)생크림보름달80g,1800,2+1,https://www.7-eleven.co.kr/front/img/product/product_list_01.jpg,기타
7Eleven,해태)고향만두378g,5300,2+1,https://www.7-eleven.co.kr/upload/product/8801019/998041.1.jpg,간식류
7Eleven,돌코리아)후룻컵파인애플198g,3200,2+1,https://www.7-eleven.co.kr/upload/product/8809069/304010.1.jpg,간식류
7Eleven,돌코리아)후룻컵복숭아198g,3200,2+1,https://www.7-eleven.co.kr/upload/product/8809069/304034.1.jpg,간식류
7Eleven,돌코리아)후룻컵망고198g,3200,2+1,https://www.7-eleven.co.kr/upload/product/8809069/304812.1.jpg,간식류
7Eleven,롯데)세척방울토마토(150g),4500,2+1,https://www.7-eleven.co.kr/front/img/product/product_list_01.jpg,기타
7Eleven,돌코리아)건망고(80g),5000,2+1,https://www.7-eleven.co.kr/upload/product/8809069/308469.1.jpg,간식류
7Eleven,마즈)스니커즈피넛바51g,1800,2+1,https://www.7-eleven.co.kr/upload/product/93682/091.1.jpg,간식류
7Eleven,해태)락맛동산165g,3200,2+1,https://www.7-eleven.co.kr/upload/product/8801019/603426.1.jpg,간식류
7Eleven,해태)에이스121g,1700,2+1,https://www.7-eleven.co.kr/upload/product/8801019/306907.1.jpg,간식류
7Eleven,크라운)콘초66g,1500,2+1,https://www.7-eleven.co.kr/upload/product/8801111/180993.1.jpg,간식류
7Eleven,크라운)죠리퐁1500,1500,2+1,https://www.7-eleven.co.kr/upload/product/8801111/610636.1.jpg,간식류
7Eleven,롯데)허쉬쿠키앤크림화이트40g,2000,2+1,https://www.7-eleven.co.kr/upload/product/0340002/39344.1.jpg,간식류
7Eleven,롯데)허쉬밀크초콜릿40g,2000,2+1,https://www.7-eleven.co.kr/upload/product/03424/005.1.jpg,간식류
7Eleven,크라운)빅파이216g,3200,2+1,https://www.7-eleven.co.kr/upload/product/8801111/180481.1.jpg,간식류
7Eleven,뉴트)비비랩멀티비타슈퍼샷20ml,3900,2+1,https://www.7-eleven.co.kr/front/img/product/product_list_01.jpg,기타
7Eleven,삼립)트리플치즈부리또125g,3500,2+1,https://www.7-eleven.co.kr/front/img/product/product_list_01.jpg,기타
7Eleven,매일)셀렉스모카초코250ml,2900,2+1,https://www.7-eleven.co.kr/front/img/product/product_list_01.jpg,음료
7Eleven,매일)셀렉스밀크바닐라250ml,2900,2+1,https://www.7-eleven.co.kr/front/img/product/product_list_01.jpg,기타
7Eleven,CJ)작은햇반발아현미밥130g,2100,2+1,https://www.7-eleven.co.kr/front/img/product/product_list_01.jpg,식사류
7Eleven,CJ)작은햇반흑미밥130g,2100,2+1,https://www.7-eleven.co.kr/front/img/product/product_list_01.jpg,식사류
7Eleven,G)탑젤리(망고맛)80g,2000,2+1,https://www.7-eleven.co.kr/front/img/product/product_list_01.jpg,간식류
7Eleven,삼성)까스명수골드(10입),12000,2+1,https://www.7-eleven.co.kr/front/img/product/product_list_01.jpg,기타
7Eleven,유한)좋은느낌무표백중형4P,3900,2+1,https://www.7-eleven.co.kr/front/img/product/product_list_01.jpg,생활/위생용품
7Eleven,농심)누들핏육개장사발면맛,1800,2+1,https://www.7-eleven.co.kr/front/img/product/product_list_01.jpg,식사류
7Eleven,농심)누들핏김치사발면맛,1800,2+1,https://www.7-eleven.co.kr/front/img/product/product_list_01.jpg,식사류
7Eleven,칠성)펩시라임제로카페인355ml,2100,2+1,https://www.7-eleven.co.kr/front/img/product/product_list_01.jpg,음료
7Eleven,마즈)비카인드단백질바40g,2500,2+1,https://www.7-eleven.co.kr/front/img/product/product_list_01.jpg,간식류
7Eleven,비알)엄마는외계인밀키300ml,2900,2+1,https://www.7-eleven.co.kr/front/img/product/product_list_01.jpg,기타
7Eleven,메디힐)티트리에센셜마스크팩_H,2000,2+1,https://www.7-eleven.co.kr/front/img/product/product_list_01.jpg,기타
7Eleven,메디힐)티트리에센셜마스크팩10,20000,2+1,https://www.7-eleven.co.kr/front/img/product/product_list_01.jpg,기타
7Eleven,오뚜기)진비빔면큰컵,1800,2+1,https://www.7-eleven.co.kr/front/img/product/product_list_01.jpg,식사류
7Eleven,MDS)NEW베이컨까르보나라230g,4200,2+1,https://www.7-eleven.co.kr/front/img/product/product_list_01.jpg,기타
7Eleven,MDS)라구파스타230g,4200,2+1,https://www.7-eleven.co.kr/front/img/product/product_list_01.jpg,식사류
7Eleven,MDS)NEW투움바파스타230g,4200,2+1,https://www.7-eleven.co.kr/front/img/product/product_list_01.jpg,식사류
7Eleven,존슨)리스테린토탈케어100ml_H,2700,2+1,https://www.7-eleven.co.kr/upload/product/8801008/002131.1.jpg,기타
7Eleven,종근당)멀티비타부스터샷20ML,3800,2+1,https://www.7-eleven.co.kr/front/img/product/product_list_01.jpg,기타
7Eleven,농심)배홍동비빔면큰사발,1800,2+1,https://www.7-eleven.co.kr/front/img/product/product_list_01.jpg,식사류
7Eleven,빙그레)사이즈업벤티아메리카노6,3200,2+1,https://www.7-eleven.co.kr/front/img/product/product_list_01.jpg,음료
7Eleven,덴마크)하이요구르트280ml,1700,2+1,https://www.7-eleven.co.kr/front/img/product/product_list_01.jpg,음료
7Eleven,빙그레)더단백딸기250ml,2900,2+1,https://www.7-eleven.co.kr/front/img/product/product_list_01.jpg,기타
7Eleven,네슬레)킷캣4핑거(녹차)35g,2200,2+1,https://www.7-eleven.co.kr/front/img/product/product_list_01.jpg,간식류
7Eleven,칠성)칸타타딥블랙200ml,1600,2+1,https://www.7-eleven.co.kr/front/img/product/product_list_01.jpg,기타
7Eleven,해태)고향김치손만두330g,5300,2+1,https://www.7-eleven.co.kr/front/img/product/product_list_01.jpg,간식류
7Eleven,CJ)비비고떡볶이오리지널110g,3900,2+1,https://www.7-eleven.co.kr/front/img/product/product_list_01.jpg,간식류
7Eleven,바프)추억의땅콩믹스120g,2900,2+1,https://www.7-eleven.co.kr/front/img/product/product_list_01.jpg,기타
7Eleven,뉴트)비비랩밀크씨슬파워샷20ml,3900,2+1,https://www.7-eleven.co.kr/front/img/product/product_list_01.jpg,기타
7Eleven,대상)청정원고소한마요네즈300g,4600,2+1,https://www.7-eleven.co.kr/front/img/product/product_list_01.jpg,기타
7Eleven,크라운)콘칩초당70g,1700,2+1,https://www.7-eleven.co.kr/front/img/product/product_list_01.jpg,간식류
7Eleven,MDS)베이컨로제파스타230g,4200,2+1,https://www.7-eleven.co.kr/front/img/product/product_list_01.jpg,식사류
7Eleven,G)대파크래커80g,2500,2+1,https://www.7-eleven.co.kr/front/img/product/product_list_01.jpg,간식류
7Eleven,진주햄)천하장사콰트로치즈50g,2400,2+1,https://www.7-eleven.co.kr/front/img/product/product_list_01.jpg,간식류
7Eleven,PB)백미밥210g,1550,2+1,https://www.7-eleven.co.kr/front/img/product/product_list_01.jpg,식사류
7Eleven,PB)앙리마티스아메리카노250ml,2500,2+1,https://www.7-eleven.co.kr/front/img/product/product_list_01.jpg,음료
7Eleven,존슨)베드타임로션100ml_H,6000,2+1,https://www.7-eleven.co.kr/front/img/product/product_list_01.jpg,음료
7Eleven,동원)불참치90g,3300,2+1,https://www.7-eleven.co.kr/front/img/product/product_list_01.jpg,식사류
7Eleven,비알)메롱멜론우유190ml,1500,2+1,https://www.7-eleven.co.kr/front/img/product/product_list_01.jpg,음료
7Eleven,빙그레)더단백멜론250ml,2900,2+1,https://www.7-eleven.co.kr/front/img/product/product_list_01.jpg,기타
7Eleven,크라운)국희고소한땅콩샌드93g,1600,2+1,https://www.7-eleven.co.kr/front/img/product/product_list_01.jpg,간식류
7Eleven,페레로)로쉐바오리지널90g,5500,2+1,https://www.7-eleven.co.kr/front/img/product/product_list_01.jpg,기타
7Eleven,페레로)로쉐바다크90g,5500,2+1,https://www.7-eleven.co.kr/front/img/product/product_list_01.jpg,기타
7Eleven,농심)신라면툼바큰사발,1800,2+1,https://www.7-eleven.co.kr/front/img/product/product_list_01.jpg,식사류
7Eleven,대상)고구마츄60g,3900,2+1,https://www.7-eleven.co.kr/upload/product/8801052/004068.1.jpg,기타
7Eleven,네슬레)프루팁스하와이안,3000,2+1,https://www.7-eleven.co.kr/front/img/product/product_list_01.jpg,기타
7Eleven,매일)바리스타에소무가당325ml,3500,2+1,https://www.7-eleven.co.kr/front/img/product/product_list_01.jpg,기타
7Eleven,매일)바리스타바닐라빈무가당325,3500,2+1,https://www.7-eleven.co.kr/front/img/product/product_list_01.jpg,기타
7Eleven,매일)허쉬초코딸기190ml,1600,2+1,https://www.7-eleven.co.kr/front/img/product/product_list_01.jpg,간식류
7Eleven,매일)허쉬초코바나나190ml,1600,2+1,https://www.7-eleven.co.kr/front/img/product/product_list_01.jpg,간식류
7Eleven,이너)유얼거트블루베리요거트190,2900,2+1,https://www.7-eleven.co.kr/front/img/product/product_list_01.jpg,기타
7Eleven,오뚜기)짜슐랭큰컵,2000,2+1,https://www.7-eleven.co.kr/front/img/product/product_list_01.jpg,기타
7Eleven,메디카)뷰티글루콜라겐부스터샷2,4500,2+1,https://www.7-eleven.co.kr/front/img/product/product_list_01.jpg,기타
7Eleven,메디카)멀티비타12부스터샷25ml,4500,2+1,https://www.7-eleven.co.kr/front/img/product/product_list_01.jpg,기타
7Eleven,하림)맛닭가슴살바베큐맛100g,5000,2+1,https://www.7-eleven.co.kr/front/img/product/product_list_01.jpg,기타
7Eleven,매일)셀렉스바나나250ml,2900,2+1,https://www.7-eleven.co.kr/front/img/product/product_list_01.jpg,기타
7Eleven,선우)동결건조하트구미첼젤리13g,2000,2+1,https://www.7-eleven.co.kr/front/img/product/product_list_01.jpg,간식류
7Eleven,정식품)고단백두유초코190ml,1600,2+1,https://www.7-eleven.co.kr/front/img/product/product_list_01.jpg,음료
7Eleven,MQ)켈로그콘푸로스트바35g,1700,2+1,https://www.7-eleven.co.kr/front/img/product/product_list_01.jpg,기타
7Eleven,롯데)가나초코바아몬드43g,1300,2+1,https://www.7-eleven.co.kr/upload/product/8801062/278053.1.jpg,간식류
7Eleven,크라운)못말리는신짱1500,1500,2+1,https://www.7-eleven.co.kr/upload/product/8801111/185066.1.jpg,간식류
7Eleven,롯데)가나초코바43g,1300,2+1,https://www.7-eleven.co.kr/upload/product/8801062/628773.1.jpg,간식류
7Eleven,롯데)목캔디허브(오리지날)38g,1200,2+1,https://www.7-eleven.co.kr/upload/product/8801062/331673.1.jpg,간식류
7Eleven,롯데)목캔디믹스베리38g,1200,2+1,https://www.7-eleven.co.kr/upload/product/8801062/331772.1.jpg,간식류
7Eleven,크라운)마이쮸사과44g,800,2+1,https://www.7-eleven.co.kr/upload/product/8801111/187916.1.jpg,간식류
7Eleven,크라운)새콤달콤포도29g,500,2+1,https://www.7-eleven.co.kr/upload/product/8801111/188012.1.jpg,간식류
7Eleven,크라운)새콤달콤복숭아29g,500,2+1,https://www.7-eleven.co.kr/upload/product/8801111/188036.1.jpg,간식류
7Eleven,롯데)치토스매콤한맛82g,1200,2+1,https://www.7-eleven.co.kr/upload/product/8801062/380015.1.jpg,기타
7Eleven,롯데)치토스스모크바베큐82g,1700,2+1,https://www.7-eleven.co.kr/upload/product/8801062/289936.1.jpg,기타
7Eleven,동원)건강레시피 관절&유리너리_,1600,2+1,https://www.7-eleven.co.kr/front/img/product/product_list_01.jpg,기타
7Eleven,동원)건강레시피 면역&유리너리_,1600,2+1,https://www.7-eleven.co.kr/front/img/product/product_list_01.jpg,식사류
7Eleven,해태)버터링65g,1500,2+1,https://www.7-eleven.co.kr/front/img/product/product_list_01.jpg,간식류
7Eleven,MQ)프링글스매운맛110g,4200,2+1,https://www.7-eleven.co.kr/upload/product/8886467/100055.1.jpg,간식류
7Eleven,MQ)프링글스치즈맛110g,4200,2+1,https://www.7-eleven.co.kr/upload/product/8886467/100031.1.jpg,간식류
7Eleven,농심)짜파게티더블랙사발면,1800,2+1,https://www.7-eleven.co.kr/front/img/product/product_list_01.jpg,식사류
7Eleven,동서)오레오웨하스초코(5입),3400,2+1,https://www.7-eleven.co.kr/upload/product/8801037/090185.1.jpg,간식류
7Eleven,크라운)츄러스84g,1500,2+1,https://www.7-eleven.co.kr/upload/product/8801111/916479.1.jpg,간식류
7Eleven,크라운)딸기산도161g,2500,2+1,https://www.7-eleven.co.kr/upload/product/8801111/917421.1.jpg,간식류
7Eleven,네슬레)프루팁스미니(젤리),3000,2+1,https://www.7-eleven.co.kr/upload/product/6917878/047201.1.jpg,간식류
7Eleven,롯데)허쉬키세스쿠키앤크림52g,2700,2+1,https://www.7-eleven.co.kr/upload/product/8801062/642021.1.jpg,간식류
7Eleven,롯데)허쉬키세스아몬드52g,2700,2+1,https://www.7-eleven.co.kr/upload/product/8801062/641895.1.jpg,간식류
7Eleven,롯데)허쉬키세스밀크52g,2700,2+1,https://www.7-eleven.co.kr/upload/product/8801062/641826.1.jpg,간식류
7Eleven,동서)오레오씬즈화이트84g,2300,2+1,https://www.7-eleven.co.kr/upload/product/8801037/091113.1.jpg,기타
7Eleven,MQ)프링글스버터카라멜110g,4200,2+1,https://www.7-eleven.co.kr/upload/product/8886467/104725.1.jpg,간식류
7Eleven,해태)자가비짭짤한맛45g,2000,2+1,https://www.7-eleven.co.kr/upload/product/8801019/607912.1.jpg,간식류
7Eleven,롯데)오잉75g,1700,2+1,https://www.7-eleven.co.kr/upload/product/8801062/382811.1.jpg,기타
7Eleven,롯데)도리토스나쵸치즈맛84g,1700,2+1,https://www.7-eleven.co.kr/upload/product/8801062/381814.1.jpg,기타
7Eleven,삼양)맵탱마늘조개라면소컵,1300,2+1,https://www.7-eleven.co.kr/front/img/product/product_list_01.jpg,식사류
7Eleven,삼양)맵탱청양고추대파라면소컵,1300,2+1,https://www.7-eleven.co.kr/front/img/product/product_list_01.jpg,식사류
7Eleven,농심)신라면툼바봉지,1500,2+1,https://www.7-eleven.co.kr/front/img/product/product_list_01.jpg,식사류
7Eleven,몽뜨)설곤약향라맛30g,1200,2+1,https://www.7-eleven.co.kr/front/img/product/product_list_01.jpg,기타
7Eleven,롯데)말랑카우밀크79g,3000,2+1,https://www.7-eleven.co.kr/upload/product/8801062/013388.1.jpg,기타
7Eleven,유미)말랑카우딸기맛79g,3000,2+1,https://www.7-eleven.co.kr/upload/product/8801062/013395.1.jpg,기타
7Eleven,해태)맛동산90g,2000,2+1,https://www.7-eleven.co.kr/upload/product/8801019/608766.1.jpg,간식류
7Eleven,해태)구운감자27g,1000,2+1,https://www.7-eleven.co.kr/upload/product/8801019/602498.1.jpg,간식류
7Eleven,동아)박카스맛젤리50g,1700,2+1,https://www.7-eleven.co.kr/upload/product/8806011/435631.1.jpg,간식류
7Eleven,농심)닭다리후라이드치킨66g,1700,2+1,https://www.7-eleven.co.kr/upload/product/8801043/036535.1.jpg,기타
7Eleven,삼양)사또밥67g,1500,2+1,https://www.7-eleven.co.kr/upload/product/8801073/310711.1.jpg,식사류
7Eleven,마즈)몰티저스37g,1800,2+1,https://www.7-eleven.co.kr/upload/product/8804973/306204.1.jpg,기타
7Eleven,해태)사브레84g,1500,2+1,https://www.7-eleven.co.kr/upload/product/8801019/314742.1.jpg,간식류
7Eleven,동아)박카스맛젤리사우어50g,1700,2+1,https://www.7-eleven.co.kr/upload/product/8806011/435679.1.jpg,간식류
7Eleven,크라운)참쌀선과115g,3000,2+1,https://www.7-eleven.co.kr/upload/product/8801111/922739.1.jpg,간식류
7Eleven,동서)오레오씬즈초코84g,2300,2+1,https://www.7-eleven.co.kr/upload/product/8801037/094763.1.jpg,기타
7Eleven,동서)포스트단백질바50g,2100,2+1,https://www.7-eleven.co.kr/upload/product/8801037/094701.1.jpg,간식류
7Eleven,농심)1M츄파춥스사워벨트55g,1800,2+1,https://www.7-eleven.co.kr/upload/product/8935001/714774.1.jpg,간식류
7Eleven,마즈)엠앤엠즈블록밀크46g,1800,2+1,https://www.7-eleven.co.kr/upload/product/9300682/051507.1.jpg,간식류
7Eleven,마즈)엠앤엠즈블록크리스피44g,1800,2+1,https://www.7-eleven.co.kr/upload/product/9300682/053761.1.jpg,간식류
7Eleven,동서)미니카누마일드10입,3800,2+1,https://www.7-eleven.co.kr/upload/product/8801037/053425.1.jpg,기타
7Eleven,미성)스위스미스핫초코원컵,2200,2+1,https://www.7-eleven.co.kr/upload/product/8809256/674155.1.jpg,기타
7Eleven,삼양사)상쾌환3입,8500,2+1,https://www.7-eleven.co.kr/upload/product/8801013/770155.1.jpg,기타
7Eleven,동서)맥심슈프림골드믹스,6700,2+1,https://www.7-eleven.co.kr/upload/product/8801037/003048.1.jpg,기타
7Eleven,삼양사)상쾌환스틱ZERO18g(청사,3900,2+1,https://www.7-eleven.co.kr/upload/product/8801013/776829.1.jpg,기타
7Eleven,종근당)깨노니스틱(배사과)18g,3300,2+1,https://www.7-eleven.co.kr/upload/product/8809807/286028.1.jpg,기타
7Eleven,종근당)깨노니스틱(복숭아)18g,3300,2+1,https://www.7-eleven.co.kr/upload/product/8809807/286042.1.jpg,기타
7Eleven,이노엔)컨디션스틱망고18g,3900,2+1,https://www.7-eleven.co.kr/upload/product/8809422/044904.1.jpg,기타
7Eleven,이노엔)컨디션스틱자두18g,3900,2+1,https://www.7-eleven.co.kr/upload/product/8809422/044928.1.jpg,기타
7Eleven,삼양사)상쾌환스틱ZERO18g(납작,3900,2+1,https://www.7-eleven.co.kr/upload/product/8801013/777390.1.jpg,기타
7Eleven,유앤)스웨디시스타일젤리80g,2500,2+1,https://www.7-eleven.co.kr/front/img/product/product_list_01.jpg,간식류
7Eleven,PB)떡볶이맛오징어30g,4500,2+1,https://www.7-eleven.co.kr/front/img/product/product_list_01.jpg,간식류
7Eleven,PB)마라맛오징어30g,4500,2+1,https://www.7-eleven.co.kr/front/img/product/product_list_01.jpg,간식류
7Eleven,PB)두부칩92g,1600,2+1,https://www.7-eleven.co.kr/front/img/product/product_list_01.jpg,기타
7Eleven,PB)착한콘칩65g,1200,2+1,https://www.7-eleven.co.kr/front/img/product/product_list_01.jpg,간식류
7Eleven,이그니스)애사비소다500ml,2800,2+1,https://www.7-eleven.co.kr/front/img/product/product_list_01.jpg,음료
7Eleven,샘표)질러블랙앤레드페퍼육포30g,4200,2+1,https://www.7-eleven.co.kr/front/img/product/product_list_01.jpg,간식류
7Eleven,삼진)1953어묵순살바80g(야채맛),3500,2+1,https://www.7-eleven.co.kr/front/img/product/product_list_01.jpg,기타
7Eleven,삼진)1953어묵순살바80g(매운맛),3500,2+1,https://www.7-eleven.co.kr/front/img/product/product_list_01.jpg,기타
7Eleven,삼진)1953어묵순살바80g(오징어,3500,2+1,https://www.7-eleven.co.kr/front/img/product/product_list_01.jpg,간식류
7Eleven,오뚜기)순후추닭강정180g,5600,2+1,https://www.7-eleven.co.kr/front/img/product/product_list_01.jpg,기타
7Eleven,일신)캇예스베러버니75g,2800,2+1,https://www.7-eleven.co.kr/front/img/product/product_list_01.jpg,기타
7Eleven,유한)좋은느낌무표백대형14P,12500,2+1,https://www.7-eleven.co.kr/front/img/product/product_list_01.jpg,생활/위생용품
7Eleven,오뚜기)컵누들짬뽕맛소컵,1800,2+1,https://www.7-eleven.co.kr/front/img/product/product_list_01.jpg,기타
7Eleven,서울)멸균흰우유200ml,1200,2+1,https://www.7-eleven.co.kr/front/img/product/product_list_01.jpg,음료
7Eleven,오뚜기)컵누들참깨라면소컵,1800,2+1,https://www.7-eleven.co.kr/front/img/product/product_list_01.jpg,식사류
7Eleven,대림)스노우크랩킹140g,5500,2+1,https://www.7-eleven.co.kr/upload/product/8801066/055438.1.jpg,기타
7Eleven,농심)누들핏튀김우동맛,1800,2+1,https://www.7-eleven.co.kr/front/img/product/product_list_01.jpg,기타
7Eleven,진주햄)천하장사콰트로치즈70g,2800,2+1,https://www.7-eleven.co.kr/front/img/product/product_list_01.jpg,간식류
7Eleven,오츠카)데미소다레드애플350ml,1900,2+1,https://www.7-eleven.co.kr/front/img/product/product_list_01.jpg,음료
7Eleven,동원)그릴리직화닭꼬치데리야끼7,4500,2+1,https://www.7-eleven.co.kr/front/img/product/product_list_01.jpg,기타
7Eleven,동원)그릴리직화닭꼬치볼케이노7,4500,2+1,https://www.7-eleven.co.kr/front/img/product/product_list_01.jpg,기타
7Eleven,돌코리아)후룻컵알로코코198g,3200,2+1,https://www.7-eleven.co.kr/front/img/product/product_list_01.jpg,간식류
7Eleven,농심)배홍동칼빔면봉지,1700,2+1,https://www.7-eleven.co.kr/front/img/product/product_list_01.jpg,식사류
7Eleven,에이스)마루와유지크림브륄레130,8000,2+1,https://www.7-eleven.co.kr/front/img/product/product_list_01.jpg,간식류
7Eleven,일동)하이뮨액티브바나나250ml,2900,2+1,https://www.7-eleven.co.kr/front/img/product/product_list_01.jpg,기타
7Eleven,오리온)포카칩트리플페퍼60g,1700,2+1,https://www.7-eleven.co.kr/front/img/product/product_list_01.jpg,간식류
7Eleven,삼립)NEW불고기치즈부리또115g,3500,2+1,https://www.7-eleven.co.kr/front/img/product/product_list_01.jpg,기타
7Eleven,삼립)NEW슈퍼슈프림치즈부리또12,3500,2+1,https://www.7-eleven.co.kr/front/img/product/product_list_01.jpg,기타
7Eleven,존슨)리스테린토탈케어마일드100,2700,2+1,https://www.7-eleven.co.kr/front/img/product/product_list_01.jpg,기타
7Eleven,삼양)탱글머쉬룸크림파스타큰컵,2500,2+1,https://www.7-eleven.co.kr/front/img/product/product_list_01.jpg,식사류
7Eleven,매일)바나나는원래맛있다190ml,1500,2+1,https://www.7-eleven.co.kr/front/img/product/product_list_01.jpg,기타
7Eleven,매일)그릭드링크플레인190ml,2900,2+1,https://www.7-eleven.co.kr/front/img/product/product_list_01.jpg,간식류
7Eleven,매일)그릭드링크바나나190ml,2900,2+1,https://www.7-eleven.co.kr/front/img/product/product_list_01.jpg,음료
7Eleven,유한)화이트스테이쿨대형16P,12500,2+1,https://www.7-eleven.co.kr/front/img/product/product_list_01.jpg,생활/위생용품
7Eleven,CJ)비비고김치200g,3200,2+1,https://www.7-eleven.co.kr/front/img/product/product_list_01.jpg,식사류
7Eleven,오비)카스레몬제로473ml캔,2800,2+1,https://www.7-eleven.co.kr/front/img/product/product_list_01.jpg,기타
7Eleven,마즈)스키틀즈젤리(후르츠믹스),2000,2+1,https://www.7-eleven.co.kr/front/img/product/product_list_01.jpg,간식류
7Eleven,마즈)스키틀즈젤리(후르츠요거트,2000,2+1,https://www.7-eleven.co.kr/front/img/product/product_list_01.jpg,간식류
7Eleven,시원)자두야핸드폰캔디12g,3500,2+1,https://www.7-eleven.co.kr/front/img/product/product_list_01.jpg,간식류
7Eleven,메드)RU21웨이크업샷20g,4900,2+1,https://www.7-eleven.co.kr/front/img/product/product_list_01.jpg,기타
7Eleven,유한)비컴플마그네슘25g,3900,2+1,https://www.7-eleven.co.kr/front/img/product/product_list_01.jpg,기타
7Eleven,유한)비컴플아르기닌25g,3900,2+1,https://www.7-eleven.co.kr/front/img/product/product_list_01.jpg,기타
7Eleven,신화)간장먹태17g,2900,2+1,https://www.7-eleven.co.kr/front/img/product/product_list_01.jpg,기타
7Eleven,신화)한입동전쥐포32g,2900,2+1,https://www.7-eleven.co.kr/front/img/product/product_list_01.jpg,간식류
7Eleven,신화)쫄깃한오징어19g,2900,2+1,https://www.7-eleven.co.kr/front/img/product/product_list_01.jpg,간식류
7Eleven,동국)KBO마데카쿨링패치(NC)4P_H,3300,2+1,https://www.7-eleven.co.kr/front/img/product/product_list_01.jpg,기타
7Eleven,동국)KBO마데카쿨링패치(롯데)4P,3300,2+1,https://www.7-eleven.co.kr/front/img/product/product_list_01.jpg,기타
7Eleven,동국)KBO마데카쿨링패치(KT)4P_H,3300,2+1,https://www.7-eleven.co.kr/front/img/product/product_list_01.jpg,기타
7Eleven,동국)KBO마데카쿨링패치(삼성)4P,3300,2+1,https://www.7-eleven.co.kr/front/img/product/product_list_01.jpg,기타
7Eleven,동국)KBO마데카쿨링패치(두산)4P,3300,2+1,https://www.7-eleven.co.kr/front/img/product/product_list_01.jpg,기타
7Eleven,동국)KBO마데카쿨링패치(LG)4P_H,3300,2+1,https://www.7-eleven.co.kr/front/img/product/product_list_01.jpg,생활/위생용품
7Eleven,동국)KBO마데카쿨링패치(한화)4P,3300,2+1,https://www.7-eleven.co.kr/front/img/product/product_list_01.jpg,기타
7Eleven,동국)KBO마데카쿨링패치(KIA)4P_,3300,2+1,https://www.7-eleven.co.kr/front/img/product/product_list_01.jpg,기타
7Eleven,PB)오리지날자일리톨72g,2900,2+1,https://www.7-eleven.co.kr/front/img/product/product_list_01.jpg,간식류
7Eleven,하림)맥시칸허니버터순살치킨200,9900,2+1,https://www.7-eleven.co.kr/front/img/product/product_list_01.jpg,기타
7Eleven,하림)맥시칸갈릭양념순살치킨200,9900,2+1,https://www.7-eleven.co.kr/front/img/product/product_list_01.jpg,기타
7Eleven,나그참파)인센스스틱(블랙체리)_,7900,2+1,https://www.7-eleven.co.kr/front/img/product/product_list_01.jpg,기타
7Eleven,나그참파)인센스스틱(호텔라운지,7900,2+1,https://www.7-eleven.co.kr/front/img/product/product_list_01.jpg,기타
7Eleven,종근당건강)아임비타아르기닌샷,3500,2+1,https://www.7-eleven.co.kr/front/img/product/product_list_01.jpg,기타
7Eleven,종근당건강)아임비타글루타치온,3500,2+1,https://www.7-eleven.co.kr/front/img/product/product_list_01.jpg,기타
7Eleven,PB)땅콩품은오징어볼200g,3000,2+1,https://www.7-eleven.co.kr/front/img/product/product_list_01.jpg,간식류
7Eleven,PB)허니버터&솔티카라멜팝콘75g,1900,2+1,https://www.7-eleven.co.kr/front/img/product/product_list_01.jpg,간식류
7Eleven,칠성)오트몬드프로틴초코250ml,2900,2+1,https://www.7-eleven.co.kr/front/img/product/product_list_01.jpg,기타
7Eleven,칠성)오트몬드프로틴쿠키앤크림2,2900,2+1,https://www.7-eleven.co.kr/front/img/product/product_list_01.jpg,간식류
7Eleven,동원)뉴트리플랜 소프트뮨(닭가,2500,2+1,https://www.7-eleven.co.kr/front/img/product/product_list_01.jpg,기타
7Eleven,동원)뉴트리플랜 소프트뮨(참치),2500,2+1,https://www.7-eleven.co.kr/front/img/product/product_list_01.jpg,식사류
7Eleven,LG)쏘피유기농수퍼롱10P,11900,2+1,https://www.7-eleven.co.kr/front/img/product/product_list_01.jpg,생활/위생용품
7Eleven,하림)맥시칸크리스피순살250g,9900,2+1,https://www.7-eleven.co.kr/front/img/product/product_list_01.jpg,기타
7Eleven,하림)맥시칸핫크리스피순살250g,9900,2+1,https://www.7-eleven.co.kr/front/img/product/product_list_01.jpg,기타
7Eleven,삼립)빚은제주우유대박찹쌀떡95g,2000,2+1,https://www.7-eleven.co.kr/front/img/product/product_list_01.jpg,간식류
7Eleven,G)싱하소다워터325ml,1500,2+1,https://www.7-eleven.co.kr/front/img/product/product_list_01.jpg,음료
7Eleven,오뚜기)레드칠리미트볼180g,6500,2+1,https://www.7-eleven.co.kr/front/img/product/product_list_01.jpg,기타
7Eleven,오뚜기)육즙가득떡갈비180g,6500,2+1,https://www.7-eleven.co.kr/front/img/product/product_list_01.jpg,간식류
7Eleven,삼립)빚은제주쑥대박찹쌀떡95g,2000,2+1,https://www.7-eleven.co.kr/front/img/product/product_list_01.jpg,간식류
7Eleven,PB)말랑촉촉롱다리오징어35g,5900,2+1,https://www.7-eleven.co.kr/front/img/product/product_list_01.jpg,간식류
7Eleven,빙그레)요플레그릭마일드180g,2200,2+1,https://www.7-eleven.co.kr/front/img/product/product_list_01.jpg,간식류
7Eleven,농협홍삼)한삼인멀티비타G홍삼샷,4400,2+1,https://www.7-eleven.co.kr/front/img/product/product_list_01.jpg,기타
7Eleven,PB)솔티스위트팝콘80g,1900,2+1,https://www.7-eleven.co.kr/front/img/product/product_list_01.jpg,간식류
7Eleven,정식품)베지밀고단백두유190ml,1600,2+1,https://www.7-eleven.co.kr/front/img/product/product_list_01.jpg,음료
7Eleven,PB)최강록의리얼웨지감자45g,2000,2+1,https://www.7-eleven.co.kr/front/img/product/product_list_01.jpg,기타
7Eleven,CJ)비비고떡볶이로제108g,3900,2+1,https://www.7-eleven.co.kr/front/img/product/product_list_01.jpg,간식류
7Eleven,PB)김맛나160g,3000,2+1,https://www.7-eleven.co.kr/front/img/product/product_list_01.jpg,기타
7Eleven,케이)소독용에탄올150ml_H,1500,2+1,https://www.7-eleven.co.kr/upload/product/8809103/877579.1.jpg,기타
7Eleven,CJ)작은햇반130g*3입,5100,2+1,https://www.7-eleven.co.kr/front/img/product/product_list_01.jpg,기타
7Eleven,PB)달고나24g,1500,2+1,https://www.7-eleven.co.kr/front/img/product/product_list_01.jpg,기타
7Eleven,농심)야키호타테카이히모(구운가,3900,2+1,https://www.7-eleven.co.kr/front/img/product/product_list_01.jpg,기타
7Eleven,농협홍삼)한삼인잠잠(굿나잇앰플,4400,2+1,https://www.7-eleven.co.kr/front/img/product/product_list_01.jpg,기타
7Eleven,오뚜기)버팔로봉200g,7900,2+1,https://www.7-eleven.co.kr/front/img/product/product_list_01.jpg,기타
7Eleven,MDS)청양크림파스타230g,4200,2+1,https://www.7-eleven.co.kr/front/img/product/product_list_01.jpg,식사류
7Eleven,서주)젤리인젤리콜라사이다맛40g,1500,2+1,https://www.7-eleven.co.kr/front/img/product/product_list_01.jpg,간식류
7Eleven,삼양)탱글갈릭오일파스타,2500,2+1,https://www.7-eleven.co.kr/front/img/product/product_list_01.jpg,식사류
7Eleven,K리그)슛!팅떡볶이(매콤까르보맛,2600,2+1,https://www.7-eleven.co.kr/front/img/product/product_list_01.jpg,간식류
7Eleven,메디힐)더마플러스마스크(시카)_,2000,2+1,https://www.7-eleven.co.kr/front/img/product/product_list_01.jpg,기타
7Eleven,오뚜기)참깨찐만두180g,4900,2+1,https://www.7-eleven.co.kr/front/img/product/product_list_01.jpg,식사류
7Eleven,웅진)자연은납작복숭아500ml,2350,2+1,https://www.7-eleven.co.kr/front/img/product/product_list_01.jpg,기타
7Eleven,웅진)자연은망고500ml,2350,2+1,https://www.7-eleven.co.kr/front/img/product/product_list_01.jpg,기타
7Eleven,제니코)본가드마블잭스틱치즈28g,1800,2+1,https://www.7-eleven.co.kr/front/img/product/product_list_01.jpg,기타
7Eleven,제니코)본가드체다스틱치즈28g,1800,2+1,https://www.7-eleven.co.kr/front/img/product/product_list_01.jpg,기타
7Eleven,유한)내일N스틱20g,3900,2+1,https://www.7-eleven.co.kr/front/img/product/product_list_01.jpg,기타
7Eleven,메디힐)더마플러스마스크(미백)_,2000,2+1,https://www.7-eleven.co.kr/front/img/product/product_list_01.jpg,기타
7Eleven,메디힐)더마플러스마스크(수분)_,2000,2+1,https://www.7-eleven.co.kr/front/img/product/product_list_01.jpg,기타
7Eleven,메디힐)더마플러스마스크(시카)1,20000,2+1,https://www.7-eleven.co.kr/front/img/product/product_list_01.jpg,기타
7Eleven,메디힐)더마플러스마스크(수분)1,20000,2+1,https://www.7-eleven.co.kr/front/img/product/product_list_01.jpg,기타
7Eleven,메디힐)더마플러스마스크(미백)1,20000,2+1,https://www.7-eleven.co.kr/front/img/product/product_list_01.jpg,기타
7Eleven,바이타)인후통 필름지_H,5500,2+1,https://www.7-eleven.co.kr/front/img/product/product_list_01.jpg,기타
7Eleven,MQ)켈로그크런치넛에너지바40g,2000,2+1,https://www.7-eleven.co.kr/front/img/product/product_list_01.jpg,간식류
7Eleven,나무)점핑롱젤리80g,1800,2+1,https://www.7-eleven.co.kr/front/img/product/product_list_01.jpg,간식류
7Eleven,PB)K리그슛!페스츄리오징어40g,4900,2+1,https://www.7-eleven.co.kr/front/img/product/product_list_01.jpg,간식류
7Eleven,G)차바코코넛스무디310ml,2500,2+1,https://www.7-eleven.co.kr/front/img/product/product_list_01.jpg,음료
7Eleven,PB)미니뻥튀기45g,1900,2+1,https://www.7-eleven.co.kr/front/img/product/product_list_01.jpg,간식류
7Eleven,대림)스노우크랩킹버터갈릭140g,5500,2+1,https://www.7-eleven.co.kr/front/img/product/product_list_01.jpg,기타
7Eleven,한양)숏바디버터불고기40g,5900,2+1,https://www.7-eleven.co.kr/front/img/product/product_list_01.jpg,기타
7Eleven,자임)허니자몽블랙티245ml,2500,2+1,https://www.7-eleven.co.kr/front/img/product/product_list_01.jpg,기타
7Eleven,자임)유자레몬티245ml,2500,2+1,https://www.7-eleven.co.kr/front/img/product/product_list_01.jpg,기타
7Eleven,선우)코아타초코웨이퍼52g,3000,2+1,https://www.7-eleven.co.kr/front/img/product/product_list_01.jpg,기타
7Eleven,오뚜기)뿌셔뿌셔불고기맛팝콘40g,2000,2+1,https://www.7-eleven.co.kr/front/img/product/product_list_01.jpg,간식류
7Eleven,나무)도라에몽딸기콘15g,800,2+1,https://www.7-eleven.co.kr/front/img/product/product_list_01.jpg,기타
7Eleven,PB)테디베어바닐라빈라떼250ml,2500,2+1,https://www.7-eleven.co.kr/front/img/product/product_list_01.jpg,음료
7Eleven,PB)테디베어플랫화이트라떼250ml,2500,2+1,https://www.7-eleven.co.kr/front/img/product/product_list_01.jpg,음료
7Eleven,PB)테디베어피스타치오라떼250ml,2500,2+1,https://www.7-eleven.co.kr/front/img/product/product_list_01.jpg,음료
7Eleven,PB)테디베어디카페인아메리카노2,2500,2+1,https://www.7-eleven.co.kr/front/img/product/product_list_01.jpg,음료
7Eleven,키다리)소고기쌀국수큰컵,2600,2+1,https://www.7-eleven.co.kr/front/img/product/product_list_01.jpg,기타
7Eleven,빙그레)닥터캡슐복숭아130ml,2300,2+1,https://www.7-eleven.co.kr/front/img/product/product_list_01.jpg,기타
7Eleven,동서)맥심모카골드제로슈거20T,7600,2+1,https://www.7-eleven.co.kr/front/img/product/product_list_01.jpg,음료
7Eleven,오뚜기)찍어먹는뿌셔뿌셔구운양,1500,2+1,https://www.7-eleven.co.kr/front/img/product/product_list_01.jpg,기타
7Eleven,삼양)삼양라면1963봉지,1900,2+1,https://www.7-eleven.co.kr/front/img/product/product_list_01.jpg,식사류
7Eleven,동서)TOP배럴에이지드향볼트380m,3300,2+1,https://www.7-eleven.co.kr/front/img/product/product_list_01.jpg,기타
7Eleven,동서)TOP배럴에이지드향마일드38,3300,2+1,https://www.7-eleven.co.kr/front/img/product/product_list_01.jpg,기타
7Eleven,이그니스)애사비소다오리지널350,2200,2+1,https://www.7-eleven.co.kr/front/img/product/product_list_01.jpg,음료
7Eleven,하림)맥시칸양념치킨순살200g,9900,2+1,https://www.7-eleven.co.kr/front/img/product/product_list_01.jpg,기타
7Eleven,해태)에이스샌드우유크림51g,1500,2+1,https://www.7-eleven.co.kr/front/img/product/product_list_01.jpg,간식류
7Eleven,일해)와!명태다50g,5700,2+1,https://www.7-eleven.co.kr/front/img/product/product_list_01.jpg,기타
7Eleven,PB)말차라떼250ml,2900,2+1,https://www.7-eleven.co.kr/front/img/product/product_list_01.jpg,음료
7Eleven,삼립)프로H.통밀땅콩샌드(5입)10,2400,2+1,https://www.7-eleven.co.kr/front/img/product/product_list_01.jpg,기타
7Eleven,칠성)칠성사이다제로라임355ml,2100,2+1,https://www.7-eleven.co.kr/front/img/product/product_list_01.jpg,음료
7Eleven,CJ)더건강한닭가슴살통살100g,4500,2+1,https://www.7-eleven.co.kr/front/img/product/product_list_01.jpg,기타
7Eleven,G)아모스4D베리믹스구미56g,2000,2+1,https://www.7-eleven.co.kr/front/img/product/product_list_01.jpg,기타
7Eleven,대상)저당비빔면소스270g(튜브),5200,2+1,https://www.7-eleven.co.kr/front/img/product/product_list_01.jpg,기타
7Eleven,선린)깔끔얼룩제거스틱,2000,2+1,https://www.7-eleven.co.kr/front/img/product/product_list_01.jpg,기타
7Eleven,써라클)영양맛밤50g,2400,2+1,https://www.7-eleven.co.kr/front/img/product/product_list_01.jpg,간식류
7Eleven,CJ)오마이갓김치시즈닝팝콘80g,1900,2+1,https://www.7-eleven.co.kr/front/img/product/product_list_01.jpg,간식류
7Eleven,농심)누들핏새우탕맛,1800,2+1,https://www.7-eleven.co.kr/front/img/product/product_list_01.jpg,기타
7Eleven,PB)말차딸기라떼250ml,2900,2+1,https://www.7-eleven.co.kr/front/img/product/product_list_01.jpg,음료
7Eleven,매일)두유렌틸콩190ml,1800,2+1,https://www.7-eleven.co.kr/front/img/product/product_list_01.jpg,음료
7Eleven,서울)저지방멸균흰우유200ml,1200,2+1,https://www.7-eleven.co.kr/front/img/product/product_list_01.jpg,음료
7Eleven,대웅)베아듀얼원샷30ml,4900,2+1,https://www.7-eleven.co.kr/front/img/product/product_list_01.jpg,기타
7Eleven,대웅)간편듀얼원샷30ml,4900,2+1,https://www.7-eleven.co.kr/front/img/product/product_list_01.jpg,기타
7Eleven,이그니스)애사비소다제주감귤500,2800,2+1,https://www.7-eleven.co.kr/front/img/product/product_list_01.jpg,음료
7Eleven,이그니스)에사비소다레몬500ml,2800,2+1,https://www.7-eleven.co.kr/front/img/product/product_list_01.jpg,음료
7Eleven,농심)튀김우동큰사발,1500,2+1,https://www.7-eleven.co.kr/upload/product/8801043/016070.1.jpg,기타
7Eleven,농심)오징어짬뽕(소컵),1250,2+1,https://www.7-eleven.co.kr/upload/product/8801043/015745.1.jpg,간식류
7Eleven,농심)너구리(소컵),1250,2+1,https://www.7-eleven.co.kr/upload/product/8801043/015837.1.jpg,기타
7Eleven,농심)메밀소바봉지,1400,2+1,https://www.7-eleven.co.kr/upload/product/8801043/004398.1.jpg,기타
7Eleven,오뚜기)진라면순한맛큰컵,1400,2+1,https://www.7-eleven.co.kr/upload/product/8801045/571362.1.jpg,식사류
7Eleven,오뚜기)진짬뽕큰컵,2000,2+1,https://www.7-eleven.co.kr/upload/product/8801045/574585.1.jpg,기타
7Eleven,삼양)불닭볶음탕면(큰컵),1800,2+1,https://www.7-eleven.co.kr/upload/product/8801073/211032.1.jpg,식사류
7Eleven,오뚜기)진비빔면봉지,1250,2+1,https://www.7-eleven.co.kr/upload/product/8801045/526294.1.jpg,식사류
7Eleven,농심)신라면건면사발,1800,2+1,https://www.7-eleven.co.kr/upload/product/8801043/056489.1.jpg,식사류
7Eleven,대웅)임팩타임에너지젤45g,3500,2+1,https://www.7-eleven.co.kr/front/img/product/product_list_01.jpg,간식류
7Eleven,농심)배홍동비빔면(봉지),1250,2+1,https://www.7-eleven.co.kr/upload/product/8801043/060356.1.jpg,식사류
7Eleven,오뚜기)육개장사발면104g,1100,2+1,https://www.7-eleven.co.kr/upload/product/8801045/702643.1.jpg,식사류
7Eleven,오뚜기)짜슐랭봉지,1200,2+1,https://www.7-eleven.co.kr/upload/product/8801045/033181.1.jpg,기타
7Eleven,농심)배홍동쫄쫄면봉지,1700,2+1,https://www.7-eleven.co.kr/upload/product/8801043/067430.1.jpg,식사류
7Eleven,삼양)맵탱마늘조개라면큰컵,1800,2+1,https://www.7-eleven.co.kr/upload/product/8801073/216198.1.jpg,식사류
7Eleven,오뚜기)컵누들마라탕맛소컵,1800,2+1,https://www.7-eleven.co.kr/upload/product/8801045/512518.1.jpg,기타
7Eleven,CJ)더건강한저당닭가슴살숯불치,4900,2+1,https://www.7-eleven.co.kr/front/img/product/product_list_01.jpg,기타
7Eleven,CJ)더건강한저당닭가슴살데리야,4900,2+1,https://www.7-eleven.co.kr/front/img/product/product_list_01.jpg,기타
7Eleven,엔제이)블랙썬더밀크딸기20g,1500,2+1,https://www.7-eleven.co.kr/front/img/product/product_list_01.jpg,기타
7Eleven,경진)꾸이맨바삭칩70g,4800,2+1,https://www.7-eleven.co.kr/front/img/product/product_list_01.jpg,간식류
7Eleven,V_4이나피)시그니처초콜릿6P세트,5500,2+1,https://www.7-eleven.co.kr/front/img/product/product_list_01.jpg,기타
7Eleven,PB)초코별딸기별60g,2000,2+1,https://www.7-eleven.co.kr/front/img/product/product_list_01.jpg,기타
7Eleven,PB)초코별말차별60g,2000,2+1,https://www.7-eleven.co.kr/front/img/product/product_list_01.jpg,음료
7Eleven,PB)바사삭랍스터칩70g,1800,2+1,https://www.7-eleven.co.kr/front/img/product/product_list_01.jpg,기타
7Eleven,매일한끼)단백질쉐이크초코40g,4000,2+1,https://www.7-eleven.co.kr/front/img/product/product_list_01.jpg,기타
7Eleven,매일한끼)단백질쉐이크곡물40g,4000,2+1,https://www.7-eleven.co.kr/front/img/product/product_list_01.jpg,기타
7Eleven,리치)철판닭가슴살100g,4500,2+1,https://www.7-eleven.co.kr/front/img/product/product_list_01.jpg,기타
7Eleven,G)차바코코넛워터310ml,2500,2+1,https://www.7-eleven.co.kr/front/img/product/product_list_01.jpg,음료
7Eleven,이노엔)컨디션스틱제로샤인머스,3900,2+1,https://www.7-eleven.co.kr/front/img/product/product_list_01.jpg,기타
7Eleven,매크로)키도크리미버터샌드90g,2000,2+1,https://www.7-eleven.co.kr/front/img/product/product_list_01.jpg,기타
7Eleven,매크로)키도레몬버터샌드90g,2000,2+1,https://www.7-eleven.co.kr/front/img/product/product_list_01.jpg,기타
7Eleven,서울)비요뜨베리콩포트165g,2300,2+1,https://www.7-eleven.co.kr/front/img/product/product_list_01.jpg,기타
7Eleven,CJ)매콤달콤닭강정200g,7800,2+1,https://www.7-eleven.co.kr/front/img/product/product_list_01.jpg,기타
7Eleven,종근당건강)락토핏골드10입,5300,2+1,https://www.7-eleven.co.kr/front/img/product/product_list_01.jpg,기타
7Eleven,종근당건강)아임비타멀티비타민,4700,2+1,https://www.7-eleven.co.kr/front/img/product/product_list_01.jpg,기타
7Eleven,CJ)바삭팝콘허브솔트55g,1900,2+1,https://www.7-eleven.co.kr/front/img/product/product_list_01.jpg,간식류
7Eleven,CJ)바삭팝콘스팸맛55g,1900,2+1,https://www.7-eleven.co.kr/front/img/product/product_list_01.jpg,간식류
7Eleven,유앤)킹웜크루젤리80g,2500,2+1,https://www.7-eleven.co.kr/front/img/product/product_list_01.jpg,간식류
7Eleven,시원)맛카로니50g,1500,2+1,https://www.7-eleven.co.kr/front/img/product/product_list_01.jpg,기타
7Eleven,시원)강냉이50g,1500,2+1,https://www.7-eleven.co.kr/front/img/product/product_list_01.jpg,간식류
7Eleven,시원)앵두콘50g,1500,2+1,https://www.7-eleven.co.kr/front/img/product/product_list_01.jpg,기타
7Eleven,리치)직화닭가슴살바후라이드치,2900,2+1,https://www.7-eleven.co.kr/front/img/product/product_list_01.jpg,기타
7Eleven,리치)직화닭가슴살바블랙페퍼트,2900,2+1,https://www.7-eleven.co.kr/front/img/product/product_list_01.jpg,기타
7Eleven,오뚜기)열라면프레첼50g,1700,2+1,https://www.7-eleven.co.kr/front/img/product/product_list_01.jpg,식사류
7Eleven,오뚜기)컵누들저당불닭맛,1800,2+1,https://www.7-eleven.co.kr/front/img/product/product_list_01.jpg,기타
7Eleven,대상)순창(현미)찰고추장500g,10900,2+1,https://www.7-eleven.co.kr/upload/product/8801052/435015.1.jpg,기타
7Eleven,대상)두번달인진간장골드500ml,5300,2+1,https://www.7-eleven.co.kr/front/img/product/product_list_01.jpg,기타
7Eleven,대상)순창양념듬뿍쌈장500g,5400,2+1,https://www.7-eleven.co.kr/upload/product/8801052/438016.1.jpg,기타
7Eleven,종가집)열무김치80g,2100,2+1,https://www.7-eleven.co.kr/upload/product/8801024/053674.1.jpg,기타
7Eleven,종가집)맛김치200g,3700,2+1,https://www.7-eleven.co.kr/upload/product/8801024/190225.1.jpg,기타
7Eleven,종가집)맛김치50g,1200,2+1,https://www.7-eleven.co.kr/upload/product/8801024/053650.1.jpg,기타
7Eleven,삼립)프로H.통밀딸기샌드(5입)10,2400,2+1,https://www.7-eleven.co.kr/front/img/product/product_list_01.jpg,기타
7Eleven,PB)이나피딸기웨이퍼(8입),4500,2+1,https://www.7-eleven.co.kr/front/img/product/product_list_01.jpg,기타
7Eleven,PB)이나피말차웨이퍼(8입),4500,2+1,https://www.7-eleven.co.kr/front/img/product/product_list_01.jpg,음료
7Eleven,오뚜기)돼지고기김치찌개밥310g,5400,2+1,https://www.7-eleven.co.kr/front/img/product/product_list_01.jpg,식사류
7Eleven,농심)츄파춥스플러피판다60g,1400,2+1,https://www.7-eleven.co.kr/front/img/product/product_list_01.jpg,간식류
7Eleven,빙그레)요플레그릭아몬드바나나1,2200,2+1,https://www.7-eleven.co.kr/front/img/product/product_list_01.jpg,간식류
7Eleven,빙그레)설탕무첨가딸기190ml,1500,2+1,https://www.7-eleven.co.kr/front/img/product/product_list_01.jpg,기타
7Eleven,빙그레)설탕무첨가초코190ml,1500,2+1,https://www.7-eleven.co.kr/front/img/product/product_list_01.jpg,기타
7Eleven,농심)라뽁구리큰사발,1900,2+1,https://www.7-eleven.co.kr/front/img/product/product_list_01.jpg,기타
7Eleven,MZ)호올스스트로베리27.9g,1200,2+1,https://www.7-eleven.co.kr/front/img/product/product_list_01.jpg,기타
7Eleven,바이오)돼지껍데기튀김콩고물맛3,3900,2+1,https://www.7-eleven.co.kr/front/img/product/product_list_01.jpg,기타
7Eleven,바이오)돼지껍데기튀김데리야끼,3900,2+1,https://www.7-eleven.co.kr/front/img/product/product_list_01.jpg,기타
7Eleven,랩노쉬)프로틴드링크퍼펙트초코3,3800,2+1,https://www.7-eleven.co.kr/front/img/product/product_list_01.jpg,음료
7Eleven,랩노쉬)프로틴드링크퍼펙트바나,3800,2+1,https://www.7-eleven.co.kr/front/img/product/product_list_01.jpg,음료
7Eleven,PB)밀양딸기젤리40g,2000,2+1,https://www.7-eleven.co.kr/front/img/product/product_list_01.jpg,간식류
7Eleven,PB)제주감귤젤리40g,2000,2+1,https://www.7-eleven.co.kr/front/img/product/product_list_01.jpg,간식류
7Eleven,랩노쉬)프로틴드링크퍼펙트그레,3800,2+1,https://www.7-eleven.co.kr/front/img/product/product_list_01.jpg,음료
7Eleven,정식품)데일리저당두유190ml,1400,2+1,https://www.7-eleven.co.kr/front/img/product/product_list_01.jpg,음료
7Eleven,삼립)멕시칸스파이시치킨부리또1,3500,2+1,https://www.7-eleven.co.kr/front/img/product/product_list_01.jpg,기타
7Eleven,사조)쥐포후라이드허니소이맛40g,5900,2+1,https://www.7-eleven.co.kr/front/img/product/product_list_01.jpg,간식류
7Eleven,사조)쥐포후라이드불닭맛40g,5900,2+1,https://www.7-eleven.co.kr/front/img/product/product_list_01.jpg,간식류
7Eleven,한성)일품철판구이오징어30g,6600,2+1,https://www.7-eleven.co.kr/front/img/product/product_list_01.jpg,기타
7Eleven,한성)일품실오징어30g,6600,2+1,https://www.7-eleven.co.kr/front/img/product/product_list_01.jpg,간식류
7Eleven,한성)일품쇠고기육포30g,5500,2+1,https://www.7-eleven.co.kr/front/img/product/product_list_01.jpg,간식류
7Eleven,한성)일품도톰육포45g,5500,2+1,https://www.7-eleven.co.kr/front/img/product/product_list_01.jpg,간식류
7Eleven,오리온)찍먹오감자버터갈릭감자,1700,2+1,https://www.7-eleven.co.kr/front/img/product/product_list_01.jpg,간식류
7Eleven,머거본)알땅콩40G,1500,2+1,https://www.7-eleven.co.kr/front/img/product/product_list_01.jpg,기타
7Eleven,머거본)꿀땅콩40G,1500,2+1,https://www.7-eleven.co.kr/front/img/product/product_list_01.jpg,간식류
7Eleven,MGR)황비홍마라땅콩70g,3900,2+1,https://www.7-eleven.co.kr/front/img/product/product_list_01.jpg,기타
7Eleven,썬푸드)인생노가리35g,4500,2+1,https://www.7-eleven.co.kr/front/img/product/product_list_01.jpg,기타
7Eleven,덴마크)미숫미숫우유300ml,2100,2+1,https://www.7-eleven.co.kr/front/img/product/product_list_01.jpg,음료
7Eleven,아크네스)퍼펙트솔루션 스팟패치,4700,2+1,https://www.7-eleven.co.kr/front/img/product/product_list_01.jpg,기타
7Eleven,농심)배홍동막국수봉지,1700,2+1,https://www.7-eleven.co.kr/front/img/product/product_list_01.jpg,기타
7Eleven,풀무원)찰도토리묵300g,2500,2+1,https://www.7-eleven.co.kr/front/img/product/product_list_01.jpg,기타
7Eleven,삼립)조청듬뿍도넛60g,1300,2+1,https://www.7-eleven.co.kr/front/img/product/product_list_01.jpg,간식류
7Eleven,하림)직화닭가슴살소금구이맛100,5000,2+1,https://www.7-eleven.co.kr/front/img/product/product_list_01.jpg,기타
7Eleven,PB)두햄빠타코야끼볼57g,1700,2+1,https://www.7-eleven.co.kr/front/img/product/product_list_01.jpg,기타
7Eleven,해태)자가비들기름김맛90g,4000,2+1,https://www.7-eleven.co.kr/front/img/product/product_list_01.jpg,간식류
7Eleven,오뚜기)뿌셔뿌셔팝콘양념치킨맛4,2000,2+1,https://www.7-eleven.co.kr/front/img/product/product_list_01.jpg,기타
7Eleven,한성)킹오브크랩150g,5300,2+1,https://www.7-eleven.co.kr/front/img/product/product_list_01.jpg,기타
7Eleven,하림)직화닭가슴살갈비구이맛100,5000,2+1,https://www.7-eleven.co.kr/front/img/product/product_list_01.jpg,기타
7Eleven,하림)직화닭가슴살바베큐구이맛1,5000,2+1,https://www.7-eleven.co.kr/front/img/product/product_list_01.jpg,기타
7Eleven,칠성)실론티말차라떼340ml,2700,2+1,https://www.7-eleven.co.kr/front/img/product/product_list_01.jpg,음료
7Eleven,칠성)칸타타하모니돌체라떼340ml,2700,2+1,https://www.7-eleven.co.kr/front/img/product/product_list_01.jpg,음료
7Eleven,삼립)프로H.통밀우유샌드(5입)10,2400,2+1,https://www.7-eleven.co.kr/front/img/product/product_list_01.jpg,음료
7Eleven,슈가로로)곤약젤리(딸기&키위)15,1900,2+1,https://www.7-eleven.co.kr/front/img/product/product_list_01.jpg,간식류
7Eleven,슈가로로)곤약젤리(골드키위&파,1900,2+1,https://www.7-eleven.co.kr/front/img/product/product_list_01.jpg,간식류
7Eleven,동서)리츠멕시칸타코73g,2000,2+1,https://www.7-eleven.co.kr/front/img/product/product_list_01.jpg,기타
7Eleven,서주)헬로키티베리에이스42g,2000,2+1,https://www.7-eleven.co.kr/front/img/product/product_list_01.jpg,간식류
7Eleven,키다리)잔치쌀국수,2600,2+1,https://www.7-eleven.co.kr/front/img/product/product_list_01.jpg,기타
7Eleven,오뚜기)진밀면봉지,1700,2+1,https://www.7-eleven.co.kr/front/img/product/product_list_01.jpg,식사류
7Eleven,광동)제주삼다수1L,1500,2+1,https://www.7-eleven.co.kr/front/img/product/product_list_01.jpg,생수
7Eleven,매일)아몬드브리즈커피190ml,1500,2+1,https://www.7-eleven.co.kr/front/img/product/product_list_01.jpg,음료
7Eleven,에이블)더블콘솜사탕18g,1800,2+1,https://www.7-eleven.co.kr/front/img/product/product_list_01.jpg,간식류
7Eleven,매일)상하프로틴스트링치즈20g,1600,2+1,https://www.7-eleven.co.kr/front/img/product/product_list_01.jpg,간식류
7Eleven,칠성)칠성사이다제로유자355ml,2100,2+1,https://www.7-eleven.co.kr/front/img/product/product_list_01.jpg,음료
7Eleven,매일한끼)단백질쉐이크스윗콘40g,4000,2+1,https://www.7-eleven.co.kr/front/img/product/product_list_01.jpg,기타
7Eleven,대림)쫄깃탱탱어묵바70g,3300,2+1,https://www.7-eleven.co.kr/front/img/product/product_list_01.jpg,기타
7Eleven,대림)화끈매콤어묵바70g,3300,2+1,https://www.7-eleven.co.kr/front/img/product/product_list_01.jpg,기타
7Eleven,해태)구론산비타액150ml,1300,2+1,https://www.7-eleven.co.kr/front/img/product/product_list_01.jpg,간식류
7Eleven,마즈)비카인드아몬드코코넛바35g,2200,2+1,https://www.7-eleven.co.kr/front/img/product/product_list_01.jpg,기타
7Eleven,한성)돈부심후랑크바80g,3500,2+1,https://www.7-eleven.co.kr/front/img/product/product_list_01.jpg,기타
7Eleven,G)대만여주차590ml,3000,2+1,https://www.7-eleven.co.kr/front/img/product/product_list_01.jpg,음료
7Eleven,오리온)한끼바치즈맛40g,1500,2+1,https://www.7-eleven.co.kr/front/img/product/product_list_01.jpg,간식류
7Eleven,오리온)호호감자크래커81g,1600,2+1,https://www.7-eleven.co.kr/front/img/product/product_list_01.jpg,간식류
7Eleven,오뚜기)제주똣똣라면큰컵,2300,2+1,https://www.7-eleven.co.kr/front/img/product/product_list_01.jpg,식사류
7Eleven,키다리)중화쌀짬뽕,2600,2+1,https://www.7-eleven.co.kr/front/img/product/product_list_01.jpg,기타
7Eleven,삼립)누네띠네이천쌀120g,3800,2+1,https://www.7-eleven.co.kr/front/img/product/product_list_01.jpg,기타
7Eleven,종가집)한입총각김치290g,7500,2+1,https://www.7-eleven.co.kr/front/img/product/product_list_01.jpg,기타
7Eleven,종가집)한입열무김치290g,7500,2+1,https://www.7-eleven.co.kr/front/img/product/product_list_01.jpg,기타
7Eleven,풀무원)특등급국산콩두유190ml,1900,2+1,https://www.7-eleven.co.kr/front/img/product/product_list_01.jpg,음료
7Eleven,매일)허쉬초코드링크밀크300ml,2300,2+1,https://www.7-eleven.co.kr/front/img/product/product_list_01.jpg,간식류
7Eleven,매일)허쉬초코드링크넛츠300ml,2300,2+1,https://www.7-eleven.co.kr/front/img/product/product_list_01.jpg,간식류
7Eleven,롯데)컷팅사과200g,5700,2+1,https://www.7-eleven.co.kr/front/img/product/product_list_01.jpg,기타
7Eleven,농심)빵부장솔티꽈배기55g,1700,2+1,https://www.7-eleven.co.kr/front/img/product/product_list_01.jpg,기타
7Eleven,시원)쉐이킹스파클링복숭아250ml,2800,2+1,https://www.7-eleven.co.kr/front/img/product/product_list_01.jpg,기타
7Eleven,시원)쉐이킹스파클링파인250ml,2800,2+1,https://www.7-eleven.co.kr/front/img/product/product_list_01.jpg,기타
7Eleven,웅진)아침햇살말차500ml,2500,2+1,https://www.7-eleven.co.kr/front/img/product/product_list_01.jpg,음료
7Eleven,켈로그)저당그래놀라300g,7600,2+1,https://www.7-eleven.co.kr/front/img/product/product_list_01.jpg,기타
7Eleven,PB)김희은들기름김칩75g,1700,2+1,https://www.7-eleven.co.kr/front/img/product/product_list_01.jpg,기타
7Eleven,엔제이)블랙썬더바닐라초코칩20g,1500,2+1,https://www.7-eleven.co.kr/front/img/product/product_list_01.jpg,기타
7Eleven,빙그레)왕실말차190ml,1600,2+1,https://www.7-eleven.co.kr/front/img/product/product_list_01.jpg,음료
7Eleven,크라운)카라멜콘크로아상60g,1700,2+1,https://www.7-eleven.co.kr/front/img/product/product_list_01.jpg,간식류
7Eleven,동국)KBO마데카쿨링패치 롱(KIA),3300,2+1,https://www.7-eleven.co.kr/front/img/product/product_list_01.jpg,기타
7Eleven,동국)KBO마데카쿨링패치 롱(한화,3300,2+1,https://www.7-eleven.co.kr/front/img/product/product_list_01.jpg,기타
7Eleven,동국)KBO마데카쿨링패치 롱(LG)1,3300,2+1,https://www.7-eleven.co.kr/front/img/product/product_list_01.jpg,생활/위생용품
7Eleven,동국)KBO마데카쿨링패치 롱(롯데,3300,2+1,https://www.7-eleven.co.kr/front/img/product/product_list_01.jpg,기타
7Eleven,동국)KBO마데카쿨링패치 롱(두산,3300,2+1,https://www.7-eleven.co.kr/front/img/product/product_list_01.jpg,기타
7Eleven,동국)KBO마데카쿨링패치 롱(SSG),3300,2+1,https://www.7-eleven.co.kr/front/img/product/product_list_01.jpg,기타
7Eleven,동국)KBO마데카쿨링패치 롱(삼성,3300,2+1,https://www.7-eleven.co.kr/front/img/product/product_list_01.jpg,기타
7Eleven,동국)KBO마데카쿨링패치 롱(NC)1,3300,2+1,https://www.7-eleven.co.kr/front/img/product/product_list_01.jpg,기타
7Eleven,동국)KBO마데카쿨링패치 롱(KT)1,3300,2+1,https://www.7-eleven.co.kr/front/img/product/product_list_01.jpg,기타
7Eleven,동국)KBO마데카쿨링패치 롱(키움,3300,2+1,https://www.7-eleven.co.kr/front/img/product/product_list_01.jpg,기타
7Eleven,동국)KBO마데카썸머향패치(KIA)6,3300,2+1,https://www.7-eleven.co.kr/front/img/product/product_list_01.jpg,기타
7Eleven,동국)KBO마데카썸머향패치(한화),3300,2+1,https://www.7-eleven.co.kr/front/img/product/product_list_01.jpg,기타
7Eleven,동국)KBO마데카썸머향패치(LG)6P,3300,2+1,https://www.7-eleven.co.kr/front/img/product/product_list_01.jpg,생활/위생용품
7Eleven,동국)KBO마데카썸머향패치(롯데),3300,2+1,https://www.7-eleven.co.kr/front/img/product/product_list_01.jpg,기타
7Eleven,동국)KBO마데카썸머향패치(두산),3300,2+1,https://www.7-eleven.co.kr/front/img/product/product_list_01.jpg,기타
7Eleven,동국)KBO마데카썸머향패치(SSG)6,3300,2+1,https://www.7-eleven.co.kr/front/img/product/product_list_01.jpg,기타
7Eleven,동국)KBO마데카썸머향패치(삼성),3300,2+1,https://www.7-eleven.co.kr/front/img/product/product_list_01.jpg,기타
7Eleven,동국)KBO마데카썸머향패치(NC)6P,3300,2+1,https://www.7-eleven.co.kr/front/img/product/product_list_01.jpg,기타
7Eleven,동국)KBO마데카썸머향패치(KT)6P,3300,2+1,https://www.7-eleven.co.kr/front/img/product/product_list_01.jpg,기타
7Eleven,동국)KBO마데카썸머향패치(키움),3300,2+1,https://www.7-eleven.co.kr/front/img/product/product_list_01.jpg,기타
7Eleven,NCTWISH)멜론팝340ml,3500,2+1,https://www.7-eleven.co.kr/front/img/product/product_list_01.jpg,기타
7Eleven,해태)오사쯔맛탕맛60g,2000,2+1,https://www.7-eleven.co.kr/front/img/product/product_list_01.jpg,간식류
7Eleven,페레로)로쉐바화이트90g,5500,2+1,https://www.7-eleven.co.kr/front/img/product/product_list_01.jpg,기타
7Eleven,서울F)설빙미숫가루우유190ml,2500,2+1,https://www.7-eleven.co.kr/front/img/product/product_list_01.jpg,음료
7Eleven,뉴트)비비랩올리브레몬밸런스샷2,3900,2+1,https://www.7-eleven.co.kr/front/img/product/product_list_01.jpg,기타
7Eleven,삼양)탱글갈릭쉬림프파스타,2500,2+1,https://www.7-eleven.co.kr/front/img/product/product_list_01.jpg,식사류
7Eleven,농심)신라면로제큰사발,1800,2+1,https://www.7-eleven.co.kr/front/img/product/product_list_01.jpg,식사류
7Eleven,농심)망고킥60g,1700,2+1,https://www.7-eleven.co.kr/front/img/product/product_list_01.jpg,기타
7Eleven,하리보)골드배렌썸머에디션80g,2500,2+1,https://www.7-eleven.co.kr/front/img/product/product_list_01.jpg,간식류
7Eleven,대림)로얄크랩디핑100g,5500,2+1,https://www.7-eleven.co.kr/front/img/product/product_list_01.jpg,기타
7Eleven,오뚜기)로제열라면봉지,1300,2+1,https://www.7-eleven.co.kr/front/img/product/product_list_01.jpg,식사류
7Eleven,삼립)아메리칸 딥치즈소시지 부,3500,2+1,https://www.7-eleven.co.kr/front/img/product/product_list_01.jpg,간식류
7Eleven,CJ)더건강한오븐구이생선살87g,4500,2+1,https://www.7-eleven.co.kr/front/img/product/product_list_01.jpg,기타
7Eleven,오뚜기)진라면약간매운맛큰컵,1400,2+1,https://www.7-eleven.co.kr/front/img/product/product_list_01.jpg,식사류
7Eleven,삼양)1963우지파개장큰컵,1950,2+1,https://www.7-eleven.co.kr/front/img/product/product_list_01.jpg,기타
7Eleven,삼립)캐네디언 그레이비해쉬 부,3500,2+1,https://www.7-eleven.co.kr/front/img/product/product_list_01.jpg,기타
7Eleven,G)DOLL초면왕굴소스맛120g,2500,2+1,https://www.7-eleven.co.kr/front/img/product/product_list_01.jpg,기타
7Eleven,G)DOLL초면왕칠리소스맛120g,2500,2+1,https://www.7-eleven.co.kr/front/img/product/product_list_01.jpg,기타
7Eleven,오뚜기)진라면약간매운맛소컵,1100,2+1,https://www.7-eleven.co.kr/front/img/product/product_list_01.jpg,식사류
7Eleven,오뚜기)로제열라면큰컵,2000,2+1,https://www.7-eleven.co.kr/front/img/product/product_list_01.jpg,식사류
7Eleven,팔도)아리레몬크레스트355ml,2200,2+1,https://www.7-eleven.co.kr/front/img/product/product_list_01.jpg,기타
7Eleven,팔도)아리오렌지아워355ml,2200,2+1,https://www.7-eleven.co.kr/front/img/product/product_list_01.jpg,기타
7Eleven,코주부)K육포30g,5900,2+1,https://www.7-eleven.co.kr/front/img/product/product_list_01.jpg,간식류
7Eleven,PB)김희은들깨듬뿍수제비,3600,2+1,https://www.7-eleven.co.kr/front/img/product/product_list_01.jpg,기타
7Eleven,동서)오레오오즈바24g,1900,2+1,https://www.7-eleven.co.kr/front/img/product/product_list_01.jpg,기타
7Eleven,농심)신라면로제봉지,1500,2+1,https://www.7-eleven.co.kr/front/img/product/product_list_01.jpg,식사류
7Eleven,팔도)아리봉골레큰컵,2200,2+1,https://www.7-eleven.co.kr/front/img/product/product_list_01.jpg,기타
7Eleven,팔도)아리트러플불고기큰컵,2200,2+1,https://www.7-eleven.co.kr/front/img/product/product_list_01.jpg,기타
7Eleven,팔도)아리고추장버터큰컵,2200,2+1,https://www.7-eleven.co.kr/front/img/product/product_list_01.jpg,기타
7Eleven,일신)캇예스베러버니사우어75g,2800,2+1,https://www.7-eleven.co.kr/front/img/product/product_list_01.jpg,기타
7Eleven,오크베리)파인트오리지날473ml,17800,2+1,https://www.7-eleven.co.kr/front/img/product/product_list_01.jpg,간식류
7Eleven,오크베리)파인트피넛버터473ml,17800,2+1,https://www.7-eleven.co.kr/front/img/product/product_list_01.jpg,간식류
7Eleven,오크베리)미니오리지날195g,8800,2+1,https://www.7-eleven.co.kr/front/img/product/product_list_01.jpg,기타
7Eleven,오크베리)미니딸기바나나195g,8800,2+1,https://www.7-eleven.co.kr/front/img/product/product_list_01.jpg,기타
7Eleven,웅진)꿀밤햇살500ml,2350,2+1,https://www.7-eleven.co.kr/front/img/product/product_list_01.jpg,기타
7Eleven,웅진)붉은매실500ml,2350,2+1,https://www.7-eleven.co.kr/front/img/product/product_list_01.jpg,기타
7Eleven,G)차바코코넛워터말차310ml,2500,2+1,https://www.7-eleven.co.kr/front/img/product/product_list_01.jpg,음료
7Eleven,G)차바수박주스310ml,2500,2+1,https://www.7-eleven.co.kr/front/img/product/product_list_01.jpg,음료
7Eleven,MDS)젤리블리코코포도60g,1000,2+1,https://www.7-eleven.co.kr/front/img/product/product_list_01.jpg,간식류
7Eleven,MDS)젤리블리코코리치60g,1000,2+1,https://www.7-eleven.co.kr/front/img/product/product_list_01.jpg,간식류
7Eleven,서주)허쉬바나나초코바90ml,3000,2+1,https://www.7-eleven.co.kr/front/img/product/product_list_01.jpg,간식류
7Eleven,사조)한입피자불고기80g,3000,2+1,https://www.7-eleven.co.kr/front/img/product/product_list_01.jpg,식사류
7Eleven,농심)포테토칩엽떡로제맛55g,1700,2+1,https://www.7-eleven.co.kr/front/img/product/product_list_01.jpg,간식류
7Eleven,바프)와삭콘치킨맛땅콩30g,1500,2+1,https://www.7-eleven.co.kr/front/img/product/product_list_01.jpg,기타
7Eleven,바이오)오징어카츠청양마요맛40g,6300,2+1,https://www.7-eleven.co.kr/front/img/product/product_list_01.jpg,간식류
7Eleven,오뚜기)발아흑미밥210g,2700,2+1,https://www.7-eleven.co.kr/upload/product/8801045/890463.1.jpg,식사류
7Eleven,CJ)큰햇반300g*3입,8300,2+1,https://www.7-eleven.co.kr/upload/product/8801007/289649.1.jpg,기타
7Eleven,동원)튜나페고소마요129g,4900,2+1,https://www.7-eleven.co.kr/upload/product/8801047/828396.1.jpg,기타
7Eleven,CJ)햇반황태국밥(컵반),4800,2+1,https://www.7-eleven.co.kr/upload/product/8801007/403205.1.jpg,식사류
7Eleven,CJ)햇반미역국밥(컵반),4800,2+1,https://www.7-eleven.co.kr/upload/product/8801007/403267.1.jpg,식사류
7Eleven,CJ)햇반사골국밥(컵반),4800,2+1,https://www.7-eleven.co.kr/upload/product/8801007/403182.1.jpg,식사류
7Eleven,CJ)강된장보리비빔밥(컵반),4800,2+1,https://www.7-eleven.co.kr/upload/product/8801007/423180.1.jpg,식사류
7Eleven,오뚜기)김치참치덮밥(컵밥),5400,2+1,https://www.7-eleven.co.kr/upload/product/8801045/892207.1.jpg,식사류
7Eleven,오뚜기)오뚜기밥210g*4입,7200,2+1,https://www.7-eleven.co.kr/upload/product/8801045/892085.1.jpg,식사류
7Eleven,CJ)햇반불고기덮밥(컵반),4800,2+1,https://www.7-eleven.co.kr/upload/product/8801007/608112.1.jpg,식사류
7Eleven,CJ)비비고소고기미역국500g,5900,2+1,https://www.7-eleven.co.kr/upload/product/8801007/561677.1.jpg,식사류
7Eleven,CJ)비비고육개장500g,5900,2+1,https://www.7-eleven.co.kr/upload/product/8801007/526515.1.jpg,식사류
7Eleven,CJ)철판제육덮밥(컵반),4800,2+1,https://www.7-eleven.co.kr/upload/product/8801007/611679.1.jpg,식사류
7Eleven,CJ)버터장조림비빔밥(컵반),4800,2+1,https://www.7-eleven.co.kr/upload/product/8801007/732466.1.jpg,식사류
7Eleven,CJ)스팸마요덮밥(컵반),4800,2+1,https://www.7-eleven.co.kr/upload/product/8801007/732442.1.jpg,식사류
7Eleven,CJ)햇반치킨마요덮밥컵반,4800,2+1,https://www.7-eleven.co.kr/upload/product/8801007/778280.1.jpg,식사류
7Eleven,동원)리챔120g,4200,2+1,https://www.7-eleven.co.kr/upload/product/8801047/181002.1.jpg,기타
7Eleven,CJ)비비고차돌된장찌개460g,7900,2+1,https://www.7-eleven.co.kr/upload/product/8801007/737089.1.jpg,식사류
7Eleven,오뚜기)발아현미밥210g,2700,2+1,https://www.7-eleven.co.kr/upload/product/8801045/890449.1.jpg,식사류
7Eleven,오뚜기)오곡밥210g,2700,2+1,https://www.7-eleven.co.kr/upload/product/8801045/890500.1.jpg,식사류
7Eleven,CJ)스팸김치덮밥(컵반),4800,2+1,https://www.7-eleven.co.kr/upload/product/8801007/867045.1.jpg,식사류
7Eleven,CJ)김치날치알밥(컵반),4800,2+1,https://www.7-eleven.co.kr/upload/product/8801007/820392.1.jpg,식사류
7Eleven,PB)칼칼북어국(컵),1500,2+1,https://www.7-eleven.co.kr/upload/product/8809258/780922.1.jpg,기타
7Eleven,샘표)밥도둑메추리알장조림150g,4000,2+1,https://www.7-eleven.co.kr/upload/product/8801005/384858.1.jpg,식사류
7Eleven,오뚜기)참기름김치볶음컵밥,5400,2+1,https://www.7-eleven.co.kr/upload/product/8801045/875538.1.jpg,식사류
7Eleven,동원)매운고추참치90g,3300,2+1,https://www.7-eleven.co.kr/front/img/product/product_list_01.jpg,식사류
7Eleven,동원)야채참치90g,3300,2+1,https://www.7-eleven.co.kr/front/img/product/product_list_01.jpg,식사류
7Eleven,롯데)돼지바70ml,1500,2+1,https://www.7-eleven.co.kr/upload/product/8801118/250613.1.jpg,기타
7Eleven,삼양)불닭소스200g,5000,2+1,https://www.7-eleven.co.kr/upload/product/8801073/910263.1.jpg,기타
7Eleven,오뚜기)미트스파게티소스400g,5500,2+1,https://www.7-eleven.co.kr/upload/product/8801045/803104.1.jpg,기타
7Eleven,훼밀리)S&B생와사비43g,4000,2+1,https://www.7-eleven.co.kr/upload/product/4901002/166373.1.jpg,기타
7Eleven,대상)순창초고추장300g(튜브),3400,2+1,https://www.7-eleven.co.kr/front/img/product/product_list_01.jpg,기타
7Eleven,동원)더바삭한김5g,1000,2+1,https://www.7-eleven.co.kr/front/img/product/product_list_01.jpg,기타
7Eleven,웅진)아침햇살500ml,2350,2+1,https://www.7-eleven.co.kr/upload/product/8801382/124528.1.jpg,기타
7Eleven,동원)녹차350ml펫,1500,2+1,https://www.7-eleven.co.kr/upload/product/8801047/283447.1.jpg,음료
7Eleven,오츠카)데미소다애플250ml,1700,2+1,https://www.7-eleven.co.kr/upload/product/8801097/160064.1.jpg,음료
7Eleven,농심)웰치스포도355ml캔,1500,2+1,https://www.7-eleven.co.kr/upload/product/8801043/450690.1.jpg,음료
7Eleven,일화)맥콜500ml,2200,2+1,https://www.7-eleven.co.kr/upload/product/8801223/100261.1.jpg,음료
7Eleven,농심)카프리썬오렌지,1100,2+1,https://www.7-eleven.co.kr/upload/product/8801043/650182.1.jpg,기타
7Eleven,칠성)밀키스500ml,2400,2+1,https://www.7-eleven.co.kr/upload/product/8801056/755010.1.jpg,기타
7Eleven,농심)파워오투(오렌지레몬)500ml,2300,2+1,https://www.7-eleven.co.kr/upload/product/4005906/404835.1.jpg,기타
7Eleven,칠성)칸타타아메리카노200ml,1600,2+1,https://www.7-eleven.co.kr/upload/product/8801056/048150.1.jpg,음료
7Eleven,칠성)칸타타프리미엄라떼200,1600,2+1,https://www.7-eleven.co.kr/upload/product/8801056/048129.1.jpg,음료
7Eleven,웅진)하늘보리1ㆍ0L,2500,2+1,https://www.7-eleven.co.kr/upload/product/8801382/132400.1.jpg,음료
7Eleven,광동)옥수수수염차500ml,2200,2+1,https://www.7-eleven.co.kr/upload/product/8806002/006437.1.jpg,음료
7Eleven,남양)17차(십칠차)500ml,2200,2+1,https://www.7-eleven.co.kr/upload/product/8801069/174020.1.jpg,음료
7Eleven,동서)TOP마스터라떼275ml,2700,2+1,https://www.7-eleven.co.kr/upload/product/8801037/087543.1.jpg,음료
7Eleven,동서)TOP스위트아메리카노275ml,2700,2+1,https://www.7-eleven.co.kr/upload/product/8801037/087550.1.jpg,음료
7Eleven,동서)TOP스위트아메리카노200,1500,2+1,https://www.7-eleven.co.kr/upload/product/8801037/039993.1.jpg,음료
7Eleven,샘표)질러부드러운우육포30g,4900,2+1,https://www.7-eleven.co.kr/upload/product/8801005/013116.1.jpg,간식류
7Eleven,PB)우리맛밤70g,3800,2+1,https://www.7-eleven.co.kr/front/img/product/product_list_01.jpg,간식류
7Eleven,홍선)일품쇠고기육포40g,5500,2+1,https://www.7-eleven.co.kr/front/img/product/product_list_01.jpg,간식류
7Eleven,홍선)일품통육포40g,3500,2+1,https://www.7-eleven.co.kr/upload/product/8802456/105085.1.jpg,간식류
7Eleven,바프)군옥수수맛아몬드40g,2500,2+1,https://www.7-eleven.co.kr/upload/product/8809617/945122.1.jpg,기타
7Eleven,바프)허니버터아몬드40g,2500,2+1,https://www.7-eleven.co.kr/upload/product/8809617/945092.1.jpg,간식류
7Eleven,바프)와사비맛아몬드40g,2500,2+1,https://www.7-eleven.co.kr/upload/product/8809617/945115.1.jpg,기타
7Eleven,바프)마늘빵아몬드40g,2500,2+1,https://www.7-eleven.co.kr/upload/product/8809617/945160.1.jpg,기타
7Eleven,안주야)먹태청양데리야끼맛25g,5900,2+1,https://www.7-eleven.co.kr/upload/product/8801052/094007.1.jpg,간식류
7Eleven,바프)허니로스티드땅콩120g,3900,2+1,https://www.7-eleven.co.kr/upload/product/8809617/947010.1.jpg,기타
7Eleven,바프)로스티드앤솔티드땅콩120g,3900,2+1,https://www.7-eleven.co.kr/upload/product/8809617/947034.1.jpg,기타
7Eleven,바프)멸치아몬드100g,7900,2+1,https://www.7-eleven.co.kr/upload/product/8809617/947263.1.jpg,기타
7Eleven,리피아)오리지널육포40g,7100,2+1,https://www.7-eleven.co.kr/upload/product/8809044/943067.1.jpg,간식류
7Eleven,바프)군옥수수맛땅콩앤콘프라이,3900,2+1,https://www.7-eleven.co.kr/upload/product/8809617/947355.1.jpg,기타
7Eleven,바프)와사비맛땅콩120g,3900,2+1,https://www.7-eleven.co.kr/upload/product/8809617/944842.1.jpg,기타
7Eleven,바프)멸치아몬드구운양파맛100g,7900,2+1,https://www.7-eleven.co.kr/upload/product/8809617/947775.1.jpg,기타
7Eleven,썬푸드)피자파스타맛오징어30g,4200,2+1,https://www.7-eleven.co.kr/upload/product/8801149/406348.1.jpg,간식류
7Eleven,PB)고구마씬스틱50g,2000,2+1,https://www.7-eleven.co.kr/front/img/product/product_list_01.jpg,기타
7Eleven,현대)미에로화이바210ml,1700,2+1,https://www.7-eleven.co.kr/front/img/product/product_list_01.jpg,기타
7Eleven,HK)헛개컨디션100ml,5000,2+1,https://www.7-eleven.co.kr/upload/product/8801007/071046.1.jpg,기타
7Eleven,오비)카스제로500ml캔,2800,2+1,https://www.7-eleven.co.kr/front/img/product/product_list_01.jpg,기타
7Eleven,동서)TOP마스터라떼200ml,1500,2+1,https://www.7-eleven.co.kr/upload/product/8801037/040029.1.jpg,음료
7Eleven,광동)비타500 180ml,1900,2+1,https://www.7-eleven.co.kr/upload/product/8806002/007298.1.jpg,음료
7Eleven,동서)TOP블랙275ml,2700,2+1,https://www.7-eleven.co.kr/upload/product/8801037/087741.1.jpg,기타
7Eleven,칠성)립톤아이스티제로500ml,1900,2+1,https://www.7-eleven.co.kr/upload/product/8801056/044534.1.jpg,기타
7Eleven,오츠카)데미소다피치250ml,1700,2+1,https://www.7-eleven.co.kr/upload/product/8801097/168404.1.jpg,음료
7Eleven,하이트)토닉워터300ml,1900,2+1,https://www.7-eleven.co.kr/upload/product/8801001/236076.1.jpg,음료
7Eleven,광동)제주삼다수500ml,1100,2+1,https://www.7-eleven.co.kr/front/img/product/product_list_01.jpg,생수
7Eleven,광동)삼다수0.5L*20입,22000,2+1,https://www.7-eleven.co.kr/front/img/product/product_list_01.jpg,생수
7Eleven,동서)TOP(더블랙)200ml,1500,2+1,https://www.7-eleven.co.kr/upload/product/8801037/042870.1.jpg,기타
7Eleven,삼양사)상쾌환3g,2900,2+1,https://www.7-eleven.co.kr/upload/product/8801013/770087.1.jpg,기타
7Eleven,농심)백산수500ml,1000,2+1,https://www.7-eleven.co.kr/upload/product/8801043/022781.1.jpg,생수
7Eleven,농심)백산수2L,1900,2+1,https://www.7-eleven.co.kr/upload/product/8801043/020473.1.jpg,생수
7Eleven,칠성)칠성사이다355ml,2100,2+1,https://www.7-eleven.co.kr/upload/product/8801056/040925.1.jpg,음료
7Eleven,칠성)펩시콜라355ml,2100,2+1,https://www.7-eleven.co.kr/upload/product/8801056/150013.1.jpg,음료
7Eleven,동서)TOP스위트아메리카노380ml,3300,2+1,https://www.7-eleven.co.kr/upload/product/8801037/057843.1.jpg,음료
7Eleven,동서)TOP더블랙380ml,3300,2+1,https://www.7-eleven.co.kr/upload/product/8801037/057867.1.jpg,기타
7Eleven,오츠카)오로나민C120ml,1500,2+1,https://www.7-eleven.co.kr/upload/product/8801097/280014.1.jpg,기타
7Eleven,동서)TOP마스터라떼380ml,3300,2+1,https://www.7-eleven.co.kr/upload/product/8801037/064346.1.jpg,음료
7Eleven,동서)레드불에너지355ml,3200,2+1,https://www.7-eleven.co.kr/upload/product/9002490/232887.1.jpg,기타
7Eleven,HK)컨디션CEO150ml,10000,2+1,https://www.7-eleven.co.kr/upload/product/8809422/040876.1.jpg,기타
7Eleven,웅진)초록매실마일드500ml,2350,2+1,https://www.7-eleven.co.kr/upload/product/8801382/146544.1.jpg,기타
7Eleven,해태)구론산스파클링150ml,1300,2+1,https://www.7-eleven.co.kr/upload/product/8801105/914610.1.jpg,간식류
7Eleven,칠성)칸타타콘트라베이스블랙500,2900,2+1,https://www.7-eleven.co.kr/upload/product/8801056/094591.1.jpg,기타
7Eleven,칠성)칸타타콘트라베이스라떼500,2900,2+1,https://www.7-eleven.co.kr/upload/product/8801056/096052.1.jpg,음료
7Eleven,OKF)옐로우스무디350ml,2500,2+1,https://www.7-eleven.co.kr/upload/product/8809041/429120.1.jpg,기타
7Eleven,칠성)칸타타콘트라베이스스위트,2900,2+1,https://www.7-eleven.co.kr/upload/product/8801056/102036.1.jpg,기타
7Eleven,OKF)워터멜론500ml,2500,2+1,https://www.7-eleven.co.kr/upload/product/8809041/429649.1.jpg,음료
7Eleven,칠성)깨수깡160ml,5000,2+1,https://www.7-eleven.co.kr/front/img/product/product_list_01.jpg,기타
7Eleven,빙그레)아카페라아메리카노1L,4200,2+1,https://www.7-eleven.co.kr/upload/product/8801104/669658.1.jpg,음료
7Eleven,빙그레)아카페라헤이즐넛1L,4200,2+1,https://www.7-eleven.co.kr/upload/product/8801104/669672.1.jpg,음료
7Eleven,칠성)펩시콜라제로355ml,2100,2+1,https://www.7-eleven.co.kr/upload/product/8801056/175900.1.jpg,음료
7Eleven,칠성)칠성사이다제로355ml,2100,2+1,https://www.7-eleven.co.kr/upload/product/8801056/177645.1.jpg,음료
7Eleven,동서)TOP스모키블랙275,2700,2+1,https://www.7-eleven.co.kr/upload/product/8801037/001730.1.jpg,기타
7Eleven,칠성)칸타타콘트라베이스디카페,2900,2+1,https://www.7-eleven.co.kr/upload/product/8801056/178666.1.jpg,음료
7Eleven,하이트)토닉워터제로300ml,1900,2+1,https://www.7-eleven.co.kr/upload/product/8801001/236243.1.jpg,음료
7Eleven,농심)카프리썬오렌지망고200ml,1100,2+1,https://www.7-eleven.co.kr/upload/product/8801043/650311.1.jpg,기타
7Eleven,웅진)자연은샤인머스켓500ml,2350,2+1,https://www.7-eleven.co.kr/upload/product/8801382/149866.1.jpg,기타
7Eleven,동서)TOP돌체라떼275,2700,2+1,https://www.7-eleven.co.kr/upload/product/8801037/006193.1.jpg,음료
7Eleven,PB)아침햇살흑미500ml,2350,2+1,https://www.7-eleven.co.kr/upload/product/8801382/150169.1.jpg,기타
7Eleven,큐원)상쾌환부스터100ml,5000,2+1,https://www.7-eleven.co.kr/upload/product/8801013/777260.1.jpg,기타
7Eleven,칠성)콘트라베이스블랙&샷500ml,2900,2+1,https://www.7-eleven.co.kr/upload/product/8801056/234027.1.jpg,기타
7Eleven,하이트)토닉워터600ml,2900,2+1,https://www.7-eleven.co.kr/upload/product/8801001/236199.1.jpg,음료
7Eleven,큐원)상쾌환부스터제로100ml,5000,2+1,https://www.7-eleven.co.kr/front/img/product/product_list_01.jpg,기타
7Eleven,농심)둥지비빔냉면봉지,2250,2+1,https://www.7-eleven.co.kr/upload/product/8801043/003964.1.jpg,식사류
7Eleven,농심)둥지물냉면봉지,2250,2+1,https://www.7-eleven.co.kr/upload/product/8801043/003988.1.jpg,식사류
7Eleven,CJ)스팸클래식340g,8900,2+1,https://www.7-eleven.co.kr/upload/product/8801007/512235.1.jpg,기타
7Eleven,CJ)스팸클래식200g,6900,2+1,https://www.7-eleven.co.kr/upload/product/8801007/512259.1.jpg,기타
7Eleven,동원)고추참치150g,4400,2+1,https://www.7-eleven.co.kr/upload/product/8801047/123750.1.jpg,식사류
7Eleven,동원)야채참치150g,4400,2+1,https://www.7-eleven.co.kr/upload/product/8801047/121350.1.jpg,식사류
7Eleven,오뚜기)3분카레매운맛,2500,2+1,https://www.7-eleven.co.kr/upload/product/8801045/290324.1.jpg,기타
7Eleven,CJ)둥근햇반210g,2100,2+1,https://www.7-eleven.co.kr/upload/product/8801007/310572.1.jpg,기타
7Eleven,CJ)맛밤80g,3900,2+1,https://www.7-eleven.co.kr/upload/product/8801007/022635.1.jpg,간식류
7Eleven,CJ)작은햇반130g,1700,2+1,https://www.7-eleven.co.kr/upload/product/8801007/002989.1.jpg,기타
7Eleven,동원)양반참치죽285g,4500,2+1,https://www.7-eleven.co.kr/upload/product/8801047/161585.1.jpg,식사류
7Eleven,동원)양반단호박죽285g,4500,2+1,https://www.7-eleven.co.kr/upload/product/8801047/161592.1.jpg,식사류
7Eleven,동원)양반전복죽285g,4500,2+1,https://www.7-eleven.co.kr/upload/product/8801047/161578.1.jpg,식사류
7Eleven,동원)양반누룽지닭죽285g,4500,2+1,https://www.7-eleven.co.kr/upload/product/8801047/161677.1.jpg,식사류
7Eleven,오뚜기)맛있는큰밥300g,2800,2+1,https://www.7-eleven.co.kr/upload/product/8801045/890432.1.jpg,식사류
7Eleven,CJ)큰햇반300g,2900,2+1,https://www.7-eleven.co.kr/upload/product/8801007/054186.1.jpg,기타
7Eleven,농심)보노콘스프3입,4400,2+1,https://www.7-eleven.co.kr/upload/product/4901001/021994.1.jpg,기타
7Eleven,농심)보노포르치니스프3입,4400,2+1,https://www.7-eleven.co.kr/upload/product/4901001/022564.1.jpg,기타
7Eleven,동원)양반밤단팥죽285g,4500,2+1,https://www.7-eleven.co.kr/upload/product/8801047/161653.1.jpg,식사류
7Eleven,오뚜기)오뚜기밥210g,2000,2+1,https://www.7-eleven.co.kr/upload/product/8801045/890418.1.jpg,식사류
7Eleven,CJ)햇반200g*3입,5700,2+1,https://www.7-eleven.co.kr/upload/product/8801007/066271.1.jpg,기타
7Eleven,동원)리챔200g,6200,2+1,https://www.7-eleven.co.kr/upload/product/8801047/181040.1.jpg,기타
7Eleven,오뚜기)작은밥150g,1700,2+1,https://www.7-eleven.co.kr/upload/product/8801045/890692.1.jpg,식사류
7Eleven,유성)유동번데기130g,2400,2+1,https://www.7-eleven.co.kr/upload/product/8801063/310011.1.jpg,기타
7Eleven,오뚜기)새우볶음밥230g,4500,2+1,https://www.7-eleven.co.kr/upload/product/8801045/941103.1.jpg,식사류
7Eleven,오뚜기)우노콤비네이션피자195g,6500,2+1,https://www.7-eleven.co.kr/upload/product/8801045/751238.1.jpg,식사류
7Eleven,오뚜기)우노불고기피자180g,6500,2+1,https://www.7-eleven.co.kr/upload/product/8801045/751245.1.jpg,식사류
7Eleven,CJ)비비고청양고기만두200g,4900,2+1,https://www.7-eleven.co.kr/upload/product/8801007/836294.1.jpg,식사류
7Eleven,CJ)비비고진한김치만두200g,4900,2+1,https://www.7-eleven.co.kr/upload/product/8801007/836270.1.jpg,식사류
7Eleven,오뚜기)바삭한빅핫도그120g,2800,2+1,https://www.7-eleven.co.kr/upload/product/8801045/750743.1.jpg,기타
7Eleven,오뚜기)모짜소떡핫도그100g,2800,2+1,https://www.7-eleven.co.kr/upload/product/8801045/750750.1.jpg,간식류
7Eleven,오뚜기)참치김치치즈볶음밥230g,4500,2+1,https://www.7-eleven.co.kr/upload/product/8801045/931234.1.jpg,식사류
7Eleven,롯데)쫄깃롤만두180g,4400,2+1,https://www.7-eleven.co.kr/upload/product/8801123/727742.1.jpg,식사류
7Eleven,롯데)김치롤만두180g,4400,2+1,https://www.7-eleven.co.kr/upload/product/8801123/727759.1.jpg,식사류
7Eleven,CJ)비비고수제진한고기만두327g,6500,2+1,https://www.7-eleven.co.kr/upload/product/8801007/980683.1.jpg,식사류
7Eleven,오뚜기)진라면볶음밥230g,4500,2+1,https://www.7-eleven.co.kr/upload/product/8801045/146980.1.jpg,식사류
7Eleven,하림)간장닭강정220g,9900,2+1,https://www.7-eleven.co.kr/upload/product/8801492/372482.1.jpg,기타
7Eleven,하림)매콤닭강정220g,9900,2+1,https://www.7-eleven.co.kr/upload/product/8801492/372475.1.jpg,기타
7Eleven,오뚜기)우노페퍼로니피자180g,6500,2+1,https://www.7-eleven.co.kr/upload/product/8801045/435169.1.jpg,식사류
7Eleven,오뚜기)순후추치킨180g,5600,2+1,https://www.7-eleven.co.kr/upload/product/8801045/273570.1.jpg,기타
7Eleven,오뚜기)딸기쨈300g,6600,2+1,https://www.7-eleven.co.kr/upload/product/8801045/331126.1.jpg,기타
7Eleven,니베아)립케어 스트로베리 샤인_,5500,2+1,https://www.7-eleven.co.kr/upload/product/4005808/372881.1.jpg,기타
7Eleven,니베아)데오드란트 엑스트라_H,7900,2+1,https://www.7-eleven.co.kr/upload/product/4005808/512836.1.jpg,기타
7Eleven,존슨)화이트로션100ml(NEW)_H,6000,2+1,https://www.7-eleven.co.kr/upload/product/8801108/000297.1.jpg,기타
7Eleven,바슈롬)리뉴멀티플러스120ml_H,3600,2+1,https://www.7-eleven.co.kr/upload/product/3101190/34965.1.jpg,기타
7Eleven,존슨)리스테린쿨민트250ml_H,5000,2+1,https://www.7-eleven.co.kr/upload/product/8801008/700105.1.jpg,기타
7Eleven,존슨)리스테린쿨민트100ml_H,2400,2+1,https://www.7-eleven.co.kr/upload/product/8801008/700174.1.jpg,기타
7Eleven,LG)46Cm스프레이가글_H,4200,2+1,https://www.7-eleven.co.kr/upload/product/8801051/057638.1.jpg,생활/위생용품
7Eleven,존슨)리스테린그린티100ml_H,2400,2+1,https://www.7-eleven.co.kr/upload/product/8801008/700389.1.jpg,기타
7Eleven,동아)가그린오리지널100ml_H,2300,2+1,https://www.7-eleven.co.kr/upload/product/8806011/616047.1.jpg,기타
7Eleven,동아)가그린제로100ml_H,2300,2+1,https://www.7-eleven.co.kr/upload/product/8806011/616153.1.jpg,기타
7Eleven,LG)마카다미아크랜베리바디워시_,9900,2+1,https://www.7-eleven.co.kr/upload/product/8801051/107289.1.jpg,생활/위생용품
7Eleven,존슨)리스테린쿨민트 마일드_H,2400,2+1,https://www.7-eleven.co.kr/upload/product/8801108/000273.1.jpg,기타
7Eleven,동아)가그린오리지널250ml_H,4500,2+1,https://www.7-eleven.co.kr/upload/product/8806011/616054.1.jpg,기타
7Eleven,동아)가그린제로250ml_H,4500,2+1,https://www.7-eleven.co.kr/upload/product/8806011/616160.1.jpg,기타
7Eleven,존슨)리스테린쿨민트마일드250_H,5000,2+1,https://www.7-eleven.co.kr/upload/product/8801008/003848.1.jpg,기타
7Eleven,존슨)리스테린그린티250ml_H,5000,2+1,https://www.7-eleven.co.kr/upload/product/8801008/700358.1.jpg,기타
7Eleven,동아)new템포레귤러10입,7900,2+1,https://www.7-eleven.co.kr/upload/product/8806011/632856.1.jpg,기타
7Eleven,동아)템포슈퍼10입,7900,2+1,https://www.7-eleven.co.kr/upload/product/8806011/632771.1.jpg,기타
7Eleven,유니)도브비누_H,2700,2+1,https://www.7-eleven.co.kr/front/img/product/product_list_01.jpg,생활/위생용품
7Eleven,유한)화이트팬티라이너일반24P,4300,2+1,https://www.7-eleven.co.kr/upload/product/8801166/222419.1.jpg,생활/위생용품
7Eleven,LG)바디피트내몸에순한면중형18P,10400,2+1,https://www.7-eleven.co.kr/upload/product/8809299/234828.1.jpg,생활/위생용품
7Eleven,LG)바디피트내몸에순한면대형16P,10400,2+1,https://www.7-eleven.co.kr/upload/product/8809299/234842.1.jpg,생활/위생용품
7Eleven,유한)좋은느낌순면라이너롱18P,4500,2+1,https://www.7-eleven.co.kr/upload/product/8801166/233408.1.jpg,기타
7Eleven,유한)좋은느낌수퍼롱4P,4100,2+1,https://www.7-eleven.co.kr/upload/product/8801166/234412.1.jpg,생활/위생용품
7Eleven,유한)좋은느낌울트라날개소18P,9200,2+1,https://www.7-eleven.co.kr/upload/product/8801166/090643.1.jpg,생활/위생용품
7Eleven,유한)좋은느낌무표백대형4P,3900,2+1,https://www.7-eleven.co.kr/upload/product/8801166/091244.1.jpg,생활/위생용품
7Eleven,케이)과산화수소150ml_H,2000,2+1,https://www.7-eleven.co.kr/upload/product/8809103/877586.1.jpg,기타
7Eleven,케이)드림아이여행용세트80ml_H,4000,2+1,https://www.7-eleven.co.kr/upload/product/8809103/878040.1.jpg,기타
7Eleven,대웅)우루샷 2정_H,2500,2+1,https://www.7-eleven.co.kr/upload/product/8806000/000000.1.jpg,기타
7Eleven,존슨)베이비오일125ml_H,6000,2+1,https://www.7-eleven.co.kr/upload/product/8801008/021200.1.jpg,기타
7Eleven,존슨)CC오일컨트롤필름60매_H,5000,2+1,https://www.7-eleven.co.kr/upload/product/8801008/200629.1.jpg,기타
7Eleven,동원)뉴트리흰살참치연어(애묘)_,2000,2+1,https://www.7-eleven.co.kr/upload/product/8801047/642268.1.jpg,식사류
7Eleven,마즈)심플리닭고기당근_H,3000,2+1,https://www.7-eleven.co.kr/front/img/product/product_list_01.jpg,기타
7Eleven,마즈)심플리쇠고기닭고기_H,3000,2+1,https://www.7-eleven.co.kr/front/img/product/product_list_01.jpg,기타
7Eleven,마즈)심플리닭고기고구마_H,3000,2+1,https://www.7-eleven.co.kr/front/img/product/product_list_01.jpg,기타
7Eleven,동원)뉴트리플랜참치와닭가슴살_,2000,2+1,https://www.7-eleven.co.kr/upload/product/8801047/642015.1.jpg,식사류
7Eleven,마즈)시저홀썸볼(고구마)_H,5000,2+1,https://www.7-eleven.co.kr/front/img/product/product_list_01.jpg,기타
7Eleven,마즈)시저홀썸볼(보리콩)_H,5000,2+1,https://www.7-eleven.co.kr/front/img/product/product_list_01.jpg,음료
7Eleven,크라운)쿠크다스(커피)128g,3000,2+1,https://www.7-eleven.co.kr/upload/product/8801111/186087.1.jpg,간식류
7Eleven,해태)홈런볼128g,5000,2+1,https://www.7-eleven.co.kr/front/img/product/product_list_01.jpg,간식류
7Eleven,PB)왕소라형과자143g,1600,2+1,https://www.7-eleven.co.kr/front/img/product/product_list_01.jpg,간식류
7Eleven,PB)고구마형과자138g,1600,2+1,https://www.7-eleven.co.kr/front/img/product/product_list_01.jpg,간식류
7Eleven,PB)바삭한튀김건빵200g,1900,2+1,https://www.7-eleven.co.kr/upload/product/8804312/001012.1.jpg,기타
7Eleven,오리온)리찌알맹이67g,1200,2+1,https://www.7-eleven.co.kr/front/img/product/product_list_01.jpg,간식류
7Eleven,오리온)톡핑아몬드그래놀라43g,1600,2+1,https://www.7-eleven.co.kr/upload/product/8801117/488802.1.jpg,간식류
7Eleven,롯데)꼬깔콘군옥수수맛(대)134g,3400,2+1,https://www.7-eleven.co.kr/upload/product/8801062/011315.1.jpg,간식류
7Eleven,롯데)꼬깔콘고소한맛(대)134g,3400,2+1,https://www.7-eleven.co.kr/upload/product/8801062/010578.1.jpg,간식류
7Eleven,동서)오곡코코볼바33g,1900,2+1,https://www.7-eleven.co.kr/upload/product/8801037/095876.1.jpg,기타
7Eleven,동서)콘푸라이트바35g,1900,2+1,https://www.7-eleven.co.kr/upload/product/8801037/095845.1.jpg,기타
7Eleven,삼경)리콜라레몬민트40g,3300,2+1,https://www.7-eleven.co.kr/upload/product/7610700/607046.1.jpg,음료
7Eleven,삼경)리콜라크랜베리40g,3300,2+1,https://www.7-eleven.co.kr/upload/product/7610700/009338.1.jpg,음료
7Eleven,마즈)이클립스플러스배&비파향,3500,2+1,https://www.7-eleven.co.kr/upload/product/8804973/308802.1.jpg,간식류
7Eleven,마즈)이클립스플러스꿀&레몬향,3500,2+1,https://www.7-eleven.co.kr/upload/product/8804973/308789.1.jpg,간식류
7Eleven,동서)콘푸라이트컵30g,2200,2+1,https://www.7-eleven.co.kr/upload/product/8801037/096552.1.jpg,기타
7Eleven,동서)오곡코코볼컵30g,2200,2+1,https://www.7-eleven.co.kr/upload/product/8801037/096569.1.jpg,기타
7Eleven,동서)오레오오즈컵30g,2200,2+1,https://www.7-eleven.co.kr/upload/product/8801037/096576.1.jpg,기타
7Eleven,엔제이)블랙썬더21g,1500,2+1,https://www.7-eleven.co.kr/front/img/product/product_list_01.jpg,기타
7Eleven,엔제이)블랙썬더버터22g,1500,2+1,https://www.7-eleven.co.kr/front/img/product/product_list_01.jpg,기타
7Eleven,에스씨)기가마시멜로우마일드,3000,2+1,https://www.7-eleven.co.kr/front/img/product/product_list_01.jpg,기타
7Eleven,오리온)핫고래밥매콤양념맛56g,1100,2+1,https://www.7-eleven.co.kr/front/img/product/product_list_01.jpg,기타
7Eleven,케이)드림아이2습윤액13ml_H,4500,2+1,https://www.7-eleven.co.kr/upload/product/8809103/874318.1.jpg,기타
7Eleven,LG)테크750g_H,6500,2+1,https://www.7-eleven.co.kr/upload/product/8801051/215632.1.jpg,생활/위생용품
7Eleven,롯데)허쉬아몬드초콜렛40g,2000,2+1,https://www.7-eleven.co.kr/upload/product/03424/102.1.jpg,간식류
7Eleven,농심)백두산백산수330펫,900,2+1,https://www.7-eleven.co.kr/front/img/product/product_list_01.jpg,생수
7Eleven,존슨)베이비로션핑크100ml_H,6000,2+1,https://www.7-eleven.co.kr/upload/product/8801008/002858.1.jpg,기타
7Eleven,동원)뉴트리플랜참치와멸치_H,2000,2+1,https://www.7-eleven.co.kr/upload/product/8801047/642008.1.jpg,식사류
7Eleven,동원)뉴트리플랜참치와치즈_H,2000,2+1,https://www.7-eleven.co.kr/upload/product/8801047/642022.1.jpg,식사류
7Eleven,리피아)원프리미엄육포30g,6500,2+1,https://www.7-eleven.co.kr/upload/product/8809044/941056.1.jpg,간식류
CU,CJ)맥스봉치즈50g,2200,1+1,https://tqklhszfkvzk6518638.edge.naverncp.com/product/8801007021652.jpg,간식류
CU,코카)환타오렌지P600ml,2200,1+1,https://tqklhszfkvzk6518638.edge.naverncp.com/product/8801094112707.png,음료
CU,코카)스프라이트P500ml,2200,1+1,https://tqklhszfkvzk6518638.edge.naverncp.com/product/8801094202606.png,음료
CU,웅진)오곡누룽지P500ml,2200,1+1,https://tqklhszfkvzk6518638.edge.naverncp.com/product/8801382135036.png,기타
CU,HK)헛개수P500ml,2500,1+1,https://tqklhszfkvzk6518638.edge.naverncp.com/product/8801007171210.jpg,음료
CU,정식품)검은콩베지밀팩,1400,1+1,http://cdn2.bgfretail.com/bgfbrand/files/product/45C3F62F11ED46A6ABDFBC0999EF3690.jpg,기타
CU,풀무원)액티비아업딸기,2200,1+1,https://tqklhszfkvzk6518638.edge.naverncp.com/product/8809274510893.png,기타
CU,46cm)초극세모칫솔,3500,1+1,https://tqklhszfkvzk6518638.edge.naverncp.com/product/8801051009033.png,생활/위생용품
CU,메디안)치석케어치약,5400,1+1,https://tqklhszfkvzk6518638.edge.naverncp.com/product/8806403146473.jpg,생활/위생용품
CU,2080)칫솔,3000,1+1,https://tqklhszfkvzk6518638.edge.naverncp.com/product/8801046057216.jpg,생활/위생용품
CU,2080)치약,4400,1+1,https://tqklhszfkvzk6518638.edge.naverncp.com/product/8801046846087.jpg,생활/위생용품
CU,엘라)퍼퓸샴푸,11900,1+1,https://tqklhszfkvzk6518638.edge.naverncp.com/product/8801051152845.jpg,생활/위생용품
CU,페리오)토탈7치약,4700,1+1,https://tqklhszfkvzk6518638.edge.naverncp.com/product/8801051064223.png,생활/위생용품
CU,페리오)이지클리닉칫솔,2200,1+1,https://tqklhszfkvzk6518638.edge.naverncp.com/product/8801051010367.jpg,생활/위생용품
CU,다우니)핑크섬유1L,15000,1+1,https://tqklhszfkvzk6518638.edge.naverncp.com/product/4902430311625.png,생활/위생용품
CU,테크)세탁세제1.4L,12900,1+1,https://tqklhszfkvzk6518638.edge.naverncp.com/product/8801051203271.jpg,생활/위생용품
CU,좋은)유기농롱라이너18P,4900,1+1,https://tqklhszfkvzk6518638.edge.naverncp.com/product/8801166222587.png,생활/위생용품
CU,오랄비)후레쉬칫솔,2000,1+1,https://tqklhszfkvzk6518638.edge.naverncp.com/product/3014260844622.jpg,생활/위생용품
CU,좋은)순면프레쉬대16P,10400,1+1,https://tqklhszfkvzk6518638.edge.naverncp.com/product/8801166231367_1.png,기타
CU,해태)레몬에이드P350ml,2100,1+1,https://tqklhszfkvzk6518638.edge.naverncp.com/product/8801105907605.jpg,간식류
CU,좋은)순면프레쉬중18P,10400,1+1,https://tqklhszfkvzk6518638.edge.naverncp.com/product/8801166234153_1.png,기타
CU,쏘피)볼록맞춤울날중4P,2000,1+1,https://tqklhszfkvzk6518638.edge.naverncp.com/product/8809016369048.jpg,생활/위생용품
CU,귀애랑)울날오버나이트12P,9500,1+1,https://tqklhszfkvzk6518638.edge.naverncp.com/product/8809016360281.png,기타
CU,미쟝센)데미지샴푸,18000,1+1,https://tqklhszfkvzk6518638.edge.naverncp.com/product/8806403068379.jpg,생활/위생용품
CU,미쟝센)데미지린스,18000,1+1,https://tqklhszfkvzk6518638.edge.naverncp.com/product/8806403068409.jpg,생활/위생용품
CU,쏘피)슈퍼롱와이드10P,9400,1+1,https://tqklhszfkvzk6518638.edge.naverncp.com/product/8809299230820.jpg,생활/위생용품
CU,오가니스트)샴푸200ml,7000,1+1,https://tqklhszfkvzk6518638.edge.naverncp.com/product/8801051154139.jpg,생활/위생용품
CU,오가니스트)린스200ml,7000,1+1,https://tqklhszfkvzk6518638.edge.naverncp.com/product/8801051158496.jpg,생활/위생용품
CU,아이깨끗해)순핸드워시,8900,1+1,https://tqklhszfkvzk6518638.edge.naverncp.com/product/8806325614258.png,기타
CU,풀무원)액티비아업플레인,2200,1+1,https://tqklhszfkvzk6518638.edge.naverncp.com/product/8809274510916.png,간식류
CU,빙그레)더위사냥액티브,2200,1+1,https://tqklhszfkvzk6518638.edge.naverncp.com/product/8801104111553.jpg,간식류
CU,46cm)쿨민트치약,3900,1+1,https://tqklhszfkvzk6518638.edge.naverncp.com/product/8801051057577.png,생활/위생용품
CU,쏘피)내몸에순한면대16P,10400,1+1,https://tqklhszfkvzk6518638.edge.naverncp.com/product/8809299234842.png,생활/위생용품
CU,쏘피)내몸에순한면중18P,10400,1+1,https://tqklhszfkvzk6518638.edge.naverncp.com/product/8809299234828.png,생활/위생용품
CU,오랄비)초미세모칫솔,2900,1+1,http://cdn2.bgfretail.com/bgfbrand/files/product/D3BFF641B34E40BB92FBC7612F4C8D7B.jpg,생활/위생용품
CU,엘라)스프레이200ml,8900,1+1,https://tqklhszfkvzk6518638.edge.naverncp.com/product/8801051199970.jpg,기타
CU,엘라)하드왁스80g,11800,1+1,https://tqklhszfkvzk6518638.edge.naverncp.com/product/8801051199987.jpg,기타
CU,코카)스프라이트P1.5L,3700,1+1,https://tqklhszfkvzk6518638.edge.naverncp.com/product/8801094202408.png,음료
CU,코카)토레타P500ml,2200,1+1,https://tqklhszfkvzk6518638.edge.naverncp.com/product/8801094412005.png,음료
CU,좋은)울날중4P,2000,1+1,https://tqklhszfkvzk6518638.edge.naverncp.com/product/8801166234399.png,기타
CU,좋은)울날대16P,9900,1+1,https://tqklhszfkvzk6518638.edge.naverncp.com/product/8801166234214.png,기타
CU,좋은)슬날수퍼롱4P,4100,1+1,https://tqklhszfkvzk6518638.edge.naverncp.com/product/8801166234412.png,기타
CU,좋은)울날오버나이트14P,10900,1+1,https://tqklhszfkvzk6518638.edge.naverncp.com/product/8801166234221.png,기타
CU,동원)양반쇠고기죽,4500,1+1,https://tqklhszfkvzk6518638.edge.naverncp.com/product/8801047161608.png,식사류
CU,동원)양반야채죽,4500,1+1,https://tqklhszfkvzk6518638.edge.naverncp.com/product/8801047161646.png,식사류
CU,도루코)페이스4중면도3입,6300,1+1,https://tqklhszfkvzk6518638.edge.naverncp.com/product/8801038116471.jpg,생활/위생용품
CU,코카)코카콜라제로P500ml,2400,1+1,https://tqklhszfkvzk6518638.edge.naverncp.com/product/8801094082604.png,음료
CU,페브리즈)포맨370ml,12000,1+1,https://tqklhszfkvzk6518638.edge.naverncp.com/product/4902430643191.png,생활/위생용품
CU,오가니스트)넛츠바디워시,5500,1+1,https://tqklhszfkvzk6518638.edge.naverncp.com/product/8801051258844.jpg,기타
CU,오뚜기)영양닭죽285g,4500,1+1,https://tqklhszfkvzk6518638.edge.naverncp.com/product/8801045303062.png,식사류
CU,CJ)고메토마토미트볼147g,4500,1+1,https://tqklhszfkvzk6518638.edge.naverncp.com/product/8801007626994.jpg,기타
CU,하이트)블랙보리P520ml,2500,1+1,https://tqklhszfkvzk6518638.edge.naverncp.com/product/8801001238049.png,음료
CU,사조)스노우크랩킹140g,5500,1+1,https://tqklhszfkvzk6518638.edge.naverncp.com/product/8801066055438.jpg,기타
CU,오뚜기)새송이쇠고기죽,4500,1+1,https://tqklhszfkvzk6518638.edge.naverncp.com/product/8801045303017.jpg,식사류
CU,풀무원)액티비아업복숭아,2200,1+1,https://tqklhszfkvzk6518638.edge.naverncp.com/product/8809274512651.png,기타
CU,동서)심플리라떼240ml,2300,1+1,https://tqklhszfkvzk6518638.edge.naverncp.com/product/8801037092240.jpg,음료
CU,라이프)스킨엘리트콘돔3P,7500,1+1,https://tqklhszfkvzk6518638.edge.naverncp.com/product/8850956032370_1.png,기타
CU,쏘피)내몸에순한면중4P,2800,1+1,https://tqklhszfkvzk6518638.edge.naverncp.com/product/8809299234811.png,생활/위생용품
CU,비트)액체겸용세제1.45L,12900,1+1,https://tqklhszfkvzk6518638.edge.naverncp.com/product/8806325620686.png,생활/위생용품
CU,코카)파워에이드퍼플P600,2400,1+1,https://tqklhszfkvzk6518638.edge.naverncp.com/product/8801094603700.jpg,음료
CU,온더바디)레몬클렌징폼,5900,1+1,https://tqklhszfkvzk6518638.edge.naverncp.com/product/8801051121599.jpg,생활/위생용품
CU,질레트)뉴마하면도기1up,16000,1+1,https://tqklhszfkvzk6518638.edge.naverncp.com/product/4902430540872.jpg,생활/위생용품
CU,CJ)맥스봉빅소시지150g,3900,1+1,https://tqklhszfkvzk6518638.edge.naverncp.com/product/8801007403793.png,간식류
CU,리엔)크림염색제흑갈색,13900,1+1,https://tqklhszfkvzk6518638.edge.naverncp.com/product/8801051385410.jpg,기타
CU,오뚜기)단호박죽285g,4500,1+1,https://tqklhszfkvzk6518638.edge.naverncp.com/product/8801045303048.jpg,식사류
CU,맥스웰)블랙P500ml,2900,1+1,https://tqklhszfkvzk6518638.edge.naverncp.com/product/8801037093742_1.png,기타
CU,맥스웰)라떼P500ml,2900,1+1,https://tqklhszfkvzk6518638.edge.naverncp.com/product/8801037093766_1.png,음료
CU,하이트)블랙보리라이트520,2200,1+1,https://tqklhszfkvzk6518638.edge.naverncp.com/product/8801001238179.jpg,음료
CU,동원)친친오리지널봉70g,2200,1+1,https://tqklhszfkvzk6518638.edge.naverncp.com/product/8801047578857.jpg,기타
CU,HK)새싹보리P500ml,2500,1+1,https://tqklhszfkvzk6518638.edge.naverncp.com/product/8809422041125.png,음료
CU,HK)컨디션환3g,2900,1+1,https://tqklhszfkvzk6518638.edge.naverncp.com/product/8809422041217.png,기타
CU,해태)갈배사이다P500ml,2300,1+1,https://tqklhszfkvzk6518638.edge.naverncp.com/product/8801105915679.jpg,간식류
CU,코카)환타파인P600ml,2200,1+1,https://tqklhszfkvzk6518638.edge.naverncp.com/product/8801094132705.png,음료
CU,오뗄)킬바사소시지200g,6700,1+1,https://tqklhszfkvzk6518638.edge.naverncp.com/product/8802266014423.jpg,간식류
CU,질레트)센서3일회용면도기,3000,1+1,https://tqklhszfkvzk6518638.edge.naverncp.com/product/4902430909303.jpg,생활/위생용품
CU,한성)배즙숙성후랑크바70g,2000,1+1,https://tqklhszfkvzk6518638.edge.naverncp.com/product/8801074254052.jpg,기타
CU,순수한면)유기농순면중16P,8900,1+1,https://tqklhszfkvzk6518638.edge.naverncp.com/product/8801260418596.png,기타
CU,순수한면)유기농순면대14P,8900,1+1,https://tqklhszfkvzk6518638.edge.naverncp.com/product/8801260418602.PNG,기타
CU,웅진)티즐제로피치P500,2500,1+1,https://tqklhszfkvzk6518638.edge.naverncp.com/product/8801382148500.png,기타
CU,롯데)마운틴듀캔355ml,1800,1+1,https://tqklhszfkvzk6518638.edge.naverncp.com/product/8801056716011.jpg,기타
CU,HK)헛개수이엑스P500ml,3000,1+1,https://tqklhszfkvzk6518638.edge.naverncp.com/product/8809422041729.png,음료
CU,CJ)맥스봉오리지널50g,2200,1+1,https://tqklhszfkvzk6518638.edge.naverncp.com/product/8801007849126.jpg,간식류
CU,맥스웰)스윗블랙P500ml,2900,1+1,https://tqklhszfkvzk6518638.edge.naverncp.com/product/8801037094305_1.png,기타
CU,쏘피)무표백유기농대형4P,3900,1+1,https://tqklhszfkvzk6518638.edge.naverncp.com/product/8809709260201.png,생활/위생용품
CU,CJ)고메치즈함박152g,4500,1+1,https://tqklhszfkvzk6518638.edge.naverncp.com/product/8801007772493.png,기타
CU,CJ)고메함박152g,4500,1+1,https://tqklhszfkvzk6518638.edge.naverncp.com/product/8801007626970.jpg,기타
CU,CJ)비비고갈비탕400g,11900,1+1,https://tqklhszfkvzk6518638.edge.naverncp.com/product/8801007712079.png,식사류
CU,오뗄)치즈킬바사200g,6700,1+1,https://tqklhszfkvzk6518638.edge.naverncp.com/product/8802266014515.jpg,기타
CU,동서)심플리블랙240ml,2300,1+1,https://tqklhszfkvzk6518638.edge.naverncp.com/product/8801037092264.jpg,기타
CU,유니)벤앤쿠키도우파인,16900,1+1,https://tqklhszfkvzk6518638.edge.naverncp.com/product/0076840100583.png,간식류
CU,오뚜기)한우미역국500g,7800,1+1,https://tqklhszfkvzk6518638.edge.naverncp.com/product/8801045290843_1.png,기타
CU,코카)코카제로P1.5L,4000,1+1,https://tqklhszfkvzk6518638.edge.naverncp.com/product/8801094082406.png,음료
CU,2080)슈퍼클린초극세모,2200,1+1,https://tqklhszfkvzk6518638.edge.naverncp.com/product/8801046356807.png,기타
CU,깨끗)KF94흰색대형3P,5900,1+1,https://tqklhszfkvzk6518638.edge.naverncp.com/product/8801260900121.png,생활/위생용품
CU,유니)벤앤청키몽키파인,16900,1+1,https://tqklhszfkvzk6518638.edge.naverncp.com/product/0076840100354.png,기타
CU,미마)보건마스크블랙KF94,2000,1+1,https://tqklhszfkvzk6518638.edge.naverncp.com/product/8809734280038.jpg,기타
CU,오뗄)속이꽉찬후랑크180g,4700,1+1,https://tqklhszfkvzk6518638.edge.naverncp.com/product/8802266014447.jpg,기타
CU,다우니)블루섬유1L,15000,1+1,https://tqklhszfkvzk6518638.edge.naverncp.com/product/4902430311724.png,생활/위생용품
CU,롯데)펩시제로라임P500ml,2500,1+1,https://tqklhszfkvzk6518638.edge.naverncp.com/product/8801056175955.png,음료
CU,롯데)칠성사이다제로P500,2500,1+1,https://tqklhszfkvzk6518638.edge.naverncp.com/product/8801056177584.png,음료
CU,페리오)듀얼클린칫솔2입,3500,1+1,https://tqklhszfkvzk6518638.edge.naverncp.com/product/8801051094466.jpg,생활/위생용품
CU,오뚜기)차돌된장찌개500g,7800,1+1,https://tqklhszfkvzk6518638.edge.naverncp.com/product/8801045634630_1.png,식사류
CU,오뚜기)쇠고기육개장500g,7800,1+1,https://tqklhszfkvzk6518638.edge.naverncp.com/product/8801045600444_1.png,식사류
CU,하이)하이네켄논알콜캔330,3500,1+1,https://tqklhszfkvzk6518638.edge.naverncp.com/product/8712000055721.jpg,기타
CU,링티)제로복숭아P500ml,2900,1+1,https://tqklhszfkvzk6518638.edge.naverncp.com/product/8809626920295.jpg,기타
CU,하이)하이네켄논알콜캔500,4500,1+1,https://tqklhszfkvzk6518638.edge.naverncp.com/product/8712000056896.jpg,기타
CU,코카)스프라이트제로P500,2200,1+1,https://tqklhszfkvzk6518638.edge.naverncp.com/product/8801094962104.png,음료
CU,롯데)펩시제로라임캔355ml,2100,1+1,https://tqklhszfkvzk6518638.edge.naverncp.com/product/8801056175900.png,음료
CU,CJ)비비고한우사골곰탕500,3200,1+1,https://tqklhszfkvzk6518638.edge.naverncp.com/product/8801007849805.png,식사류
CU,동원)복숭아제로아이스500,2500,1+1,https://tqklhszfkvzk6518638.edge.naverncp.com/product/8801047284482.png,기타
CU,동원)레몬제로아이스티500,2500,1+1,https://tqklhszfkvzk6518638.edge.naverncp.com/product/8801047284499.png,기타
CU,웅진)옥수수수염차500ml,2200,1+1,https://tqklhszfkvzk6518638.edge.naverncp.com/product/8801382148449.jpg,음료
CU,CJ)닭가슴살소시지바80g,2900,1+1,https://tqklhszfkvzk6518638.edge.naverncp.com/product/8801007899985.png,간식류
CU,동원)친친콘치즈봉70g,1900,1+1,https://tqklhszfkvzk6518638.edge.naverncp.com/product/8801047578970.jpg,기타
CU,동아)나랑드사이다P500ml,2000,1+1,https://tqklhszfkvzk6518638.edge.naverncp.com/product/8801097235014.jpg,음료
CU,순수한면)유기농순면소18P,8900,1+1,https://tqklhszfkvzk6518638.edge.naverncp.com/product/8801260418589.png,기타
CU,광동)헛개차골드라벨500ml,3300,1+1,https://tqklhszfkvzk6518638.edge.naverncp.com/product/8806002020334.png,음료
CU,푸르밀)웰치사과에이드,1700,1+1,https://tqklhszfkvzk6518638.edge.naverncp.com/product/8806371309818.jpg,음료
CU,푸르밀)웰치포도에이드,1700,1+1,https://tqklhszfkvzk6518638.edge.naverncp.com/product/8806371309771.jpg,음료
CU,롯데)칠성사이다제로캔355,2100,1+1,https://tqklhszfkvzk6518638.edge.naverncp.com/product/8801056177645.jpg,음료
CU,웅진)결명자차P500ml,2200,1+1,https://tqklhszfkvzk6518638.edge.naverncp.com/product/8801382145769.png,음료
CU,코카)닥터페퍼P500ml,2200,1+1,https://tqklhszfkvzk6518638.edge.naverncp.com/product/8801094052607.jpg,음료
CU,라엘)오가닉중형4P,3900,1+1,https://tqklhszfkvzk6518638.edge.naverncp.com/product/8809641110220.png,생활/위생용품
CU,좋은)순면수퍼롱10P,10400,1+1,https://tqklhszfkvzk6518638.edge.naverncp.com/product/8801166234122.png,기타
CU,헤드앤숄더)쿨멘솔샴푸550,16700,1+1,https://tqklhszfkvzk6518638.edge.naverncp.com/product/4902430243070.png,생활/위생용품
CU,좋은)유기농순면슬날중14P,10300,1+1,https://tqklhszfkvzk6518638.edge.naverncp.com/product/8801166239110.png,기타
CU,좋은)유기농순면슬날대14P,12000,1+1,https://tqklhszfkvzk6518638.edge.naverncp.com/product/8801166239134.png,기타
CU,좋은)유기농순면롱오버8P,10600,1+1,https://tqklhszfkvzk6518638.edge.naverncp.com/product/8801166239172.png,기타
CU,오뚜기)사골곰탕국물500ml,3000,1+1,https://tqklhszfkvzk6518638.edge.naverncp.com/product/8801045290102_1.png,식사류
CU,디어스킨)입는오버중대4P,10900,1+1,https://tqklhszfkvzk6518638.edge.naverncp.com/product/8801260419760.jpg,생활/위생용품
CU,HK)컨디션스틱그린애플18g,3900,1+1,https://tqklhszfkvzk6518638.edge.naverncp.com/product/8809422043815.png,기타
CU,HK)컨디션스틱18g,3900,1+1,https://tqklhszfkvzk6518638.edge.naverncp.com/product/8809422043884.png,기타
CU,템포)순면롱라이너18P,4000,1+1,https://tqklhszfkvzk6518638.edge.naverncp.com/product/8806011636748.jpg,기타
CU,CJ)구이한판그릴스모크60g,3900,1+1,https://tqklhszfkvzk6518638.edge.naverncp.com/product/8801007918310.jpg,기타
CU,매일)어메징오트언스위트,1500,1+1,https://tqklhszfkvzk6518638.edge.naverncp.com/product/8801121033463.jpg,기타
CU,매일)어메징오트오리지널,1500,1+1,https://tqklhszfkvzk6518638.edge.naverncp.com/product/8801121033531.jpg,기타
CU,라라스윗)초콜릿파인트,11900,1+1,https://tqklhszfkvzk6518638.edge.naverncp.com/product/8809599360104.png,간식류
CU,CJ)닭가슴살소시지청양80g,2900,1+1,https://tqklhszfkvzk6518638.edge.naverncp.com/product/8801007951805.png,간식류
CU,쏘피)안심숙면팬티L4P,10500,1+1,https://tqklhszfkvzk6518638.edge.naverncp.com/product/8809709260898.jpg,생활/위생용품
CU,피죤)섬유탈취아이스80mL,4200,1+1,https://tqklhszfkvzk6518638.edge.naverncp.com/product/8801101884009.jpg,생활/위생용품
CU,풀무원)요거톡초코그래놀,2200,1+1,https://tqklhszfkvzk6518638.edge.naverncp.com/product/8809274513887_1.png,기타
CU,풀무원)요거톡스타볼,2200,1+1,https://tqklhszfkvzk6518638.edge.naverncp.com/product/8809274513948.png,기타
CU,대진)BBQ마시멜로우225g,3500,1+1,https://tqklhszfkvzk6518638.edge.naverncp.com/product/6927262800046.png,기타
CU,테크)실내건조세제1.4L,12900,1+1,https://tqklhszfkvzk6518638.edge.naverncp.com/product/8801051219333.jpg,생활/위생용품
CU,빙그레)뽕따소다맛,1800,1+1,https://tqklhszfkvzk6518638.edge.naverncp.com/product/8801104111355.jpg,음료
CU,예지)모모이오가닛중형3P,2800,1+1,https://tqklhszfkvzk6518638.edge.naverncp.com/product/8809104290759_1.png,생활/위생용품
CU,오뚜기)돼지김치짜글이450,8500,1+1,https://tqklhszfkvzk6518638.edge.naverncp.com/product/8801045030098_1.png,기타
CU,좋은)무표백유기농중형16P,12500,1+1,https://tqklhszfkvzk6518638.edge.naverncp.com/product/8801166090049.png,생활/위생용품
CU,좋은)무표백유기농대형14P,12500,1+1,https://tqklhszfkvzk6518638.edge.naverncp.com/product/8801166090056.png,생활/위생용품
CU,디어스킨)리얼모달중형16P,8600,1+1,https://tqklhszfkvzk6518638.edge.naverncp.com/product/8801260420322.jpg,생활/위생용품
CU,디어스킨)리얼모달대형14P,8600,1+1,https://tqklhszfkvzk6518638.edge.naverncp.com/product/8801260420339.jpg,생활/위생용품
CU,쏘피)무표백유기농대형16P,11500,1+1,https://tqklhszfkvzk6518638.edge.naverncp.com/product/8809709260133.png,생활/위생용품
CU,한성)와일드크래미쉬림프,5900,1+1,https://tqklhszfkvzk6518638.edge.naverncp.com/product/8801074007498.jpg,기타
CU,가그린)초미세모칫솔,2500,1+1,https://tqklhszfkvzk6518638.edge.naverncp.com/product/8806011516446.jpg,생활/위생용품
CU,미팩토리)스팟패치75매,9900,1+1,https://tqklhszfkvzk6518638.edge.naverncp.com/product/8809510685835.jpg,기타
CU,남양)과수원사과200ml,1800,1+1,https://tqklhszfkvzk6518638.edge.naverncp.com/product/8801069416236.jpg,기타
CU,CJ)한뿌리홍삼대보병100ml,5000,1+1,https://tqklhszfkvzk6518638.edge.naverncp.com/product/8801007955551.jpg,기타
CU,CJ)숯불갈비맛후랑크120g,3700,1+1,https://tqklhszfkvzk6518638.edge.naverncp.com/product/8801007034980.jpg,기타
CU,깨끗)촉앤감프리미엄24롤,35800,1+1,https://tqklhszfkvzk6518638.edge.naverncp.com/product/8801260114474.jpg,기타
CU,동아)나랑드파인P500ml,2000,1+1,https://tqklhszfkvzk6518638.edge.naverncp.com/product/8801097235670.jpg,기타
CU,동원)덴마크바나바나우유,2100,1+1,https://tqklhszfkvzk6518638.edge.naverncp.com/product/8801155731830.png,음료
CU,동원)덴마크초코초코우유,2100,1+1,https://tqklhszfkvzk6518638.edge.naverncp.com/product/8801155731625.png,음료
CU,동원)덴마크딸기딸기우유,2100,1+1,https://tqklhszfkvzk6518638.edge.naverncp.com/product/8801155731632.png,음료
CU,잘풀리는집)클린3겹24롤,24000,1+1,https://tqklhszfkvzk6518638.edge.naverncp.com/product/8809848530579_1.png,기타
CU,깨끗)베리베리물티슈70매,3500,1+1,https://tqklhszfkvzk6518638.edge.naverncp.com/product/8801260610563.jpg,생활/위생용품
CU,오뚜기)XO교자고기324g,7200,1+1,https://tqklhszfkvzk6518638.edge.naverncp.com/product/8801045712987.jpg,기타
CU,CJ)국산콩두부찌개용380g,5900,1+1,https://tqklhszfkvzk6518638.edge.naverncp.com/product/8801007009322.png,기타
CU,CJ)국산콩두부부침용380g,5900,1+1,https://tqklhszfkvzk6518638.edge.naverncp.com/product/8801007034287.png,기타
CU,웅진)티즐제로자몽티P500,2500,1+1,https://tqklhszfkvzk6518638.edge.naverncp.com/product/8801382149743.png,기타
CU,하림)매콤후랑크70g,2500,1+1,https://tqklhszfkvzk6518638.edge.naverncp.com/product/8801492384386.jpg,기타
CU,엘라)프로틴케어린스480ml,12900,1+1,https://tqklhszfkvzk6518638.edge.naverncp.com/product/8801051292909.png,생활/위생용품
CU,엘라)프로틴케어샴푸480ml,12900,1+1,https://tqklhszfkvzk6518638.edge.naverncp.com/product/8801051292916.png,생활/위생용품
CU,서울)마이픽딸기초코링,2200,1+1,https://tqklhszfkvzk6518638.edge.naverncp.com/product/8801115215851.jpg,기타
CU,웅진)자연은말린복숭아500,2500,1+1,https://tqklhszfkvzk6518638.edge.naverncp.com/product/8801382150206.png,기타
CU,웅진)자연은말린자몽P500,2500,1+1,https://tqklhszfkvzk6518638.edge.naverncp.com/product/8801382150220.png,기타
CU,남양)아몬드데이오리지널,1700,1+1,https://tqklhszfkvzk6518638.edge.naverncp.com/product/8801069416441.png,기타
CU,남양)아몬드데이언스위트,1700,1+1,https://tqklhszfkvzk6518638.edge.naverncp.com/product/8801069416458.png,기타
CU,HK)티로그청귤녹차P500,2500,1+1,https://tqklhszfkvzk6518638.edge.naverncp.com/product/8809422044430.jpg,음료
CU,HK)티로그복숭아홍차P500,2500,1+1,https://tqklhszfkvzk6518638.edge.naverncp.com/product/8809422044447.jpg,음료
CU,좋은)무표백유기농대형4P,3900,1+1,https://tqklhszfkvzk6518638.edge.naverncp.com/product/8801166091244.png,생활/위생용품
CU,좋은)무표백입는오버L4P,11200,1+1,https://tqklhszfkvzk6518638.edge.naverncp.com/product/8801166239912.png,기타
CU,링티)제로레몬라임500ml,2900,1+1,https://tqklhszfkvzk6518638.edge.naverncp.com/product/8809799270203.jpg,기타
CU,하이트)하이트논알콜캔500,2800,1+1,https://tqklhszfkvzk6518638.edge.naverncp.com/product/8801001236434.png,기타
CU,코카)환타파인제로캔355ml,1700,1+1,https://tqklhszfkvzk6518638.edge.naverncp.com/product/8801094263218.png,음료
CU,연세)블루베리요거트300,2500,1+1,https://tqklhszfkvzk6518638.edge.naverncp.com/product/8801753110501.jpg,기타
CU,쏘피)내몸에순한면대4P,3400,1+1,https://tqklhszfkvzk6518638.edge.naverncp.com/product/8809299233807.png,생활/위생용품
CU,동원)양반오미자차500ml,2200,1+1,https://tqklhszfkvzk6518638.edge.naverncp.com/product/8801047289685.jpg,음료
CU,피죤)고농축섬유플라워1.6,12900,1+1,https://tqklhszfkvzk6518638.edge.naverncp.com/product/8801101887635.jpg,생활/위생용품
CU,피죤)건조기용시트25매,8900,1+1,https://tqklhszfkvzk6518638.edge.naverncp.com/product/8801101888694.jpg,생활/위생용품
CU,CJ)도가니곰탕460g,11900,1+1,https://tqklhszfkvzk6518638.edge.naverncp.com/product/8801007923000.png,식사류
CU,한성)바베큐직화구이바70g,2000,1+1,https://tqklhszfkvzk6518638.edge.naverncp.com/product/8801074008044.jpg,기타
CU,CJ)한식간장김자반20g,3200,1+1,https://tqklhszfkvzk6518638.edge.naverncp.com/product/8801007373218.png,기타
CU,웅진)빅토리아청포P500ml,1800,1+1,https://tqklhszfkvzk6518638.edge.naverncp.com/product/8801382147060.jpg,기타
CU,웅진)빅토리아파인P500ml,1800,1+1,https://tqklhszfkvzk6518638.edge.naverncp.com/product/8801382147343.jpg,기타
CU,페브리즈)실내건조370ml,12000,1+1,https://tqklhszfkvzk6518638.edge.naverncp.com/product/4987176165237.png,생활/위생용품
CU,좋은)입는데이팬티L4P,10900,1+1,https://tqklhszfkvzk6518638.edge.naverncp.com/product/8801166098991.png,기타
CU,CJ)비비고추어탕460g,11900,1+1,https://tqklhszfkvzk6518638.edge.naverncp.com/product/8801007769868.png,식사류
CU,코카)코카제로레몬P500ml,2400,1+1,https://tqklhszfkvzk6518638.edge.naverncp.com/product/8801094062675.png,음료
CU,연세)스트로베리요거트300,2500,1+1,https://tqklhszfkvzk6518638.edge.naverncp.com/product/8801753110976.jpg,기타
CU,닥터그루트)쿨멘솔샴푸180,9900,1+1,https://tqklhszfkvzk6518638.edge.naverncp.com/product/8801051297041.png,생활/위생용품
CU,미쟝센)데미지샴푸200ml,8000,1+1,https://tqklhszfkvzk6518638.edge.naverncp.com/product/8809643064088.jpg,생활/위생용품
CU,미쟝센)데미지린스200ml,8000,1+1,https://tqklhszfkvzk6518638.edge.naverncp.com/product/8809685746973.jpg,생활/위생용품
CU,동원)복숭아제로아이스900,4000,1+1,https://tqklhszfkvzk6518638.edge.naverncp.com/product/8801047284581.jpg,기타
CU,유시몰)무알콜가글민트90,3900,1+1,https://tqklhszfkvzk6518638.edge.naverncp.com/product/8801051218282.jpg,생활/위생용품
CU,온더)체리블라썸비누,3000,1+1,https://tqklhszfkvzk6518638.edge.naverncp.com/product/8801051103632.jpg,생활/위생용품
CU,맥스웰)헤이즐넛블랙500ml,2900,1+1,https://tqklhszfkvzk6518638.edge.naverncp.com/product/8801037096446_1.png,기타
CU,CJ)한뿌리아르기닌병100ml,5000,1+1,https://tqklhszfkvzk6518638.edge.naverncp.com/product/8801392028014.jpg,기타
CU,퐁퐁)친환경주방세제1.2L,6900,1+1,https://tqklhszfkvzk6518638.edge.naverncp.com/product/8801051039429.jpg,생활/위생용품
CU,테크)울드라이중성세제1.3,10900,1+1,https://tqklhszfkvzk6518638.edge.naverncp.com/product/8801051202076.jpg,생활/위생용품
CU,홈스타)살균세정티슈60매,10900,1+1,https://tqklhszfkvzk6518638.edge.naverncp.com/product/8801051299236.jpg,생활/위생용품
CU,CJ)100%현미밥130g*3입,7500,1+1,https://tqklhszfkvzk6518638.edge.naverncp.com/product/8801007327372.png,식사류
CU,CJ)맥스봉오리지널70g,2600,1+1,https://tqklhszfkvzk6518638.edge.naverncp.com/product/8801392060632.jpg,간식류
CU,연세)복숭아요거트300,2500,1+1,https://tqklhszfkvzk6518638.edge.naverncp.com/product/8801753111201.jpg,기타
CU,동원)딤섬샤오롱바오6입,4900,1+1,https://tqklhszfkvzk6518638.edge.naverncp.com/product/8801047317302.jpg,기타
CU,도루코)윈3쉐이빙폼210ml,5900,1+1,https://tqklhszfkvzk6518638.edge.naverncp.com/product/8801038560403.png,생활/위생용품
CU,2080)진지발리스치약,4400,1+1,https://tqklhszfkvzk6518638.edge.naverncp.com/product/8801046996799.jpg,생활/위생용품
CU,서울)마이픽플레인쿠키링,2200,1+1,https://tqklhszfkvzk6518638.edge.naverncp.com/product/8801115224143.jpg,간식류
CU,삼양)맵탱마늘조개라면컵,1800,1+1,https://tqklhszfkvzk6518638.edge.naverncp.com/product/8801073216198.jpg,식사류
CU,삼양)맵탱청양대파라면컵,1800,1+1,https://tqklhszfkvzk6518638.edge.naverncp.com/product/8801073216204.jpg,식사류
CU,아우라)섬유스모키머스크1,10900,1+1,https://tqklhszfkvzk6518638.edge.naverncp.com/product/8801051267716.jpg,생활/위생용품
CU,CJ)비비고들기름김4g,900,1+1,https://tqklhszfkvzk6518638.edge.naverncp.com/product/8801007254548.png,식사류
CU,CJ)비비고참기름김4g,900,1+1,https://tqklhszfkvzk6518638.edge.naverncp.com/product/8801007535319.png,식사류
CU,CJ)소고기듬뿍설렁탕,9900,1+1,https://tqklhszfkvzk6518638.edge.naverncp.com/product/8801392032950.png,기타
CU,CJ)소고기듬뿍육개장,9900,1+1,https://tqklhszfkvzk6518638.edge.naverncp.com/product/8801392032974.png,식사류
CU,CJ)소고기듬뿍미역국,9900,1+1,https://tqklhszfkvzk6518638.edge.naverncp.com/product/8801392032998.png,기타
CU,쉼)오가닉생리대중형18P,8900,1+1,https://tqklhszfkvzk6518638.edge.naverncp.com/product/8808906131949.jpg,생활/위생용품
CU,롯데)에센뽀득핫바70g,2400,1+1,https://tqklhszfkvzk6518638.edge.naverncp.com/product/8801123307630.jpg,간식류
CU,좋은)유기농탐폰레귤러8P,10900,1+1,https://tqklhszfkvzk6518638.edge.naverncp.com/product/8801166092173.png,기타
CU,좋은)유기농탐폰슈퍼8P,10900,1+1,https://tqklhszfkvzk6518638.edge.naverncp.com/product/8801166092180.png,기타
CU,HK)컨디션스틱망고18g,3900,1+1,https://tqklhszfkvzk6518638.edge.naverncp.com/product/8809422044904.png,기타
CU,HK)컨디션스틱자두18g,3900,1+1,https://tqklhszfkvzk6518638.edge.naverncp.com/product/8809422044928.png,기타
CU,오뚜기)컵밥돼지국밥,4800,1+1,https://tqklhszfkvzk6518638.edge.naverncp.com/product/8801045897585.jpg,식사류
CU,라라스윗)생우유파인트,11900,1+1,https://tqklhszfkvzk6518638.edge.naverncp.com/product/8809599360524.png,간식류
CU,동원)쿨피스에이드복숭아,2000,1+1,https://tqklhszfkvzk6518638.edge.naverncp.com/product/8801155743758.png,음료
CU,동원)쿨피스에이드자두,2000,1+1,https://tqklhszfkvzk6518638.edge.naverncp.com/product/8801155743765.png,음료
CU,연세)검은콩고칼슘두유,1600,1+1,https://tqklhszfkvzk6518638.edge.naverncp.com/product/8801753100298.png,음료
CU,현대)미에로스파클링제로P,2200,1+1,https://tqklhszfkvzk6518638.edge.naverncp.com/product/8806004000587.png,기타
CU,뉴트)멀티비타민슈퍼샷,3900,1+1,https://tqklhszfkvzk6518638.edge.naverncp.com/product/8809948522078.jpg,기타
CU,동원)사과제로아이스티500,2500,1+1,https://tqklhszfkvzk6518638.edge.naverncp.com/product/8801047284550.png,기타
CU,동원)샤인제로아이스티500,2500,1+1,https://tqklhszfkvzk6518638.edge.naverncp.com/product/8801047284598.png,기타
CU,유니)벤앤피넛버터파인트,16900,1+1,https://tqklhszfkvzk6518638.edge.naverncp.com/product/0076840100811.jpg,간식류
CU,코카)토레타제로P500ml,2200,1+1,https://tqklhszfkvzk6518638.edge.naverncp.com/product/8801094412371.png,음료
CU,연세)플레인요거트300ml,2500,1+1,https://tqklhszfkvzk6518638.edge.naverncp.com/product/8801753111966.png,간식류
CU,동화)하루한병아르긴병100,2000,1+1,https://tqklhszfkvzk6518638.edge.naverncp.com/product/8806016189010.jpg,기타
CU,롯데)펩시제로제로캔355ml,2100,1+1,https://tqklhszfkvzk6518638.edge.naverncp.com/product/8801056241506.png,음료
CU,일화)호박팥차P500ml,2300,1+1,https://tqklhszfkvzk6518638.edge.naverncp.com/product/8801223013202.jpg,음료
CU,코카)환타오렌지제로캔355,1700,1+1,https://tqklhszfkvzk6518638.edge.naverncp.com/product/8801094347208.png,음료
CU,함소아)유기농당근포도,1300,1+1,https://tqklhszfkvzk6518638.edge.naverncp.com/product/8809226406403.jpg,기타
CU,함소아)유기농푸룬사과,1300,1+1,https://tqklhszfkvzk6518638.edge.naverncp.com/product/8809226406410.jpg,기타
CU,아우라)생화캡슐로즈1L,12900,1+1,https://tqklhszfkvzk6518638.edge.naverncp.com/product/8809949542006.png,생활/위생용품
CU,코카)파워스칼렛스톰600P,2400,1+1,https://tqklhszfkvzk6518638.edge.naverncp.com/product/8801094602703.jpg,음료
CU,동아)나랑드사이다캔345ml,1800,1+1,https://tqklhszfkvzk6518638.edge.naverncp.com/product/8801097135413.jpg,음료
CU,웅진)푸룬부스터P200ml,4500,1+1,https://tqklhszfkvzk6518638.edge.naverncp.com/product/8801382150626.jpg,기타
CU,클룹)애사비오리지널P500,2800,1+1,https://tqklhszfkvzk6518638.edge.naverncp.com/product/8809495078851.jpg,기타
CU,롯데)게토레이제로P600ml,2400,1+1,https://tqklhszfkvzk6518638.edge.naverncp.com/product/8801056243258.png,기타
CU,빙그레)아카페라벤티아메,3200,1+1,https://tqklhszfkvzk6518638.edge.naverncp.com/product/8801104944915.png,음료
CU,빙그레)아카페라벤티헤이,3200,1+1,https://tqklhszfkvzk6518638.edge.naverncp.com/product/8801104944939.png,음료
CU,웅진)유기농하늘보리P500,2500,1+1,https://tqklhszfkvzk6518638.edge.naverncp.com/product/8801382151449.png,음료
CU,코카)코카제로체리P500ml,2400,1+1,https://tqklhszfkvzk6518638.edge.naverncp.com/product/8801094072667.jpg,음료
CU,좋은)무표백유기농중형4P,3900,1+1,https://tqklhszfkvzk6518638.edge.naverncp.com/product/8801166092401.png,생활/위생용품
CU,좋은)울날대4P,2800,1+1,https://tqklhszfkvzk6518638.edge.naverncp.com/product/8801166094054.jpg,기타
CU,정식품)고단백두유초코팩,1600,1+1,https://tqklhszfkvzk6518638.edge.naverncp.com/product/8801033808913.jpg,음료
CU,CJ)숯불불닭맛후랑크120g,3700,1+1,https://tqklhszfkvzk6518638.edge.naverncp.com/product/8801392068911.jpg,기타
CU,CJ)전통냉면사리150g,2500,1+1,https://tqklhszfkvzk6518638.edge.naverncp.com/product/8801007071497_1.png,식사류
CU,서울)내안의진짜초코280ml,2300,1+1,https://tqklhszfkvzk6518638.edge.naverncp.com/product/8801115118886.jpg,기타
CU,서울)내안의진짜딸기280ml,2300,1+1,https://tqklhszfkvzk6518638.edge.naverncp.com/product/8801115118893.jpg,기타
CU,서울)커피타운바닐라250ml,2600,1+1,https://tqklhszfkvzk6518638.edge.naverncp.com/product/8801115140016.png,음료
CU,서울)커피타운모카250ml,2600,1+1,https://tqklhszfkvzk6518638.edge.naverncp.com/product/8801115140023.png,음료
CU,CJ)맥스봉치즈후랑크65g,2400,1+1,https://tqklhszfkvzk6518638.edge.naverncp.com/product/8801392090516.png,간식류
CU,동화)하루한병밀크씨슬100,2000,1+1,https://tqklhszfkvzk6518638.edge.naverncp.com/product/8806016182615.jpg,기타
CU,동화)하루한병마그네슘100,2000,1+1,https://tqklhszfkvzk6518638.edge.naverncp.com/product/8806016182912.jpg,기타
CU,풀무원)그릭플레인150g,3900,1+1,https://tqklhszfkvzk6518638.edge.naverncp.com/product/8809274516215.png,간식류
CU,CJ)동치미냉면육수300g,2500,1+1,https://tqklhszfkvzk6518638.edge.naverncp.com/product/8801007033686.png,식사류
CU,CJ)두부듬뿍김치찌개460g,9900,1+1,https://tqklhszfkvzk6518638.edge.naverncp.com/product/8801007528557.jpg,식사류
CU,CJ)두부듬뿍된장찌개460g,9900,1+1,https://tqklhszfkvzk6518638.edge.naverncp.com/product/8801007528595.jpg,식사류
CU,모나리자)순수3겹데코4롤,6900,1+1,https://tqklhszfkvzk6518638.edge.naverncp.com/product/8801236213927.jpg,기타
CU,뉴트)밀크씨슬파워샷20ml,3900,1+1,https://tqklhszfkvzk6518638.edge.naverncp.com/product/8809948523501.jpg,기타
CU,CJ)맥스봉매콤불고기핫바,2400,1+1,https://tqklhszfkvzk6518638.edge.naverncp.com/product/8801392090530.jpg,간식류
CU,CJ)맥스봉오리지널25g,1200,1+1,https://tqklhszfkvzk6518638.edge.naverncp.com/product/8801392059636.jpg,간식류
CU,오뗄)화이트치즈소시지70g,2700,1+1,https://tqklhszfkvzk6518638.edge.naverncp.com/product/8802266500643.jpg,간식류
CU,크리)울트라클린3겹24롤,35800,1+1,https://tqklhszfkvzk6518638.edge.naverncp.com/product/8801166070744.jpg,기타
CU,오뗄)블랙알리오소시지,2700,1+1,https://tqklhszfkvzk6518638.edge.naverncp.com/product/8802266500636.jpg,간식류
CU,비트)콤팩트캡슐세제15입,7900,1+1,https://tqklhszfkvzk6518638.edge.naverncp.com/product/8806325633556.png,생활/위생용품
CU,박대리)퇴근커피카라멜300,2600,1+1,https://tqklhszfkvzk6518638.edge.naverncp.com/product/8801104946261.jpg,음료
CU,박대리)출근커피바닐라300,2600,1+1,https://tqklhszfkvzk6518638.edge.naverncp.com/product/8801104946285.jpg,음료
CU,롯데)펩시제로제로P500ml,2500,1+1,https://tqklhszfkvzk6518638.edge.naverncp.com/product/8801056245085.png,음료
CU,좋은)입는오버나이트M4P,10500,1+1,https://tqklhszfkvzk6518638.edge.naverncp.com/product/8801166230469.jpg,기타
CU,좋은)입는오버나이트L4P,10500,1+1,https://tqklhszfkvzk6518638.edge.naverncp.com/product/8801166230476.jpg,기타
CU,하림)마늘후랑크70g,2500,1+1,https://tqklhszfkvzk6518638.edge.naverncp.com/product/8801492391995.jpg,기타
CU,핑크솔트)화이트닝치약,9900,1+1,https://tqklhszfkvzk6518638.edge.naverncp.com/product/8809949543034.jpg,생활/위생용품
CU,핑크솔트)화이트닝칫솔,5900,1+1,https://tqklhszfkvzk6518638.edge.naverncp.com/product/8809949544543.jpg,생활/위생용품
CU,매일)그릭파우치허니120,3400,1+1,https://tqklhszfkvzk6518638.edge.naverncp.com/product/8801121045800.jpg,기타
CU,매일)그릭파우치플레인120,3400,1+1,https://tqklhszfkvzk6518638.edge.naverncp.com/product/8801121046081.jpg,간식류
CU,풀무원)그릭딸기베리150g,3900,1+1,https://tqklhszfkvzk6518638.edge.naverncp.com/product/8809274516277.png,기타
CU,CJ)비비고찰보리만두300g,7800,1+1,https://tqklhszfkvzk6518638.edge.naverncp.com/product/8801392085963.jpg,식사류
CU,유한)내일N스틱20g,3900,1+1,https://tqklhszfkvzk6518638.edge.naverncp.com/product/8806006504069.jpg,기타
CU,CJ)얼티브프로틴맛밤,2900,1+1,https://tqklhszfkvzk6518638.edge.naverncp.com/product/8801392081484.png,간식류
CU,CJ)저나트륨사골곰탕500g,3200,1+1,https://tqklhszfkvzk6518638.edge.naverncp.com/product/8801392110733.jpg,식사류
CU,슈가)주방레몬민트1.2L,6900,1+1,https://tqklhszfkvzk6518638.edge.naverncp.com/product/8809107607684.jpg,기타
CU,링티)제로레몬라이트P500,3200,1+1,https://tqklhszfkvzk6518638.edge.naverncp.com/product/8809626921407.png,기타
CU,퍼실)딥클린실내건조950ml,14800,1+1,https://tqklhszfkvzk6518638.edge.naverncp.com/product/8809878063351.jpg,기타
CU,CJ)비비고썰은김치800g,17500,1+1,https://tqklhszfkvzk6518638.edge.naverncp.com/product/8801392049736.png,식사류
CU,좋은)무표백입는오버M4P,11200,1+1,https://tqklhszfkvzk6518638.edge.naverncp.com/product/8801166239738.jpg,기타
CU,CJ)소바바양념치킨240g,9900,1+1,https://tqklhszfkvzk6518638.edge.naverncp.com/product/8801392112485.png,기타
CU,매일)바이오그릭플레인150,3400,1+1,https://tqklhszfkvzk6518638.edge.naverncp.com/product/8801121046739.jpg,간식류
CU,종근당)멀티비타4U100ml,1800,1+1,https://tqklhszfkvzk6518638.edge.naverncp.com/product/8809097856437.jpg,기타
CU,오뚜기)도가니탕500g,9900,1+1,https://tqklhszfkvzk6518638.edge.naverncp.com/product/8801045290829.jpg,기타
CU,남양)맛있는두유담백190,1500,1+1,https://tqklhszfkvzk6518638.edge.naverncp.com/product/8801069421445.jpg,음료
CU,남양)맛있는두유검은콩190,1500,1+1,https://tqklhszfkvzk6518638.edge.naverncp.com/product/8801069421476.jpg,음료
CU,미트)매실불고기350g,9900,1+1,https://tqklhszfkvzk6518638.edge.naverncp.com/product/8809152418204.png,기타
CU,좋은)울날소18P,9900,1+1,https://tqklhszfkvzk6518638.edge.naverncp.com/product/8801166090643.jpg,기타
CU,동원)얼라이브망고200ml,1500,1+1,https://tqklhszfkvzk6518638.edge.naverncp.com/product/8801155735647.jpg,기타
CU,동원)얼라이브자몽200ml,1500,1+1,https://tqklhszfkvzk6518638.edge.naverncp.com/product/8801155744762.jpg,기타
CU,고려)제주등심육포40g,5100,1+1,https://tqklhszfkvzk6518638.edge.naverncp.com/product/8809050566298.jpg,간식류
CU,CJ)소고기듬뿍무국500g,9900,1+1,https://tqklhszfkvzk6518638.edge.naverncp.com/product/8801392114779.jpg,기타
CU,CJ)비비고군만두315g,7800,1+1,https://tqklhszfkvzk6518638.edge.naverncp.com/product/8801392011528.jpg,식사류
CU,동원)덴마크커피커피우유,2100,1+1,https://tqklhszfkvzk6518638.edge.naverncp.com/product/8801155731847.png,음료
CU,웅진)카무트현미차P500ml,2500,1+1,https://tqklhszfkvzk6518638.edge.naverncp.com/product/8801382151777.jpg,음료
CU,라라스윗)딸기요거트바,2500,1+1,https://tqklhszfkvzk6518638.edge.naverncp.com/product/8809599361057.png,기타
CU,미트)앞다리제육볶음350g,9900,1+1,https://tqklhszfkvzk6518638.edge.naverncp.com/product/8809152418198.jpg,기타
CU,롯데)클라우드논알콜캔350,1500,1+1,https://tqklhszfkvzk6518638.edge.naverncp.com/product/8801022025086_1.png,기타
CU,빙그레)오늘의커피라떼,2700,1+1,https://tqklhszfkvzk6518638.edge.naverncp.com/product/8801104666152.jpg,음료
CU,빙그레)오늘의커피바닐라,2700,1+1,https://tqklhszfkvzk6518638.edge.naverncp.com/product/8801104666176.jpg,음료
CU,풀무원)액티비아사과150g,3200,1+1,https://tqklhszfkvzk6518638.edge.naverncp.com/product/8809274516413.jpg,기타
CU,풀무원)액티비아딸기150g,3200,1+1,https://tqklhszfkvzk6518638.edge.naverncp.com/product/8809274516420.jpg,기타
CU,동원)소화잘되는카페라떼,2800,1+1,https://tqklhszfkvzk6518638.edge.naverncp.com/product/8801155744991.jpg,음료
CU,동원)소화잘되는바닐라떼,2800,1+1,https://tqklhszfkvzk6518638.edge.naverncp.com/product/8801155745004.jpg,음료
CU,연세)마카다미아초코190ml,1600,1+1,https://tqklhszfkvzk6518638.edge.naverncp.com/product/8801753114097.jpg,기타
CU,동원)비타C자몽에이드500,2200,1+1,https://tqklhszfkvzk6518638.edge.naverncp.com/product/8801047284642.jpg,음료
CU,박대리)맛점커피바나나300,2600,1+1,https://tqklhszfkvzk6518638.edge.naverncp.com/product/8801104948760.png,음료
CU,크리)다용도키친타올100매,4000,1+1,https://tqklhszfkvzk6518638.edge.naverncp.com/product/8801166034609.png,기타
CU,화이트)드림가드오버3P,3900,1+1,https://tqklhszfkvzk6518638.edge.naverncp.com/product/8801166099004.jpg,기타
CU,인테)슈로코코제로피치340,2600,1+1,https://tqklhszfkvzk6518638.edge.naverncp.com/product/8809403539207.jpg,기타
CU,인테)슈로코코제로요구340,2600,1+1,https://tqklhszfkvzk6518638.edge.naverncp.com/product/8809403539221.jpg,기타
CU,동원)양반유자차P500ml,2200,1+1,https://tqklhszfkvzk6518638.edge.naverncp.com/product/8809848280085.jpg,음료
CU,CJ)국산콩연두부140g,2400,1+1,https://tqklhszfkvzk6518638.edge.naverncp.com/product/8801007711140.jpg,기타
CU,빙그레)오늘의커피연유,2700,1+1,https://tqklhszfkvzk6518638.edge.naverncp.com/product/8801104949187.jpg,음료
CU,이그니스)바이탈레몬캔500,2700,1+1,https://tqklhszfkvzk6518638.edge.naverncp.com/product/8800261383179.jpg,기타
CU,일화)레몬애사비소다캔250,1700,1+1,https://tqklhszfkvzk6518638.edge.naverncp.com/product/8801223014025_1.png,음료
CU,하림)직화갈비맛핫바65g,2500,1+1,https://tqklhszfkvzk6518638.edge.naverncp.com/product/8801492392589.jpg,간식류
CU,오뗄)맛있는핫도그,2900,1+1,https://tqklhszfkvzk6518638.edge.naverncp.com/product/8802266602095.jpg,기타
CU,하이트)보리누룽지P520,2200,1+1,https://tqklhszfkvzk6518638.edge.naverncp.com/product/8801001238391.png,음료
CU,삼양)맵탱김치비빔면,1400,1+1,https://tqklhszfkvzk6518638.edge.naverncp.com/product/8801073116856.jpg,식사류
CU,풀무원)아임리얼100레몬,1800,1+1,https://tqklhszfkvzk6518638.edge.naverncp.com/product/8801114174463.jpg,기타
CU,풀무원)아임리얼100사과,1800,1+1,https://tqklhszfkvzk6518638.edge.naverncp.com/product/8801114174487.jpg,기타
CU,종근당)아임비타에너지샷,2300,1+1,https://tqklhszfkvzk6518638.edge.naverncp.com/product/8805915912804.jpg,기타
CU,HK)티로그청포도홍차P500,2500,1+1,https://tqklhszfkvzk6518638.edge.naverncp.com/product/8809422045925.jpg,음료
CU,HK)티로그자두홍차P500,2500,1+1,https://tqklhszfkvzk6518638.edge.naverncp.com/product/8809422045932.jpg,음료
CU,오뚜기)XO새우슈마이133g,4000,1+1,https://tqklhszfkvzk6518638.edge.naverncp.com/product/8801045935508.jpg,기타
CU,코카)파워라임제로P600,2400,1+1,https://tqklhszfkvzk6518638.edge.naverncp.com/product/8801094000288.jpg,음료
CU,CJ)유기농부침두부300g,3900,1+1,https://tqklhszfkvzk6518638.edge.naverncp.com/product/8801392082276.jpg,기타
CU,CJ)유기농찌개두부300g,3900,1+1,https://tqklhszfkvzk6518638.edge.naverncp.com/product/8801392082290.jpg,기타
CU,CJ)100%통곡물밥130g,2600,1+1,https://tqklhszfkvzk6518638.edge.naverncp.com/product/8801392101724.png,식사류
CU,CJ)소바바소이허니240g,9900,1+1,https://tqklhszfkvzk6518638.edge.naverncp.com/product/8801392087073_1.png,기타
CU,브리티시)블랙아메P500ml,2800,1+1,https://tqklhszfkvzk6518638.edge.naverncp.com/product/8808024034085.jpg,기타
CU,브리티시)헤이즐넛P500ml,2800,1+1,https://tqklhszfkvzk6518638.edge.naverncp.com/product/8808024034092.jpg,기타
CU,롯데)클라우드논알콜릭500,2800,1+1,https://tqklhszfkvzk6518638.edge.naverncp.com/product/8801022025048_1.png,기타
CU,동원)한입쏙만두고기6입,4900,1+1,https://tqklhszfkvzk6518638.edge.naverncp.com/product/8801047307808.jpg,식사류
CU,동원)한입쏙만두김치6입,4900,1+1,https://tqklhszfkvzk6518638.edge.naverncp.com/product/8801047307907.jpg,식사류
CU,코카)일로하스피치P540,2500,1+1,https://tqklhszfkvzk6518638.edge.naverncp.com/product/8801094000240.jpg,음료
CU,매일)그릭드링킹플레인190,2900,1+1,https://tqklhszfkvzk6518638.edge.naverncp.com/product/8801121048887.jpg,간식류
CU,매일)그릭드링킹바나나190,2900,1+1,https://tqklhszfkvzk6518638.edge.naverncp.com/product/8801121048900.jpg,간식류
CU,웅진)프로타민고소한250ml,3800,1+1,https://tqklhszfkvzk6518638.edge.naverncp.com/product/8801382152125.jpg,기타
CU,웅진)프로타민초코250ml,3800,1+1,https://tqklhszfkvzk6518638.edge.naverncp.com/product/8801382152149.jpg,기타
CU,이디야)블렌딩티유자자몽,1800,1+1,https://tqklhszfkvzk6518638.edge.naverncp.com/product/8809388466116.png,기타
CU,이디야)블렌딩티망고피치,1800,1+1,https://tqklhszfkvzk6518638.edge.naverncp.com/product/8809388466123.png,기타
CU,바다원)한입만어포튀각50g,4900,1+1,https://tqklhszfkvzk6518638.edge.naverncp.com/product/8809936951088.jpg,기타
CU,정지영)디카페아메P500ml,2800,1+1,https://tqklhszfkvzk6518638.edge.naverncp.com/product/8801104950022.png,음료
CU,정지영)아메리카노P500ml,2800,1+1,https://tqklhszfkvzk6518638.edge.naverncp.com/product/8801104950008.png,음료
CU,동원)어단백바닭가슴살,3500,1+1,https://tqklhszfkvzk6518638.edge.naverncp.com/product/8801047521013.png,기타
CU,동원)어단백바두부,3500,1+1,https://tqklhszfkvzk6518638.edge.naverncp.com/product/8801047521006.png,기타
CU,라라스윗)복숭아요거트바,2500,1+1,https://tqklhszfkvzk6518638.edge.naverncp.com/product/8809599361217.png,기타
CU,사조)불닭숯불구이후랑크,2200,1+1,https://tqklhszfkvzk6518638.edge.naverncp.com/product/8801066064256_1.png,기타
CU,동화)배러푸룬P120g,3500,1+1,https://tqklhszfkvzk6518638.edge.naverncp.com/product/8806016185289_1.png,기타
CU,신이어)유기농보리차P600,2500,1+1,https://tqklhszfkvzk6518638.edge.naverncp.com/product/8801104949941.png,음료
CU,롯데)탐스오렌지캔355ml,1500,1+1,https://tqklhszfkvzk6518638.edge.naverncp.com/product/8801056248567.jpg,기타
CU,CJ)맛밤60G*4번들,14500,1+1,https://tqklhszfkvzk6518638.edge.naverncp.com/product/8801007908861.jpg,간식류
CU,진주햄)천하매콤후랑크70g,2400,1+1,https://tqklhszfkvzk6518638.edge.naverncp.com/product/8801077630709.jpg,기타
CU,동원)양반찰진밥130g,1700,1+1,https://tqklhszfkvzk6518638.edge.naverncp.com/product/8801047170945.jpg,식사류
CU,롯데)칠성사이다오렌지500,2500,1+1,https://tqklhszfkvzk6518638.edge.naverncp.com/product/8801056249519.jpg,음료
CU,코카)환타멜론P600ml,2200,1+1,https://tqklhszfkvzk6518638.edge.naverncp.com/product/8801094000394.jpg,음료
CU,푸르밀)예가체프라떼300ml,2900,1+1,https://tqklhszfkvzk6518638.edge.naverncp.com/product/8806371360352.jpg,음료
CU,푸르밀)케냐AA라떼300ml,2900,1+1,https://tqklhszfkvzk6518638.edge.naverncp.com/product/8806371360369.jpg,음료
CU,CJ)비비고순살가자미구이,7400,1+1,https://tqklhszfkvzk6518638.edge.naverncp.com/product/8801392109201.png,기타
CU,CJ)비비고순살고등어구이,7400,1+1,https://tqklhszfkvzk6518638.edge.naverncp.com/product/8801007917030.png,기타
CU,CJ)비비고고기왕교자315g,7800,1+1,https://tqklhszfkvzk6518638.edge.naverncp.com/product/8801392011887.png,식사류
CU,CJ)비비고김치왕교자315g,7800,1+1,https://tqklhszfkvzk6518638.edge.naverncp.com/product/8801392011962.png,식사류
CU,현대)미에로화이스파클500,2700,1+1,https://tqklhszfkvzk6518638.edge.naverncp.com/product/8806004000945.jpg,기타
CU,롯데)마운틴듀제로캔355ml,1800,1+1,https://tqklhszfkvzk6518638.edge.naverncp.com/product/8801056249892.jpg,기타
CU,쟈뎅)히비스애플오렌지500,2500,1+1,https://tqklhszfkvzk6518638.edge.naverncp.com/product/8808024034269.jpg,기타
CU,쟈뎅)루이보스피치망고500,2500,1+1,https://tqklhszfkvzk6518638.edge.naverncp.com/product/8808024034276.jpg,기타
CU,화이트)스테이쿨대형16입,12500,1+1,https://tqklhszfkvzk6518638.edge.naverncp.com/product/8801166099196.jpg,생활/위생용품
CU,신세계)순두부찌개450g,7900,1+1,https://tqklhszfkvzk6518638.edge.naverncp.com/product/8809901605251.jpg,식사류
CU,신세계)황태해장국450g,7900,1+1,https://tqklhszfkvzk6518638.edge.naverncp.com/product/8809901605305.jpg,식사류
CU,코카)코카콜라제로제로500,2400,1+1,https://tqklhszfkvzk6518638.edge.naverncp.com/product/8801094000554.jpg,음료
CU,하림)맥시칸크리스피순살,9900,1+1,https://tqklhszfkvzk6518638.edge.naverncp.com/product/8809778498314_1.png,기타
CU,CJ)비비고순살삼치구이,7400,1+1,https://tqklhszfkvzk6518638.edge.naverncp.com/product/8801007917320.jpg,기타
CU,오뚜기)육즙가득떡갈비,6500,1+1,https://tqklhszfkvzk6518638.edge.naverncp.com/product/8801045611228.jpg,간식류
CU,오뚜기)레드칠리미트볼,6500,1+1,https://tqklhszfkvzk6518638.edge.naverncp.com/product/8801045907802.jpg,기타
CU,롯데)레쓰비마일드230ml,1400,1+1,https://tqklhszfkvzk6518638.edge.naverncp.com/product/8801056248536.jpg,기타
CU,롯데)오트몬드초코250ml,2900,1+1,https://tqklhszfkvzk6518638.edge.naverncp.com/product/8801056249038.jpg,기타
CU,롯데)오트몬드쿠앤크250ml,2900,1+1,https://tqklhszfkvzk6518638.edge.naverncp.com/product/8801056249076.jpg,기타
CU,CJ)황태듬뿍해장국460g,9900,1+1,https://tqklhszfkvzk6518638.edge.naverncp.com/product/8801392114755.jpg,식사류
CU,CJ)비비고순살임연수구이,7400,1+1,https://tqklhszfkvzk6518638.edge.naverncp.com/product/8801392080913.jpg,기타
CU,널담)다크초코호두쿠키,2400,1+1,https://tqklhszfkvzk6518638.edge.naverncp.com/product/8809795334251.jpg,간식류
CU,널담)화이트초코마카쿠키,2400,1+1,https://tqklhszfkvzk6518638.edge.naverncp.com/product/8809795334268.jpg,간식류
CU,현대그린)카페베르나노350,2600,1+1,https://tqklhszfkvzk6518638.edge.naverncp.com/product/8800246888811.jpg,음료
CU,CJ)하루낫또2입,3900,1+1,https://tqklhszfkvzk6518638.edge.naverncp.com/product/8801392136122.jpg,기타
CU,동화)마그랩포스트레스25m,3900,1+1,https://tqklhszfkvzk6518638.edge.naverncp.com/product/8806129204051.jpg,기타
CU,동화)마그랩포에너지25ml,3900,1+1,https://tqklhszfkvzk6518638.edge.naverncp.com/product/8806129204075.jpg,기타
CU,오뚜기)컵밥진짬뽕밥,4800,1+1,https://tqklhszfkvzk6518638.edge.naverncp.com/product/8801045892276.jpg,식사류
CU,풀무원)해초미역면150g,4800,1+1,https://tqklhszfkvzk6518638.edge.naverncp.com/product/8801114157640.jpg,식사류
CU,라라스윗)말차파인트,11900,1+1,https://tqklhszfkvzk6518638.edge.naverncp.com/product/8809599360098.jpg,간식류
CU,튀김)바삭한핫도그,2800,1+1,https://tqklhszfkvzk6518638.edge.naverncp.com/product/2202000113478.png,기타
CU,CJ)맥스봉풍미후랑크65g,2400,1+1,https://tqklhszfkvzk6518638.edge.naverncp.com/product/8801392109782.png,간식류
CU,튀김)바삭한치즈핫도그,3200,1+1,https://tqklhszfkvzk6518638.edge.naverncp.com/product/2202000122364.png,기타
CU,클룹)애사비샤인머스켓500,2800,1+1,https://tqklhszfkvzk6518638.edge.naverncp.com/product/8800261385081_1.png,기타
CU,영진)알부민리얼바몬드,1900,1+1,https://tqklhszfkvzk6518638.edge.naverncp.com/product/8809330479928.jpg,기타
CU,신세계)소고기미역국480g,7900,1+1,https://tqklhszfkvzk6518638.edge.naverncp.com/product/8809486799932.jpg,기타
CU,신세계)콩나물해장국450g,7900,1+1,https://tqklhszfkvzk6518638.edge.naverncp.com/product/8809901605244.png,식사류
CU,이그니스)바이탈자몽캔500,2700,1+1,https://tqklhszfkvzk6518638.edge.naverncp.com/product/8800261385821.jpg,기타
CU,라라스윗)블루베리요거바,2500,1+1,https://tqklhszfkvzk6518638.edge.naverncp.com/product/8809599361286.jpg,기타
CU,미트)마늘안창살구이350g,16900,1+1,https://tqklhszfkvzk6518638.edge.naverncp.com/product/8809152414329_1.png,기타
CU,유앤)돈시몬토마토주스200,2400,1+1,https://tqklhszfkvzk6518638.edge.naverncp.com/product/8410261613314.jpg,음료
CU,뉴트)애사비탱글스틱20g,2000,1+1,https://tqklhszfkvzk6518638.edge.naverncp.com/product/8809948526380.png,기타
CU,좋은)수퍼소프트대형4P,3000,1+1,https://tqklhszfkvzk6518638.edge.naverncp.com/product/8801166099745.jpg,생활/위생용품
CU,몽뜨)말차라떼캔디,1500,1+1,https://tqklhszfkvzk6518638.edge.naverncp.com/product/8809429533722.jpg,간식류
CU,라라스윗)저당요거파인트,11900,1+1,https://tqklhszfkvzk6518638.edge.naverncp.com/product/8809599361361.jpg,간식류
CU,쏘피)유기농중형16P,9500,1+1,https://tqklhszfkvzk6518638.edge.naverncp.com/product/8809709260232.jpg,생활/위생용품
CU,쏘피)유기농대형14P,9500,1+1,https://tqklhszfkvzk6518638.edge.naverncp.com/product/8809709260249.jpg,생활/위생용품
CU,링티)애플라이트P500ml,3200,1+1,https://tqklhszfkvzk6518638.edge.naverncp.com/product/8809799270661.jpg,기타
CU,동아)얼박사캔355ml,2300,1+1,https://tqklhszfkvzk6518638.edge.naverncp.com/product/8806011416685.jpg,기타
CU,동아)혈행의선순환10정,5000,1+1,https://tqklhszfkvzk6518638.edge.naverncp.com/product/8806011441960.jpg,기타
CU,동아)눈호강10정,5000,1+1,https://tqklhszfkvzk6518638.edge.naverncp.com/product/8806011441984.jpg,기타
CU,동아)이순간10정,5000,1+1,https://tqklhszfkvzk6518638.edge.naverncp.com/product/8806011442004.jpg,기타
CU,동아)약골탈퇴10정,5000,1+1,https://tqklhszfkvzk6518638.edge.naverncp.com/product/8806011442028.jpg,기타
CU,동아)에너지10정,5000,1+1,https://tqklhszfkvzk6518638.edge.naverncp.com/product/8806011442042.jpg,기타
CU,동아)괜찮아릴렉스10정,5000,1+1,https://tqklhszfkvzk6518638.edge.naverncp.com/product/8806011442066.jpg,기타
CU,동아)관절해10정,5000,1+1,https://tqklhszfkvzk6518638.edge.naverncp.com/product/8806011442080.jpg,기타
CU,동아)끓어올려10정,5000,1+1,https://tqklhszfkvzk6518638.edge.naverncp.com/product/8806011442103.jpg,기타
CU,롯데)2프로레몬제로P500ml,2000,1+1,https://tqklhszfkvzk6518638.edge.naverncp.com/product/8801056251062.jpg,기타
CU,쟈뎅)프루토프루타피치500,2500,1+1,https://tqklhszfkvzk6518638.edge.naverncp.com/product/8808024050597.jpg,기타
CU,쟈뎅)프루토프루타레몬500,2500,1+1,https://tqklhszfkvzk6518638.edge.naverncp.com/product/8808024050603.jpg,기타
CU,링티)굿나잇티P240ml,2900,1+1,https://tqklhszfkvzk6518638.edge.naverncp.com/product/8809799270678.jpg,기타
CU,종근당)이너케어10정,5000,1+1,https://tqklhszfkvzk6518638.edge.naverncp.com/product/8809327865383.png,기타
CU,종근당)혈행건강10정,5000,1+1,https://tqklhszfkvzk6518638.edge.naverncp.com/product/8800323060260.png,기타
CU,종근당)눈건강10정,5000,1+1,https://tqklhszfkvzk6518638.edge.naverncp.com/product/8809097857168.png,기타
CU,종근당)장건강10정,5000,1+1,https://tqklhszfkvzk6518638.edge.naverncp.com/product/8809327865369.png,기타
CU,종근당)다이어트10정,5000,1+1,https://tqklhszfkvzk6518638.edge.naverncp.com/product/8809097857205.png,기타
CU,종근당)뼈건강10정,5000,1+1,https://tqklhszfkvzk6518638.edge.naverncp.com/product/8809097857182.png,기타
CU,종근당)간건강10정,5000,1+1,https://tqklhszfkvzk6518638.edge.naverncp.com/product/8800323060246.png,기타
CU,종근당)종합건강10정,5000,1+1,https://tqklhszfkvzk6518638.edge.naverncp.com/product/8800323060192.png,기타
CU,종근당)두뇌기억력10정,5000,1+1,https://tqklhszfkvzk6518638.edge.naverncp.com/product/8800323060178.png,기타
CU,오뚜기)정통직화유니짜장,4800,1+1,https://tqklhszfkvzk6518638.edge.naverncp.com/product/8801045665337.jpg,기타
CU,롯데)탐스포도캔355ml,1500,1+1,https://tqklhszfkvzk6518638.edge.naverncp.com/product/8801056248604.jpg,기타
CU,한미)텐텐비타튼튼딸기,1600,1+1,https://tqklhszfkvzk6518638.edge.naverncp.com/product/8806124206067.jpg,간식류
CU,한미)텐텐비타튼튼베리,1600,1+1,https://tqklhszfkvzk6518638.edge.naverncp.com/product/8806124206081.jpg,간식류
CU,광동)썬키스트애사비제로,3000,1+1,https://tqklhszfkvzk6518638.edge.naverncp.com/product/8806002025346_1.png,기타
CU,오뚜기)의정부부대찌개500,8500,1+1,https://tqklhszfkvzk6518638.edge.naverncp.com/product/8801045290973.png,식사류
CU,서울)말차에스프레소200ml,2900,1+1,https://tqklhszfkvzk6518638.edge.naverncp.com/product/8801115140207_1.png,음료
CU,롯데)롯데햄프랑크90g,3200,1+1,https://tqklhszfkvzk6518638.edge.naverncp.com/product/8801123002177.jpg,간식류
CU,하림)맥시칸양념치킨순살,9900,1+1,https://tqklhszfkvzk6518638.edge.naverncp.com/product/8809778499403_1.png,기타
CU,농심)멘토스필링베리굿,900,1+1,https://tqklhszfkvzk6518638.edge.naverncp.com/product/8801043039949.jpg,기타
CU,칠갑)쌀떡국떡1인분180g,2000,1+1,https://tqklhszfkvzk6518638.edge.naverncp.com/product/8801759021276.jpg,간식류
CU,롯데)칠성사이다라임캔355,2100,1+1,https://tqklhszfkvzk6518638.edge.naverncp.com/product/8801056251895.jpg,음료
CU,CJ)하루낫또국산약콩2입,4900,1+1,https://tqklhszfkvzk6518638.edge.naverncp.com/product/8801392157608.jpg,기타
CU,위스트)마라곤약향라맛,1200,1+1,https://tqklhszfkvzk6518638.edge.naverncp.com/product/6971258744302.jpg,기타
CU,위스트)마라곤약마라맛,1200,1+1,https://tqklhszfkvzk6518638.edge.naverncp.com/product/6971258744319.jpg,기타
CU,매일)두유렌틸콩190ml,1800,1+1,https://tqklhszfkvzk6518638.edge.naverncp.com/product/8801121022375.jpg,음료
CU,매일)고단백플레인190ml,1800,1+1,https://tqklhszfkvzk6518638.edge.naverncp.com/product/8801121032145.jpg,간식류
CU,CJ)밸런스밀바말차초코,2900,1+1,https://tqklhszfkvzk6518638.edge.naverncp.com/product/8801392154379.jpg,음료
CU,CJ)밸런스밀바피넛버터,2900,1+1,https://tqklhszfkvzk6518638.edge.naverncp.com/product/8801392154393.jpg,기타
CU,맥널티)호랭이커피20T,6900,1+1,https://tqklhszfkvzk6518638.edge.naverncp.com/product/8804645007781.jpg,음료
CU,라라스윗)복숭요거파인트,11900,1+1,https://tqklhszfkvzk6518638.edge.naverncp.com/product/8809599361453.jpg,간식류
CU,CJ)소바바마쏘킥240g,9900,1+1,https://tqklhszfkvzk6518638.edge.naverncp.com/product/8801392151118_1.png,기타
CU,CJ)소바바레드핫240g,9900,1+1,https://tqklhszfkvzk6518638.edge.naverncp.com/product/8801392159084.png,기타
CU,클룹)애사비매실제로,2800,1+1,https://tqklhszfkvzk6518638.edge.naverncp.com/product/8800261386378.jpg,기타
CU,광동)썬키스트애사비레몬,3000,1+1,https://tqklhszfkvzk6518638.edge.naverncp.com/product/8806002025421_1.png,기타
CU,도성)아사이치케아15g,3900,1+1,https://tqklhszfkvzk6518638.edge.naverncp.com/product/8809531799573.png,기타
CU,CJ)고메새우하가우135g,7800,1+1,https://tqklhszfkvzk6518638.edge.naverncp.com/product/8801392022654.jpg,기타
CU,CJ)고메샤오롱바오141g,7800,1+1,https://tqklhszfkvzk6518638.edge.naverncp.com/product/8801392150012.jpg,기타
CU,웅진)생차녹차500mlP,2500,1+1,https://tqklhszfkvzk6518638.edge.naverncp.com/product/8801382152798.jpg,음료
CU,웅진)생차호지차500P,2500,1+1,https://tqklhszfkvzk6518638.edge.naverncp.com/product/8801382152811.jpg,음료
CU,CJ)밸런스밀쉐이크귀리,4500,1+1,https://tqklhszfkvzk6518638.edge.naverncp.com/product/8801392154553.jpg,기타
CU,CJ)밸런스밀쉐이크견과,4500,1+1,https://tqklhszfkvzk6518638.edge.naverncp.com/product/8801392154577.jpg,간식류
CU,CJ)밸런스밀쉐이크카카오,4500,1+1,https://tqklhszfkvzk6518638.edge.naverncp.com/product/8801392154591.jpg,기타
CU,풀무원)요프로플레인150g,3900,1+1,https://tqklhszfkvzk6518638.edge.naverncp.com/product/8809274516802.jpg,간식류
CU,풀무원)요프로블루베리150,3900,1+1,https://tqklhszfkvzk6518638.edge.naverncp.com/product/8809274516840.jpg,기타
CU,사조)구운마늘맛후랑크,2400,1+1,https://tqklhszfkvzk6518638.edge.naverncp.com/product/8801066065451.jpg,기타
CU,사조)구운고추맛후랑크,2400,1+1,https://tqklhszfkvzk6518638.edge.naverncp.com/product/8801066065468.jpg,기타
CU,하림)직화매콤갈비맛핫바,2500,1+1,https://tqklhszfkvzk6518638.edge.naverncp.com/product/8801492393395.jpg,간식류
CU,오뗄)붉은말발굽킬바사,6700,1+1,https://tqklhszfkvzk6518638.edge.naverncp.com/product/8802266500780.jpg,기타
CU,CJ)얼티브프로틴피스타치,2900,1+1,https://tqklhszfkvzk6518638.edge.naverncp.com/product/8801392130045.jpg,기타
CU,CJ)얼티브프로틴로얄밀크,2900,1+1,https://tqklhszfkvzk6518638.edge.naverncp.com/product/8801392130069.jpg,기타
CU,CJ)맛콩 병아리콩 50G,2900,1+1,https://tqklhszfkvzk6518638.edge.naverncp.com/product/8801392158278.jpg,기타
CU,CJ)맛콩 검은콩 50G,2900,1+1,https://tqklhszfkvzk6518638.edge.naverncp.com/product/8801392158353.jpg,기타
CU,우양)반반크리스피핫도그,3000,1+1,https://tqklhszfkvzk6518638.edge.naverncp.com/product/8805489005858.jpg,기타
CU,동원)한라봉제로아이스500,2500,1+1,https://tqklhszfkvzk6518638.edge.naverncp.com/product/8801047496083.jpg,기타
CU,롯데)칠성사이다라임P500,2500,1+1,https://tqklhszfkvzk6518638.edge.naverncp.com/product/8801056251727.jpg,음료
CU,CJ)얼티브프로틴초코,2900,1+1,https://tqklhszfkvzk6518638.edge.naverncp.com/product/8801392039225_1.png,기타
CU,광동)비타500이온킥500ml,2900,1+1,https://tqklhszfkvzk6518638.edge.naverncp.com/product/8806002025445.jpg,음료
CU,코카)암바사제로500P,2200,1+1,https://tqklhszfkvzk6518638.edge.naverncp.com/product/8801094000431.jpg,음료
CU,동원)소화잘되는카라멜,2800,1+1,https://tqklhszfkvzk6518638.edge.naverncp.com/product/8801155745929.jpg,기타
CU,뉴트)올리브레몬샷26g,3900,1+1,https://tqklhszfkvzk6518638.edge.naverncp.com/product/8809948527332.jpg,기타
CU,서울)말차스트로베리200ml,2900,1+1,https://tqklhszfkvzk6518638.edge.naverncp.com/product/8801115140214.jpg,음료
CU,동원)하이요구르트소다280,1700,1+1,https://tqklhszfkvzk6518638.edge.naverncp.com/product/8801155000523.jpg,음료
CU,CJ)닭가슴살고기만두168g,5900,1+1,https://tqklhszfkvzk6518638.edge.naverncp.com/product/8801392164910.jpg,식사류
CU,CJ)닭가슴살김치만두168g,5900,1+1,https://tqklhszfkvzk6518638.edge.naverncp.com/product/8801392164934.jpg,식사류
CU,농심)인크레더블츄딸기,1200,1+1,https://tqklhszfkvzk6518638.edge.naverncp.com/product/8801043045551.jpg,기타
CU,농심)인크레더블츄사과,1200,1+1,https://tqklhszfkvzk6518638.edge.naverncp.com/product/8801043045803.jpg,기타
CU,오뚜기)컵밥사골곰탕밥,4800,1+1,https://tqklhszfkvzk6518638.edge.naverncp.com/product/8801045681849.jpg,식사류
CU,뉴트)알부민골드30g,2900,1+1,https://tqklhszfkvzk6518638.edge.naverncp.com/product/8809948527516.jpg,기타
CU,한성)국산꼬마육포,3500,1+1,https://tqklhszfkvzk6518638.edge.naverncp.com/product/8801074258715.jpg,간식류
CU,해태)구론산탄산비타150ml,1300,1+1,https://tqklhszfkvzk6518638.edge.naverncp.com/product/8801105916829.jpg,간식류
CU,동원)덴마크미숫미숫우유,2100,1+1,https://tqklhszfkvzk6518638.edge.naverncp.com/product/8801155000516.jpg,음료
CU,현대)미에로사이다캔355,2300,1+1,https://tqklhszfkvzk6518638.edge.naverncp.com/product/8806004001126.jpg,음료
CU,풀무원)액티더블제로사과,2200,1+1,https://tqklhszfkvzk6518638.edge.naverncp.com/product/8809274517069.jpg,기타
CU,풀무원)액티더블제로플레,2200,1+1,https://tqklhszfkvzk6518638.edge.naverncp.com/product/8809274517076.jpg,기타
CU,대상)아르포텐쿨링업캔355,2200,1+1,https://tqklhszfkvzk6518638.edge.naverncp.com/product/8809596937644.jpg,기타
CU,동원)양반누룽지500ml,2200,1+1,https://tqklhszfkvzk6518638.edge.naverncp.com/product/8809848280412.jpg,기타
CU,롯데)오트몬드고소250ml,2900,1+1,https://tqklhszfkvzk6518638.edge.naverncp.com/product/8801056249052.jpg,기타
CU,동원)생쿨피스복숭아300ml,1600,1+1,https://tqklhszfkvzk6518638.edge.naverncp.com/product/8801155000530.jpg,기타
CU,동원)생쿨피스바나나300ml,1600,1+1,https://tqklhszfkvzk6518638.edge.naverncp.com/product/8801155000547.jpg,기타
CU,오뚜기)계란야채죽,4500,1+1,https://tqklhszfkvzk6518638.edge.naverncp.com/product/8801045303055.jpg,식사류
CU,오뚜기)열라면치즈후랑크,2500,1+1,https://tqklhszfkvzk6518638.edge.naverncp.com/product/8801045428772.jpg,식사류
CU,오뚜기)컵밥미역국밥,4800,1+1,https://tqklhszfkvzk6518638.edge.naverncp.com/product/8801045447063.jpg,식사류
CU,동원)저당소화라떼350,3400,1+1,https://tqklhszfkvzk6518638.edge.naverncp.com/product/8801155745660.jpg,음료
CU,동원)저당소화바닐라떼350,3400,1+1,https://tqklhszfkvzk6518638.edge.naverncp.com/product/8801155745677.jpg,음료
CU,팔도)코코뿌요제로복숭아,1900,1+1,https://tqklhszfkvzk6518638.edge.naverncp.com/product/8809695255076.jpg,기타
CU,팔도)코코뿌제로애플망고,1900,1+1,https://tqklhszfkvzk6518638.edge.naverncp.com/product/8809695255090.jpg,기타
CU,롯데)펩시제로피치P500,2500,1+1,https://tqklhszfkvzk6518638.edge.naverncp.com/product/8801056911027.jpg,음료
CU,광동)초당옥수수차500ml,2500,1+1,https://tqklhszfkvzk6518638.edge.naverncp.com/product/8806002025605.jpg,음료
CU,한성)킹오브크랩150g,5300,1+1,https://tqklhszfkvzk6518638.edge.naverncp.com/product/8801074008860.jpg,기타
CU,CJ)하루한알비오틴구미,3900,1+1,https://tqklhszfkvzk6518638.edge.naverncp.com/product/8801392174940.jpg,기타
CU,CJ)하루한알비타민D아연,3900,1+1,https://tqklhszfkvzk6518638.edge.naverncp.com/product/8801392174964.jpg,기타
CU,CJ)하루한알멀티비타구미,3900,1+1,https://tqklhszfkvzk6518638.edge.naverncp.com/product/8801392175022.jpg,기타
CU,CJ)햇반파로누룽지차500ml,2500,1+1,https://tqklhszfkvzk6518638.edge.naverncp.com/product/8801392177118.jpg,음료
CU,하림)참맛후랑크4입,2400,1+1,https://tqklhszfkvzk6518638.edge.naverncp.com/product/8801492392947.jpg,기타
CU,하림)마늘후랑크4입,2400,1+1,https://tqklhszfkvzk6518638.edge.naverncp.com/product/8801492392961.jpg,기타
CU,동아)얼박사캔제로355ml,2300,1+1,https://tqklhszfkvzk6518638.edge.naverncp.com/product/8806011416753.jpg,기타
CU,HK)컨디션스틱초코18g,3900,1+1,https://tqklhszfkvzk6518638.edge.naverncp.com/product/8809422046953.jpg,기타
CU,HK)티로그망고수박P500,2500,1+1,https://tqklhszfkvzk6518638.edge.naverncp.com/product/8809422046991.jpg,기타
CU,링티)굿모닝티P240ml,2900,1+1,https://tqklhszfkvzk6518638.edge.naverncp.com/product/8809626921926.jpg,기타
CU,하이트)테라제로350,2400,1+1,https://tqklhszfkvzk6518638.edge.naverncp.com/product/8801001237882.jpg,기타
CU,롯데)게토레이런P600ml,2400,1+1,https://tqklhszfkvzk6518638.edge.naverncp.com/product/8801056911058.jpg,기타
CU,롯데)칠성사이다유자캔355,2100,1+1,https://tqklhszfkvzk6518638.edge.naverncp.com/product/8801056911249.jpg,음료
CU,광동)유기농옥수수수염차P,2500,1+1,https://tqklhszfkvzk6518638.edge.naverncp.com/product/8806002025636.jpg,음료
CU,라라스윗)애플망고요거바,2500,1+1,https://tqklhszfkvzk6518638.edge.naverncp.com/product/8809599361606.jpg,기타
CU,롯데)립톤제로스파클링355,1800,1+1,https://tqklhszfkvzk6518638.edge.naverncp.com/product/8801056911379.jpg,기타
CU,HK)컨디션스틱민트초코18g,3900,1+1,https://tqklhszfkvzk6518638.edge.naverncp.com/product/8809422046977.jpg,기타
CU,오뚜기)오늘의만두300g,6400,1+1,https://tqklhszfkvzk6518638.edge.naverncp.com/product/8801045055046.jpg,식사류
CU,CJ)유기농콩나물270g,2300,1+1,https://tqklhszfkvzk6518638.edge.naverncp.com/product/8801007613482.jpg,기타
CU,정식품)베지밀바나나땅콩,2300,1+1,https://tqklhszfkvzk6518638.edge.naverncp.com/product/8801033812934.jpg,기타
CU,동아)X코카스에너지캔355,2300,1+1,https://tqklhszfkvzk6518638.edge.naverncp.com/product/8801097824317.jpg,음료
CU,신이어)유기농말차P600,2500,1+1,https://tqklhszfkvzk6518638.edge.naverncp.com/product/8801104953344.jpg,음료
CU,경남)레모나웰레몬150ml,2500,1+1,https://tqklhszfkvzk6518638.edge.naverncp.com/product/8806102872765.jpg,기타
CU,롯데)해피즈레몬라임캔355,3000,1+1,https://tqklhszfkvzk6518638.edge.naverncp.com/product/8801056910716.jpg,기타
CU,롯데)해피즈트로피칼캔355,3000,1+1,https://tqklhszfkvzk6518638.edge.naverncp.com/product/8801056910723.jpg,기타
CU,롯데)해피즈팝핑체리캔355,3000,1+1,https://tqklhszfkvzk6518638.edge.naverncp.com/product/8801056910730.jpg,기타
CU,풀)고농도다용도두부300g,3800,1+1,https://tqklhszfkvzk6518638.edge.naverncp.com/product/8801114183427.jpg,기타
CU,종건)아임비타비타민젤리,2800,1+1,https://tqklhszfkvzk6518638.edge.naverncp.com/product/8805915917205.jpg,기타
CU,빙그레)따옴바샤인머스캣,2000,1+1,https://tqklhszfkvzk6518638.edge.naverncp.com/product/8801104953382.jpg,기타
CU,매일)떠먹는바이오딸기150,3200,1+1,https://tqklhszfkvzk6518638.edge.naverncp.com/product/8801121050460.jpg,기타
CU,매일)떠먹는바이오백도150,3200,1+1,https://tqklhszfkvzk6518638.edge.naverncp.com/product/8801121050545.jpg,기타
CU,매일)허쉬팩초코밀크300ml,2300,1+1,https://tqklhszfkvzk6518638.edge.naverncp.com/product/8801121051320.jpg,간식류
CU,매일)허쉬팩초코너티300ml,2300,1+1,https://tqklhszfkvzk6518638.edge.naverncp.com/product/8801121051344.jpg,간식류
CU,CJ)닭스테이크오리지널100,4500,1+1,https://tqklhszfkvzk6518638.edge.naverncp.com/product/8801007880402.jpg,기타
CU,동원)리얼관자오리지널72g,4900,1+1,https://tqklhszfkvzk6518638.edge.naverncp.com/product/8801047513599.jpg,기타
CU,동원)리얼관자크랩버터72g,4900,1+1,https://tqklhszfkvzk6518638.edge.naverncp.com/product/8801047513605.jpg,기타
CU,CJ)닭스테이크케이준100g,4500,1+1,https://tqklhszfkvzk6518638.edge.naverncp.com/product/8801392033223.jpg,기타
CU,맥널티)티브루보리차10T,6600,1+1,https://tqklhszfkvzk6518638.edge.naverncp.com/product/8804645007859.jpg,음료
CU,맥널티)티브루호박팥차10T,6600,1+1,https://tqklhszfkvzk6518638.edge.naverncp.com/product/8804645007866.jpg,음료
CU,종건)아임비타아미노젤100,3200,1+1,https://tqklhszfkvzk6518638.edge.naverncp.com/product/8805915916703.jpg,기타
CU,클룹)애사비콜라제로500,2800,1+1,https://tqklhszfkvzk6518638.edge.naverncp.com/product/8800261389027.jpg,음료
CU,동원)드링킹액티브딸기,2300,1+1,https://tqklhszfkvzk6518638.edge.naverncp.com/product/8801155000615.jpg,간식류
CU,동원)드링킹액티브베리,2300,1+1,https://tqklhszfkvzk6518638.edge.naverncp.com/product/8801155000622.jpg,간식류
CU,광동)비타500이온킥1.5L,4500,1+1,https://tqklhszfkvzk6518638.edge.naverncp.com/product/8806002025469.jpg,음료
CU,동화)부채표소다활500ml,2500,1+1,https://tqklhszfkvzk6518638.edge.naverncp.com/product/8806016186491.jpg,음료
CU,라라스윗)딸기듬뿍바,3000,1+1,https://tqklhszfkvzk6518638.edge.naverncp.com/product/8809599361583.jpg,기타
CU,연세)고단백프로두유240ml,2900,1+1,https://tqklhszfkvzk6518638.edge.naverncp.com/product/8801753116770.jpg,음료
CU,라라스윗)골드키위듬뿍바,3000,1+1,https://tqklhszfkvzk6518638.edge.naverncp.com/product/8809599361637.jpg,기타
CU,오뚜기)골든후라이드치킨,9900,1+1,https://tqklhszfkvzk6518638.edge.naverncp.com/product/8801045610436.jpg,기타
CU,코카)스프라이트제로티500,2200,1+1,https://tqklhszfkvzk6518638.edge.naverncp.com/product/8801094001704.jpg,음료
CU,해태)봉봉애사비소다500,2500,1+1,https://tqklhszfkvzk6518638.edge.naverncp.com/product/8801105916959.jpg,간식류
CU,매일)프로즌그릭플레인,12900,1+1,https://tqklhszfkvzk6518638.edge.naverncp.com/product/8801121051412.png,간식류
CU,매일)프로즌그릭허니유자,12900,1+1,https://tqklhszfkvzk6518638.edge.naverncp.com/product/8801121051429.png,기타
CU,CJ)햇반루피니빈보리차500,2500,1+1,https://tqklhszfkvzk6518638.edge.naverncp.com/product/8801392183874.jpg,음료
CU,라라스윗)골드파인제로바,2500,1+1,https://tqklhszfkvzk6518638.edge.naverncp.com/product/8809599361651.jpg,기타
CU,라라스윗)제주감귤제로바,2500,1+1,https://tqklhszfkvzk6518638.edge.naverncp.com/product/8809599361682.jpg,기타
CU,라라스윗)피치망고듬뿍바,3000,1+1,https://tqklhszfkvzk6518638.edge.naverncp.com/product/8809599361750.jpg,기타
CU,리뉴)한손한끼바프마늘빵,4500,1+1,https://tqklhszfkvzk6518638.edge.naverncp.com/product/8800341680044.jpg,기타
CU,리뉴)한손바프허니버터,4500,1+1,https://tqklhszfkvzk6518638.edge.naverncp.com/product/8800341680051.jpg,기타
CU,삼립)갈릭후랑크65g,2400,1+1,https://tqklhszfkvzk6518638.edge.naverncp.com/product/8801068940411.jpg,기타
CU,삼경)웨더스슈가프리42g,3000,1+1,https://tqklhszfkvzk6518638.edge.naverncp.com/product/4014400907902.jpg,기타
CU,롯데)칠성사이다유자P500,2500,1+1,https://tqklhszfkvzk6518638.edge.naverncp.com/product/8801056911270.jpg,음료
CU,롯데)펩시엑스트라P500,2500,1+1,https://tqklhszfkvzk6518638.edge.naverncp.com/product/8801056911782.jpg,음료
CU,광동)썬키스트에너지망고,2300,1+1,https://tqklhszfkvzk6518638.edge.naverncp.com/product/8806002025865.jpg,기타
CU,상쾌환)청사과제로스틱3입,11500,1+1,https://tqklhszfkvzk6518638.edge.naverncp.com/product/8801013777024.jpg,기타
CU,상쾌환)복숭아제로스틱3입,11500,1+1,https://tqklhszfkvzk6518638.edge.naverncp.com/product/8801013777499.jpg,기타
CU,CJ)뉴비비고고기찐만두6입,5900,1+1,https://tqklhszfkvzk6518638.edge.naverncp.com/product/8801392186967.jpg,식사류
CU,CJ)뉴비비고청양찐만두6입,5900,1+1,https://tqklhszfkvzk6518638.edge.naverncp.com/product/8801392187070.jpg,식사류
CU,CJ)뉴육즙불고기찐만두6입,5900,1+1,https://tqklhszfkvzk6518638.edge.naverncp.com/product/8801392187094.jpg,식사류
CU,롯데)롯데햄프랑크매콤90g,3200,1+1,https://tqklhszfkvzk6518638.edge.naverncp.com/product/8801123002672.jpg,간식류
CU,롯데)가나초코바땅콩,1300,2+1,https://tqklhszfkvzk6518638.edge.naverncp.com/product/8801062628773.jpg,간식류
CU,삼경)리콜라허브레몬,3300,2+1,https://tqklhszfkvzk6518638.edge.naverncp.com/product/7610700607046.jpg,음료
CU,CJ)맛밤80g,3900,2+1,https://tqklhszfkvzk6518638.edge.naverncp.com/product/8801007022635.jpg,간식류
CU,샘표)질러직화육포45g,6500,2+1,https://tqklhszfkvzk6518638.edge.naverncp.com/product/8801005013307.jpg,간식류
CU,롯데)의성마늘핫바70g,2600,2+1,https://tqklhszfkvzk6518638.edge.naverncp.com/product/8801123307289.jpg,간식류
CU,동원)덴마크스트링치즈,1700,2+1,https://tqklhszfkvzk6518638.edge.naverncp.com/product/8801155834616.jpg,간식류
CU,동원)양반전복죽,4500,2+1,https://tqklhszfkvzk6518638.edge.naverncp.com/product/8801047161578.png,식사류
CU,오뚜기)맛있는밥210g,2000,2+1,https://tqklhszfkvzk6518638.edge.naverncp.com/product/8801045890418.jpg,식사류
CU,동원)양반호박죽,4500,2+1,https://tqklhszfkvzk6518638.edge.naverncp.com/product/8801047161592.png,식사류
CU,동원)양반누룽지닭죽,4500,2+1,https://tqklhszfkvzk6518638.edge.naverncp.com/product/8801047161677.png,식사류
CU,CJ)가쓰오우동컵,3900,2+1,https://tqklhszfkvzk6518638.edge.naverncp.com/product/8801007009377.jpg,기타
CU,티오피)스윗아메캔275ml,2700,2+1,https://tqklhszfkvzk6518638.edge.naverncp.com/product/8801037087550_1.png,기타
CU,티오피)더블랙캔275ml,2700,2+1,https://tqklhszfkvzk6518638.edge.naverncp.com/product/8801037087741_1.png,기타
CU,웅진)자연은알로에P500ml,2350,2+1,https://tqklhszfkvzk6518638.edge.naverncp.com/product/8801382127789.jpg,기타
CU,HK)컨디션헛개병,5000,2+1,https://tqklhszfkvzk6518638.edge.naverncp.com/product/8801007071046_1.png,기타
CU,칸타타)라떼캔275ml,2800,2+1,https://tqklhszfkvzk6518638.edge.naverncp.com/product/8801056018948.png,음료
CU,동아)데미소다애플캔250ml,1700,2+1,https://tqklhszfkvzk6518638.edge.naverncp.com/product/8801097160064.jpg,음료
CU,롯데)펩시콜라P600ml,2500,2+1,https://tqklhszfkvzk6518638.edge.naverncp.com/product/8801056193010.png,음료
CU,남양)17차P500ml,2200,2+1,https://tqklhszfkvzk6518638.edge.naverncp.com/product/8801069174020.jpg,음료
CU,칸타타)카라멜캔275ml,2800,2+1,https://tqklhszfkvzk6518638.edge.naverncp.com/product/8801056051921.png,기타
CU,광동)헛개파워병,5000,2+1,https://tqklhszfkvzk6518638.edge.naverncp.com/product/8806002010861.png,기타
CU,매일)바리스타에스프250ml,2900,2+1,https://tqklhszfkvzk6518638.edge.naverncp.com/product/8801121106792.png,기타
CU,티오피)마스터라떼캔275ml,2700,2+1,https://tqklhszfkvzk6518638.edge.naverncp.com/product/8801037087543_1.png,음료
CU,일화)맥콜캔250ml,1600,2+1,https://tqklhszfkvzk6518638.edge.naverncp.com/product/8801223100254.jpg,음료
CU,농심)웰치포도캔355ml,1500,2+1,https://tqklhszfkvzk6518638.edge.naverncp.com/product/8801043450690.jpg,기타
CU,매일)바리스타스모키250ml,2900,2+1,https://tqklhszfkvzk6518638.edge.naverncp.com/product/8801121107935.png,기타
CU,농심)카프리썬오렌지팩200,1100,2+1,https://tqklhszfkvzk6518638.edge.naverncp.com/product/8801043650182.jpg,기타
CU,매일)바리스타모카250ml,2900,2+1,https://tqklhszfkvzk6518638.edge.naverncp.com/product/8801121107942.png,음료
CU,농심)파워오투오렌지P500,2300,2+1,https://tqklhszfkvzk6518638.edge.naverncp.com/product/4005906404835.jpg,기타
CU,농심)백산수P500ml,1000,2+1,https://tqklhszfkvzk6518638.edge.naverncp.com/product/8801043022781.png,생수
CU,HK)컨디션레이디병,5000,2+1,https://tqklhszfkvzk6518638.edge.naverncp.com/product/8801007178233_1.png,기타
CU,매일)커피속에모카치노,2000,2+1,https://tqklhszfkvzk6518638.edge.naverncp.com/product/8801121130568.png,음료
CU,리스테린)쿨민트250ml,5000,2+1,https://tqklhszfkvzk6518638.edge.naverncp.com/product/8801008700105.jpg,기타
CU,샤프란)섬유유연제1L,4950,2+1,https://tqklhszfkvzk6518638.edge.naverncp.com/product/8801051263558.jpg,생활/위생용품
CU,롯데)아이시스8.0P500ml,1100,2+1,https://tqklhszfkvzk6518638.edge.naverncp.com/product/8801056049881.png,생수
CU,광동)옥수수수염P500ml,2200,2+1,https://tqklhszfkvzk6518638.edge.naverncp.com/product/8806002006437_1.png,음료
CU,CJ)햇반흑미밥210g,2800,2+1,https://tqklhszfkvzk6518638.edge.naverncp.com/product/8801007038780.jpg,식사류
CU,CJ)햇반발아현미밥210g,2800,2+1,https://tqklhszfkvzk6518638.edge.naverncp.com/product/8801007010410.jpg,식사류
CU,크라운)마이쮸포도,800,2+1,https://tqklhszfkvzk6518638.edge.naverncp.com/product/8801111187893.jpg,간식류
CU,농심)짜파게티범벅소컵,1000,2+1,https://tqklhszfkvzk6518638.edge.naverncp.com/product/8801043015608.jpg,기타
CU,칸타타)아메캔275ml,2800,2+1,https://tqklhszfkvzk6518638.edge.naverncp.com/product/8801056018900.png,기타
CU,오리온)통아몬드캔디,2000,2+1,https://tqklhszfkvzk6518638.edge.naverncp.com/product/8801117331009.jpg,간식류
CU,진주햄)천하장사50g,2400,2+1,https://tqklhszfkvzk6518638.edge.naverncp.com/product/8801077285800.jpg,간식류
CU,CJ)햇반작은공기130g,1700,2+1,https://tqklhszfkvzk6518638.edge.naverncp.com/product/8801007002989.jpg,기타
CU,농심)새우탕큰사발컵,1500,2+1,https://tqklhszfkvzk6518638.edge.naverncp.com/product/8801043015967.jpg,기타
CU,티오피)더블랙캔380ml,3300,2+1,https://tqklhszfkvzk6518638.edge.naverncp.com/product/8801037057867_1.png,기타
CU,티오피)스윗아메캔380ml,3300,2+1,https://tqklhszfkvzk6518638.edge.naverncp.com/product/8801037057843_1.png,기타
CU,농심)오징어짬뽕소컵,1250,2+1,https://tqklhszfkvzk6518638.edge.naverncp.com/product/8801043015745.jpg,간식류
CU,테크)가루세제750g,6500,2+1,https://tqklhszfkvzk6518638.edge.naverncp.com/product/8801051215632.jpg,생활/위생용품
CU,롯데)허쉬쿠앤크초콜릿40g,2000,2+1,https://tqklhszfkvzk6518638.edge.naverncp.com/product/0003400023934.jpg,간식류
CU,롯데)가나초코바아몬드,1300,2+1,https://tqklhszfkvzk6518638.edge.naverncp.com/product/8801062278053.jpg,간식류
CU,롯데)허쉬아몬드초콜릿40g,2000,2+1,https://tqklhszfkvzk6518638.edge.naverncp.com/product/0000000342410.jpg,간식류
CU,동아)데자와밀크티캔240ml,1600,2+1,https://tqklhszfkvzk6518638.edge.naverncp.com/product/8801097481015.jpg,기타
CU,롯데)콜드오렌지250ml,1600,2+1,https://tqklhszfkvzk6518638.edge.naverncp.com/product/8801056623012.png,기타
CU,롯데)콜드포도250ml,1600,2+1,https://tqklhszfkvzk6518638.edge.naverncp.com/product/8801056624019.png,기타
CU,리스테린)그린티100ml,2400,2+1,https://tqklhszfkvzk6518638.edge.naverncp.com/product/8801008700389.jpg,기타
CU,CJ)햇반210g,2100,2+1,https://tqklhszfkvzk6518638.edge.naverncp.com/product/8801007310572.jpg,기타
CU,리스테린)쿨민트100ml,2400,2+1,https://tqklhszfkvzk6518638.edge.naverncp.com/product/8801008700174.jpg,기타
CU,삼양사)상쾌환,2900,2+1,https://tqklhszfkvzk6518638.edge.naverncp.com/product/8801013770087.png,기타
CU,동아)오로나민C병120ml,1500,2+1,https://tqklhszfkvzk6518638.edge.naverncp.com/product/8801097280014.png,기타
CU,진주햄)천하장사28g,1500,2+1,https://tqklhszfkvzk6518638.edge.naverncp.com/product/8801077285701.jpg,간식류
CU,CJ)큰햇반300g,2900,2+1,https://tqklhszfkvzk6518638.edge.naverncp.com/product/8801007054186.jpg,기타
CU,CJ)모닝두부오리엔탈150g,2000,2+1,https://tqklhszfkvzk6518638.edge.naverncp.com/product/8801007069883_1.png,기타
CU,남양)초코에몽250ml,1900,2+1,https://tqklhszfkvzk6518638.edge.naverncp.com/product/8801069185194.jpg,기타
CU,템포)탐폰레귤라10P,7900,2+1,https://tqklhszfkvzk6518638.edge.naverncp.com/product/8806011632856.jpg,기타
CU,템포)탐폰슈퍼10P,7900,2+1,https://tqklhszfkvzk6518638.edge.naverncp.com/product/8806011632771.jpg,기타
CU,가그린)오리지널100ml,2300,2+1,https://tqklhszfkvzk6518638.edge.naverncp.com/product/8806011616047.png,기타
CU,제니코)스트링치즈,1800,2+1,https://tqklhszfkvzk6518638.edge.naverncp.com/product/0003090001099.png,간식류
CU,갸스비)스파이키왁스80g,9800,2+1,https://tqklhszfkvzk6518638.edge.naverncp.com/product/4902806125337.jpg,기타
CU,갸스비)그란지매트왁스80g,9800,2+1,https://tqklhszfkvzk6518638.edge.naverncp.com/product/4902806125894.jpg,기타
CU,네슬레)프루팁스젤리70g,3000,2+1,https://tqklhszfkvzk6518638.edge.naverncp.com/product/6917878047201.jpg,간식류
CU,롯데)키세스밀크52g,2700,2+1,https://tqklhszfkvzk6518638.edge.naverncp.com/product/8801062641826.jpg,기타
CU,롯데)키세스쿠앤크52g,2700,2+1,https://tqklhszfkvzk6518638.edge.naverncp.com/product/8801062642021.jpg,기타
CU,정식품)베지밀B검은콩병,2000,2+1,https://tqklhszfkvzk6518638.edge.naverncp.com/product/8801033799075.jpg,기타
CU,오뚜기)진라면순한컵,1400,2+1,https://tqklhszfkvzk6518638.edge.naverncp.com/product/8801045571362_1.png,식사류
CU,서울)꿀딴지초코우유180ml,1700,2+1,https://tqklhszfkvzk6518638.edge.naverncp.com/product/8801115384007.jpg,음료
CU,CJ)맥스봉치즈70g,2600,2+1,https://tqklhszfkvzk6518638.edge.naverncp.com/product/8801007358499.jpg,간식류
CU,매일)바이오드링킹딸기,2400,2+1,https://tqklhszfkvzk6518638.edge.naverncp.com/product/8801121767139.png,간식류
CU,매일)바이오드링킹플레,2400,2+1,https://tqklhszfkvzk6518638.edge.naverncp.com/product/8801121767122.png,간식류
CU,가그린)제로100ml,2300,2+1,https://tqklhszfkvzk6518638.edge.naverncp.com/product/8806011616153.png,기타
CU,오뚜기)새우볶음밥230g,4500,2+1,https://tqklhszfkvzk6518638.edge.naverncp.com/product/8801045941103.jpg,식사류
CU,갸스비)스파이키왁스15g,4000,2+1,https://tqklhszfkvzk6518638.edge.naverncp.com/product/4902806125962.jpg,기타
CU,티오피)마스터라떼캔380ml,3300,2+1,https://tqklhszfkvzk6518638.edge.naverncp.com/product/8801037064346_1.png,음료
CU,쏘피)순한면슈퍼롱3P,4500,2+1,https://tqklhszfkvzk6518638.edge.naverncp.com/product/8809299233883.png,생활/위생용품
CU,매일)바리스드립라떼325ml,3500,2+1,https://tqklhszfkvzk6518638.edge.naverncp.com/product/8801121768167.png,음료
CU,매일)바리스타블랙325ml,3500,2+1,https://tqklhszfkvzk6518638.edge.naverncp.com/product/8801121768174.png,기타
CU,농심)백산수P2L,1900,2+1,https://tqklhszfkvzk6518638.edge.naverncp.com/product/8801043020473.png,생수
CU,맥스웰)라떼캔240ml,1600,2+1,https://tqklhszfkvzk6518638.edge.naverncp.com/product/8801037091397_1.png,음료
CU,맥스웰)스윗아메캔240ml,1600,2+1,https://tqklhszfkvzk6518638.edge.naverncp.com/product/8801037091410_1.png,기타
CU,바른생각)에어핏3입,5500,2+1,https://tqklhszfkvzk6518638.edge.naverncp.com/product/8802550062284.jpg,기타
CU,일신)쥬시드랍팝캔디,3500,2+1,https://tqklhszfkvzk6518638.edge.naverncp.com/product/5011053013591.jpg,간식류
CU,동원)야채참치150g,4400,2+1,https://tqklhszfkvzk6518638.edge.naverncp.com/product/8801047121350.jpg,식사류
CU,동서)카누미니다크아메10T,3800,2+1,https://tqklhszfkvzk6518638.edge.naverncp.com/product/8801037053401.jpg,기타
CU,동서)카누미니마일아메10T,3800,2+1,https://tqklhszfkvzk6518638.edge.naverncp.com/product/8801037053425.jpg,기타
CU,동원)얼라이브자몽250ml,1700,2+1,https://tqklhszfkvzk6518638.edge.naverncp.com/product/8801155735074.png,기타
CU,동원)얼라이브망고250ml,1700,2+1,https://tqklhszfkvzk6518638.edge.naverncp.com/product/8801155735081.png,기타
CU,쏘피)순한면라이너일반28P,5900,2+1,https://tqklhszfkvzk6518638.edge.naverncp.com/product/8809299236839.jpg,생활/위생용품
CU,오뚜기)컵밥제육덮밥,5400,2+1,https://tqklhszfkvzk6518638.edge.naverncp.com/product/8801045892214.png,식사류
CU,오뚜기)맛있는밥4입,7200,2+1,https://tqklhszfkvzk6518638.edge.naverncp.com/product/8801045892085.png,식사류
CU,매일)바이오드링킹블루,2400,2+1,https://tqklhszfkvzk6518638.edge.naverncp.com/product/8801121770757.png,간식류
CU,매일)바리스타바닐라325ml,3500,2+1,https://tqklhszfkvzk6518638.edge.naverncp.com/product/8801121771402.png,기타
CU,동원)고추참치150g,4400,2+1,https://tqklhszfkvzk6518638.edge.naverncp.com/product/8801047123750.jpg,식사류
CU,동원)양반참치죽,4500,2+1,https://tqklhszfkvzk6518638.edge.naverncp.com/product/8801047161585.png,식사류
CU,바슈롬)리뉴여행용세트,6400,2+1,https://tqklhszfkvzk6518638.edge.naverncp.com/product/8806128400416.jpg,기타
CU,동원)리챔200g,6200,2+1,https://tqklhszfkvzk6518638.edge.naverncp.com/product/8801047181040.jpg,기타
CU,빙그레)아카페라UP아메리,2600,2+1,https://tqklhszfkvzk6518638.edge.naverncp.com/product/8801104304023.png,음료
CU,빙그레)아카페라UP라떼,2600,2+1,https://tqklhszfkvzk6518638.edge.naverncp.com/product/8801104304047.png,음료
CU,오뚜기)맛있는큰밥300g,2800,2+1,https://tqklhszfkvzk6518638.edge.naverncp.com/product/8801045890432.jpg,식사류
CU,돌)복숭아피치컵198g,3200,2+1,https://tqklhszfkvzk6518638.edge.naverncp.com/product/8809069304034.jpg,기타
CU,돌)망고컵198g,3200,2+1,https://tqklhszfkvzk6518638.edge.naverncp.com/product/8809069304812.jpg,기타
CU,동서)리츠크래커,2000,2+1,https://tqklhszfkvzk6518638.edge.naverncp.com/product/8801037091519.jpg,간식류
CU,크라운)카라멜콘땅콩72g,1500,2+1,https://tqklhszfkvzk6518638.edge.naverncp.com/product/8801111180986.jpg,간식류
CU,동서)오레오씬즈티라미수,2300,2+1,https://tqklhszfkvzk6518638.edge.naverncp.com/product/8801037091106.jpg,기타
CU,동서)오레오씬즈화이트,2300,2+1,https://tqklhszfkvzk6518638.edge.naverncp.com/product/8801037091113.jpg,기타
CU,크라운)산도딸기,2500,2+1,https://tqklhszfkvzk6518638.edge.naverncp.com/product/8801111917421.jpg,간식류
CU,크라운)참크래커,1200,2+1,https://tqklhszfkvzk6518638.edge.naverncp.com/product/8801111186582.jpg,간식류
CU,크라운)못말리는신짱,1500,2+1,https://tqklhszfkvzk6518638.edge.naverncp.com/product/8801111185066.jpg,간식류
CU,해태)후렌치파이딸기,4200,2+1,https://tqklhszfkvzk6518638.edge.naverncp.com/product/8801019307133.jpg,간식류
CU,롯데)치토스스모키바베큐,1700,2+1,https://tqklhszfkvzk6518638.edge.naverncp.com/product/8801062289936.jpg,기타
CU,해태)구운감자,4000,2+1,https://tqklhszfkvzk6518638.edge.naverncp.com/product/8801019602504.jpg,간식류
CU,동서)리츠샌드치즈,2400,2+1,https://tqklhszfkvzk6518638.edge.naverncp.com/product/8801037091526.jpg,기타
CU,오리온)참붕어빵6입,4500,2+1,https://tqklhszfkvzk6518638.edge.naverncp.com/product/8801117530815.jpg,간식류
CU,크라운)쿠크다스크림,3000,2+1,https://tqklhszfkvzk6518638.edge.naverncp.com/product/8801111186117.jpg,간식류
CU,롯데)치토스매콤달콤한맛,1700,2+1,https://tqklhszfkvzk6518638.edge.naverncp.com/product/8801062380015.jpg,기타
CU,농심)닭다리후라이드66g,1700,2+1,https://tqklhszfkvzk6518638.edge.naverncp.com/product/8801043036535.jpg,기타
CU,해태)에이스,1700,2+1,https://tqklhszfkvzk6518638.edge.naverncp.com/product/8801019306907.jpg,간식류
CU,매일)바리스타카라멜250ml,2900,2+1,https://tqklhszfkvzk6518638.edge.naverncp.com/product/8801121755679.png,기타
CU,듀라셀)디럭스2A4입,10800,2+1,https://tqklhszfkvzk6518638.edge.naverncp.com/product/5000394123588.png,기타
CU,듀라셀)디럭스3A4입,10800,2+1,https://tqklhszfkvzk6518638.edge.naverncp.com/product/5000394123618.png,기타
CU,매일)아몬드브리즈초콜릿,1500,2+1,https://tqklhszfkvzk6518638.edge.naverncp.com/product/8801121768068_1.png,간식류
CU,동원)양반밤단팥죽,4500,2+1,https://tqklhszfkvzk6518638.edge.naverncp.com/product/8801047161653.png,식사류
CU,동화)부채표미인활75ml,1200,2+1,https://tqklhszfkvzk6518638.edge.naverncp.com/product/8806016311015.jpg,기타
CU,오리온)마이구미복숭아,1000,2+1,https://tqklhszfkvzk6518638.edge.naverncp.com/product/8801117342104.png,간식류
CU,오뚜기)컵밥톡톡김치알밥,5400,2+1,https://tqklhszfkvzk6518638.edge.naverncp.com/product/8801045892344.png,식사류
CU,HK)컨디션CEO병,10000,2+1,https://tqklhszfkvzk6518638.edge.naverncp.com/product/8809422040876.png,기타
CU,CJ)비비고소고기미역국500,5900,2+1,https://tqklhszfkvzk6518638.edge.naverncp.com/product/8801007561677.png,식사류
CU,CJ)비비고육개장500g,5900,2+1,https://tqklhszfkvzk6518638.edge.naverncp.com/product/8801007526515.png,식사류
CU,매일)두유오리지널팩190ml,1400,2+1,https://tqklhszfkvzk6518638.edge.naverncp.com/product/8801121768464.jpg,음료
CU,매일)두유99.9팩190ml,1400,2+1,https://tqklhszfkvzk6518638.edge.naverncp.com/product/8801121768440.jpg,음료
CU,서울)아침에주스포도210ml,2300,2+1,https://tqklhszfkvzk6518638.edge.naverncp.com/product/8801115336150.png,음료
CU,사조)숯불후랑크꼬치바70g,2200,2+1,https://tqklhszfkvzk6518638.edge.naverncp.com/product/8801066019447.png,기타
CU,CJ)비비고설렁탕500g,5900,2+1,https://tqklhszfkvzk6518638.edge.naverncp.com/product/8801007560922.png,식사류
CU,CJ)스팸340g,8900,2+1,https://tqklhszfkvzk6518638.edge.naverncp.com/product/8801007512235.jpg,기타
CU,CJ)스팸200g,6900,2+1,https://tqklhszfkvzk6518638.edge.naverncp.com/product/8801007512259.jpg,기타
CU,썬푸드)슬라이스오징어35g,7500,2+1,https://tqklhszfkvzk6518638.edge.naverncp.com/product/8801149401152.png,간식류
CU,오뚜기)컵밥돌솥비빔밥,5400,2+1,https://tqklhszfkvzk6518638.edge.naverncp.com/product/8801045892627.png,식사류
CU,OKF)알로에베라P500ml,2500,2+1,https://tqklhszfkvzk6518638.edge.naverncp.com/product/8809041427065.png,기타
CU,롯데)허쉬밀크초콜릿40g,2000,2+1,https://tqklhszfkvzk6518638.edge.naverncp.com/product/0000000342400.jpg,간식류
CU,서울)아침에주스오렌210ml,2300,2+1,https://tqklhszfkvzk6518638.edge.naverncp.com/product/8801115336143.jpg,음료
CU,CJ)햇반잡곡밥210g,2800,2+1,https://tqklhszfkvzk6518638.edge.naverncp.com/product/8801007684543.jpg,식사류
CU,비페스타)클렌징시트10매,3800,2+1,https://tqklhszfkvzk6518638.edge.naverncp.com/product/4902806421552.png,기타
CU,오뚜기)컵밥참치마요덮밥,5400,2+1,https://tqklhszfkvzk6518638.edge.naverncp.com/product/8801045892641.png,식사류
CU,켈로그)콘푸로스트,4000,2+1,https://tqklhszfkvzk6518638.edge.naverncp.com/product/8801083362304.jpg,기타
CU,광동)비타500병180ml,1900,2+1,https://tqklhszfkvzk6518638.edge.naverncp.com/product/8806002007298_1.png,음료
CU,콘트라)블랙P500ml,2700,2+1,https://tqklhszfkvzk6518638.edge.naverncp.com/product/8801056094591.jpg,기타
CU,일신)푸쉬팝트리플캔디,3500,2+1,http://cdn2.bgfretail.com/bgfbrand/files/product/4B8586AFDFCE42DAA0B039D099A5E49C.jpg,간식류
CU,대상)안주야매콤육포30g,3900,2+1,https://tqklhszfkvzk6518638.edge.naverncp.com/product/8801052048697.jpg,간식류
CU,대상)안주야달콤육포30g,3900,2+1,https://tqklhszfkvzk6518638.edge.naverncp.com/product/8801052048710.jpg,간식류
CU,크라운)땅콩카라멜봉지,2000,2+1,https://tqklhszfkvzk6518638.edge.naverncp.com/product/8801111912075.jpg,간식류
CU,갸스비)슈퍼헤어젤200g,6500,2+1,https://tqklhszfkvzk6518638.edge.naverncp.com/product/4902806583779.jpg,기타
CU,CJ)햇반200g*3입,5700,2+1,https://tqklhszfkvzk6518638.edge.naverncp.com/product/8801007066271.jpg,기타
CU,바슈롬)바이오트루여행용,4400,2+1,https://tqklhszfkvzk6518638.edge.naverncp.com/product/8809291670150.jpg,기타
CU,갸스비)매트스프레이200ml,9500,2+1,https://tqklhszfkvzk6518638.edge.naverncp.com/product/4902806100259.jpg,기타
CU,삼립)잼있는사과쿠키,1300,2+1,https://tqklhszfkvzk6518638.edge.naverncp.com/product/8801068371192.png,간식류
CU,삼립)잼있는딸기쿠키,1300,2+1,https://tqklhszfkvzk6518638.edge.naverncp.com/product/8801068371208.png,간식류
CU,콘트라)라떼P500ml,2900,2+1,https://tqklhszfkvzk6518638.edge.naverncp.com/product/8801056096052.jpg,음료
CU,롯데)꼬깔콘군옥수수134g,3400,2+1,https://tqklhszfkvzk6518638.edge.naverncp.com/product/8801062011315.jpg,간식류
CU,삼양사)상쾌환3입기획팩,8500,2+1,https://tqklhszfkvzk6518638.edge.naverncp.com/product/8801013770155.png,기타
CU,서울)초코우유300ml,2100,2+1,https://tqklhszfkvzk6518638.edge.naverncp.com/product/8801115134220_1.png,음료
CU,서울)딸기우유300ml,2100,2+1,https://tqklhszfkvzk6518638.edge.naverncp.com/product/8801115134213_1.png,음료
CU,서울)커피우유300ml,2100,2+1,https://tqklhszfkvzk6518638.edge.naverncp.com/product/8801115135708_1.png,음료
CU,담터)호두아몬드율무원컵,1800,2+1,https://tqklhszfkvzk6518638.edge.naverncp.com/product/8803284610475.jpg,간식류
CU,동서)티오피트리플에스프,2900,2+1,https://tqklhszfkvzk6518638.edge.naverncp.com/product/8801115384212_1.png,기타
CU,동서)티오피마일드에스프,2900,2+1,https://tqklhszfkvzk6518638.edge.naverncp.com/product/8801115381754_1.png,기타
CU,동서)티오피볼드에스프,2900,2+1,https://tqklhszfkvzk6518638.edge.naverncp.com/product/8801115381761_1.png,기타
CU,서울)꿀딴지딸기우유180ml,1700,2+1,https://tqklhszfkvzk6518638.edge.naverncp.com/product/8801115384014.jpg,음료
CU,롯데)펩시콜라캔355ml,2100,2+1,https://tqklhszfkvzk6518638.edge.naverncp.com/product/8801056150013.png,음료
CU,삼양)까르보불닭떡볶이,3500,2+1,https://tqklhszfkvzk6518638.edge.naverncp.com/product/8801073310933.png,간식류
CU,롯데)도리토스나쵸치즈,1700,2+1,https://tqklhszfkvzk6518638.edge.naverncp.com/product/8801062381814.jpg,기타
CU,동원)양반참기름김,2000,2+1,https://tqklhszfkvzk6518638.edge.naverncp.com/product/8801047222118.jpg,기타
CU,서울)비요뜨초코링,2300,2+1,https://tqklhszfkvzk6518638.edge.naverncp.com/product/8801115212713.jpg,기타
CU,동원)얼라이브오렌지250ml,1700,2+1,https://tqklhszfkvzk6518638.edge.naverncp.com/product/8801155735135.png,기타
CU,리스테린)쿨민트마일드100,2400,2+1,https://tqklhszfkvzk6518638.edge.naverncp.com/product/8801108000273.jpg,기타
CU,동아)박카스젤리,1700,2+1,https://tqklhszfkvzk6518638.edge.naverncp.com/product/8806011435631_2.png,간식류
CU,매크로)하이츄사워레몬맛,1200,2+1,https://tqklhszfkvzk6518638.edge.naverncp.com/product/4902888971389.jpg,기타
CU,매일)바리스타로슈거250ml,2900,2+1,https://tqklhszfkvzk6518638.edge.naverncp.com/product/8801121761823.png,기타
CU,삼립)초코블랑,1500,2+1,https://tqklhszfkvzk6518638.edge.naverncp.com/product/8801068374261.jpg,기타
CU,삼양)불닭소스200g,5000,2+1,https://tqklhszfkvzk6518638.edge.naverncp.com/product/8801073910263_1.png,기타
CU,롯데)칠성사이다캔355ml,2100,2+1,https://tqklhszfkvzk6518638.edge.naverncp.com/product/8801056040925.jpg,음료
CU,CJ)햇반210g*8입,14500,2+1,https://tqklhszfkvzk6518638.edge.naverncp.com/product/8801007295312.jpg,기타
CU,진주햄)천하장사빅70g,2800,2+1,https://tqklhszfkvzk6518638.edge.naverncp.com/product/8801077308608.jpg,간식류
CU,존슨즈)베이비로션,6000,2+1,https://tqklhszfkvzk6518638.edge.naverncp.com/product/8801108000297_1.png,기타
CU,롯데)의성마늘핫바빅90g,2900,2+1,https://tqklhszfkvzk6518638.edge.naverncp.com/product/8801123309498.jpg,간식류
CU,코카)조지아블랙P470ml,2800,2+1,https://tqklhszfkvzk6518638.edge.naverncp.com/product/8801094502669.png,음료
CU,코카)조지아라떼P470ml,2800,2+1,https://tqklhszfkvzk6518638.edge.naverncp.com/product/8801094512668.png,음료
CU,동원)양반들기름김,800,2+1,https://tqklhszfkvzk6518638.edge.naverncp.com/product/8801047224341.jpg,기타
CU,하림)닭가슴블랙페퍼100g,5000,2+1,https://tqklhszfkvzk6518638.edge.naverncp.com/product/8801492373090_1.png,기타
CU,롯데)치토스매콤달콤164g,3400,2+1,https://tqklhszfkvzk6518638.edge.naverncp.com/product/8801062383436.jpg,기타
CU,하림)닭가슴살갈릭100g,5000,2+1,https://tqklhszfkvzk6518638.edge.naverncp.com/product/8801492373083_1.png,기타
CU,서울)비요뜨쿠키앤크림,2300,2+1,https://tqklhszfkvzk6518638.edge.naverncp.com/product/8801115213604.png,간식류
CU,매일)엔요280ml,1700,2+1,https://tqklhszfkvzk6518638.edge.naverncp.com/product/8801121024737.jpg,기타
CU,세나개)칭찬스틱소고기,2800,2+1,https://tqklhszfkvzk6518638.edge.naverncp.com/product/8809297977420.jpg,기타
CU,오뚜기)맛있는밥150g,1700,2+1,https://tqklhszfkvzk6518638.edge.naverncp.com/product/8801045890692.jpg,식사류
CU,켈로그)첵스초코,4800,2+1,https://tqklhszfkvzk6518638.edge.naverncp.com/product/8801083272306.jpg,기타
CU,오뚜기)컵밥김치참치덮밥,5400,2+1,https://tqklhszfkvzk6518638.edge.naverncp.com/product/8801045892207.png,식사류
CU,삼양)불닭마요네즈250g,5000,2+1,https://tqklhszfkvzk6518638.edge.naverncp.com/product/8801073411494_1.png,기타
CU,CJ)비비고배추김치200g,3500,2+1,https://tqklhszfkvzk6518638.edge.naverncp.com/product/8801007529301.png,식사류
CU,동원)덴마크라이트스트링,1700,2+1,https://tqklhszfkvzk6518638.edge.naverncp.com/product/8801155834708.png,기타
CU,빙그레)닥터캡슐플레인,2300,2+1,https://tqklhszfkvzk6518638.edge.naverncp.com/product/8801104302739.jpg,간식류
CU,빙그레)닥터캡슐사과,2300,2+1,https://tqklhszfkvzk6518638.edge.naverncp.com/product/8801104665421.jpg,기타
CU,빙그레)아카페라UP바닐라,2600,2+1,https://tqklhszfkvzk6518638.edge.naverncp.com/product/8801104306591.png,음료
CU,CJ)청양고기만두4입,4900,2+1,https://tqklhszfkvzk6518638.edge.naverncp.com/product/8801007836294.png,식사류
CU,CJ)진한김치만두4입,4900,2+1,https://tqklhszfkvzk6518638.edge.naverncp.com/product/8801007836270.png,식사류
CU,매일)검은콩두유팩190ml,1400,2+1,https://tqklhszfkvzk6518638.edge.naverncp.com/product/8801121025710.png,음료
CU,마즈)몰티져스밀크싱글37g,1800,2+1,https://tqklhszfkvzk6518638.edge.naverncp.com/product/8804973306204.jpg,기타
CU,삼양)사또밥67g,1500,2+1,https://tqklhszfkvzk6518638.edge.naverncp.com/product/8801073310711.jpg,식사류
CU,해태)구론산스파클병150ml,1200,2+1,https://tqklhszfkvzk6518638.edge.naverncp.com/product/8801105914610.png,간식류
CU,마즈)몰티져스다크싱글37g,1800,2+1,https://tqklhszfkvzk6518638.edge.naverncp.com/product/8804973306198.jpg,기타
CU,청우)쫀득초코칩90g,2000,2+1,https://tqklhszfkvzk6518638.edge.naverncp.com/product/8801204008708.jpg,기타
CU,삼양사)상쾌환스틱망고,3900,2+1,https://tqklhszfkvzk6518638.edge.naverncp.com/product/8801013776034.png,기타
CU,세나개)칭찬스틱오리,2800,2+1,https://tqklhszfkvzk6518638.edge.naverncp.com/product/8809297977734.jpg,기타
CU,세나개)칭찬스틱연어,2800,2+1,https://tqklhszfkvzk6518638.edge.naverncp.com/product/8809297977741.jpg,기타
CU,사조)살코기참치150g,4300,2+1,https://tqklhszfkvzk6518638.edge.naverncp.com/product/8801075010923.jpg,식사류
CU,오뚜기)맛있는밥6입,10200,2+1,https://tqklhszfkvzk6518638.edge.naverncp.com/product/8801045891439.jpg,식사류
CU,태경)핑크퐁짜장떡볶이,3600,2+1,https://tqklhszfkvzk6518638.edge.naverncp.com/product/8809061671493.jpg,간식류
CU,CJ)맥스봉직화꼬치바BIG,2700,2+1,https://tqklhszfkvzk6518638.edge.naverncp.com/product/8801007835396.png,간식류
CU,레쓰비)그란데라떼P500ml,2200,2+1,https://tqklhszfkvzk6518638.edge.naverncp.com/product/8801056097899.jpg,음료
CU,매일)바리스타디카페325ml,3500,2+1,https://tqklhszfkvzk6518638.edge.naverncp.com/product/8801121027523.png,음료
CU,빙그레)통모짜스트링치즈,1600,2+1,https://tqklhszfkvzk6518638.edge.naverncp.com/product/8801104666428_1.png,간식류
CU,서울)바나나우유300ml,2100,2+1,https://tqklhszfkvzk6518638.edge.naverncp.com/product/8801115137290_1.png,음료
CU,오뚜기)진비빔면,1250,2+1,https://tqklhszfkvzk6518638.edge.naverncp.com/product/8801045526294.png,식사류
CU,오리온)예감볶은양파,1500,2+1,https://tqklhszfkvzk6518638.edge.naverncp.com/product/8801117139001.jpg,간식류
CU,서울FB)뽀로로바나나우유,1300,2+1,https://tqklhszfkvzk6518638.edge.naverncp.com/product/8809350881077.jpg,음료
CU,서울FB)뽀로로딸기우유,1300,2+1,https://tqklhszfkvzk6518638.edge.naverncp.com/product/8809350881091.jpg,음료
CU,동서)티오피너티카라멜,2900,2+1,https://tqklhszfkvzk6518638.edge.naverncp.com/product/8801115384250_1.png,기타
CU,홈스타)곰팡이싹750ml,6900,2+1,https://tqklhszfkvzk6518638.edge.naverncp.com/product/8801051270648.png,기타
CU,웅진)자연은토마토P1.5L,4400,2+1,https://tqklhszfkvzk6518638.edge.naverncp.com/product/8801382148654.jpg,기타
CU,웅진)자연은망고1.5L,4900,2+1,https://tqklhszfkvzk6518638.edge.naverncp.com/product/8801382137900.jpg,기타
CU,오뚜기)리얼바삭빅핫도그,2800,2+1,https://tqklhszfkvzk6518638.edge.naverncp.com/product/8801045750743.jpg,기타
CU,오뚜기)모짜소떡핫도그,2800,2+1,https://tqklhszfkvzk6518638.edge.naverncp.com/product/8801045750750.jpg,간식류
CU,서울)강릉커피라떼컵250ml,2800,2+1,https://tqklhszfkvzk6518638.edge.naverncp.com/product/8801115139836.png,음료
CU,사조)랍스터킹128g,5500,2+1,https://tqklhszfkvzk6518638.edge.naverncp.com/product/8801066056558.jpg,기타
CU,삼양)짱구115g,1500,2+1,https://tqklhszfkvzk6518638.edge.naverncp.com/product/8801073310698.jpg,기타
CU,CJ)햇반찰잡곡밥210g,2800,2+1,https://tqklhszfkvzk6518638.edge.naverncp.com/product/8801007818955.jpg,식사류
CU,빙그레)닥터캡슐베리,2300,2+1,https://tqklhszfkvzk6518638.edge.naverncp.com/product/8801104669283.jpg,기타
CU,동원)얼라이브청포도250ml,1700,2+1,https://tqklhszfkvzk6518638.edge.naverncp.com/product/8801155732769.png,기타
CU,레쓰비)그란데헤이즐넛500,2200,2+1,https://tqklhszfkvzk6518638.edge.naverncp.com/product/8801056174149.jpg,기타
CU,동서)리츠샌드초코,2000,2+1,https://tqklhszfkvzk6518638.edge.naverncp.com/product/8801037094374.jpg,기타
CU,플래니)장&유리너리,2000,2+1,https://tqklhszfkvzk6518638.edge.naverncp.com/product/8801047645207.png,기타
CU,플래니)면역&유리너리,2000,2+1,https://tqklhszfkvzk6518638.edge.naverncp.com/product/8801047645238.png,식사류
CU,동아)박카스사워젤리,1700,2+1,https://tqklhszfkvzk6518638.edge.naverncp.com/product/8806011435679_2.png,간식류
CU,SCD)히츨러수수깡젤리사워,2900,2+1,https://tqklhszfkvzk6518638.edge.naverncp.com/product/4100250052418.png,간식류
CU,블루나)황사마스크KF94대,2000,2+1,https://tqklhszfkvzk6518638.edge.naverncp.com/product/8806147079037.jpg,기타
CU,시저)심플리쇠고기닭고기,3000,2+1,https://tqklhszfkvzk6518638.edge.naverncp.com/product/8804973305917.jpg,기타
CU,시저)심플리닭고기고구마,3000,2+1,https://tqklhszfkvzk6518638.edge.naverncp.com/product/8804973305900.jpg,기타
CU,바프)허니버터아몬드40g,2500,2+1,https://tqklhszfkvzk6518638.edge.naverncp.com/product/8809617945092_1.png,간식류
CU,바프)와사비맛아몬드40g,2500,2+1,https://tqklhszfkvzk6518638.edge.naverncp.com/product/8809617945115_1.png,기타
CU,바프)군옥수수아몬드40g,2500,2+1,https://tqklhszfkvzk6518638.edge.naverncp.com/product/8809617945122_1.png,기타
CU,바프)마늘빵아몬드40g,2500,2+1,https://tqklhszfkvzk6518638.edge.naverncp.com/product/8809617945160_1.png,기타
CU,빙그레)올데이아메리카노,4200,2+1,https://tqklhszfkvzk6518638.edge.naverncp.com/product/8801104669658.png,음료
CU,빙그레)올데이헤이즐넛1L,4200,2+1,https://tqklhszfkvzk6518638.edge.naverncp.com/product/8801104669672.png,기타
CU,롯데)델몬트오렌지P400ml,2200,2+1,https://tqklhszfkvzk6518638.edge.naverncp.com/product/8801056071226.png,기타
CU,동서)오레오웨하스초코,3400,2+1,https://tqklhszfkvzk6518638.edge.naverncp.com/product/8801037090185.jpg,간식류
CU,칠갑)들깨수제비컵,3900,2+1,https://tqklhszfkvzk6518638.edge.naverncp.com/product/8801759018733.jpg,기타
CU,대상)종가집열무김치80g,2100,2+1,https://tqklhszfkvzk6518638.edge.naverncp.com/product/8801024053674.png,기타
CU,크리)스타일블랙대형3P,3500,2+1,https://tqklhszfkvzk6518638.edge.naverncp.com/product/8801166137942.jpg,생활/위생용품
CU,CJ)맥스봉꼬치바청양BIG,2700,2+1,https://tqklhszfkvzk6518638.edge.naverncp.com/product/8801007880303.png,간식류
CU,농심)배홍동비빔면,1250,2+1,https://tqklhszfkvzk6518638.edge.naverncp.com/product/8801043060356.jpg,식사류
CU,CJ)비비고배추김치100g,2000,2+1,https://tqklhszfkvzk6518638.edge.naverncp.com/product/8801007280431_2.png,식사류
CU,우양)점보모짜핫도그,2200,2+1,https://tqklhszfkvzk6518638.edge.naverncp.com/product/8805489001102.jpg,기타
CU,해태)김치고향만두,5300,2+1,https://tqklhszfkvzk6518638.edge.naverncp.com/product/8801019901171.jpg,간식류
CU,CJ)스팸라이트200g,6900,2+1,https://tqklhszfkvzk6518638.edge.naverncp.com/product/8801007029658.jpg,기타
CU,가그린)오리지널250ml,4500,2+1,https://tqklhszfkvzk6518638.edge.naverncp.com/product/8806011616054.jpg,기타
CU,가그린)제로250ml,4500,2+1,https://tqklhszfkvzk6518638.edge.naverncp.com/product/8806011616160.jpg,기타
CU,CJ)비비고새우왕교자315g,6500,2+1,https://tqklhszfkvzk6518638.edge.naverncp.com/product/8801007555676.png,식사류
CU,빙그레)더단백초코드링크,2900,2+1,https://tqklhszfkvzk6518638.edge.naverncp.com/product/8801104670876.png,음료
CU,오뚜기)육개장사발면,1100,2+1,https://tqklhszfkvzk6518638.edge.naverncp.com/product/8801045702643.jpg,식사류
CU,동서)오레오씬즈초코무스,2300,2+1,https://tqklhszfkvzk6518638.edge.naverncp.com/product/8801037094763.jpg,기타
CU,동서)포스트단백질바,2100,2+1,https://tqklhszfkvzk6518638.edge.naverncp.com/product/8801037094701.png,간식류
CU,매일)바리스타쇼콜라325ml,3500,2+1,https://tqklhszfkvzk6518638.edge.naverncp.com/product/8801121771396.png,음료
CU,서울FB)뽀로로초코우유,1300,2+1,https://tqklhszfkvzk6518638.edge.naverncp.com/product/8809350881244.jpg,음료
CU,크리)쿨비말흰색대형3P,2100,2+1,https://tqklhszfkvzk6518638.edge.naverncp.com/product/8801166131841.jpg,생활/위생용품
CU,쏘피)무표백롱라이너18P,5900,2+1,https://tqklhszfkvzk6518638.edge.naverncp.com/product/8809709261178.jpg,생활/위생용품
CU,종근당)헛개땡큐골드병,5000,2+1,https://tqklhszfkvzk6518638.edge.naverncp.com/product/8809125061857.jpg,기타
CU,삼양)로제불닭떡볶이,3500,2+1,https://tqklhszfkvzk6518638.edge.naverncp.com/product/8801073311299.png,간식류
CU,비알)배스킨라빈민트초코,1500,2+1,https://tqklhszfkvzk6518638.edge.naverncp.com/product/8809288633038.png,기타
CU,비알)배스킨라빈스베리,1500,2+1,https://tqklhszfkvzk6518638.edge.naverncp.com/product/8809288633045.png,기타
CU,비알)배스킨라빈스쿠앤크,1500,2+1,https://tqklhszfkvzk6518638.edge.naverncp.com/product/8809288633052.png,기타
CU,CJ)햄스빌아침베이컨70g,3900,2+1,https://tqklhszfkvzk6518638.edge.naverncp.com/product/8801007033976.png,기타
CU,사조)숯불후랑크꼬치바2입,4000,2+1,https://tqklhszfkvzk6518638.edge.naverncp.com/product/8801066060517.png,기타
CU,크라운)쿠크다스커피,3000,2+1,https://tqklhszfkvzk6518638.edge.naverncp.com/product/8801111186087.jpg,간식류
CU,뉴트로지나)데일리립밤,5100,2+1,https://tqklhszfkvzk6518638.edge.naverncp.com/product/8801008004876.jpg,기타
CU,하림)미식장인라면얼큰컵,2800,2+1,https://tqklhszfkvzk6518638.edge.naverncp.com/product/8801492380333.jpg,식사류
CU,삼양사)상쾌환청사과제로,3900,2+1,https://tqklhszfkvzk6518638.edge.naverncp.com/product/8801013776829.png,기타
CU,삼립)하이면명인우동,3800,2+1,https://tqklhszfkvzk6518638.edge.naverncp.com/product/8801068399141.jpg,식사류
CU,웅진)하늘보리1.5L,3200,2+1,https://tqklhszfkvzk6518638.edge.naverncp.com/product/8801382131038.jpg,음료
CU,삼립)하이면장칼국수,3800,2+1,https://tqklhszfkvzk6518638.edge.naverncp.com/product/8801068399165.jpg,식사류
CU,SCD)사우어드라헨구미125g,4900,2+1,https://tqklhszfkvzk6518638.edge.naverncp.com/product/4003840008843.png,기타
CU,마즈)엠앤엠블록밀크,1800,2+1,https://tqklhszfkvzk6518638.edge.naverncp.com/product/9300682051507.jpg,기타
CU,마즈)엠앤엠블록크리스피,1800,2+1,https://tqklhszfkvzk6518638.edge.naverncp.com/product/9300682053761.jpg,기타
CU,크리)KF94검정대형1P,1800,2+1,https://tqklhszfkvzk6518638.edge.naverncp.com/product/8801166131476.jpg,생활/위생용품
CU,CJ)얼큰우동컵,3900,2+1,https://tqklhszfkvzk6518638.edge.naverncp.com/product/8801007065946.jpg,기타
CU,오리온)포도알맹이67g,1200,2+1,https://tqklhszfkvzk6518638.edge.naverncp.com/product/8801117359607.png,간식류
CU,정화)세가지맛오징어42g,5900,2+1,https://tqklhszfkvzk6518638.edge.naverncp.com/product/8801308460532.png,간식류
CU,웅진)초록매실P500ml,2350,2+1,https://tqklhszfkvzk6518638.edge.naverncp.com/product/8801382126560.jpg,기타
CU,웅진)아침햇살P500ml,2350,2+1,https://tqklhszfkvzk6518638.edge.naverncp.com/product/8801382124528.jpg,기타
CU,웅진)자연은토마토P500ml,2350,2+1,https://tqklhszfkvzk6518638.edge.naverncp.com/product/8801382130314.jpg,기타
CU,웅진)자연은제주감귤500m,2350,2+1,https://tqklhszfkvzk6518638.edge.naverncp.com/product/8801382137917.jpg,기타
CU,동원)양반김부각오리지널,4200,2+1,https://tqklhszfkvzk6518638.edge.naverncp.com/product/8801047228394.jpg,기타
CU,고래사)야채어묵바65g,2700,2+1,https://tqklhszfkvzk6518638.edge.naverncp.com/product/8809265021896.jpg,기타
CU,농심)츄파춥스사워벨트1M,1800,2+1,https://tqklhszfkvzk6518638.edge.naverncp.com/product/8935001714774.jpg,간식류
CU,대상)안주야청양데리먹태,5900,2+1,https://tqklhszfkvzk6518638.edge.naverncp.com/product/8801052094007.jpg,간식류
CU,빙그레)더단백커피드링크,2900,2+1,https://tqklhszfkvzk6518638.edge.naverncp.com/product/8801104673211.png,음료
CU,고래사)치즈빵빵80g,4000,2+1,https://tqklhszfkvzk6518638.edge.naverncp.com/product/8809265021803.jpg,기타
CU,오뚜기)짜슐랭,1200,2+1,https://tqklhszfkvzk6518638.edge.naverncp.com/product/8801045033181.jpg,기타
CU,빙그레)프로틴스트링치즈,1600,2+1,https://tqklhszfkvzk6518638.edge.naverncp.com/product/8801104674027_1.png,간식류
CU,CJ)큰햇반300g*3입,8300,2+1,https://tqklhszfkvzk6518638.edge.naverncp.com/product/8801007289649.jpg,기타
CU,농심)웰치제로포도캔355,1500,2+1,https://tqklhszfkvzk6518638.edge.naverncp.com/product/8801043064088.jpg,기타
CU,오뚜기)참기름김치볶음밥,5400,2+1,https://tqklhszfkvzk6518638.edge.naverncp.com/product/8801045875538.jpg,식사류
CU,서울)아침에주스ABC210ml,2300,2+1,https://tqklhszfkvzk6518638.edge.naverncp.com/product/8801115338840.jpg,음료
CU,초코)짱구21곡초코바,700,2+1,https://tqklhszfkvzk6518638.edge.naverncp.com/product/8809037840892.jpg,간식류
CU,태경)핑크퐁크림떡볶이,3600,2+1,https://tqklhszfkvzk6518638.edge.naverncp.com/product/8809832940254.jpg,간식류
CU,OKF)옐로스무디P350ml,2500,2+1,https://tqklhszfkvzk6518638.edge.naverncp.com/product/8809041429120.png,기타
CU,정식품)고단백두유팩190,1600,2+1,https://tqklhszfkvzk6518638.edge.naverncp.com/product/8801033807893.jpg,음료
CU,서울)올데이프룻오렌250ml,1800,2+1,https://tqklhszfkvzk6518638.edge.naverncp.com/product/8801115334095_1.png,기타
CU,서울)올데이프룻자두250ml,1800,2+1,https://tqklhszfkvzk6518638.edge.naverncp.com/product/8801115334101.jpg,기타
CU,CJ)스팸라이트340g,8900,2+1,https://tqklhszfkvzk6518638.edge.naverncp.com/product/8801007029641.jpg,기타
CU,남양)테이크핏프로틴곡물,2900,2+1,https://tqklhszfkvzk6518638.edge.naverncp.com/product/8801069415833.png,기타
CU,남양)테이크핏프로틴초코,2900,2+1,https://tqklhszfkvzk6518638.edge.naverncp.com/product/8801069416007.png,기타
CU,웅진)자연은샤인머스캣500,2350,2+1,https://tqklhszfkvzk6518638.edge.naverncp.com/product/8801382149866.jpg,기타
CU,인테)곤약젤리복숭아,1900,2+1,https://tqklhszfkvzk6518638.edge.naverncp.com/product/8809403535193.jpg,간식류
CU,인테)곤약젤리청포도,1900,2+1,https://tqklhszfkvzk6518638.edge.naverncp.com/product/8809403535216.jpg,간식류
CU,홈스타)락스와펑펑2L,7900,2+1,https://tqklhszfkvzk6518638.edge.naverncp.com/product/8801051190007.jpg,기타
CU,비알)배스킨라빈스솜사탕,1500,2+1,https://tqklhszfkvzk6518638.edge.naverncp.com/product/8809288633595.png,간식류
CU,바프)메이플믹스넛30g,2500,2+1,https://tqklhszfkvzk6518638.edge.naverncp.com/product/8809617946471.png,간식류
CU,행복)계란꼬치햄치즈맛,2500,2+1,https://tqklhszfkvzk6518638.edge.naverncp.com/product/8801898163318.jpg,기타
CU,오뚜기)컵밥카레밥,5400,2+1,https://tqklhszfkvzk6518638.edge.naverncp.com/product/8801045725529.jpg,식사류
CU,어니)뽀로로한입꿀약과,2000,2+1,https://tqklhszfkvzk6518638.edge.naverncp.com/product/8809380344597.jpg,간식류
CU,즉석빵)옥수수크림샌드N,1500,2+1,https://tqklhszfkvzk6518638.edge.naverncp.com/product/2202000005391.jpg,기타
CU,즉석빵)맛있는단팥빵N,1400,2+1,https://tqklhszfkvzk6518638.edge.naverncp.com/product/2202000005407.jpg,기타
CU,즉석빵)맛있는슈크림빵N,1400,2+1,https://tqklhszfkvzk6518638.edge.naverncp.com/product/2202000005438.jpg,기타
CU,시저)홀썸볼쇠고기고구마,5000,2+1,https://tqklhszfkvzk6518638.edge.naverncp.com/product/8804973307874.jpg,기타
CU,시저)홀썸볼쇠고기보리,5000,2+1,https://tqklhszfkvzk6518638.edge.naverncp.com/product/8804973307904.jpg,음료
CU,오뚜기)진라면볶음밥230g,4500,2+1,https://tqklhszfkvzk6518638.edge.naverncp.com/product/8801045146980.jpg,식사류
CU,동원)덴마크딸기275ml,2400,2+1,https://tqklhszfkvzk6518638.edge.naverncp.com/product/8801155741822.png,기타
CU,동원)덴마크베리믹스275ml,2400,2+1,https://tqklhszfkvzk6518638.edge.naverncp.com/product/8801155741846.png,기타
CU,동원)덴마크플레인275ml,2400,2+1,https://tqklhszfkvzk6518638.edge.naverncp.com/product/8801155741853.png,간식류
CU,동원)덴마크복숭아275ml,2400,2+1,https://tqklhszfkvzk6518638.edge.naverncp.com/product/8801155741877.png,기타
CU,경남)레모나산10입,3500,2+1,https://tqklhszfkvzk6518638.edge.naverncp.com/product/8806102878101.png,기타
CU,고래사)오징어버터바65g,2700,2+1,https://tqklhszfkvzk6518638.edge.naverncp.com/product/8809265024743.jpg,간식류
CU,칸타타)콜드브루캔275ml,2800,2+1,https://tqklhszfkvzk6518638.edge.naverncp.com/product/8801056032159.png,음료
CU,바프)와사비맛땅콩120g,3900,2+1,https://tqklhszfkvzk6518638.edge.naverncp.com/product/8809617944842.png,기타
CU,CJ)맛군밤60g,3900,2+1,https://tqklhszfkvzk6518638.edge.naverncp.com/product/8801007427386.jpg,간식류
CU,바프)허니로스티드땅콩,3900,2+1,https://tqklhszfkvzk6518638.edge.naverncp.com/product/8809617947010.png,기타
CU,바프)로스티드솔티드땅콩,3900,2+1,https://tqklhszfkvzk6518638.edge.naverncp.com/product/8809617947034.png,기타
CU,즉석빵)우유크림샌드N,1600,2+1,https://tqklhszfkvzk6518638.edge.naverncp.com/product/2202000034353.jpg,기타
CU,즉석빵)땅콩크림샌드N,1600,2+1,https://tqklhszfkvzk6518638.edge.naverncp.com/product/2202000034360.jpg,기타
CU,즉석빵)우유크림소보로N,1800,2+1,https://tqklhszfkvzk6518638.edge.naverncp.com/product/2202000034377.jpg,기타
CU,삼립)신선가득꿀호떡,2300,2+1,https://tqklhszfkvzk6518638.edge.naverncp.com/product/8801068406832.png,간식류
CU,CJ)닭가슴살통살페퍼100g,4500,2+1,https://tqklhszfkvzk6518638.edge.naverncp.com/product/8801007966724.png,기타
CU,하이뮨)프로틴액티브초코,2900,2+1,https://tqklhszfkvzk6518638.edge.naverncp.com/product/8801157470928.png,기타
CU,하이뮨)프로틴액티브밀크,2900,2+1,https://tqklhszfkvzk6518638.edge.naverncp.com/product/8801157470959.png,기타
CU,한성)크래미90g,3500,2+1,https://tqklhszfkvzk6518638.edge.naverncp.com/product/8801074255851.jpg,기타
CU,동서)콘푸라이트바35g,1900,2+1,https://tqklhszfkvzk6518638.edge.naverncp.com/product/8801037095845.jpg,기타
CU,동서)오곡코코볼바33g,1900,2+1,https://tqklhszfkvzk6518638.edge.naverncp.com/product/8801037095876.jpg,기타
CU,사조)스노우크랩킹70g,3000,2+1,https://tqklhszfkvzk6518638.edge.naverncp.com/product/8801066056169.jpg,기타
CU,하림)닭가슴바블랙페퍼80g,2900,2+1,https://tqklhszfkvzk6518638.edge.naverncp.com/product/8801492377654.png,기타
CU,바프)오리지널믹스넛30g,2500,2+1,https://tqklhszfkvzk6518638.edge.naverncp.com/product/8809617947331.png,간식류
CU,바프)군옥수수콘프라이즈,3900,2+1,https://tqklhszfkvzk6518638.edge.naverncp.com/product/8809617947355.png,기타
CU,튀김)바삭순살치킨꼬치N,2200,2+1,https://tqklhszfkvzk6518638.edge.naverncp.com/product/2201148677330.jpg,기타
CU,튀김)바삭매콤순살꼬치N,2200,2+1,https://tqklhszfkvzk6518638.edge.naverncp.com/product/2201148677323.jpg,기타
CU,삼양사)상쾌환부스터100ml,5000,2+1,https://tqklhszfkvzk6518638.edge.naverncp.com/product/8801013777260.png,기타
CU,이디야)트리플아메리카노,2700,2+1,https://tqklhszfkvzk6518638.edge.naverncp.com/product/8809388465034.png,음료
CU,이디야)트리플스위트아메,2700,2+1,https://tqklhszfkvzk6518638.edge.naverncp.com/product/8809388465041.png,기타
CU,이디야)트리플바닐라라떼,2700,2+1,https://tqklhszfkvzk6518638.edge.naverncp.com/product/8809388465058.png,음료
CU,농심)배홍동쫄쫄면,1700,2+1,https://tqklhszfkvzk6518638.edge.naverncp.com/product/8801043067430.jpg,식사류
CU,동원)상상비프치즈30g,4600,2+1,https://tqklhszfkvzk6518638.edge.naverncp.com/product/8801047183860.PNG,기타
CU,동원)상상육포안심30g,4600,2+1,https://tqklhszfkvzk6518638.edge.naverncp.com/product/8801047183877.jpg,간식류
CU,동원)상상페퍼솔트30g,4600,2+1,https://tqklhszfkvzk6518638.edge.naverncp.com/product/8801047183891.jpg,기타
CU,매크로)하이츄복숭아맛,1200,2+1,https://tqklhszfkvzk6518638.edge.naverncp.com/product/8859623800397.jpg,기타
CU,롯데)꼬깔콘고소한맛134g,3400,2+1,https://tqklhszfkvzk6518638.edge.naverncp.com/product/8801062010578.jpg,간식류
CU,롯데)치토스바베큐맛164g,3400,2+1,https://tqklhszfkvzk6518638.edge.naverncp.com/product/8801062383450.jpg,기타
CU,남양)테이크핏프로틴바나,2900,2+1,https://tqklhszfkvzk6518638.edge.naverncp.com/product/8801069417554.png,간식류
CU,코카)조지아로우라떼P470,2800,2+1,https://tqklhszfkvzk6518638.edge.naverncp.com/product/8801094512613.png,음료
CU,서울)강릉커피바닐라250ml,2800,2+1,https://tqklhszfkvzk6518638.edge.naverncp.com/product/8801115139904.png,음료
CU,매일)바리스타돌체325ml,3500,2+1,https://tqklhszfkvzk6518638.edge.naverncp.com/product/8801121040416.png,기타
CU,콘트라)블랙샷P500ml,2900,2+1,https://tqklhszfkvzk6518638.edge.naverncp.com/product/8801056234027.jpg,기타
CU,쟈뎅)시그니처블랙P900ml,4200,2+1,https://tqklhszfkvzk6518638.edge.naverncp.com/product/8808024031916.png,기타
CU,쟈뎅)로얄헤이즐넛P900ml,4200,2+1,https://tqklhszfkvzk6518638.edge.naverncp.com/product/8808024031909.png,기타
CU,OKF)워터멜론P500ml,2500,2+1,https://tqklhszfkvzk6518638.edge.naverncp.com/product/8809041429649.png,음료
CU,빙그레)아카페라UP연유,2600,2+1,https://tqklhszfkvzk6518638.edge.naverncp.com/product/8801104940931.png,음료
CU,튀김)뉴자이언트지파이N,3400,2+1,https://tqklhszfkvzk6518638.edge.naverncp.com/product/2202000041474.png,기타
CU,일신)쥬시드랍딥퍼즈,5000,2+1,https://tqklhszfkvzk6518638.edge.naverncp.com/product/5011053025921.png,기타
CU,오뚜기)전복죽285g,4500,2+1,https://tqklhszfkvzk6518638.edge.naverncp.com/product/8801045303000.png,식사류
CU,오뚜기)양송이크림스프,3800,2+1,https://tqklhszfkvzk6518638.edge.naverncp.com/product/8801045415888.jpg,기타
CU,남양)불가리스사과150ml,2000,2+1,https://tqklhszfkvzk6518638.edge.naverncp.com/product/8801069175942.jpg,기타
CU,남양)불가리스딸기150ml,2000,2+1,https://tqklhszfkvzk6518638.edge.naverncp.com/product/8801069175959.jpg,기타
CU,동원)매운고추참치90g,3300,2+1,https://tqklhszfkvzk6518638.edge.naverncp.com/product/8801047119395.jpg,식사류
CU,동원)야채참치90g,3300,2+1,https://tqklhszfkvzk6518638.edge.naverncp.com/product/8801047121312.jpg,식사류
CU,동원)얼라이브망고P500ml,2500,2+1,https://tqklhszfkvzk6518638.edge.naverncp.com/product/8801155740061.png,기타
CU,티오피)스모키라떼캔200ml,1500,2+1,https://tqklhszfkvzk6518638.edge.naverncp.com/product/8801037009026_1.png,음료
CU,오뚜기)차돌강된장보리밥,5400,2+1,https://tqklhszfkvzk6518638.edge.naverncp.com/product/8801045892351.png,식사류
CU,마즈)이클립스꿀레몬,3500,2+1,https://tqklhszfkvzk6518638.edge.naverncp.com/product/8804973308789.jpg,간식류
CU,마즈)이클립스배비파,3500,2+1,https://tqklhszfkvzk6518638.edge.naverncp.com/product/8804973308802.jpg,간식류
CU,동서)포스트밸런스바,2100,2+1,https://tqklhszfkvzk6518638.edge.naverncp.com/product/8801037096460.jpg,기타
CU,동서)포스트액티브바,2100,2+1,https://tqklhszfkvzk6518638.edge.naverncp.com/product/8801037096491.jpg,기타
CU,매일)상하미니치즈체다48g,2800,2+1,https://tqklhszfkvzk6518638.edge.naverncp.com/product/8801121020364_1.png,기타
CU,매일)상하미니치즈크림48g,2800,2+1,https://tqklhszfkvzk6518638.edge.naverncp.com/product/8801121020388_1.png,기타
CU,CJ)햇반현미쌀밥210g,2800,2+1,https://tqklhszfkvzk6518638.edge.naverncp.com/product/8801007860459.jpg,식사류
CU,해태)후렌치파이사과,4200,2+1,https://tqklhszfkvzk6518638.edge.naverncp.com/product/8801019307140.jpg,간식류
CU,몽뜨)설곤약향라맛,1200,2+1,https://tqklhszfkvzk6518638.edge.naverncp.com/product/6940434621157.jpg,기타
CU,할리스)바닐라딜라이트,3200,2+1,https://tqklhszfkvzk6518638.edge.naverncp.com/product/8809286693706.jpg,기타
CU,할리스)카페라떼300ml,3200,2+1,https://tqklhszfkvzk6518638.edge.naverncp.com/product/8809286693713.jpg,음료
CU,대상)안주야치즈촘촘육포,3900,2+1,https://tqklhszfkvzk6518638.edge.naverncp.com/product/8801052060309.jpg,간식류
CU,미니언즈)프로틴액트초코,3000,2+1,https://tqklhszfkvzk6518638.edge.naverncp.com/product/8809226406564.png,기타
CU,동서)콘푸라이트컵30g,2200,2+1,https://tqklhszfkvzk6518638.edge.naverncp.com/product/8801037096552.jpg,기타
CU,동서)오레오오즈컵30g,2200,2+1,https://tqklhszfkvzk6518638.edge.naverncp.com/product/8801037096576.jpg,기타
CU,오뚜기)고추참치마요덮밥,5400,2+1,https://tqklhszfkvzk6518638.edge.naverncp.com/product/8801045631301.png,식사류
CU,남양)테이크핏호박고구마,2900,2+1,https://tqklhszfkvzk6518638.edge.naverncp.com/product/8801069419619.png,기타
CU,오뚜기)컵누들마라탕소컵,1800,2+1,https://tqklhszfkvzk6518638.edge.naverncp.com/product/8801045512518.jpg,기타
CU,롯데)의성매콤땡초바65g,2600,2+1,https://tqklhszfkvzk6518638.edge.naverncp.com/product/8801123311057.jpg,기타
CU,제니코)스모크스트링치즈,1800,2+1,https://tqklhszfkvzk6518638.edge.naverncp.com/product/8809136851362.png,간식류
CU,동원)더바삭한양반김,1000,2+1,https://tqklhszfkvzk6518638.edge.naverncp.com/product/8801047224259.jpg,기타
CU,서주)마로마로젤리,2000,2+1,https://tqklhszfkvzk6518638.edge.naverncp.com/product/8801206004289.jpg,간식류
CU,에쓰)살라미&고다치즈,6000,2+1,https://tqklhszfkvzk6518638.edge.naverncp.com/product/8809861814373.jpg,기타
CU,삼양사)상쾌환스틱샤인,3900,2+1,https://tqklhszfkvzk6518638.edge.naverncp.com/product/8801013777376.png,기타
CU,삼양사)상쾌환복숭아제로,3900,2+1,https://tqklhszfkvzk6518638.edge.naverncp.com/product/8801013777390.png,기타
CU,삼양사)상쾌환부스터제로,5000,2+1,https://tqklhszfkvzk6518638.edge.naverncp.com/product/8801013777468.png,기타
CU,빙그레)더단백딸기드링크,2900,2+1,https://tqklhszfkvzk6518638.edge.naverncp.com/product/8801104942935.png,음료
CU,오뚜기)콘크림스프팝콘55g,1800,2+1,https://tqklhszfkvzk6518638.edge.naverncp.com/product/8801045851945.jpg,간식류
CU,삼립)트리플치즈부리또,3500,2+1,https://tqklhszfkvzk6518638.edge.naverncp.com/product/8801068921403.jpg,기타
CU,동원)덴마크사과275ml,2400,2+1,https://tqklhszfkvzk6518638.edge.naverncp.com/product/8801155741839.png,기타
CU,매일)셀렉스프로핏모카250,2900,2+1,https://tqklhszfkvzk6518638.edge.naverncp.com/product/8809846900886.jpg,음료
CU,매일)셀렉스프로핏밀크250,2900,2+1,https://tqklhszfkvzk6518638.edge.naverncp.com/product/8809846900893.jpg,기타
CU,농심)카리야포크카레,4000,2+1,https://tqklhszfkvzk6518638.edge.naverncp.com/product/0077377912670.jpg,기타
CU,CJ)비비고김치볶음150g,3200,2+1,https://tqklhszfkvzk6518638.edge.naverncp.com/product/8801007636009.png,식사류
CU,CJ)햇반흑미밥작은공기,2100,2+1,https://tqklhszfkvzk6518638.edge.naverncp.com/product/8801007915340.jpg,식사류
CU,CJ)햇반발아현미작은공기,2100,2+1,https://tqklhszfkvzk6518638.edge.naverncp.com/product/8801007915364.jpg,기타
CU,정화)말랑버터구이오징어,5900,2+1,https://tqklhszfkvzk6518638.edge.naverncp.com/product/8801308480097.jpg,기타
CU,농심)누들핏육개장사발면,1800,2+1,https://tqklhszfkvzk6518638.edge.naverncp.com/product/8801043006460.jpg,식사류
CU,농심)누들핏김치사발면,1800,2+1,https://tqklhszfkvzk6518638.edge.naverncp.com/product/8801043006538.jpg,식사류
CU,롯데)제로캔디레몬민트,3500,2+1,https://tqklhszfkvzk6518638.edge.naverncp.com/product/8801062857982.jpg,간식류
CU,사조)로얄크랩100g,5000,2+1,https://tqklhszfkvzk6518638.edge.naverncp.com/product/8801066062986.jpg,기타
CU,hy)갓비움230ml,2400,2+1,https://tqklhszfkvzk6518638.edge.naverncp.com/product/8801128307239.jpg,기타
CU,종근)멀티비타부스터20ml,3800,2+1,https://tqklhszfkvzk6518638.edge.naverncp.com/product/8809097855324.png,기타
CU,비알)엄마는외계인밀키컵,2900,2+1,https://tqklhszfkvzk6518638.edge.naverncp.com/product/8809288635377.jpg,기타
CU,비알)아몬드봉봉밀키컵300,2900,2+1,https://tqklhszfkvzk6518638.edge.naverncp.com/product/8809288635384.jpg,기타
CU,오비)카스레몬논알콜캔330,2000,2+1,https://tqklhszfkvzk6518638.edge.naverncp.com/product/8801858047399.png,기타
CU,오뚜기)진비빔면컵,1800,2+1,https://tqklhszfkvzk6518638.edge.naverncp.com/product/8801045431314.png,식사류
CU,마즈)비카인드씨솔트견과,2500,2+1,https://tqklhszfkvzk6518638.edge.naverncp.com/product/8804973308451.jpg,간식류
CU,마즈)비카인드아몬드단백,2500,2+1,https://tqklhszfkvzk6518638.edge.naverncp.com/product/8804973309267.png,기타
CU,MDS)라구파스타,4200,2+1,https://tqklhszfkvzk6518638.edge.naverncp.com/product/8805684010633.png,식사류
CU,MDS)베이컨크림파스타N,4200,2+1,https://tqklhszfkvzk6518638.edge.naverncp.com/product/8805684010640.jpg,식사류
CU,MDS)투움바파스타N,4200,2+1,https://tqklhszfkvzk6518638.edge.naverncp.com/product/8805684010657.jpg,식사류
CU,대상)멸치쌀국수소컵58g,2000,2+1,https://tqklhszfkvzk6518638.edge.naverncp.com/product/8801052115283.jpg,기타
CU,유한)내일N숙취해소100ml,5000,2+1,https://tqklhszfkvzk6518638.edge.naverncp.com/product/8806006500771.jpg,기타
CU,할리스)카라멜마끼아또,3200,2+1,https://tqklhszfkvzk6518638.edge.naverncp.com/product/8809286694192.jpg,기타
CU,삼양)맵탱마늘조개라면,1500,2+1,https://tqklhszfkvzk6518638.edge.naverncp.com/product/8801073116269.jpg,식사류
CU,삼양)맵탱고추대파라면,1500,2+1,https://tqklhszfkvzk6518638.edge.naverncp.com/product/8801073116290.jpg,식사류
CU,웅진)헛개차캔340ml,1500,2+1,https://tqklhszfkvzk6518638.edge.naverncp.com/product/8801382151395.png,음료
CU,오뚜기)컵밥골드치킨마요,5400,2+1,https://tqklhszfkvzk6518638.edge.naverncp.com/product/8801045835211.jpg,식사류
CU,사조)로얄크랩50g,3000,2+1,https://tqklhszfkvzk6518638.edge.naverncp.com/product/8801066062979.jpg,기타
CU,일신)캇예스베러버니,2800,2+1,https://tqklhszfkvzk6518638.edge.naverncp.com/product/4037400715872.jpg,기타
CU,CJ)햇반서리태흑미밥210g,2800,2+1,https://tqklhszfkvzk6518638.edge.naverncp.com/product/8801392076251.png,식사류
CU,동원)하이요구르트280ml,1700,2+1,https://tqklhszfkvzk6518638.edge.naverncp.com/product/8801155744502.jpg,음료
CU,네슬레)킷캣녹차4핑거,2200,2+1,https://tqklhszfkvzk6518638.edge.naverncp.com/product/9556001227539.jpg,간식류
CU,오뚜기)베트남쌀국수소컵,1800,2+1,https://tqklhszfkvzk6518638.edge.naverncp.com/product/8801045574097.jpg,기타
CU,인테)곤약젤리망고,1900,2+1,https://tqklhszfkvzk6518638.edge.naverncp.com/product/8809403535223.jpg,간식류
CU,존슨즈)베드타임로션100ml,6000,2+1,https://tqklhszfkvzk6518638.edge.naverncp.com/product/8801008006344_1.png,음료
CU,CJ)비비고컵떡볶이,3900,2+1,https://tqklhszfkvzk6518638.edge.naverncp.com/product/8801392090455.png,간식류
CU,크라운)콘칩초당옥수수70g,1700,2+1,https://tqklhszfkvzk6518638.edge.naverncp.com/product/8801111955454.jpg,간식류
CU,퓨리나)팬시피스트참치1입,2400,2+1,https://tqklhszfkvzk6518638.edge.naverncp.com/product/8850011075984.png,식사류
CU,MDS)베이컨로제파스타,4200,2+1,https://tqklhszfkvzk6518638.edge.naverncp.com/product/8805684010848.jpg,식사류
CU,동아)모닝케어간솔루션15g,3200,2+1,https://tqklhszfkvzk6518638.edge.naverncp.com/product/8806011416289.jpg,기타
CU,CJ)비비고치즈컵떡볶이,3900,2+1,https://tqklhszfkvzk6518638.edge.naverncp.com/product/8801392089541.png,간식류
CU,하림)맛닭가슴살바베큐,5000,2+1,https://tqklhszfkvzk6518638.edge.naverncp.com/product/8801492391599_1.png,기타
CU,농심)까망베르치즈타라,3900,2+1,https://tqklhszfkvzk6518638.edge.naverncp.com/product/4902181081327.jpg,기타
CU,농심)치즈타라24g,3900,2+1,https://tqklhszfkvzk6518638.edge.naverncp.com/product/4902181097373.jpg,기타
CU,동원)양반김부각마늘50g,4200,2+1,https://tqklhszfkvzk6518638.edge.naverncp.com/product/8801047228455.png,기타
CU,하이트)진로토닉워터600ml,2900,2+1,https://tqklhszfkvzk6518638.edge.naverncp.com/product/8801001236199.jpg,음료
CU,엘에스)화깨수20g,3800,2+1,https://tqklhszfkvzk6518638.edge.naverncp.com/product/8809661080176.png,기타
CU,동서)아몬드후레이크컵,2400,2+1,https://tqklhszfkvzk6518638.edge.naverncp.com/product/8801037097795.jpg,기타
CU,동서)크리치오컵30g,2400,2+1,https://tqklhszfkvzk6518638.edge.naverncp.com/product/8801037097818.jpg,기타
CU,크라운)고소한땅콩샌드,1600,2+1,https://tqklhszfkvzk6518638.edge.naverncp.com/product/8801111954877.jpg,간식류
CU,정관장)아미노활기력샷20m,3500,2+1,https://tqklhszfkvzk6518638.edge.naverncp.com/product/8800255101239.jpg,기타
CU,정관장)에너지활기력샷20m,3500,2+1,https://tqklhszfkvzk6518638.edge.naverncp.com/product/8800255102687.jpg,기타
CU,빙그레)더단백멜론드링크,2900,2+1,https://tqklhszfkvzk6518638.edge.naverncp.com/product/8801104946179.png,음료
CU,매일)바리스타무가당바닐,3500,2+1,https://tqklhszfkvzk6518638.edge.naverncp.com/product/8801121045893.png,기타
CU,매일)바리스타무가당에스,3500,2+1,https://tqklhszfkvzk6518638.edge.naverncp.com/product/8801121046012.png,기타
CU,매일)로쉐바밀크90g,5500,2+1,https://tqklhszfkvzk6518638.edge.naverncp.com/product/8801121044070.jpg,기타
CU,매일)로쉐바다크90g,5500,2+1,https://tqklhszfkvzk6518638.edge.naverncp.com/product/8801121044087.jpg,기타
CU,매일)로쉐바화이트90g,5500,2+1,https://tqklhszfkvzk6518638.edge.naverncp.com/product/8801121044094.jpg,기타
CU,동원)상상스테이크마블40g,5900,2+1,https://tqklhszfkvzk6518638.edge.naverncp.com/product/8801047183655.jpg,기타
CU,동원)소화잘되는초코190ml,1500,2+1,https://tqklhszfkvzk6518638.edge.naverncp.com/product/8801155743789.jpg,기타
CU,네슬레)프루팁스하와이안,3000,2+1,https://tqklhszfkvzk6518638.edge.naverncp.com/product/8809415439069.jpg,기타
CU,매일)셀렉스프로핏바나250,2900,2+1,https://tqklhszfkvzk6518638.edge.naverncp.com/product/8809846901548.jpg,기타
CU,대상)뉴케어올프로틴바나,3300,2+1,https://tqklhszfkvzk6518638.edge.naverncp.com/product/8809345610835.png,간식류
CU,대상)뉴케어올프로틴초코,3300,2+1,https://tqklhszfkvzk6518638.edge.naverncp.com/product/8809345610842.png,기타
CU,대상)뉴케어올프로틴곡물,3300,2+1,https://tqklhszfkvzk6518638.edge.naverncp.com/product/8809345610859.png,기타
CU,오뚜기)중앙해장라면컵,2300,2+1,https://tqklhszfkvzk6518638.edge.naverncp.com/product/8801045202181.jpg,식사류
CU,머거본)커피땅콩헤이즐넛,3000,2+1,https://tqklhszfkvzk6518638.edge.naverncp.com/product/8801133011763.jpg,간식류
CU,머거본)맛땅콩100g,3000,2+1,https://tqklhszfkvzk6518638.edge.naverncp.com/product/8801133012067.jpg,기타
CU,해태)고기손만두330g,5300,2+1,https://tqklhszfkvzk6518638.edge.naverncp.com/product/880101950177.png,간식류
CU,켈로그)콘푸로스트바35g,1700,2+1,https://tqklhszfkvzk6518638.edge.naverncp.com/product/8852756120363.jpg,기타
CU,바프)카라멜치즈팝콘80g,1700,2+1,https://tqklhszfkvzk6518638.edge.naverncp.com/product/8800279450290.jpg,간식류
CU,오뚜기)스위트콘나쵸60g,1800,2+1,https://tqklhszfkvzk6518638.edge.naverncp.com/product/8801045314556.jpg,기타
CU,삼양)맵탱청양대파소컵,1300,2+1,https://tqklhszfkvzk6518638.edge.naverncp.com/product/8801073216426.jpg,기타
CU,삼양)맵탱마늘조개소컵,1300,2+1,https://tqklhszfkvzk6518638.edge.naverncp.com/product/8801073216495.jpg,기타
CU,유한)비컴플아르기닌25ml,3900,2+1,https://tqklhszfkvzk6518638.edge.naverncp.com/product/8806006501761.jpg,기타
CU,유한)비컴플마그네슘25ml,3900,2+1,https://tqklhszfkvzk6518638.edge.naverncp.com/product/8806006501778.jpg,기타
CU,농심)신라면툼바봉지,1500,2+1,https://tqklhszfkvzk6518638.edge.naverncp.com/product/8801043018951.jpg,식사류
CU,유앤)스웨디시스타일젤리,2500,2+1,https://tqklhszfkvzk6518638.edge.naverncp.com/product/8809714123591.jpg,간식류
CU,MDS)명란마요파스타,4200,2+1,https://tqklhszfkvzk6518638.edge.naverncp.com/product/8805684011531.jpg,식사류
CU,하림)맛닭가슴살새우,5000,2+1,https://tqklhszfkvzk6518638.edge.naverncp.com/product/8801492392466_1.png,기타
CU,칠갑)들깨떡국컵,3900,2+1,https://tqklhszfkvzk6518638.edge.naverncp.com/product/8801759019013.jpg,간식류
CU,동아)써큐란아르기닌20g,3200,2+1,https://tqklhszfkvzk6518638.edge.naverncp.com/product/8806011440970.png,기타
CU,뉴트)비비랩유기농레몬즙,1500,2+1,https://tqklhszfkvzk6518638.edge.naverncp.com/product/8809948524720.jpg,기타
CU,오뚜기)순후추팝콘55g,1800,2+1,https://tqklhszfkvzk6518638.edge.naverncp.com/product/8801045652573.jpg,간식류
CU,서울)멸균우유200ml,1200,2+1,https://tqklhszfkvzk6518638.edge.naverncp.com/product/8801115115113.jpg,음료
CU,하림)오늘단백바카라멜,2900,2+1,https://tqklhszfkvzk6518638.edge.naverncp.com/product/8801492392398.jpg,기타
CU,하림)오늘단백바피스타치,2900,2+1,https://tqklhszfkvzk6518638.edge.naverncp.com/product/8801492392411.jpg,기타
CU,오뚜기)컵누들짬뽕맛소컵,1800,2+1,https://tqklhszfkvzk6518638.edge.naverncp.com/product/8801045315072.jpg,기타
CU,동화)까스명수골드병75ml,1200,2+1,https://tqklhszfkvzk6518638.edge.naverncp.com/product/8806102400265.png,기타
CU,요즘)그릭그래놀라,4900,2+1,https://tqklhszfkvzk6518638.edge.naverncp.com/product/8809520490856.png,기타
CU,튀김)18cm통새우꼬치,2200,2+1,https://tqklhszfkvzk6518638.edge.naverncp.com/product/2202000102755.png,기타
CU,튀김)18cm매콤통김말이,1500,2+1,https://tqklhszfkvzk6518638.edge.naverncp.com/product/2202000101093.png,기타
CU,CJ)모닝두부오곡참깨150g,2000,2+1,https://tqklhszfkvzk6518638.edge.naverncp.com/product/8801007084930.jpg,기타
CU,CJ)컵반차돌된장찌개밥,5400,2+1,https://tqklhszfkvzk6518638.edge.naverncp.com/product/8801392119392.jpg,식사류
CU,롯데)제로캔디피치민트,3500,2+1,https://tqklhszfkvzk6518638.edge.naverncp.com/product/8802259020721.jpg,간식류
CU,오뚜기)컵누들참깨소컵,1800,2+1,https://tqklhszfkvzk6518638.edge.naverncp.com/product/8801045684192.jpg,기타
CU,빙그레)왕실초코190ml,1600,2+1,https://tqklhszfkvzk6518638.edge.naverncp.com/product/8801104947190.jpg,기타
CU,CJ)햇반버섯야채죽,5500,2+1,https://tqklhszfkvzk6518638.edge.naverncp.com/product/8801392114151.jpg,식사류
CU,CJ)햇반소고기죽,5500,2+1,https://tqklhszfkvzk6518638.edge.naverncp.com/product/8801392114496.jpg,식사류
CU,CJ)누룽지닭백숙죽,5500,2+1,https://tqklhszfkvzk6518638.edge.naverncp.com/product/8801392114519.jpg,식사류
CU,튀김)18cm오징어튀김,1900,2+1,https://tqklhszfkvzk6518638.edge.naverncp.com/product/2202000103240.png,간식류
CU,동아)모닝케어프레스온H병,6000,2+1,https://tqklhszfkvzk6518638.edge.naverncp.com/product/8806011416562.png,기타
CU,동아)모닝케어프레스온G병,6000,2+1,https://tqklhszfkvzk6518638.edge.naverncp.com/product/8806011416579.png,기타
CU,오츠카)소이조이치즈,1700,2+1,https://tqklhszfkvzk6518638.edge.naverncp.com/product/4987035682714.jpg,기타
CU,농심)누들핏튀김우동맛,1800,2+1,https://tqklhszfkvzk6518638.edge.naverncp.com/product/8801043028448.jpg,기타
CU,삼립)볼케이노BBQ치킨누들,8900,2+1,https://tqklhszfkvzk6518638.edge.naverncp.com/product/8801068930672.jpg,기타
CU,일신)쥬시드랍구미,4000,2+1,https://tqklhszfkvzk6518638.edge.naverncp.com/product/5011053027475.jpg,기타
CU,동서)맥심모카제로슈거20T,7600,2+1,https://tqklhszfkvzk6518638.edge.naverncp.com/product/8801037015447.jpg,음료
CU,뉴트리)참치닭가슴살용기,2500,2+1,https://tqklhszfkvzk6518638.edge.naverncp.com/product/8801047648864.jpg,기타
CU,뉴트리)닭가슴살용기,2500,2+1,https://tqklhszfkvzk6518638.edge.naverncp.com/product/8801047648871.jpg,기타
CU,삼립)블랙소이BBQ치킨누들,8900,2+1,https://tqklhszfkvzk6518638.edge.naverncp.com/product/8801068930665.jpg,기타
CU,한성)일품도톰육포45g,5500,2+1,https://tqklhszfkvzk6518638.edge.naverncp.com/product/8801074006439.jpg,간식류
CU,한성)일품쇠고기육포30g,5500,2+1,https://tqklhszfkvzk6518638.edge.naverncp.com/product/8801074009508.jpg,간식류
CU,동아)데미레드애플캔350ml,1900,2+1,https://tqklhszfkvzk6518638.edge.naverncp.com/product/8801097168909.jpg,기타
CU,돌)알로코코컵198g,3200,2+1,https://tqklhszfkvzk6518638.edge.naverncp.com/product/8809654956396.jpg,기타
CU,농심)배홍동칼빔면봉지,1700,2+1,https://tqklhszfkvzk6518638.edge.naverncp.com/product/8801043029964.jpg,식사류
CU,서울)강릉아인슈페너250ml,2800,2+1,https://tqklhszfkvzk6518638.edge.naverncp.com/product/8801115140047.png,기타
CU,hy)갓비움애사비마일드,2400,2+1,https://tqklhszfkvzk6518638.edge.naverncp.com/product/8801128283472.jpg,기타
CU,서주)마로마로레몬,2000,2+1,https://tqklhszfkvzk6518638.edge.naverncp.com/product/8801206005415.jpg,기타
CU,정관장)비타민활기력샷20m,3500,2+1,https://tqklhszfkvzk6518638.edge.naverncp.com/product/8800255104605.jpg,기타
CU,해태)구운고구마108g,4000,2+1,https://tqklhszfkvzk6518638.edge.naverncp.com/product/8801019319358.jpg,간식류
CU,오뚜기)맛있는큰밥4입,10300,2+1,https://tqklhszfkvzk6518638.edge.naverncp.com/product/8801045890340.jpg,식사류
CU,빙그레)아카페라UP디카페,2600,2+1,https://tqklhszfkvzk6518638.edge.naverncp.com/product/8801104948005.png,음료
CU,CJ)햇반12곡밥210g,2800,2+1,https://tqklhszfkvzk6518638.edge.naverncp.com/product/8801392112713.png,식사류
CU,명인)찹쌀연근부각30g,3500,2+1,https://tqklhszfkvzk6518638.edge.naverncp.com/product/8809277335363.jpg,기타
CU,명인)찹쌀고구마부각30g,3500,2+1,https://tqklhszfkvzk6518638.edge.naverncp.com/product/8809277335387.jpg,기타
CU,어니)뽀로로까르보떡볶이,3200,2+1,https://tqklhszfkvzk6518638.edge.naverncp.com/product/8809380345136.jpg,간식류
CU,어니)뽀로로짜장떡볶이,3200,2+1,https://tqklhszfkvzk6518638.edge.naverncp.com/product/8809380345143.jpg,간식류
CU,해태)자가비허니버터맛,2000,2+1,https://tqklhszfkvzk6518638.edge.naverncp.com/product/8801019613050.jpg,간식류
CU,오뚜기)콘크림크리스피롤,1800,2+1,https://tqklhszfkvzk6518638.edge.naverncp.com/product/8801045913704.jpg,기타
CU,서영)모닝이즈백레몬20g,3600,2+1,https://tqklhszfkvzk6518638.edge.naverncp.com/product/8809556567546.png,기타
CU,서영)모닝이즈백그린20g,3600,2+1,https://tqklhszfkvzk6518638.edge.naverncp.com/product/8809556567461.png,기타
CU,삼립)뉴슈프림치즈부리또,3500,2+1,https://tqklhszfkvzk6518638.edge.naverncp.com/product/8801068932157.png,기타
CU,삼립)뉴불고기치즈부리또,3500,2+1,https://tqklhszfkvzk6518638.edge.naverncp.com/product/8801068932164.png,기타
CU,명인)찹쌀황태껍질부각30g,3500,2+1,https://tqklhszfkvzk6518638.edge.naverncp.com/product/8809277335394.jpg,기타
CU,진주햄)천하장사치즈50g,2400,2+1,https://tqklhszfkvzk6518638.edge.naverncp.com/product/8801077384305.jpg,간식류
CU,진주햄)천하장사치즈70g,2800,2+1,https://tqklhszfkvzk6518638.edge.naverncp.com/product/8801077384800.jpg,간식류
CU,hy)야쿠르트제로190ml,1200,2+1,https://tqklhszfkvzk6518638.edge.naverncp.com/product/8801128308076.jpg,기타
CU,CJ)동그란스팸160g,5500,2+1,https://tqklhszfkvzk6518638.edge.naverncp.com/product/8801392088230.jpg,기타
CU,서영)모닝이즈백병100ml,5000,2+1,https://tqklhszfkvzk6518638.edge.naverncp.com/product/8809556567485.jpg,기타
CU,오리온)포카칩페퍼60g,1700,2+1,https://tqklhszfkvzk6518638.edge.naverncp.com/product/8801117655204.jpg,간식류
CU,일화)맥콜P500ml,2200,2+1,https://tqklhszfkvzk6518638.edge.naverncp.com/product/8801223100261.png,음료
CU,동원)상상불닭육포36g,4600,2+1,https://tqklhszfkvzk6518638.edge.naverncp.com/product/8801047183884.jpg,간식류
CU,오비)카스레몬논알콜캔473,2800,2+1,https://tqklhszfkvzk6518638.edge.naverncp.com/product/8801858048259.jpg,기타
CU,마즈)스키틀즈젤리후르츠,2000,2+1,https://tqklhszfkvzk6518638.edge.naverncp.com/product/8804973311161.jpg,간식류
CU,마즈)스키틀즈젤리요거트,2000,2+1,https://tqklhszfkvzk6518638.edge.naverncp.com/product/8804973311185.jpg,간식류
CU,고래사)통새우말이90g,4300,2+1,https://tqklhszfkvzk6518638.edge.naverncp.com/product/8809265021780.jpg,기타
CU,HK)새싹보리블랙P500ml,2500,2+1,https://tqklhszfkvzk6518638.edge.naverncp.com/product/8809422046106.jpg,음료
CU,푸드)ㅋㅇㅋ샌드64g,1200,2+1,https://tqklhszfkvzk6518638.edge.naverncp.com/product/9556439894426.jpg,기타
CU,한삼인)멀티비타G홍삼샷,4400,2+1,https://tqklhszfkvzk6518638.edge.naverncp.com/product/8808340888690.jpg,기타
CU,유한)내일N숙취해소병100,5000,2+1,https://tqklhszfkvzk6518638.edge.naverncp.com/product/8806006507572.png,기타
CU,HK)컨디션탄산제로병100ml,5000,2+1,https://tqklhszfkvzk6518638.edge.naverncp.com/product/8809422046045.png,기타
CU,종근당)신깨노니배사과맛,3900,2+1,https://tqklhszfkvzk6518638.edge.naverncp.com/product/8809807288992.jpg,기타
CU,롯데)깨수깡캔160ml,5000,2+1,https://tqklhszfkvzk6518638.edge.naverncp.com/product/8801056248451.png,기타
CU,할리스)시그니처아메P550,3200,2+1,https://tqklhszfkvzk6518638.edge.naverncp.com/product/8809286695106.jpg,기타
CU,할리스)블랙아리아아메550,3200,2+1,https://tqklhszfkvzk6518638.edge.naverncp.com/product/8809286695113.jpg,기타
CU,할리스)바닐라딜라이트450,3200,2+1,https://tqklhszfkvzk6518638.edge.naverncp.com/product/8809286695120.jpg,기타
CU,목우촌)닭가슴살생생육포,3900,2+1,https://tqklhszfkvzk6518638.edge.naverncp.com/product/8803712144985.jpg,간식류
CU,한삼인)잠잠30ml,4400,2+1,https://tqklhszfkvzk6518638.edge.naverncp.com/product/8808340888720.jpg,기타
CU,3990)맥반석오징어27g,3990,2+1,https://tqklhszfkvzk6518638.edge.naverncp.com/product/8801308490034.jpg,간식류
CU,대상)저당홍초레몬라임500,8900,2+1,https://tqklhszfkvzk6518638.edge.naverncp.com/product/8801052129402.jpg,기타
CU,3990)매콤맥반석오징어,3990,2+1,https://tqklhszfkvzk6518638.edge.naverncp.com/product/8801308490041.jpg,간식류
CU,리뉴)신한손한끼곡물40g,3900,2+1,https://tqklhszfkvzk6518638.edge.naverncp.com/product/8809120447137.jpg,기타
CU,리뉴)신한손쁘띠말차40g,3900,2+1,https://tqklhszfkvzk6518638.edge.naverncp.com/product/8809120447175.jpg,음료
CU,리뉴)신한손스위트콘40g,3900,2+1,https://tqklhszfkvzk6518638.edge.naverncp.com/product/8809120447199.jpg,기타
CU,리뉴)신한손한끼초코40g,3900,2+1,https://tqklhszfkvzk6518638.edge.naverncp.com/product/8809120447212.jpg,기타
CU,리뉴)신한손피스타치오40g,3900,2+1,https://tqklhszfkvzk6518638.edge.naverncp.com/product/8809120447236.jpg,기타
CU,오뚜기)카레크리스피롤,1800,2+1,https://tqklhszfkvzk6518638.edge.naverncp.com/product/8801045108254.jpg,기타
CU,삼립)미각우유카스테라롤,2500,2+1,https://tqklhszfkvzk6518638.edge.naverncp.com/product/8801068933840.jpg,간식류
CU,리뉴)신한손한끼딸기40g,3900,2+1,https://tqklhszfkvzk6518638.edge.naverncp.com/product/8809120447151.jpg,기타
CU,동아)모닝케어위솔루션15g,3200,2+1,https://tqklhszfkvzk6518638.edge.naverncp.com/product/8806011416678.png,기타
CU,빙그레)요플레그릭180g,2200,2+1,https://tqklhszfkvzk6518638.edge.naverncp.com/product/8801104950787.jpg,간식류
CU,프링글스)캐리비안치킨110,4200,2+1,https://tqklhszfkvzk6518638.edge.naverncp.com/product/8886467128820.jpg,간식류
CU,프링글스)닭강정100g,4200,2+1,https://tqklhszfkvzk6518638.edge.naverncp.com/product/8886467128837.jpg,간식류
CU,리앤웰)비말키즈마스크5P,2500,2+1,https://tqklhszfkvzk6518638.edge.naverncp.com/product/8809810802956.jpg,기타
CU,오뚜기)참치김치볶음밥230,4500,2+1,https://tqklhszfkvzk6518638.edge.naverncp.com/product/8801045931234.jpg,식사류
CU,샘표)질러클래식육포30g,4200,2+1,https://tqklhszfkvzk6518638.edge.naverncp.com/product/8801005014335.jpg,간식류
CU,정식품)고단백플레인팩,1600,2+1,https://tqklhszfkvzk6518638.edge.naverncp.com/product/8801033811357.jpg,간식류
CU,3990)매콤유자전갱이25g,3990,2+1,https://tqklhszfkvzk6518638.edge.naverncp.com/product/8809389493739.jpg,기타
CU,종건)락토핏골드20g,5300,2+1,https://tqklhszfkvzk6518638.edge.naverncp.com/product/8805915807919.jpg,기타
CU,종건)아임비타멀티비타20m,4700,2+1,https://tqklhszfkvzk6518638.edge.naverncp.com/product/8805915808114.jpg,기타
CU,수미)파티스마트저당2입,3900,2+1,https://tqklhszfkvzk6518638.edge.naverncp.com/product/8901138011390.png,기타
CU,도성)알디콤A15ml,3900,2+1,https://tqklhszfkvzk6518638.edge.naverncp.com/product/8809868290064.png,기타
CU,도성)알디콤V20ml,4800,2+1,https://tqklhszfkvzk6518638.edge.naverncp.com/product/8800309770046.png,기타
CU,도성)알디콤Plus21ml,4800,2+1,https://tqklhszfkvzk6518638.edge.naverncp.com/product/8809868292242.png,기타
CU,오뚜기)버팔로봉200g,7900,2+1,https://tqklhszfkvzk6518638.edge.naverncp.com/product/8801045607030.jpg,기타
CU,펄세스)마일드스테비아20T,8900,2+1,https://tqklhszfkvzk6518638.edge.naverncp.com/product/8809526500948.jpg,기타
CU,펄세스)디카프스테비아20T,10900,2+1,https://tqklhszfkvzk6518638.edge.naverncp.com/product/8809526501228.jpg,기타
CU,동서)오레오딸기크림,2300,2+1,https://tqklhszfkvzk6518638.edge.naverncp.com/product/8801037088243.png,기타
CU,종건)아임비타글루타치31g,3500,2+1,https://tqklhszfkvzk6518638.edge.naverncp.com/product/8805915913405.png,기타
CU,종건)아임비타아르기닌31g,3500,2+1,https://tqklhszfkvzk6518638.edge.naverncp.com/product/8805915913207.png,기타
CU,해동)숯불갈비맛강정꼬치,2400,2+1,https://tqklhszfkvzk6518638.edge.naverncp.com/product/2202000113836.png,기타
CU,농심)카프리오렌지망고,1100,2+1,https://tqklhszfkvzk6518638.edge.naverncp.com/product/8801043650311.jpg,기타
CU,코카)조지아스윗블랙470ml,2800,2+1,https://tqklhszfkvzk6518638.edge.naverncp.com/product/8801094542603.jpg,음료
CU,동아)오란씨파인캔350ml,1800,2+1,https://tqklhszfkvzk6518638.edge.naverncp.com/product/8801097334212.jpg,기타
CU,피자알볼로)고르곤졸라,4200,2+1,https://tqklhszfkvzk6518638.edge.naverncp.com/product/8809287901145.jpg,식사류
CU,인테)곤약젤리복숭아자두,2000,2+1,https://tqklhszfkvzk6518638.edge.naverncp.com/product/8809403539375.jpg,간식류
CU,hy)쿠퍼스깨곰,5000,2+1,https://tqklhszfkvzk6518638.edge.naverncp.com/product/8801128283595.jpg,기타
CU,유앤)돈시몬오렌지주스200,2500,2+1,https://tqklhszfkvzk6518638.edge.naverncp.com/product/8410261608303.jpg,음료
CU,오뚜기)살코기참치135g,3900,2+1,https://tqklhszfkvzk6518638.edge.naverncp.com/product/8801045233444.jpg,식사류
CU,오뚜기)마일드참치135g,3900,2+1,https://tqklhszfkvzk6518638.edge.naverncp.com/product/8801045501895.jpg,식사류
CU,한양)숏다리mix35g,4200,2+1,https://tqklhszfkvzk6518638.edge.naverncp.com/product/8803622102518.jpg,기타
CU,한양)숏다리mix매운맛35g,4200,2+1,https://tqklhszfkvzk6518638.edge.naverncp.com/product/8803622102525.jpg,기타
CU,켈로그)더커진크런치넛40G,2000,2+1,https://tqklhszfkvzk6518638.edge.naverncp.com/product/8852756120462.jpg,기타
CU,뉴트)비비유기농레몬자몽,1500,2+1,https://tqklhszfkvzk6518638.edge.naverncp.com/product/8809948525703.png,기타
CU,켈로그)첵스쿠앤크컵,2500,2+1,https://tqklhszfkvzk6518638.edge.naverncp.com/product/8801083422824.jpg,기타
CU,수미)파티스마트저당망고2입,3900,2+1,https://tqklhszfkvzk6518638.edge.naverncp.com/product/8901138011413.png,기타
CU,CJ)햇반발아현미밥210g*3,7900,2+1,https://tqklhszfkvzk6518638.edge.naverncp.com/product/8801007216294.png,식사류
CU,CJ)햇반잡곡밥210g*3입,7900,2+1,https://tqklhszfkvzk6518638.edge.naverncp.com/product/8801007684567.png,식사류
CU,CJ)햇반흑미밥210g*3입,7900,2+1,https://tqklhszfkvzk6518638.edge.naverncp.com/product/8801007216317.png,식사류
CU,오뚜기)뿌셔불고기맛팝콘,2000,2+1,https://tqklhszfkvzk6518638.edge.naverncp.com/product/8801045387802.jpg,간식류
CU,오뚜기)뿌셔뿌셔리얼치즈,1500,2+1,https://tqklhszfkvzk6518638.edge.naverncp.com/product/8801045484969.jpg,기타
CU,오뚜기)유니짜장2인,9900,2+1,https://tqklhszfkvzk6518638.edge.naverncp.com/product/8801045512815.jpg,기타
CU,오뚜기)얼큰짬뽕2인,9900,2+1,https://tqklhszfkvzk6518638.edge.naverncp.com/product/8801045513102.jpg,기타
CU,머거본)카라멜땅콩믹스넛,2900,2+1,https://tqklhszfkvzk6518638.edge.naverncp.com/product/8801133013170.jpg,간식류
CU,머거본)츄러스믹스넛,2900,2+1,https://tqklhszfkvzk6518638.edge.naverncp.com/product/8801133013187.jpg,간식류
CU,유한)내일N스파클링100ml,5000,2+1,https://tqklhszfkvzk6518638.edge.naverncp.com/product/8806006506162.jpg,기타
CU,코이)돈코츠어묵탕컵,4900,2+1,https://tqklhszfkvzk6518638.edge.naverncp.com/product/8809265027126.jpg,기타
CU,농심)보노콘스프3입,4400,2+1,https://tqklhszfkvzk6518638.edge.naverncp.com/product/4901001021994.png,기타
CU,하림)오늘단백바제주말차,2900,2+1,https://tqklhszfkvzk6518638.edge.naverncp.com/product/8801492393432.jpg,음료
CU,호정)군고구마도나스,1200,2+1,https://tqklhszfkvzk6518638.edge.naverncp.com/product/8804624073530.jpg,기타
CU,끼리)단호박크림수프,3500,2+1,https://tqklhszfkvzk6518638.edge.naverncp.com/product/8805489005513.jpg,기타
CU,끼리)양송이크림수프,3500,2+1,https://tqklhszfkvzk6518638.edge.naverncp.com/product/8805489005537.jpg,기타
CU,동아)올리브오일10g,2000,2+1,https://tqklhszfkvzk6518638.edge.naverncp.com/product/8806011441878.jpg,기타
CU,에이스)훗카이도저지푸딩,4800,2+1,https://tqklhszfkvzk6518638.edge.naverncp.com/product/4995913175142.jpg,간식류
CU,삼양)삼양1963,1900,2+1,https://tqklhszfkvzk6518638.edge.naverncp.com/product/8801073117037.jpg,기타
CU,켈로그)제로슈거컵시리얼,2500,2+1,https://tqklhszfkvzk6518638.edge.naverncp.com/product/8801083422831.jpg,기타
CU,빙그레)닥터캡슐복숭아,2300,2+1,https://tqklhszfkvzk6518638.edge.naverncp.com/product/8801104951302.png,기타
CU,에쓰)트러플스트링치즈,1700,2+1,https://tqklhszfkvzk6518638.edge.naverncp.com/product/8809861817473.jpg,간식류
CU,오뚜기)뿌셔뿌셔구운양파,1500,2+1,https://tqklhszfkvzk6518638.edge.naverncp.com/product/8801045366227.jpg,기타
CU,머거본)꿀꽈배기믹스정과,2900,2+1,https://tqklhszfkvzk6518638.edge.naverncp.com/product/8801133013231.jpg,기타
CU,CJ)햇반파로누룽지용기,2400,2+1,https://tqklhszfkvzk6518638.edge.naverncp.com/product/8801392154942.jpg,기타
CU,CJ)햇반현미누룽지용기,2400,2+1,https://tqklhszfkvzk6518638.edge.naverncp.com/product/8801392154966.jpg,기타
CU,동아)육식파키위효소3g,2000,2+1,https://tqklhszfkvzk6518638.edge.naverncp.com/product/8806011442158.jpg,기타
CU,리뉴)한손한끼밤라떼40g,3900,2+1,https://tqklhszfkvzk6518638.edge.naverncp.com/product/8809120447755.jpg,음료
CU,고래사)불오징어바65g,2900,2+1,https://tqklhszfkvzk6518638.edge.naverncp.com/product/8809265026884.jpg,간식류
CU,농심)누들핏새우탕맛,1800,2+1,https://tqklhszfkvzk6518638.edge.naverncp.com/product/8801043047838.jpg,기타
CU,빙그레)무설탕딸기우유,1500,2+1,https://tqklhszfkvzk6518638.edge.naverncp.com/product/8801104948128.jpg,음료
CU,빙그레)무설탕초코우유,1500,2+1,https://tqklhszfkvzk6518638.edge.naverncp.com/product/8801104948142.jpg,음료
CU,담터)생강차플러스원컵,1800,2+1,https://tqklhszfkvzk6518638.edge.naverncp.com/product/8803284611151.jpg,음료
CU,서주)젤리의연금술,2000,2+1,https://tqklhszfkvzk6518638.edge.naverncp.com/product/8809592641866.jpg,간식류
CU,한성)일품철판오징어,6600,2+1,https://tqklhszfkvzk6518638.edge.naverncp.com/product/8801074007627.jpg,간식류
CU,한성)일품실오징어30g,6600,2+1,https://tqklhszfkvzk6518638.edge.naverncp.com/product/8801074010207.jpg,간식류
CU,서울)저지방멸균우유200ml,1200,2+1,https://tqklhszfkvzk6518638.edge.naverncp.com/product/8801115115809.jpg,음료
CU,오뗄)프렌치미트볼트러플,4900,2+1,https://tqklhszfkvzk6518638.edge.naverncp.com/product/8802266710103.jpg,기타
CU,요즘)그릭저당푸룬,4900,2+1,https://tqklhszfkvzk6518638.edge.naverncp.com/product/8809520491532.jpg,기타
CU,CJ)비비고김치팝콘80g,1900,2+1,https://tqklhszfkvzk6518638.edge.naverncp.com/product/8801392155307.jpg,간식류
CU,CJ)저당닭가슴살데리야끼,4900,2+1,https://tqklhszfkvzk6518638.edge.naverncp.com/product/8801392135903.jpg,기타
CU,CJ)저당닭가슴살숯불치킨,4900,2+1,https://tqklhszfkvzk6518638.edge.naverncp.com/product/8801392135927.jpg,기타
CU,목우촌)닭가슴살레드페퍼,3900,2+1,https://tqklhszfkvzk6518638.edge.naverncp.com/product/8803712145067.jpg,기타
CU,서울우유)흰우유미니컵,3900,2+1,https://tqklhszfkvzk6518638.edge.naverncp.com/product/8801115720454.jpg,간식류
CU,서울우유)초코우유미니컵,3900,2+1,https://tqklhszfkvzk6518638.edge.naverncp.com/product/8801115720492.jpg,음료
CU,에이원)오리지널도나쓰,1200,2+1,https://tqklhszfkvzk6518638.edge.naverncp.com/product/8800247140031.jpg,기타
CU,삼립)하이면얼큰온면,3800,2+1,https://tqklhszfkvzk6518638.edge.naverncp.com/product/8801068937022.jpg,식사류
CU,MDS)청양크림파스타,4200,2+1,https://tqklhszfkvzk6518638.edge.naverncp.com/product/8805684012217.jpg,식사류
CU,HK)컨디션메론소다제로병,5000,2+1,https://tqklhszfkvzk6518638.edge.naverncp.com/product/8809422046762.jpg,기타
CU,CJ)닭강정200g,7800,2+1,https://tqklhszfkvzk6518638.edge.naverncp.com/product/8801392165696.jpg,기타
CU,서울)비요뜨베리콩포트,2300,2+1,https://tqklhszfkvzk6518638.edge.naverncp.com/product/8801115224709.jpg,기타
CU,고래사)피자어묵바75g,3400,2+1,https://tqklhszfkvzk6518638.edge.naverncp.com/product/8809265027171.jpg,식사류
CU,오뚜기)컵누들불닭맛소컵,1800,2+1,https://tqklhszfkvzk6518638.edge.naverncp.com/product/8801045779959.jpg,기타
CU,목우촌)닭가슴살육포마라,3900,2+1,https://tqklhszfkvzk6518638.edge.naverncp.com/product/8803712145098.jpg,간식류
CU,피자알볼로)콤비네이션,4200,2+1,https://tqklhszfkvzk6518638.edge.naverncp.com/product/8809287901251.jpg,식사류
CU,노티드)케이크바아몬드,2200,2+1,https://tqklhszfkvzk6518638.edge.naverncp.com/product/8809786883553.jpg,간식류
CU,동원)먹는샘물무P500ml,1000,2+1,https://tqklhszfkvzk6518638.edge.naverncp.com/product/8801047287957.png,기타
CU,오뚜기)돼지김치찌개컵밥,5400,2+1,https://tqklhszfkvzk6518638.edge.naverncp.com/product/8801045709192.jpg,식사류
CU,앰지)홀스비타C딸기향,1200,2+1,https://tqklhszfkvzk6518638.edge.naverncp.com/product/7622202364471.jpg,음료
CU,랩노쉬)N프로틴초코P350,3800,2+1,https://tqklhszfkvzk6518638.edge.naverncp.com/product/8800261387450.jpg,기타
CU,랩노쉬)N프로틴그레인P350,3800,2+1,https://tqklhszfkvzk6518638.edge.naverncp.com/product/8800261387467.png,기타
CU,랩노쉬)N프로틴바나나P350,3800,2+1,https://tqklhszfkvzk6518638.edge.naverncp.com/product/8800261387474.jpg,간식류
CU,정식품)베지밀저당두유190,1400,2+1,https://tqklhszfkvzk6518638.edge.naverncp.com/product/8801033812439.jpg,음료
CU,농심)라뽁구리큰사발,1900,2+1,https://tqklhszfkvzk6518638.edge.naverncp.com/product/8801043044592.jpg,기타
CU,CJ)꾸덕납당떡볶이기본맛,4500,2+1,https://tqklhszfkvzk6518638.edge.naverncp.com/product/8801392167317_1.png,간식류
CU,CJ)꾸덕납당볶이마라로제,4500,2+1,https://tqklhszfkvzk6518638.edge.naverncp.com/product/8801392167591_1.png,기타
CU,하림)단백바스트로베리,2900,2+1,https://tqklhszfkvzk6518638.edge.naverncp.com/product/8801492393517.jpg,기타
CU,하림)단백바치즈케이크,2900,2+1,https://tqklhszfkvzk6518638.edge.naverncp.com/product/8801492393531.jpg,간식류
CU,CJ)바삭팝콘스팸맛,1900,2+1,https://tqklhszfkvzk6518638.edge.naverncp.com/product/8801392158940.jpg,간식류
CU,CJ)바삭팝콘허브솔트,1900,2+1,https://tqklhszfkvzk6518638.edge.naverncp.com/product/8801392158964.jpg,간식류
CU,삼립)멕시칸치킨부리또,3500,2+1,https://tqklhszfkvzk6518638.edge.naverncp.com/product/8801068938692_1.png,기타
CU,빙그레)요플레그릭바나나,2200,2+1,https://tqklhszfkvzk6518638.edge.naverncp.com/product/8801104952699.jpg,간식류
CU,에쓰)들기름비빔꼬단면,4900,2+1,https://tqklhszfkvzk6518638.edge.naverncp.com/product/8809861819026.jpg,식사류
CU,에쓰)토마토바질꼬단면,4900,2+1,https://tqklhszfkvzk6518638.edge.naverncp.com/product/8809861819033.jpg,식사류
CU,서주)헬로키티베리에이스,2000,2+1,https://tqklhszfkvzk6518638.edge.naverncp.com/product/8809592641927.jpg,간식류
CU,리꼼)마이크로샷패치,4000,2+1,https://tqklhszfkvzk6518638.edge.naverncp.com/product/8809950130179.jpg,기타
CU,크라운)치즈샌드리치,1200,2+1,https://tqklhszfkvzk6518638.edge.naverncp.com/product/8801111955645.jpg,간식류
CU,도성)한우수제육포,3800,2+1,https://tqklhszfkvzk6518638.edge.naverncp.com/product/8809752690512.jpg,간식류
CU,도성)바베큐수제육포,3800,2+1,https://tqklhszfkvzk6518638.edge.naverncp.com/product/8809752690529.jpg,간식류
CU,오리온)오감자버터갈릭64g,1700,2+1,https://tqklhszfkvzk6518638.edge.naverncp.com/product/8801117164904.jpg,간식류
CU,바프)스누피페퍼로니팝콘,1700,2+1,https://tqklhszfkvzk6518638.edge.naverncp.com/product/8800279452959.jpg,간식류
CU,농심)배홍동막국수봉지,1700,2+1,https://tqklhszfkvzk6518638.edge.naverncp.com/product/8801043060127.jpg,기타
CU,보배반점)짬뽕어묵탕컵,5000,2+1,https://tqklhszfkvzk6518638.edge.naverncp.com/product/8809265027270.jpg,기타
CU,유피)팔각도매콤닭목살,4500,2+1,https://tqklhszfkvzk6518638.edge.naverncp.com/product/8809977010904.jpg,기타
CU,유피)팔각도직화닭갈비,4500,2+1,https://tqklhszfkvzk6518638.edge.naverncp.com/product/8809977010928.jpg,기타
CU,오뚜기)뿌셔양념치킨팝콘,2000,2+1,https://tqklhszfkvzk6518638.edge.naverncp.com/product/8801045258218.jpg,기타
CU,알렉스)눈꽃생초코밀크,1500,2+1,https://tqklhszfkvzk6518638.edge.naverncp.com/product/8809682781335.jpg,기타
CU,리뉴)한손한끼홍삼40g,4500,2+1,https://tqklhszfkvzk6518638.edge.naverncp.com/product/8800341680013.jpg,기타
CU,CJ)꾸덕납작누들숯불치킨,4500,2+1,https://tqklhszfkvzk6518638.edge.naverncp.com/product/8801392158391.jpg,기타
CU,CJ)꾸덕납작누들매콤로제,4500,2+1,https://tqklhszfkvzk6518638.edge.naverncp.com/product/8801392162015.jpg,기타
CU,하림)직화닭가슴살소금,5000,2+1,https://tqklhszfkvzk6518638.edge.naverncp.com/product/8801492393630.jpg,기타
CU,세이면)잔치쌀국수컵,2600,2+1,https://tqklhszfkvzk6518638.edge.naverncp.com/product/8809393810676.jpg,식사류
CU,인테)곤약젤리리치,1900,2+1,https://tqklhszfkvzk6518638.edge.naverncp.com/product/8809403536190.jpg,간식류
CU,유피)팔각도매콤닭연골,4500,2+1,https://tqklhszfkvzk6518638.edge.naverncp.com/product/8809977010911.jpg,기타
CU,해외)캐슈넛크런치,2900,2+1,https://tqklhszfkvzk6518638.edge.naverncp.com/product/6971455842627.jpg,기타
CU,동서)리츠멕시칸타코맛,2000,2+1,https://tqklhszfkvzk6518638.edge.naverncp.com/product/8801037098921.jpg,기타
CU,오뚜기)진밀면,1700,2+1,https://tqklhszfkvzk6518638.edge.naverncp.com/product/8801045161020.jpg,식사류
CU,하림)직화닭가슴살바베큐,5000,2+1,https://tqklhszfkvzk6518638.edge.naverncp.com/product/8801492393654.jpg,기타
CU,RU21)웨이크업샷20ml,4900,2+1,https://tqklhszfkvzk6518638.edge.naverncp.com/product/8809553622828.jpg,기타
CU,서주)레모넬로43g,2000,2+1,https://tqklhszfkvzk6518638.edge.naverncp.com/product/8809592642207.jpg,기타
CU,농심)야키호타테카이히모,3900,2+1,https://tqklhszfkvzk6518638.edge.naverncp.com/product/4902181098738.jpg,기타
CU,매크로)하이츄그린애플,1200,2+1,https://tqklhszfkvzk6518638.edge.naverncp.com/product/6933545800016.jpg,기타
CU,하림)치킨왕라면,1800,2+1,https://tqklhszfkvzk6518638.edge.naverncp.com/product/8800354750277.jpg,식사류
CU,삼립)미각커피카스테라롤,2500,2+1,https://tqklhszfkvzk6518638.edge.naverncp.com/product/8801068940329.jpg,간식류
CU,삼양)탱글크림파스타봉지,2200,2+1,https://tqklhszfkvzk6518638.edge.naverncp.com/product/8801073116832.jpg,식사류
CU,삼양)탱글오일파스타봉지,2200,2+1,https://tqklhszfkvzk6518638.edge.naverncp.com/product/8801073116849.jpg,식사류
CU,매일)아몬드브리즈커피190,1500,2+1,https://tqklhszfkvzk6518638.edge.naverncp.com/product/8801121046142.jpg,음료
CU,매일)프로틴스트링치즈20g,1600,2+1,https://tqklhszfkvzk6518638.edge.naverncp.com/product/8801121050903.jpg,간식류
CU,하림)직화닭가슴살갈비,5000,2+1,https://tqklhszfkvzk6518638.edge.naverncp.com/product/8801492393647.jpg,기타
CU,동아)얼박오리지널230ml,1800,2+1,https://tqklhszfkvzk6518638.edge.naverncp.com/product/8806011416111.jpg,기타
CU,동아)얼박복숭아230ml,1800,2+1,https://tqklhszfkvzk6518638.edge.naverncp.com/product/8806011416241.jpg,기타
CU,광동)제주삼다수그린1L,1500,2+1,https://tqklhszfkvzk6518638.edge.naverncp.com/product/8808244101130.jpg,생수
CU,SCD)수수깡코리아젤리,2900,2+1,https://tqklhszfkvzk6518638.edge.naverncp.com/product/8809522040868.jpg,간식류
CU,오뚜기)열라면프레첼,1700,2+1,https://tqklhszfkvzk6518638.edge.naverncp.com/product/8801045768014.jpg,식사류
CU,삼립)미각우유브리오슈,2500,2+1,https://tqklhszfkvzk6518638.edge.naverncp.com/product/8801068940299.jpg,음료
CU,빙그레)왕실말차190ml,1600,2+1,https://tqklhszfkvzk6518638.edge.naverncp.com/product/8801104952910.jpg,음료
CU,오리온)한끼바치즈맛40g,1500,2+1,https://tqklhszfkvzk6518638.edge.naverncp.com/product/8801117162306.jpg,간식류
CU,마즈)비카인드아몬드코코,2200,2+1,https://tqklhszfkvzk6518638.edge.naverncp.com/product/8804973312335.jpg,기타
CU,인터)분다버그레몬250ml,2100,2+1,https://tqklhszfkvzk6518638.edge.naverncp.com/product/9311493007836.jpg,기타
CU,인터)분다버그핑크자몽250,2100,2+1,https://tqklhszfkvzk6518638.edge.naverncp.com/product/9311493007843.jpg,기타
CU,CJ)닭가슴살통살구이100g,4500,2+1,https://tqklhszfkvzk6518638.edge.naverncp.com/product/8801007880440.jpg,기타
CU,라라스윗)토피넛콘,1900,2+1,https://tqklhszfkvzk6518638.edge.naverncp.com/product/8809143450268.jpg,기타
CU,오뚜기)제주똣똣라면컵,2300,2+1,https://tqklhszfkvzk6518638.edge.naverncp.com/product/8801045833934.jpg,식사류
CU,라라스윗)저당초코웨하스,2400,2+1,https://tqklhszfkvzk6518638.edge.naverncp.com/product/8804433103831.jpg,간식류
CU,인테)곤약젤리골드키위,1900,2+1,https://tqklhszfkvzk6518638.edge.naverncp.com/product/8809403539184.jpg,간식류
CU,하림)훌라면봉지,1600,2+1,https://tqklhszfkvzk6518638.edge.naverncp.com/product/8800354750161.jpg,식사류
CU,남양)불가리스플레인저당,2000,2+1,https://tqklhszfkvzk6518638.edge.naverncp.com/product/8801069422237.jpg,간식류
CU,세이면)중화쌀짬뽕컵,2600,2+1,https://tqklhszfkvzk6518638.edge.naverncp.com/product/8809393810683.jpg,식사류
CU,종근당)깨노니쿨병100ml,5000,2+1,https://tqklhszfkvzk6518638.edge.naverncp.com/product/8800323061984.jpg,기타
CU,해태)버터링딥민트초코,3400,2+1,https://tqklhszfkvzk6518638.edge.naverncp.com/product/8801019320415.jpg,간식류
CU,켈로그)저당그래놀라300g,7600,2+1,https://tqklhszfkvzk6518638.edge.naverncp.com/product/8801083422916.jpg,기타
CU,할리스)디카페인아메450,3200,2+1,https://tqklhszfkvzk6518638.edge.naverncp.com/product/8809286695731.jpg,음료
CU,해태)신당동떡볶이X우할매,2000,2+1,https://tqklhszfkvzk6518638.edge.naverncp.com/product/8801019613647.jpg,간식류
CU,농심)빵부장솔티꽈배기55g,1700,2+1,https://tqklhszfkvzk6518638.edge.naverncp.com/product/8801043062107.jpg,기타
CU,크라운)카라멜콘크로아상,1700,2+1,https://tqklhszfkvzk6518638.edge.naverncp.com/product/8801111961806.jpg,간식류
CU,오뚜기)데이프로틴바나나,2900,2+1,https://tqklhszfkvzk6518638.edge.naverncp.com/product/8801045254913.jpg,간식류
CU,오뚜기)데이프로틴초코,2900,2+1,https://tqklhszfkvzk6518638.edge.naverncp.com/product/8801045487717.jpg,기타
CU,오뚜기)데이프로틴오곡,2900,2+1,https://tqklhszfkvzk6518638.edge.naverncp.com/product/8801045552132.jpg,기타
CU,아침)김치볶음밥200g,3200,2+1,https://tqklhszfkvzk6518638.edge.naverncp.com/product/8809492083254.jpg,식사류
CU,미스티)한입바나나쿠키60g,2500,2+1,https://tqklhszfkvzk6518638.edge.naverncp.com/product/8809788013699.jpg,간식류
CU,PBICK)한끼옥수수220g,2500,2+1,https://tqklhszfkvzk6518638.edge.naverncp.com/product/6957911792330.jpg,기타
CU,조흥)고구마스트링치즈,1200,2+1,https://tqklhszfkvzk6518638.edge.naverncp.com/product/8800296373039.jpg,간식류
CU,동서)그래놀라저당렌틸컵,2400,2+1,https://tqklhszfkvzk6518638.edge.naverncp.com/product/8801037099768.jpg,기타
CU,사조)쥐포후라이드허니,5900,2+1,https://tqklhszfkvzk6518638.edge.naverncp.com/product/8801039011775.jpg,간식류
CU,사조)쥐포후라이드불닭,5900,2+1,https://tqklhszfkvzk6518638.edge.naverncp.com/product/8801039011782.jpg,간식류
CU,서주)솔티버터와플55g,2000,2+1,https://tqklhszfkvzk6518638.edge.naverncp.com/product/8809592642399.jpg,기타
CU,갸스비)바디페이퍼10매,4800,2+1,https://tqklhszfkvzk6518638.edge.naverncp.com/product/4902806112726.jpg,기타
CU,삼립)로스트치킨불닭양념,8900,2+1,https://tqklhszfkvzk6518638.edge.naverncp.com/product/8801068939859.jpg,기타
CU,삼립)로스트치킨소금구이,8900,2+1,https://tqklhszfkvzk6518638.edge.naverncp.com/product/8801068939866.jpg,기타
CU,따우전드)블루베리잼쿠키,2800,2+1,https://tqklhszfkvzk6518638.edge.naverncp.com/product/8809477910841.jpg,간식류
CU,농심)망고킥60g,1700,2+1,https://tqklhszfkvzk6518638.edge.naverncp.com/product/8801043064767.jpg,기타
CU,랩노쉬)N프로틴쿠앤크P350,3800,2+1,https://tqklhszfkvzk6518638.edge.naverncp.com/product/8800261388594.jpg,기타
CU,CJ)비비고닭곰탕500g,5900,2+1,https://tqklhszfkvzk6518638.edge.naverncp.com/product/8801007556376.jpg,식사류
CU,오뚜기)진라면약매큰컵,1400,2+1,https://tqklhszfkvzk6518638.edge.naverncp.com/product/8801045823898.jpg,식사류
CU,사조)로얄크랩디핑100g,5500,2+1,https://tqklhszfkvzk6518638.edge.naverncp.com/product/8801066065826.jpg,기타
CU,삼립)딥치즈소시지부리또,3500,2+1,https://tqklhszfkvzk6518638.edge.naverncp.com/product/8801068941746.jpg,간식류
CU,CJ)오븐생선살레몬올리브,4500,2+1,https://tqklhszfkvzk6518638.edge.naverncp.com/product/8801392172670.jpg,기타
CU,해태)자가비멕시칸타코맛,2000,2+1,https://tqklhszfkvzk6518638.edge.naverncp.com/product/8801019613692.jpg,간식류
CU,해태)감자칩멕시칸타코맛,2000,2+1,https://tqklhszfkvzk6518638.edge.naverncp.com/product/8801019613715.jpg,간식류
CU,오뚜기)진라면약매소컵,1100,2+1,https://tqklhszfkvzk6518638.edge.naverncp.com/product/8801045643359.jpg,식사류
CU,삼립)그레이비해쉬부리또,3500,2+1,https://tqklhszfkvzk6518638.edge.naverncp.com/product/8801068941739.jpg,기타
CU,CJ)들기름햇반200g,2900,2+1,https://tqklhszfkvzk6518638.edge.naverncp.com/product/8801392179136.jpg,기타
CU,서울FB)우베딥라떼250,2800,2+1,https://tqklhszfkvzk6518638.edge.naverncp.com/product/8809350889271.jpg,음료
CU,농심)자갈치141g,3200,2+1,https://tqklhszfkvzk6518638.edge.naverncp.com/product/8801043036276.jpg,기타
CU,농심)바나나킥118g,3200,2+1,https://tqklhszfkvzk6518638.edge.naverncp.com/product/8801043036658.jpg,기타
CU,마즈)스니커즈아이스바,3500,2+1,https://tqklhszfkvzk6518638.edge.naverncp.com/product/5000159460880.jpg,간식류
CU,마즈)트윅스아이스바,3500,2+1,https://tqklhszfkvzk6518638.edge.naverncp.com/product/5000159484640.jpg,간식류
CU,해태)구운나초104g,4000,2+1,https://tqklhszfkvzk6518638.edge.naverncp.com/product/8801019320538.jpg,간식류
CU,동서)오레오오즈바딥초코,1900,2+1,https://tqklhszfkvzk6518638.edge.naverncp.com/product/8801037099966.jpg,기타
CU,동서)오레오오즈바,1900,2+1,https://tqklhszfkvzk6518638.edge.naverncp.com/product/8801037099973.jpg,기타
CU,농심)신라면로제봉지,1500,2+1,https://tqklhszfkvzk6518638.edge.naverncp.com/product/8801043065368.jpg,식사류
CU,오뚜기)컵떡볶이오리지널,3900,2+1,https://tqklhszfkvzk6518638.edge.naverncp.com/product/8801045676869.jpg,간식류
CU,오뚜기)컵떡볶이로제맛,3900,2+1,https://tqklhszfkvzk6518638.edge.naverncp.com/product/8801045906560.jpg,간식류
CU,한성)일품촉촉스틱오징어,6600,2+1,https://tqklhszfkvzk6518638.edge.naverncp.com/product/8801074010528.jpg,기타
CU,한성)일품촉촉스틱매콤,6600,2+1,https://tqklhszfkvzk6518638.edge.naverncp.com/product/8801074010535.jpg,기타
CU,SG)마이프로틴초콜릿P350,3800,2+1,https://tqklhszfkvzk6518638.edge.naverncp.com/product/8809540092955.jpg,간식류
CU,SG)마이프로틴밀크티P350,3800,2+1,https://tqklhszfkvzk6518638.edge.naverncp.com/product/8809540092962.jpg,기타
CU,농심)포테토칩양념치킨86g,3200,2+1,https://tqklhszfkvzk6518638.edge.naverncp.com/product/8801043047272.jpg,기타
CU,농심)포테토칩교촌치킨95g,3200,2+1,https://tqklhszfkvzk6518638.edge.naverncp.com/product/8801043060073.jpg,간식류
CU,오뚜기)컵누들저당로제맛,1800,2+1,https://tqklhszfkvzk6518638.edge.naverncp.com/product/8801045335612.jpg,기타
CU,라라스윗)저당바닐라웨하,2400,2+1,https://tqklhszfkvzk6518638.edge.naverncp.com/product/8804433103893.jpg,기타
CU,RU21)웨이크업스틱사과맛,3900,2+1,https://tqklhszfkvzk6518638.edge.naverncp.com/product/8809123170049.jpg,기타
CU,RU21)웨이크업스틱꿀배맛,3900,2+1,https://tqklhszfkvzk6518638.edge.naverncp.com/product/8809123170070.jpg,기타
CU,고래사)더블치즈할라피뇨,4000,2+1,https://tqklhszfkvzk6518638.edge.naverncp.com/product/8809265027386.jpg,기타
CU,더본)빽짜장컵,2000,2+1,https://tqklhszfkvzk6518638.edge.naverncp.com/product/8801045245980.jpg,기타
CU,더본)빽라면컵,1800,2+1,https://tqklhszfkvzk6518638.edge.naverncp.com/product/8801045922959.jpg,식사류
CU,아침)계란게살볶음밥200g,3200,2+1,https://tqklhszfkvzk6518638.edge.naverncp.com/product/8809492083247.jpg,식사류
CU,농심)포테토칩엽떡로제55g,1700,2+1,https://tqklhszfkvzk6518638.edge.naverncp.com/product/8801043067799.jpg,간식류
emart24,하이트)제로(무알콜)캔500ml,2800,1 + 1,https://msave.emart24.co.kr/cmsbo/upload/nHq/plu_image/500x500/8801001236434.JPG,기타
emart24,하이트)테라제로캔350ml,2400,1 + 1,https://msave.emart24.co.kr/cmsbo/upload/nHq/plu_image/500x500/8801001237882.JPG,기타
emart24,하이트)블랙보리펫520ml,2500,1 + 1,https://msave.emart24.co.kr/cmsbo/upload/nHq/plu_image/500x500/8801001238049.JPG,음료
emart24,하이트)블랙보리라이트펫520ml,2200,1 + 1,https://msave.emart24.co.kr/cmsbo/upload/nHq/plu_image/500x500/8801001238179.JPG,음료
emart24,하이트)블랙보리누룽지펫520ml,2200,1 + 1,https://msave.emart24.co.kr/cmsbo/upload/nHq/plu_image/500x500/8801001238391.JPG,음료
emart24,HK)헛개수펫500ml,2500,1 + 1,https://msave.emart24.co.kr/cmsbo/upload/nHq/plu_image/500x500/8801007171210.JPG,음료
emart24,CJ)한뿌리홍삼대보병100ml,5000,1 + 1,https://msave.emart24.co.kr/cmsbo/upload/nHq/plu_image/500x500/8801007955551.JPG,기타
emart24,삼양사)상쾌환부스터병100ml,5000,1 + 1,https://msave.emart24.co.kr/cmsbo/upload/nHq/plu_image/500x500/8801013777260.JPG,기타
emart24,삼양사)상쾌환부스터제로병100ml,5000,1 + 1,https://msave.emart24.co.kr/cmsbo/upload/nHq/plu_image/500x500/8801013777468.JPG,기타
emart24,오뚜기)컵밥전주식콩나물국밥,5400,1 + 1,https://msave.emart24.co.kr/cmsbo/upload/nHq/plu_image/500x500/8801045349473.JPG,식사류
emart24,동원)보성홍차복숭아제로아이스티펫500ml,2500,1 + 1,https://msave.emart24.co.kr/cmsbo/upload/nHq/plu_image/500x500/8801047284482.JPG,음료
emart24,동원)보성홍차레몬제로아이스티펫500ml,2500,1 + 1,https://msave.emart24.co.kr/cmsbo/upload/nHq/plu_image/500x500/8801047284499.JPG,음료
emart24,동원)보성홍차애플제로아이스티펫500ml,2500,1 + 1,https://msave.emart24.co.kr/cmsbo/upload/nHq/plu_image/500x500/8801047284550.JPG,음료
emart24,동원)보성홍차샤인머스캣제로아이스티펫500ml,2500,1 + 1,https://msave.emart24.co.kr/cmsbo/upload/nHq/plu_image/500x500/8801047284598.JPG,음료
emart24,동원)비타C자몽에이드제로펫500ml,2200,1 + 1,https://msave.emart24.co.kr/cmsbo/upload/nHq/plu_image/500x500/8801047284642.JPG,음료
emart24,동원)샘물펫500ml(QR),1000,1 + 1,https://msave.emart24.co.kr/cmsbo/upload/nHq/plu_image/500x500/8801047287957.JPG,기타
emart24,동원)샘물펫2L(QR),1600,1 + 1,https://msave.emart24.co.kr/cmsbo/upload/nHq/plu_image/500x500/8801047287964.JPG,기타
emart24,동원)샘물펫500ml,1000,1 + 1,https://msave.emart24.co.kr/cmsbo/upload/nHq/plu_image/500x500/8801047288114.JPG,기타
emart24,동원)샘물펫2L,1600,1 + 1,https://msave.emart24.co.kr/cmsbo/upload/nHq/plu_image/500x500/8801047288213.JPG,기타
emart24,동원)오미자차펫500ml,2200,1 + 1,https://msave.emart24.co.kr/cmsbo/upload/nHq/plu_image/500x500/8801047289685.JPG,음료
emart24,동원)보성말차펫500ml,2200,1 + 1,https://msave.emart24.co.kr/cmsbo/upload/nHq/plu_image/500x500/8801047289852.JPG,음료
emart24,동원)양반매실차펫500ml,2200,1 + 1,https://msave.emart24.co.kr/cmsbo/upload/nHq/plu_image/500x500/8801047291282.JPG,음료
emart24,동원)보성홍차한라봉제로아이스티펫500ml,2500,1 + 1,https://msave.emart24.co.kr/cmsbo/upload/nHq/plu_image/500x500/8801047496083.JPG,음료
emart24,롯데)2%복숭아제로펫500ml,2000,1 + 1,https://msave.emart24.co.kr/cmsbo/upload/nHq/plu_image/500x500/8801056002725.JPG,기타
emart24,롯데)밀키스캔340ml,1800,1 + 1,https://msave.emart24.co.kr/cmsbo/upload/nHq/plu_image/500x500/8801056043551.JPG,기타
emart24,롯데)핫식스더킹파워캔355ml,2500,1 + 1,https://msave.emart24.co.kr/cmsbo/upload/nHq/plu_image/500x500/8801056098834.JPG,기타
emart24,롯데)핫식스더킹포스캔355ml,2500,1 + 1,https://msave.emart24.co.kr/cmsbo/upload/nHq/plu_image/500x500/8801056171032.JPG,기타
emart24,롯데)펩시콜라제로펫500ml,2500,1 + 1,https://msave.emart24.co.kr/cmsbo/upload/nHq/plu_image/500x500/8801056175955.JPG,음료
emart24,롯데)칠성사이다제로펫1.5L,4200,1 + 1,https://msave.emart24.co.kr/cmsbo/upload/nHq/plu_image/500x500/8801056177553.JPG,음료
emart24,롯데)칠성사이다제로펫500ml,2500,1 + 1,https://msave.emart24.co.kr/cmsbo/upload/nHq/plu_image/500x500/8801056177584.JPG,음료
emart24,롯데)핫식스더킹러쉬캔355ml,2500,1 + 1,https://msave.emart24.co.kr/cmsbo/upload/nHq/plu_image/500x500/8801056178925.JPG,기타
emart24,롯데)펩시콜라펫600ml,2500,1 + 1,https://msave.emart24.co.kr/cmsbo/upload/nHq/plu_image/500x500/8801056193010.JPG,음료
emart24,롯데)펩시콜라제로펫1.5L,4200,1 + 1,https://msave.emart24.co.kr/cmsbo/upload/nHq/plu_image/500x500/8801056226459.JPG,음료
emart24,롯데)핫식스더킹제로캔355ml,2500,1 + 1,https://msave.emart24.co.kr/cmsbo/upload/nHq/plu_image/500x500/8801056228255.JPG,기타
emart24,롯데)탐스제로파인애플캔355ml,1500,1 + 1,https://msave.emart24.co.kr/cmsbo/upload/nHq/plu_image/500x500/8801056231682.JPG,기타
emart24,롯데)핫식스더킹크러쉬피치캔355ml,2500,1 + 1,https://msave.emart24.co.kr/cmsbo/upload/nHq/plu_image/500x500/8801056234423.JPG,기타
emart24,롯데)핫식스더킹퍼플그레이프캔355ml,2500,1 + 1,https://msave.emart24.co.kr/cmsbo/upload/nHq/plu_image/500x500/8801056240998.JPG,기타
emart24,롯데)펩시콜라제로카페인펫500ml,2500,1 + 1,https://msave.emart24.co.kr/cmsbo/upload/nHq/plu_image/500x500/8801056245085.JPG,음료
emart24,롯데)핫식스더킹애플캔355ml,2500,1 + 1,https://msave.emart24.co.kr/cmsbo/upload/nHq/plu_image/500x500/8801056249212.JPG,기타
emart24,롯데)마운틴듀제로캔355ml,1800,1 + 1,https://msave.emart24.co.kr/cmsbo/upload/nHq/plu_image/500x500/8801056249892.JPG,기타
emart24,롯데)2%레몬라임펫500ml,2000,1 + 1,https://msave.emart24.co.kr/cmsbo/upload/nHq/plu_image/500x500/8801056251062.JPG,기타
emart24,롯데)핫식스더킹아이스피치제로캔355ml,2500,1 + 1,https://msave.emart24.co.kr/cmsbo/upload/nHq/plu_image/500x500/8801056251253.JPG,기타
emart24,롯데)칠성사이다제로라임펫500ml,2500,1 + 1,https://msave.emart24.co.kr/cmsbo/upload/nHq/plu_image/500x500/8801056251727.JPG,음료
emart24,롯데)더하다파로귀리펫500ml,2000,1 + 1,https://msave.emart24.co.kr/cmsbo/upload/nHq/plu_image/500x500/8801056252731.JPG,기타
emart24,롯데)마운틴듀캔355ml,1800,1 + 1,https://msave.emart24.co.kr/cmsbo/upload/nHq/plu_image/500x500/8801056716011.JPG,기타
emart24,롯데)핫식스더킹파인버스트캔355ml,2500,1 + 1,https://msave.emart24.co.kr/cmsbo/upload/nHq/plu_image/500x500/8801056910693.JPG,기타
emart24,롯데)해피즈레몬라임캔355ml,3000,1 + 1,https://msave.emart24.co.kr/cmsbo/upload/nHq/plu_image/500x500/8801056910716.JPG,기타
emart24,롯데)해피즈트로피칼캔355ml,3000,1 + 1,https://msave.emart24.co.kr/cmsbo/upload/nHq/plu_image/500x500/8801056910723.JPG,기타
emart24,롯데)해피즈팝핑체리캔355ml,3000,1 + 1,https://msave.emart24.co.kr/cmsbo/upload/nHq/plu_image/500x500/8801056910730.JPG,기타
emart24,롯데)펩시제로피치펫500ml,2500,1 + 1,https://msave.emart24.co.kr/cmsbo/upload/nHq/plu_image/500x500/8801056911027.JPG,음료
emart24,롯데)핫식스글로우피치살구캔355ml,2500,1 + 1,https://msave.emart24.co.kr/cmsbo/upload/nHq/plu_image/500x500/8801056911072.JPG,기타
emart24,롯데)핫식스글로우사과포멜로캔355ml,2500,1 + 1,https://msave.emart24.co.kr/cmsbo/upload/nHq/plu_image/500x500/8801056911171.JPG,기타
emart24,롯데)칠성사이다제로유자펫500ml,2500,1 + 1,https://msave.emart24.co.kr/cmsbo/upload/nHq/plu_image/500x500/8801056911270.JPG,음료
emart24,롯데)립톤스파클링제로캔355ml,1800,1 + 1,https://msave.emart24.co.kr/cmsbo/upload/nHq/plu_image/500x500/8801056911379.JPG,기타
emart24,롯데)펩시엑스트라피즈펫500ml,2500,1 + 1,https://msave.emart24.co.kr/cmsbo/upload/nHq/plu_image/500x500/8801056911782.JPG,음료
emart24,코카)파워에이드제로라임펫600ml,2400,1 + 1,https://msave.emart24.co.kr/cmsbo/upload/nHq/plu_image/500x500/8801094000288.JPG,음료
emart24,코카)콜라제로제로펫500ml,2400,1 + 1,https://msave.emart24.co.kr/cmsbo/upload/nHq/plu_image/500x500/8801094000554.JPG,음료
emart24,코카)스프라이트제로위드티펫500ml,2200,1 + 1,https://msave.emart24.co.kr/cmsbo/upload/nHq/plu_image/500x500/8801094001704.JPG,음료
emart24,코카)콜라제로레몬펫500ml,2400,1 + 1,https://msave.emart24.co.kr/cmsbo/upload/nHq/plu_image/500x500/8801094062675.JPG,음료
emart24,코카)콜라체리제로펫500ml,2400,1 + 1,https://msave.emart24.co.kr/cmsbo/upload/nHq/plu_image/500x500/8801094072667.JPG,음료
emart24,코카)콜라제로펫1.5L,4000,1 + 1,https://msave.emart24.co.kr/cmsbo/upload/nHq/plu_image/500x500/8801094082406.JPG,음료
emart24,코카)스프라이트펫500ml,2200,1 + 1,https://msave.emart24.co.kr/cmsbo/upload/nHq/plu_image/500x500/8801094202606.JPG,음료
emart24,코카)스프라이트캔350ml,1900,1 + 1,https://msave.emart24.co.kr/cmsbo/upload/nHq/plu_image/500x500/8801094203207.JPG,음료
emart24,코카)환타제로파인캔350ml,1700,1 + 1,https://msave.emart24.co.kr/cmsbo/upload/nHq/plu_image/500x500/8801094263218.JPG,음료
emart24,코카)환타제로오렌지캔350ml,1700,1 + 1,https://msave.emart24.co.kr/cmsbo/upload/nHq/plu_image/500x500/8801094347208.JPG,음료
emart24,코카)토레타펫500ml,2200,1 + 1,https://msave.emart24.co.kr/cmsbo/upload/nHq/plu_image/500x500/8801094412005.JPG,음료
emart24,코카)토레타제로펫500ml,2200,1 + 1,https://msave.emart24.co.kr/cmsbo/upload/nHq/plu_image/500x500/8801094412371.JPG,음료
emart24,코카)파워에이드스칼렛스톰펫600ml,2400,1 + 1,https://msave.emart24.co.kr/cmsbo/upload/nHq/plu_image/500x500/8801094602703.JPG,음료
emart24,코카)파워에이드퍼플스톰펫600ml,2400,1 + 1,https://msave.emart24.co.kr/cmsbo/upload/nHq/plu_image/500x500/8801094603700.JPG,음료
emart24,코카)스프라이트제로펫500ml,2200,1 + 1,https://msave.emart24.co.kr/cmsbo/upload/nHq/plu_image/500x500/8801094962104.JPG,음료
emart24,코카)스프라이트제로캔350ml,1900,1 + 1,https://msave.emart24.co.kr/cmsbo/upload/nHq/plu_image/500x500/8801094963200.JPG,음료
emart24,동아)나랑드사이다제로캔245ml,1500,1 + 1,https://msave.emart24.co.kr/cmsbo/upload/nHq/plu_image/500x500/8801097135215.JPG,음료
emart24,동아)나랑드사이다제로파인캔245ml,1500,1 + 1,https://msave.emart24.co.kr/cmsbo/upload/nHq/plu_image/500x500/8801097136618.JPG,음료
emart24,동아)나랑드사이다제로펫500ml,2000,1 + 1,https://msave.emart24.co.kr/cmsbo/upload/nHq/plu_image/500x500/8801097235014.JPG,음료
emart24,동아)엑스코카스에너지캔355ml,2300,1 + 1,https://msave.emart24.co.kr/cmsbo/upload/nHq/plu_image/500x500/8801097824317.JPG,음료
emart24,코카)갈배사이다펫500ml,2300,1 + 1,https://msave.emart24.co.kr/cmsbo/upload/nHq/plu_image/500x500/8801105915679.JPG,음료
emart24,코카)봉봉애사비소다펫500ml,2500,1 + 1,https://msave.emart24.co.kr/cmsbo/upload/nHq/plu_image/500x500/8801105916959.JPG,음료
emart24,오리온)닥터유제주용암수펫530ml,1000,1 + 1,https://msave.emart24.co.kr/cmsbo/upload/nHq/plu_image/500x500/8801117070007.JPG,간식류
emart24,덴마크)테이크얼라이브스위티자몽제로펫500ml,2500,1 + 1,https://msave.emart24.co.kr/cmsbo/upload/nHq/plu_image/500x500/8801155740054.JPG,기타
emart24,덴마크)테이크얼라이브망고제로펫500ml,2500,1 + 1,https://msave.emart24.co.kr/cmsbo/upload/nHq/plu_image/500x500/8801155740061.JPG,기타
emart24,웅진)오곡누룽지펫500ml,2200,1 + 1,https://msave.emart24.co.kr/cmsbo/upload/nHq/plu_image/500x500/8801382135036.JPG,기타
emart24,웅진)빅토리아레몬펫500ml,1800,1 + 1,https://msave.emart24.co.kr/cmsbo/upload/nHq/plu_image/500x500/8801382145080.JPG,기타
emart24,웅진)광명찾은결명자차펫500ml,2200,1 + 1,https://msave.emart24.co.kr/cmsbo/upload/nHq/plu_image/500x500/8801382145769.JPG,음료
emart24,웅진)빅토리아청포도펫500ml,1800,1 + 1,https://msave.emart24.co.kr/cmsbo/upload/nHq/plu_image/500x500/8801382147060.JPG,기타
emart24,웅진)옥수수수염차펫500ml,2200,1 + 1,https://msave.emart24.co.kr/cmsbo/upload/nHq/plu_image/500x500/8801382148449.JPG,음료
emart24,웅진)티즐제로피치우롱티펫500ml,2500,1 + 1,https://msave.emart24.co.kr/cmsbo/upload/nHq/plu_image/500x500/8801382148500.JPG,기타
emart24,웅진)티즐제로유자그린티펫500ml,2500,1 + 1,https://msave.emart24.co.kr/cmsbo/upload/nHq/plu_image/500x500/8801382148524.JPG,기타
emart24,웅진)티즐제로자몽블랙티펫500ml,2500,1 + 1,https://msave.emart24.co.kr/cmsbo/upload/nHq/plu_image/500x500/8801382149743.JPG,기타
emart24,웅진)자연은더말린복숭아제로펫500ml,2500,1 + 1,https://msave.emart24.co.kr/cmsbo/upload/nHq/plu_image/500x500/8801382150206.JPG,기타
emart24,웅진)자연은더말린자몽제로펫500ml,2500,1 + 1,https://msave.emart24.co.kr/cmsbo/upload/nHq/plu_image/500x500/8801382150220.JPG,기타
emart24,웅진)푸룬부스터펫200ml,4500,1 + 1,https://msave.emart24.co.kr/cmsbo/upload/nHq/plu_image/500x500/8801382150626.JPG,기타
emart24,웅진)유기농하늘보리펫500ml,2500,1 + 1,https://msave.emart24.co.kr/cmsbo/upload/nHq/plu_image/500x500/8801382151449.JPG,음료
emart24,웅진)카무트현미차펫500ml,2500,1 + 1,https://msave.emart24.co.kr/cmsbo/upload/nHq/plu_image/500x500/8801382151777.JPG,음료
emart24,옐로우)프루티리치캐모마일제로펫500ml,2300,1 + 1,https://msave.emart24.co.kr/cmsbo/upload/nHq/plu_image/500x500/8801382152392.JPG,기타
emart24,옐로우)프루티매실그린제로펫500ml,2300,1 + 1,https://msave.emart24.co.kr/cmsbo/upload/nHq/plu_image/500x500/8801382152408.JPG,기타
emart24,옐로우)프루티유자민트제로펫500ml,2300,1 + 1,https://msave.emart24.co.kr/cmsbo/upload/nHq/plu_image/500x500/8801382152415.JPG,기타
emart24,옐로우)소프트워터청포도제로500ml,2500,1 + 1,https://msave.emart24.co.kr/cmsbo/upload/nHq/plu_image/500x500/8801382152699.JPG,음료
emart24,옐로우)소프트워터복숭아제로500ml,2500,1 + 1,https://msave.emart24.co.kr/cmsbo/upload/nHq/plu_image/500x500/8801382152712.JPG,음료
emart24,옐로우)에너지워터블루레몬제로500ml,2500,1 + 1,https://msave.emart24.co.kr/cmsbo/upload/nHq/plu_image/500x500/8801382152736.JPG,음료
emart24,웅진)생차녹차500ml,2500,1 + 1,https://msave.emart24.co.kr/cmsbo/upload/nHq/plu_image/500x500/8801382152798.JPG,음료
emart24,웅진)생차호지차500ml,2500,1 + 1,https://msave.emart24.co.kr/cmsbo/upload/nHq/plu_image/500x500/8801382152811.JPG,음료
emart24,옐로우)프루티망고우롱제로펫500ml,2300,1 + 1,https://msave.emart24.co.kr/cmsbo/upload/nHq/plu_image/500x500/8801382153146.JPG,기타
emart24,CJ)햇반파로누룽지차펫500ml,2500,1 + 1,https://msave.emart24.co.kr/cmsbo/upload/nHq/plu_image/500x500/8801392177118.JPG,음료
emart24,CJ)햇반루피니빈보리차펫500ml,2500,1 + 1,https://msave.emart24.co.kr/cmsbo/upload/nHq/plu_image/500x500/8801392183874.JPG,음료
emart24,CJ)햇반레드빈호박차펫500ml,2500,1 + 1,https://msave.emart24.co.kr/cmsbo/upload/nHq/plu_image/500x500/8801392186400.JPG,음료
emart24,연세)블루이글포커스캔355ml,2300,1 + 1,https://msave.emart24.co.kr/cmsbo/upload/nHq/plu_image/500x500/8801753116848.JPG,기타
emart24,연세)블루이글밸런스캔355ml,2300,1 + 1,https://msave.emart24.co.kr/cmsbo/upload/nHq/plu_image/500x500/8801753116862.JPG,기타
emart24,청정)몽베스트펫500ml(QR),1100,1 + 1,https://msave.emart24.co.kr/cmsbo/upload/nHq/plu_image/500x500/8803186000992.JPG,생수
emart24,종근당건강)아임비타에너지샷병100ml,1500,1 + 1,https://msave.emart24.co.kr/cmsbo/upload/nHq/plu_image/500x500/8805915916901.JPG,기타
emart24,광동)헛개파워병100ml,5000,1 + 1,https://msave.emart24.co.kr/cmsbo/upload/nHq/plu_image/500x500/8806002010861.JPG,기타
emart24,광동)밀싹보리차펫500ml,2200,1 + 1,https://msave.emart24.co.kr/cmsbo/upload/nHq/plu_image/500x500/8806002020174.JPG,음료
emart24,광동)더진한헛개차골드라벨펫500ml,3300,1 + 1,https://msave.emart24.co.kr/cmsbo/upload/nHq/plu_image/500x500/8806002020334.JPG,음료
emart24,광동)비타500이온킥제로펫1.5L,4500,1 + 1,https://msave.emart24.co.kr/cmsbo/upload/nHq/plu_image/500x500/8806002025469.JPG,음료
emart24,광동)유기농옥수수수염차펫500ml,2500,1 + 1,https://msave.emart24.co.kr/cmsbo/upload/nHq/plu_image/500x500/8806002025636.JPG,음료
emart24,동화)배러푸룬펫120g,3500,1 + 1,https://msave.emart24.co.kr/cmsbo/upload/nHq/plu_image/500x500/8806016185289.JPG,기타
emart24,동화)부채표소다활펫500ml,2500,1 + 1,https://msave.emart24.co.kr/cmsbo/upload/nHq/plu_image/500x500/8806016186491.JPG,음료
emart24,쟈뎅)제주청보리차펫500ml,2200,1 + 1,https://msave.emart24.co.kr/cmsbo/upload/nHq/plu_image/500x500/8808024030803.JPG,음료
emart24,풀무원)샘물펫500ml(QR),1000,1 + 1,https://msave.emart24.co.kr/cmsbo/upload/nHq/plu_image/500x500/8809169710179.JPG,기타
emart24,풀무원)곡물차하루귀리펫500ml,2500,1 + 1,https://msave.emart24.co.kr/cmsbo/upload/nHq/plu_image/500x500/8809169710872.JPG,음료
emart24,풀무원)샘물펫2L(QR),1950,1 + 1,https://msave.emart24.co.kr/cmsbo/upload/nHq/plu_image/500x500/8809169711138.JPG,기타
emart24,테일러)블루베리주스펫180ml,3500,1 + 1,https://msave.emart24.co.kr/cmsbo/upload/nHq/plu_image/500x500/8809170540352.JPG,음료
emart24,딥스)춘식이해양심층수펫500ml,1500,1 + 1,https://msave.emart24.co.kr/cmsbo/upload/nHq/plu_image/500x500/8809309399936.JPG,기타
emart24,천지개벽)병100ml(NEW),5000,1 + 1,https://msave.emart24.co.kr/cmsbo/upload/nHq/plu_image/500x500/8809329050541.JPG,기타
emart24,HK)새싹보리펫500ml,2500,1 + 1,https://msave.emart24.co.kr/cmsbo/upload/nHq/plu_image/500x500/8809422041125.JPG,음료
emart24,HK)헛개수EX펫500ml,3000,1 + 1,https://msave.emart24.co.kr/cmsbo/upload/nHq/plu_image/500x500/8809422041729.JPG,음료
emart24,HK)티로그청귤아이스티제로펫500ml,2500,1 + 1,https://msave.emart24.co.kr/cmsbo/upload/nHq/plu_image/500x500/8809422044430.JPG,기타
emart24,HK)티로그복숭아아이스티제로펫500ml,2500,1 + 1,https://msave.emart24.co.kr/cmsbo/upload/nHq/plu_image/500x500/8809422044447.JPG,기타
emart24,HK)티로그애플청포도아이스티제로펫500ml,2500,1 + 1,https://msave.emart24.co.kr/cmsbo/upload/nHq/plu_image/500x500/8809422045925.JPG,기타
emart24,HK)티로그자두아이스티제로펫500ml,2500,1 + 1,https://msave.emart24.co.kr/cmsbo/upload/nHq/plu_image/500x500/8809422045932.JPG,기타
emart24,HK)컨디션스파클링자몽제로병100ml,5000,1 + 1,https://msave.emart24.co.kr/cmsbo/upload/nHq/plu_image/500x500/8809422046045.JPG,기타
emart24,HK)새싹보리블랙펫500ml,2500,1 + 1,https://msave.emart24.co.kr/cmsbo/upload/nHq/plu_image/500x500/8809422046106.JPG,음료
emart24,HK)컨디션제로스파클링메론소다병100ml,5000,1 + 1,https://msave.emart24.co.kr/cmsbo/upload/nHq/plu_image/500x500/8809422046762.JPG,기타
emart24,HK)티로그망고수박아이스티제로펫500ml,2500,1 + 1,https://msave.emart24.co.kr/cmsbo/upload/nHq/plu_image/500x500/8809422046991.JPG,기타
emart24,코아)캐치티니핑워터젤리복숭아110ml,1800,1 + 1,https://msave.emart24.co.kr/cmsbo/upload/nHq/plu_image/500x500/8809456260646.JPG,간식류
emart24,코아)캐치티니핑하루키즈포도100ml,1800,1 + 1,https://msave.emart24.co.kr/cmsbo/upload/nHq/plu_image/500x500/8809456260783.JPG,기타
emart24,코아)캐치티니핑하루키즈소다100ml,1800,1 + 1,https://msave.emart24.co.kr/cmsbo/upload/nHq/plu_image/500x500/8809456260806.JPG,음료
emart24,링티)제로복숭아펫500ml,2900,1 + 1,https://msave.emart24.co.kr/cmsbo/upload/nHq/plu_image/500x500/8809626920295.JPG,기타
emart24,링티)레몬라이트제로펫500ml,3200,1 + 1,https://msave.emart24.co.kr/cmsbo/upload/nHq/plu_image/500x500/8809626921407.JPG,기타
emart24,링티)리커버리기어샤인머스켓라임펫500ml,2900,1 + 1,https://msave.emart24.co.kr/cmsbo/upload/nHq/plu_image/500x500/8809799270500.JPG,기타
emart24,링티)리커버리기어자몽오렌지펫500ml,2900,1 + 1,https://msave.emart24.co.kr/cmsbo/upload/nHq/plu_image/500x500/8809799270531.JPG,기타
emart24,동원)양반유자제로펫500ml,2200,1 + 1,https://msave.emart24.co.kr/cmsbo/upload/nHq/plu_image/500x500/8809848280085.JPG,기타
emart24,동원)양반누룽지펫500ml,2200,1 + 1,https://msave.emart24.co.kr/cmsbo/upload/nHq/plu_image/500x500/8809848280412.JPG,기타
emart24,말차310)통딸기말차모찌70g(냉동),2900,1 + 1,https://msave.emart24.co.kr/cmsbo/upload/nHq/plu_image/500x500/8800244010559.JPG,간식류
emart24,자망요)자망요크림모찌60g(냉동),2900,1 + 1,https://msave.emart24.co.kr/cmsbo/upload/nHq/plu_image/500x500/8800244010689.JPG,간식류
emart24,CJ)맥스봉치즈50g,2200,1 + 1,https://msave.emart24.co.kr/cmsbo/upload/nHq/plu_image/500x500/8801007021652.JPG,간식류
emart24,CJ)동치미냉면육수300g,2500,1 + 1,https://msave.emart24.co.kr/cmsbo/upload/nHq/plu_image/500x500/8801007033686.JPG,식사류
emart24,CJ)백설햄숯불갈비후랑크120g,3700,1 + 1,https://msave.emart24.co.kr/cmsbo/upload/nHq/plu_image/500x500/8801007034980.JPG,기타
emart24,CJ)전통냉면사리150g,2500,1 + 1,https://msave.emart24.co.kr/cmsbo/upload/nHq/plu_image/500x500/8801007071497.JPG,식사류
emart24,CJ)맥스봉청양고추후랑크80g,2700,1 + 1,https://msave.emart24.co.kr/cmsbo/upload/nHq/plu_image/500x500/8801007348308.JPG,간식류
emart24,CJ)맥스봉치즈70g,2600,1 + 1,https://msave.emart24.co.kr/cmsbo/upload/nHq/plu_image/500x500/8801007358499.JPG,간식류
emart24,CJ)맥스봉빅소시지150g,3900,1 + 1,https://msave.emart24.co.kr/cmsbo/upload/nHq/plu_image/500x500/8801007403793.JPG,간식류
emart24,CJ)맥스봉구운마늘후랑크80g,2700,1 + 1,https://msave.emart24.co.kr/cmsbo/upload/nHq/plu_image/500x500/8801007618807.JPG,간식류
emart24,CJ)맥스봉오리지널50g,2200,1 + 1,https://msave.emart24.co.kr/cmsbo/upload/nHq/plu_image/500x500/8801007849126.JPG,간식류
emart24,CJ)닭가슴살직화스테이크100g,4500,1 + 1,https://msave.emart24.co.kr/cmsbo/upload/nHq/plu_image/500x500/8801007880402.JPG,기타
emart24,CJ)닭가슴살소시지핫바80g,2900,1 + 1,https://msave.emart24.co.kr/cmsbo/upload/nHq/plu_image/500x500/8801007899985.JPG,간식류
emart24,CJ)닭가슴살청양고추핫바80g,2900,1 + 1,https://msave.emart24.co.kr/cmsbo/upload/nHq/plu_image/500x500/8801007951805.JPG,간식류
emart24,CJ)닭가슴살샐러드톡톡96g,4500,1 + 1,https://msave.emart24.co.kr/cmsbo/upload/nHq/plu_image/500x500/8801007966878.JPG,기타
emart24,오뚜기)오늘의만두300g,6400,1 + 1,https://msave.emart24.co.kr/cmsbo/upload/nHq/plu_image/500x500/8801045055046.JPG,식사류
emart24,오뚜기)순후추찐만두180g,4900,1 + 1,https://msave.emart24.co.kr/cmsbo/upload/nHq/plu_image/500x500/8801045196329.JPG,식사류
emart24,오뚜기)UNO페퍼로니피자180g,6500,1 + 1,https://msave.emart24.co.kr/cmsbo/upload/nHq/plu_image/500x500/8801045435169.JPG,식사류
emart24,오뚜기)UNO콤비네이션피자195g,6500,1 + 1,https://msave.emart24.co.kr/cmsbo/upload/nHq/plu_image/500x500/8801045751238.JPG,식사류
emart24,오뚜기)참깨찐만두180g,4900,1 + 1,https://msave.emart24.co.kr/cmsbo/upload/nHq/plu_image/500x500/8801045902340.JPG,식사류
emart24,동원)개성고기한입쏙만두168g,4900,1 + 1,https://msave.emart24.co.kr/cmsbo/upload/nHq/plu_image/500x500/8801047307808.JPG,식사류
emart24,동원)개성김치한입쏙만두168g,4900,1 + 1,https://msave.emart24.co.kr/cmsbo/upload/nHq/plu_image/500x500/8801047307907.JPG,식사류
emart24,동원)딤섬샤오롱바오168g,4900,1 + 1,https://msave.emart24.co.kr/cmsbo/upload/nHq/plu_image/500x500/8801047317302.JPG,기타
emart24,동원)리얼관자크랩스오리지널72g,4900,1 + 1,https://msave.emart24.co.kr/cmsbo/upload/nHq/plu_image/500x500/8801047513599.JPG,기타
emart24,동원)리얼관자크랩스버터72g,4900,1 + 1,https://msave.emart24.co.kr/cmsbo/upload/nHq/plu_image/500x500/8801047513605.JPG,기타
emart24,동원)어단백프로틴바두부70g,3500,1 + 1,https://msave.emart24.co.kr/cmsbo/upload/nHq/plu_image/500x500/8801047521006.JPG,간식류
emart24,동원)어단백프로틴바닭가슴살70g,3500,1 + 1,https://msave.emart24.co.kr/cmsbo/upload/nHq/plu_image/500x500/8801047521013.JPG,간식류
emart24,동원)그릴리직화닭가슴살스테이크100g,4500,1 + 1,https://msave.emart24.co.kr/cmsbo/upload/nHq/plu_image/500x500/8801047569800.JPG,기타
emart24,사조)스노우크랩킹140g,5500,1 + 1,https://msave.emart24.co.kr/cmsbo/upload/nHq/plu_image/500x500/8801066055438.JPG,기타
emart24,사조)스노우크랩킹버터갈릭140g,5500,1 + 1,https://msave.emart24.co.kr/cmsbo/upload/nHq/plu_image/500x500/8801066055445.JPG,기타
emart24,사조)구운마늘맛후랑크65g,2400,1 + 1,https://msave.emart24.co.kr/cmsbo/upload/nHq/plu_image/500x500/8801066065451.JPG,기타
emart24,사조)구운고추맛후랑크65g,2400,1 + 1,https://msave.emart24.co.kr/cmsbo/upload/nHq/plu_image/500x500/8801066065468.JPG,기타
emart24,사조)쫄깃탱탱어묵바70g,3300,1 + 1,https://msave.emart24.co.kr/cmsbo/upload/nHq/plu_image/500x500/8801066065901.JPG,기타
emart24,사조)화끈매콤어묵바70g,3300,1 + 1,https://msave.emart24.co.kr/cmsbo/upload/nHq/plu_image/500x500/8801066065918.JPG,기타
emart24,탕화쿵푸)마라직화구이65g,2400,1 + 1,https://msave.emart24.co.kr/cmsbo/upload/nHq/plu_image/500x500/8801074010269.JPG,기타
emart24,진주햄)천하장사28g,1500,1 + 1,https://msave.emart24.co.kr/cmsbo/upload/nHq/plu_image/500x500/8801077285701.JPG,간식류
emart24,진주햄)천하장사콰트로치즈70g,2800,1 + 1,https://msave.emart24.co.kr/cmsbo/upload/nHq/plu_image/500x500/8801077384800.JPG,간식류
emart24,롯데)롯데햄프랑크90g,3200,1 + 1,https://msave.emart24.co.kr/cmsbo/upload/nHq/plu_image/500x500/8801123002177.JPG,간식류
emart24,롯데)롯데햄프랑크매콤90g,3200,1 + 1,https://msave.emart24.co.kr/cmsbo/upload/nHq/plu_image/500x500/8801123002672.JPG,간식류
emart24,롯데)에센뽀득프랑크70g,2600,1 + 1,https://msave.emart24.co.kr/cmsbo/upload/nHq/plu_image/500x500/8801123307630.JPG,간식류
emart24,롯데)의성마늘직꾸닭100g,3200,1 + 1,https://msave.emart24.co.kr/cmsbo/upload/nHq/plu_image/500x500/8801123410347.JPG,기타
emart24,롯데)의성마늘직꾸닭매콤레드100g,3200,1 + 1,https://msave.emart24.co.kr/cmsbo/upload/nHq/plu_image/500x500/8801123410392.JPG,기타
emart24,CJ)비비고군만두315g,7800,1 + 1,https://msave.emart24.co.kr/cmsbo/upload/nHq/plu_image/500x500/8801392011528.JPG,식사류
emart24,CJ)비비고왕교자315g,7800,1 + 1,https://msave.emart24.co.kr/cmsbo/upload/nHq/plu_image/500x500/8801392011887.JPG,식사류
emart24,CJ)비비고김치왕교자315g,7800,1 + 1,https://msave.emart24.co.kr/cmsbo/upload/nHq/plu_image/500x500/8801392011962.JPG,식사류
emart24,CJ)정지선새우하가우135g,7800,1 + 1,https://msave.emart24.co.kr/cmsbo/upload/nHq/plu_image/500x500/8801392022654.JPG,기타
emart24,CJ)닭가슴살스테이크케이준100g,4500,1 + 1,https://msave.emart24.co.kr/cmsbo/upload/nHq/plu_image/500x500/8801392033223.JPG,기타
emart24,CJ)비비고썰은김치800g,17500,1 + 1,https://msave.emart24.co.kr/cmsbo/upload/nHq/plu_image/500x500/8801392049736.JPG,식사류
emart24,CJ)맥스봉오리지널25g,1200,1 + 1,https://msave.emart24.co.kr/cmsbo/upload/nHq/plu_image/500x500/8801392059636.JPG,간식류
emart24,CJ)맥스봉오리지널70g,2600,1 + 1,https://msave.emart24.co.kr/cmsbo/upload/nHq/plu_image/500x500/8801392060632.JPG,간식류
emart24,CJ)비비고찰보리감자만두300g,7800,1 + 1,https://msave.emart24.co.kr/cmsbo/upload/nHq/plu_image/500x500/8801392085963.JPG,식사류
emart24,CJ)고메소바바순살치킨240g,9900,1 + 1,https://msave.emart24.co.kr/cmsbo/upload/nHq/plu_image/500x500/8801392087073.JPG,기타
emart24,CJ)동그란스팸160g,5500,1 + 1,https://msave.emart24.co.kr/cmsbo/upload/nHq/plu_image/500x500/8801392088230.JPG,기타
emart24,CJ)맥스봉고소한치즈후랑크65g,2400,1 + 1,https://msave.emart24.co.kr/cmsbo/upload/nHq/plu_image/500x500/8801392090516.JPG,간식류
emart24,CJ)맥스봉매콤불고기핫바65g,2400,1 + 1,https://msave.emart24.co.kr/cmsbo/upload/nHq/plu_image/500x500/8801392090530.JPG,간식류
emart24,CJ)진한풍미후랑크65g,2400,1 + 1,https://msave.emart24.co.kr/cmsbo/upload/nHq/plu_image/500x500/8801392109782.JPG,기타
emart24,CJ)고메소바바양념치킨240g,9900,1 + 1,https://msave.emart24.co.kr/cmsbo/upload/nHq/plu_image/500x500/8801392112485.JPG,기타
emart24,CJ)하루낫또2입,3900,1 + 1,https://msave.emart24.co.kr/cmsbo/upload/nHq/plu_image/500x500/8801392136122.JPG,기타
emart24,CJ)비비고말차호떡210g,10900,1 + 1,https://msave.emart24.co.kr/cmsbo/upload/nHq/plu_image/500x500/8801392146114.JPG,간식류
emart24,CJ)정지선샤오롱바오141g,7800,1 + 1,https://msave.emart24.co.kr/cmsbo/upload/nHq/plu_image/500x500/8801392150012.JPG,기타
emart24,CJ)소바바마쏘킥치킨240g,9900,1 + 1,https://msave.emart24.co.kr/cmsbo/upload/nHq/plu_image/500x500/8801392151118.JPG,기타
emart24,CJ)비비고말차붕어빵240g,10900,1 + 1,https://msave.emart24.co.kr/cmsbo/upload/nHq/plu_image/500x500/8801392152443.JPG,식사류
emart24,CJ)소바바레드핫치킨240g,9900,1 + 1,https://msave.emart24.co.kr/cmsbo/upload/nHq/plu_image/500x500/8801392159084.JPG,기타
emart24,CJ)닭가슴살만두168g,5900,1 + 1,https://msave.emart24.co.kr/cmsbo/upload/nHq/plu_image/500x500/8801392164910.JPG,식사류
emart24,CJ)닭가슴살김치만두168g,5900,1 + 1,https://msave.emart24.co.kr/cmsbo/upload/nHq/plu_image/500x500/8801392164934.JPG,식사류
emart24,하림)돌아온매콤후랑크70g,2500,1 + 1,https://msave.emart24.co.kr/cmsbo/upload/nHq/plu_image/500x500/8801492384386.JPG,기타
emart24,하림)직화갈비맛핫바65g,2500,1 + 1,https://msave.emart24.co.kr/cmsbo/upload/nHq/plu_image/500x500/8801492392589.JPG,간식류
emart24,오뗄)그릴철판닭가슴살100g,4500,1 + 1,https://msave.emart24.co.kr/cmsbo/upload/nHq/plu_image/500x500/8802266200192.JPG,기타
emart24,오뗄)직화닭가슴살바페퍼&트러플향,2900,1 + 1,https://msave.emart24.co.kr/cmsbo/upload/nHq/plu_image/500x500/8802266500735.JPG,기타
emart24,오뗄)직화닭가슴살바후라이드치킨맛,2900,1 + 1,https://msave.emart24.co.kr/cmsbo/upload/nHq/plu_image/500x500/8802266500742.JPG,기타
emart24,오뗄)불고기맛후랑크65g,2500,1 + 1,https://msave.emart24.co.kr/cmsbo/upload/nHq/plu_image/500x500/8802266500810.JPG,기타
emart24,오뗄)마늘맛후랑크65g,2500,1 + 1,https://msave.emart24.co.kr/cmsbo/upload/nHq/plu_image/500x500/8802266500827.JPG,기타
emart24,미야오캣)곤약젤리복숭아130g,2000,1 + 1,https://msave.emart24.co.kr/cmsbo/upload/nHq/plu_image/500x500/8809293682472.JPG,간식류
emart24,미야오캣)곤약젤리포도130g,2000,1 + 1,https://msave.emart24.co.kr/cmsbo/upload/nHq/plu_image/500x500/8809293682489.JPG,간식류
emart24,알엔디)몬트락그릴후랑크200g,6600,1 + 1,https://msave.emart24.co.kr/cmsbo/upload/nHq/plu_image/500x500/8809641771001.JPG,기타
emart24,하림)맥시칸허니버터순살200g,9900,1 + 1,https://msave.emart24.co.kr/cmsbo/upload/nHq/plu_image/500x500/8809778497737.JPG,기타
emart24,하림)맥시칸갈릭앙념순살200g,9900,1 + 1,https://msave.emart24.co.kr/cmsbo/upload/nHq/plu_image/500x500/8809778497799.JPG,기타
emart24,하림)맥시칸크리스피순살250g,9900,1 + 1,https://msave.emart24.co.kr/cmsbo/upload/nHq/plu_image/500x500/8809778498314.JPG,기타
emart24,하림)맥시칸핫크리스피순살250g,9900,1 + 1,https://msave.emart24.co.kr/cmsbo/upload/nHq/plu_image/500x500/8809778498321.JPG,기타
emart24,하림)맥시칸양념치킨순살200g,9900,1 + 1,https://msave.emart24.co.kr/cmsbo/upload/nHq/plu_image/500x500/8809778499403.JPG,기타
emart24,오븐)숯불통다리(판매용),4800,1 + 1,https://msave.emart24.co.kr/cmsbo/upload/nHq/plu_image/500x500/1500000159023.JPG,기타
emart24,다우니퍼퓸)블랙미스티크향1L,16200,1 + 1,https://msave.emart24.co.kr/cmsbo/upload/nHq/plu_image/500x500/4902430507332.JPG,생활/위생용품
emart24,질레트)마하3클래식면도기,16000,1 + 1,https://msave.emart24.co.kr/cmsbo/upload/nHq/plu_image/500x500/4902430540872.JPG,생활/위생용품
emart24,페브리즈)포맨용기370ml,12000,1 + 1,https://msave.emart24.co.kr/cmsbo/upload/nHq/plu_image/500x500/4902430643191.JPG,기타
emart24,페브리즈)다우니향용기370ml(New),12000,1 + 1,https://msave.emart24.co.kr/cmsbo/upload/nHq/plu_image/500x500/4902430741880.JPG,기타
emart24,다우니)실내건조1L,16200,1 + 1,https://msave.emart24.co.kr/cmsbo/upload/nHq/plu_image/500x500/4902430850322.JPG,생활/위생용품
emart24,헤이와도)레몬슈가도넛쿠키70g,2800,1 + 1,https://msave.emart24.co.kr/cmsbo/upload/nHq/plu_image/500x500/4902477170537.JPG,간식류
emart24,헤이와도)미니초코칩스콘쿠키50g,2800,1 + 1,https://msave.emart24.co.kr/cmsbo/upload/nHq/plu_image/500x500/4902477170575.JPG,간식류
emart24,헤이와도)구운우유도넛쿠키58g,2800,1 + 1,https://msave.emart24.co.kr/cmsbo/upload/nHq/plu_image/500x500/4902477170582.JPG,간식류
emart24,헤이와도)구운고구마도넛쿠키45g,2800,1 + 1,https://msave.emart24.co.kr/cmsbo/upload/nHq/plu_image/500x500/4902477170599.JPG,간식류
emart24,헤이와도)메론빵쿠키43g,2800,1 + 1,https://msave.emart24.co.kr/cmsbo/upload/nHq/plu_image/500x500/4902477170605.JPG,간식류
emart24,헤이와도)초코브라우니쿠키40g,2800,1 + 1,https://msave.emart24.co.kr/cmsbo/upload/nHq/plu_image/500x500/4902477800205.JPG,간식류
emart24,페브리즈)미스티크향용기370ml,12000,1 + 1,https://msave.emart24.co.kr/cmsbo/upload/nHq/plu_image/500x500/4987176228109.JPG,기타
emart24,옐로우)맛있는군밤80g(S),3500,1 + 1,https://msave.emart24.co.kr/cmsbo/upload/nHq/plu_image/500x500/6930343451235.JPG,간식류
emart24,아임이)맛있는군밤80g(S)new,3500,1 + 1,https://msave.emart24.co.kr/cmsbo/upload/nHq/plu_image/500x500/6930343479819.JPG,간식류
emart24,호올스)제로슈가민트수박향15.4g,2000,1 + 1,https://msave.emart24.co.kr/cmsbo/upload/nHq/plu_image/500x500/7622202342103.JPG,기타
emart24,호올스)제로슈가민트민트향15.4g,2000,1 + 1,https://msave.emart24.co.kr/cmsbo/upload/nHq/plu_image/500x500/7622202342134.JPG,기타
emart24,후버)사과주스200ml(S),1400,1 + 1,https://msave.emart24.co.kr/cmsbo/upload/nHq/plu_image/500x500/8410707007479.JPG,음료
emart24,후버)파인애플&사과&포도주스200ml(S),1400,1 + 1,https://msave.emart24.co.kr/cmsbo/upload/nHq/plu_image/500x500/8410707007486.JPG,음료
emart24,후버)오렌지주스200ml(S),1400,1 + 1,https://msave.emart24.co.kr/cmsbo/upload/nHq/plu_image/500x500/8410707007493.JPG,음료
emart24,후버)복숭아&포도주스200ml(S),1400,1 + 1,https://msave.emart24.co.kr/cmsbo/upload/nHq/plu_image/500x500/8410707007509.JPG,음료
emart24,하이네켄)넌알콜330ml,3500,1 + 1,https://msave.emart24.co.kr/cmsbo/upload/nHq/plu_image/500x500/8712000055721.JPG,기타
emart24,하이네켄)넌알콜500ml,4500,1 + 1,https://msave.emart24.co.kr/cmsbo/upload/nHq/plu_image/500x500/8712000056896.JPG,기타
emart24,에스엠)소보로도넛골드치즈40g,1800,1 + 1,https://msave.emart24.co.kr/cmsbo/upload/nHq/plu_image/500x500/8800263690237.JPG,간식류
emart24,에스엠)소보로도넛코코넛40g,1800,1 + 1,https://msave.emart24.co.kr/cmsbo/upload/nHq/plu_image/500x500/8800263690268.JPG,간식류
emart24,에스엠)소보로도넛블루베리40g,1800,1 + 1,https://msave.emart24.co.kr/cmsbo/upload/nHq/plu_image/500x500/8800263690275.JPG,간식류
emart24,알디콤)숙취해소제V,4800,1 + 1,https://msave.emart24.co.kr/cmsbo/upload/nHq/plu_image/500x500/8800309770046.JPG,기타
emart24,크레이지)핫라밥,3500,1 + 1,https://msave.emart24.co.kr/cmsbo/upload/nHq/plu_image/500x500/8800342850026.JPG,식사류
emart24,크레이지)핫까르보라밥,3500,1 + 1,https://msave.emart24.co.kr/cmsbo/upload/nHq/plu_image/500x500/8800342850033.JPG,식사류
emart24,CJ)국산콩두부찌개용380G,5900,1 + 1,https://msave.emart24.co.kr/cmsbo/upload/nHq/plu_image/500x500/8801007009322.JPG,기타
emart24,CJ)햇반발아현미밥210g(36),2900,1 + 1,https://msave.emart24.co.kr/cmsbo/upload/nHq/plu_image/500x500/8801007010410.JPG,식사류
emart24,CJ)국산콩두부부침용380G,5900,1 + 1,https://msave.emart24.co.kr/cmsbo/upload/nHq/plu_image/500x500/8801007034287.JPG,기타
emart24,CJ)햇반흑미밥210g(36),2900,1 + 1,https://msave.emart24.co.kr/cmsbo/upload/nHq/plu_image/500x500/8801007038780.JPG,식사류
emart24,CJ)행복한콩찌개두부300g,1800,1 + 1,https://msave.emart24.co.kr/cmsbo/upload/nHq/plu_image/500x500/8801007112480.JPG,기타
emart24,CJ)행복한콩부침두부300g,1800,1 + 1,https://msave.emart24.co.kr/cmsbo/upload/nHq/plu_image/500x500/8801007112497.JPG,기타
emart24,CJ)스팸싱글클래식80g,3900,1 + 1,https://msave.emart24.co.kr/cmsbo/upload/nHq/plu_image/500x500/8801007117515.JPG,기타
emart24,CJ)행복한콩순두부350G,1800,1 + 1,https://msave.emart24.co.kr/cmsbo/upload/nHq/plu_image/500x500/8801007121680.JPG,기타
emart24,CJ) 행복한콩찌개두부380G,2900,1 + 1,https://msave.emart24.co.kr/cmsbo/upload/nHq/plu_image/500x500/8801007354125.JPG,기타
emart24,CJ) 행복한콩부침두부380G,2900,1 + 1,https://msave.emart24.co.kr/cmsbo/upload/nHq/plu_image/500x500/8801007354163.JPG,기타
emart24,CJ)비비고사골곰탕500g,2900,1 + 1,https://msave.emart24.co.kr/cmsbo/upload/nHq/plu_image/500x500/8801007526492.JPG,식사류
emart24,CJ)안심아삭콩나물380g,3900,1 + 1,https://msave.emart24.co.kr/cmsbo/upload/nHq/plu_image/500x500/8801007565309.JPG,기타
emart24,CJ)비비고직화참기름김12봉,10800,1 + 1,https://msave.emart24.co.kr/cmsbo/upload/nHq/plu_image/500x500/8801007625058.JPG,식사류
emart24,CJ)비비고직화들기름김12봉,10800,1 + 1,https://msave.emart24.co.kr/cmsbo/upload/nHq/plu_image/500x500/8801007683522.JPG,식사류
emart24,CJ)행복한콩국산콩연두부140g,2400,1 + 1,https://msave.emart24.co.kr/cmsbo/upload/nHq/plu_image/500x500/8801007711140.JPG,기타
emart24,CJ)비비고갈비탕400G,11900,1 + 1,https://msave.emart24.co.kr/cmsbo/upload/nHq/plu_image/500x500/8801007712079.JPG,식사류
emart24,CJ)비비고차돌된장찌개460G,9900,1 + 1,https://msave.emart24.co.kr/cmsbo/upload/nHq/plu_image/500x500/8801007737089.JPG,식사류
emart24,CJ)오리지널김스낵40g,4900,1 + 1,https://msave.emart24.co.kr/cmsbo/upload/nHq/plu_image/500x500/8801007761503.JPG,간식류
emart24,CJ)비비고돼지고기김치찌개460G,9900,1 + 1,https://msave.emart24.co.kr/cmsbo/upload/nHq/plu_image/500x500/8801007761749.JPG,식사류
emart24,CJ)비비고한우사골곰탕500g,3200,1 + 1,https://msave.emart24.co.kr/cmsbo/upload/nHq/plu_image/500x500/8801007849805.JPG,식사류
emart24,CJ)맛밤60g*4입,14500,1 + 1,https://msave.emart24.co.kr/cmsbo/upload/nHq/plu_image/500x500/8801007908861.JPG,간식류
emart24,큐원)상쾌환스틱ZERO(청사과맛)3입,11500,1 + 1,https://msave.emart24.co.kr/cmsbo/upload/nHq/plu_image/500x500/8801013777024.JPG,기타
emart24,큐원)상쾌환스틱ZERO(복숭아맛)3입,11500,1 + 1,https://msave.emart24.co.kr/cmsbo/upload/nHq/plu_image/500x500/8801013777499.JPG,기타
emart24,오비)버드와이저제로캔500ml,4500,1 + 1,https://msave.emart24.co.kr/cmsbo/upload/nHq/plu_image/500x500/8801021229423.JPG,기타
emart24,롯데)클라우드논알콜릭캔500ml,2800,1 + 1,https://msave.emart24.co.kr/cmsbo/upload/nHq/plu_image/500x500/8801022025048.JPG,기타
emart24,롯데)클라우드논알콜릭캔350ml,1500,1 + 1,https://msave.emart24.co.kr/cmsbo/upload/nHq/plu_image/500x500/8801022025086.JPG,기타
emart24,정식품)베지밀고단백두유초코팩190ml,1600,1 + 1,https://msave.emart24.co.kr/cmsbo/upload/nHq/plu_image/500x500/8801033808913.JPG,음료
emart24,정식품)베지밀고단백두유플레인팩190ml,1600,1 + 1,https://msave.emart24.co.kr/cmsbo/upload/nHq/plu_image/500x500/8801033811357.JPG,간식류
emart24,정식품)베지밀바나나땅콩버터쉐이크240ml,2300,1 + 1,https://msave.emart24.co.kr/cmsbo/upload/nHq/plu_image/500x500/8801033812934.JPG,기타
emart24,동서)티오피심플리스무스라떼240ml,2300,1 + 1,https://msave.emart24.co.kr/cmsbo/upload/nHq/plu_image/500x500/8801037092240.JPG,음료
emart24,동서)티오피심플리스무스블랙240ml,2300,1 + 1,https://msave.emart24.co.kr/cmsbo/upload/nHq/plu_image/500x500/8801037092264.JPG,기타
emart24,동서)포스트콘푸라이트컵시리얼,2200,1 + 1,https://msave.emart24.co.kr/cmsbo/upload/nHq/plu_image/500x500/8801037096552.JPG,기타
emart24,동서)포스트오곡코코볼컵시리얼,2200,1 + 1,https://msave.emart24.co.kr/cmsbo/upload/nHq/plu_image/500x500/8801037096569.JPG,기타
emart24,동서)포스트오레오오즈컵시리얼,2200,1 + 1,https://msave.emart24.co.kr/cmsbo/upload/nHq/plu_image/500x500/8801037096576.JPG,기타
emart24,도루코)PACE6휴대용3입,8600,1 + 1,https://msave.emart24.co.kr/cmsbo/upload/nHq/plu_image/500x500/8801038116204.JPG,생활/위생용품
emart24,도루코)PACE4면도기1P(1입),2500,1 + 1,https://msave.emart24.co.kr/cmsbo/upload/nHq/plu_image/500x500/8801038116228.JPG,생활/위생용품
emart24,농심)멘토스필링베리굿,900,1 + 1,https://msave.emart24.co.kr/cmsbo/upload/nHq/plu_image/500x500/8801043039949.JPG,기타
emart24,츄파춥스)인크레더블츄딸기맛45g,1200,1 + 1,https://msave.emart24.co.kr/cmsbo/upload/nHq/plu_image/500x500/8801043045551.JPG,간식류
emart24,츄파춥스)인크레더블츄사과맛45g,1200,1 + 1,https://msave.emart24.co.kr/cmsbo/upload/nHq/plu_image/500x500/8801043045803.JPG,간식류
emart24,오뚜기)청주식돼지김치짜글이450G,8500,1 + 1,https://msave.emart24.co.kr/cmsbo/upload/nHq/plu_image/500x500/8801045030098.JPG,기타
emart24,오뚜기)옛날사골곰탕500g,3000,1 + 1,https://msave.emart24.co.kr/cmsbo/upload/nHq/plu_image/500x500/8801045290102.JPG,식사류
emart24,오뚜기)종로식도가니탕500G,10900,1 + 1,https://msave.emart24.co.kr/cmsbo/upload/nHq/plu_image/500x500/8801045290829.JPG,기타
emart24,오뚜기)전복죽285g,4500,1 + 1,https://msave.emart24.co.kr/cmsbo/upload/nHq/plu_image/500x500/8801045303000.JPG,식사류
emart24,오뚜기)계란야채죽285g,4500,1 + 1,https://msave.emart24.co.kr/cmsbo/upload/nHq/plu_image/500x500/8801045303055.JPG,식사류
emart24,오뚜기)프레스코양송이크림스프180g,3800,1 + 1,https://msave.emart24.co.kr/cmsbo/upload/nHq/plu_image/500x500/8801045415888.JPG,기타
emart24,오뚜기)마포식차돌된장찌개500G,8500,1 + 1,https://msave.emart24.co.kr/cmsbo/upload/nHq/plu_image/500x500/8801045634630.JPG,식사류
emart24,오뚜기)컵밥숙성돼지고기김치찌개밥,5400,1 + 1,https://msave.emart24.co.kr/cmsbo/upload/nHq/plu_image/500x500/8801045709192.JPG,식사류
emart24,오뚜기)컵밥참기름김치볶음밥259g,5400,1 + 1,https://msave.emart24.co.kr/cmsbo/upload/nHq/plu_image/500x500/8801045875538.JPG,식사류
emart24,오뚜기)컵밥김치참치덮밥,5400,1 + 1,https://msave.emart24.co.kr/cmsbo/upload/nHq/plu_image/500x500/8801045892207.JPG,식사류
emart24,오뚜기)컵밥김치알밥,5400,1 + 1,https://msave.emart24.co.kr/cmsbo/upload/nHq/plu_image/500x500/8801045892344.JPG,식사류
emart24,오뚜기)컵밥얼큰순후추돼지국밥,4800,1 + 1,https://msave.emart24.co.kr/cmsbo/upload/nHq/plu_image/500x500/8801045897585.JPG,식사류
emart24,트리오)녹차1.2L리필(F),5400,1 + 1,https://msave.emart24.co.kr/cmsbo/upload/nHq/plu_image/500x500/8801046355039.JPG,기타
emart24,스파크)카톤1kg(N),6400,1 + 1,https://msave.emart24.co.kr/cmsbo/upload/nHq/plu_image/500x500/8801046391693.JPG,기타
emart24,동원)양반쇠고기죽287.5g,4500,1 + 1,https://msave.emart24.co.kr/cmsbo/upload/nHq/plu_image/500x500/8801047161608.JPG,식사류
emart24,동원)양반야채죽285g,4500,1 + 1,https://msave.emart24.co.kr/cmsbo/upload/nHq/plu_image/500x500/8801047161646.JPG,식사류
emart24,동원)동원참치액진500g,8900,1 + 1,https://msave.emart24.co.kr/cmsbo/upload/nHq/plu_image/500x500/8801047216414.JPG,식사류
emart24,동원)매콤달콤떡볶이160g,3900,1 + 1,https://msave.emart24.co.kr/cmsbo/upload/nHq/plu_image/500x500/8801047416906.JPG,간식류
emart24,동원)고소한치즈컵떡볶이160g,3900,1 + 1,https://msave.emart24.co.kr/cmsbo/upload/nHq/plu_image/500x500/8801047416913.JPG,간식류
emart24,동원)더매운컵떡볶이160g,3900,1 + 1,https://msave.emart24.co.kr/cmsbo/upload/nHq/plu_image/500x500/8801047416920.JPG,간식류
emart24,동원)양반볶음김치160g,3400,1 + 1,https://msave.emart24.co.kr/cmsbo/upload/nHq/plu_image/500x500/8801047583554.JPG,기타
emart24,동원)양반썰은김치160g,3400,1 + 1,https://msave.emart24.co.kr/cmsbo/upload/nHq/plu_image/500x500/8801047583585.JPG,기타
emart24,동원)뉴트리스틱참치56g*4입,3000,1 + 1,https://msave.emart24.co.kr/cmsbo/upload/nHq/plu_image/500x500/8801047648000.JPG,기타
emart24,동원)뉴트리스틱참치&닭가슴살56g*4입,3000,1 + 1,https://msave.emart24.co.kr/cmsbo/upload/nHq/plu_image/500x500/8801047648024.JPG,기타
emart24,동원)뉴트리스틱참치&연어56g*4입,3000,1 + 1,https://msave.emart24.co.kr/cmsbo/upload/nHq/plu_image/500x500/8801047648048.JPG,기타
emart24,엘라스틴)간편염색(자연갈색),10900,1 + 1,https://msave.emart24.co.kr/cmsbo/upload/nHq/plu_image/500x500/8801051017366.JPG,생활/위생용품
emart24,엘라스틴)간편염색(흑갈색),10900,1 + 1,https://msave.emart24.co.kr/cmsbo/upload/nHq/plu_image/500x500/8801051017380.JPG,생활/위생용품
emart24,테크)베이킹소다액체세제1.4L(겸용),12900,1 + 1,https://msave.emart24.co.kr/cmsbo/upload/nHq/plu_image/500x500/8801051020014.JPG,생활/위생용품
emart24,온)더내추럴클렌징폼레몬200G(F),8900,1 + 1,https://msave.emart24.co.kr/cmsbo/upload/nHq/plu_image/500x500/8801051025453.JPG,생활/위생용품
emart24,온)더내추럴클렌징폼아보카도200G(F),8900,1 + 1,https://msave.emart24.co.kr/cmsbo/upload/nHq/plu_image/500x500/8801051025477.JPG,생활/위생용품
emart24,퐁퐁)주방세제오렌지(1.2L),5300,1 + 1,https://msave.emart24.co.kr/cmsbo/upload/nHq/plu_image/500x500/8801051039429.JPG,생활/위생용품
emart24,비누)온더바디촉촉,3000,1 + 1,https://msave.emart24.co.kr/cmsbo/upload/nHq/plu_image/500x500/8801051103632.JPG,생활/위생용품
emart24,테크)간편시트20매_로맨틱플라워,10900,1 + 1,https://msave.emart24.co.kr/cmsbo/upload/nHq/plu_image/500x500/8801051202793.JPG,생활/위생용품
emart24,테크)일반리필2.0kg,13900,1 + 1,https://msave.emart24.co.kr/cmsbo/upload/nHq/plu_image/500x500/8801051215472.JPG,생활/위생용품
emart24,테크)실내건조1.4L(겸용),12900,1 + 1,https://msave.emart24.co.kr/cmsbo/upload/nHq/plu_image/500x500/8801051219333.JPG,생활/위생용품
emart24,뉴퐁퐁)주방세제400g,3700,1 + 1,https://msave.emart24.co.kr/cmsbo/upload/nHq/plu_image/500x500/8801051231038.JPG,생활/위생용품
emart24,홈스타)뿌리는곰팡이싹900ml,9900,1 + 1,https://msave.emart24.co.kr/cmsbo/upload/nHq/plu_image/500x500/8801051265309.JPG,기타
emart24,홈스타)욕실용세정제900ml,9900,1 + 1,https://msave.emart24.co.kr/cmsbo/upload/nHq/plu_image/500x500/8801051265804.JPG,기타
emart24,샤프란)핑크리필2100ml,7500,1 + 1,https://msave.emart24.co.kr/cmsbo/upload/nHq/plu_image/500x500/8801051275162.JPG,생활/위생용품
emart24,샤프란)아로마리필2100ml(F),7500,1 + 1,https://msave.emart24.co.kr/cmsbo/upload/nHq/plu_image/500x500/8801051275179.JPG,생활/위생용품
emart24,남양)프로바이오틱사과130ml,1200,1 + 1,https://msave.emart24.co.kr/cmsbo/upload/nHq/plu_image/500x500/8801069183565.JPG,기타
emart24,남양)맛있는두유담백한맛190ml,1500,1 + 1,https://msave.emart24.co.kr/cmsbo/upload/nHq/plu_image/500x500/8801069421445.JPG,음료
emart24,남양)맛있는두유검은콩깨190ml,1500,1 + 1,https://msave.emart24.co.kr/cmsbo/upload/nHq/plu_image/500x500/8801069421476.JPG,음료
emart24,삼양)맵탱김치비빔면봉지,1400,1 + 1,https://msave.emart24.co.kr/cmsbo/upload/nHq/plu_image/500x500/8801073116856.JPG,식사류
emart24,삼양)맵탱김치비빔면봉지*4입,5600,1 + 1,https://msave.emart24.co.kr/cmsbo/upload/nHq/plu_image/500x500/8801073144873.JPG,식사류
emart24,삼양)맵탱마늘조개라면큰컵,1800,1 + 1,https://msave.emart24.co.kr/cmsbo/upload/nHq/plu_image/500x500/8801073216198.JPG,식사류
emart24,삼양)맵탱청양고추대파라면큰컵,1800,1 + 1,https://msave.emart24.co.kr/cmsbo/upload/nHq/plu_image/500x500/8801073216204.JPG,식사류
emart24,삼양)맹구짱구85g(12),1700,1 + 1,https://msave.emart24.co.kr/cmsbo/upload/nHq/plu_image/500x500/8801073313064.JPG,기타
emart24,액츠)데오후레쉬플러스1.4L(겸용),14900,1 + 1,https://msave.emart24.co.kr/cmsbo/upload/nHq/plu_image/500x500/8801101161537.JPG,기타
emart24,피죤)섬유유연제1600ml_핑크,7900,1 + 1,https://msave.emart24.co.kr/cmsbo/upload/nHq/plu_image/500x500/8801101883804.JPG,생활/위생용품
emart24,피죤)섬유유연제1600ml_블루,7900,1 + 1,https://msave.emart24.co.kr/cmsbo/upload/nHq/plu_image/500x500/8801101883828.JPG,생활/위생용품
emart24,피죤)스프레이시그니처80ml_플라워페스티벌,4200,1 + 1,https://msave.emart24.co.kr/cmsbo/upload/nHq/plu_image/500x500/8801101883989.JPG,생활/위생용품
emart24,피죤)스프레이시그니처80ml_미스틱레인,4200,1 + 1,https://msave.emart24.co.kr/cmsbo/upload/nHq/plu_image/500x500/8801101883996.JPG,기타
emart24,피죤)스프레이시그니처80ml_아이스플라워,4200,1 + 1,https://msave.emart24.co.kr/cmsbo/upload/nHq/plu_image/500x500/8801101884009.JPG,생활/위생용품
emart24,액츠)세탁실내건조리필(1.5L),18500,1 + 1,https://msave.emart24.co.kr/cmsbo/upload/nHq/plu_image/500x500/8801101888595.JPG,기타
emart24,피죤)섬유건조기미스틱레인25매,8900,1 + 1,https://msave.emart24.co.kr/cmsbo/upload/nHq/plu_image/500x500/8801101888694.JPG,기타
emart24,피죤)주방뽀드득리필레몬향1200ml,7900,1 + 1,https://msave.emart24.co.kr/cmsbo/upload/nHq/plu_image/500x500/8801101889028.JPG,생활/위생용품
emart24,피죤)세탁액츠딥클린겸용1.4L,14900,1 + 1,https://msave.emart24.co.kr/cmsbo/upload/nHq/plu_image/500x500/8801101889363.JPG,생활/위생용품
emart24,피죤)초고농축미스틱레인(1.3L),13900,1 + 1,https://msave.emart24.co.kr/cmsbo/upload/nHq/plu_image/500x500/8801101890994.JPG,기타
emart24,피죤)초고농축자몽프레시(1.3L),13900,1 + 1,https://msave.emart24.co.kr/cmsbo/upload/nHq/plu_image/500x500/8801101891380.JPG,생활/위생용품
emart24,빙그레)초코타임200ml,1200,1 + 1,https://msave.emart24.co.kr/cmsbo/upload/nHq/plu_image/500x500/8801104220125.JPG,음료
emart24,빙그레)딸기타임200ml,1200,1 + 1,https://msave.emart24.co.kr/cmsbo/upload/nHq/plu_image/500x500/8801104220200.JPG,음료
emart24,빙그레)오늘의커피카페라떼250ml,2700,1 + 1,https://msave.emart24.co.kr/cmsbo/upload/nHq/plu_image/500x500/8801104666152.JPG,음료
emart24,빙그레)오늘의커피바닐라라떼250ml,2700,1 + 1,https://msave.emart24.co.kr/cmsbo/upload/nHq/plu_image/500x500/8801104666176.JPG,음료
emart24,빙그레)오늘의커피연유라떼250ml,2700,1 + 1,https://msave.emart24.co.kr/cmsbo/upload/nHq/plu_image/500x500/8801104949187.JPG,음료
emart24,풀무원)국산콩부침두부210g,4000,1 + 1,https://msave.emart24.co.kr/cmsbo/upload/nHq/plu_image/500x500/8801114111154.JPG,기타
emart24,풀무원)국산콩찌개두부210g,4000,1 + 1,https://msave.emart24.co.kr/cmsbo/upload/nHq/plu_image/500x500/8801114111161.JPG,기타
emart24,풀무원)리얼해초미역면150g,4800,1 + 1,https://msave.emart24.co.kr/cmsbo/upload/nHq/plu_image/500x500/8801114157640.JPG,식사류
emart24,풀무원)고농도진한두부300g,3800,1 + 1,https://msave.emart24.co.kr/cmsbo/upload/nHq/plu_image/500x500/8801114183427.JPG,기타
emart24,서울)커피타운화이트바닐라250ml,2600,1 + 1,https://msave.emart24.co.kr/cmsbo/upload/nHq/plu_image/500x500/8801115140016.JPG,음료
emart24,서울)커피타운딥브라운모카250ml,2600,1 + 1,https://msave.emart24.co.kr/cmsbo/upload/nHq/plu_image/500x500/8801115140023.JPG,음료
emart24,서울)커피타운헤이즐넛250ml,2600,1 + 1,https://msave.emart24.co.kr/cmsbo/upload/nHq/plu_image/500x500/8801115140054.JPG,음료
emart24,서울)킹말차에스프레소200ml,2900,1 + 1,https://msave.emart24.co.kr/cmsbo/upload/nHq/plu_image/500x500/8801115140207.JPG,음료
emart24,서울)킹말차스트로베리200ml,2900,1 + 1,https://msave.emart24.co.kr/cmsbo/upload/nHq/plu_image/500x500/8801115140214.JPG,음료
emart24,서울)마이픽딸기초코링120g,2200,1 + 1,https://msave.emart24.co.kr/cmsbo/upload/nHq/plu_image/500x500/8801115215851.JPG,기타
emart24,서울)마이픽플레인쿠키링131g,2200,1 + 1,https://msave.emart24.co.kr/cmsbo/upload/nHq/plu_image/500x500/8801115224143.JPG,간식류
emart24,매일)매일두유렌틸콩190ml,1800,1 + 1,https://msave.emart24.co.kr/cmsbo/upload/nHq/plu_image/500x500/8801121022375.JPG,음료
emart24,매일)매일두유고단백190ml,1800,1 + 1,https://msave.emart24.co.kr/cmsbo/upload/nHq/plu_image/500x500/8801121032145.JPG,음료
emart24,매일)바이오그릭파우치허니120g,3400,1 + 1,https://msave.emart24.co.kr/cmsbo/upload/nHq/plu_image/500x500/8801121045800.JPG,기타
emart24,매일)바이오그릭파우치플레인120g,3400,1 + 1,https://msave.emart24.co.kr/cmsbo/upload/nHq/plu_image/500x500/8801121046081.JPG,간식류
emart24,매일)바이오그릭요거트플레인150g,3400,1 + 1,https://msave.emart24.co.kr/cmsbo/upload/nHq/plu_image/500x500/8801121046739.JPG,간식류
emart24,매일)바이오그릭드링크플레인190ml,2900,1 + 1,https://msave.emart24.co.kr/cmsbo/upload/nHq/plu_image/500x500/8801121048887.JPG,간식류
emart24,매일)바이오그릭드링크바나나190ml,2900,1 + 1,https://msave.emart24.co.kr/cmsbo/upload/nHq/plu_image/500x500/8801121048900.JPG,음료
emart24,매일)허쉬초콜릿드링크밀크300ml,2300,1 + 1,https://msave.emart24.co.kr/cmsbo/upload/nHq/plu_image/500x500/8801121051320.JPG,간식류
emart24,매일)허쉬초콜릿드링크너티300ml,2300,1 + 1,https://msave.emart24.co.kr/cmsbo/upload/nHq/plu_image/500x500/8801121051344.JPG,간식류
emart24,동원)덴마크미숫미숫우유300ml,2100,1 + 1,https://msave.emart24.co.kr/cmsbo/upload/nHq/plu_image/500x500/8801155000516.JPG,음료
emart24,덴마크)하이요구르트소다280ml,1700,1 + 1,https://msave.emart24.co.kr/cmsbo/upload/nHq/plu_image/500x500/8801155000523.JPG,음료
emart24,동원)쿨피스생복숭아300ml,1600,1 + 1,https://msave.emart24.co.kr/cmsbo/upload/nHq/plu_image/500x500/8801155000530.JPG,기타
emart24,동원)쿨피스생바나나300ml,1600,1 + 1,https://msave.emart24.co.kr/cmsbo/upload/nHq/plu_image/500x500/8801155000547.JPG,기타
emart24,덴마크)드링킹요구르트액티브딸기210ml,2300,1 + 1,https://msave.emart24.co.kr/cmsbo/upload/nHq/plu_image/500x500/8801155000615.JPG,간식류
emart24,덴마크)드링킹요구르트액티브베리믹스210ml,2300,1 + 1,https://msave.emart24.co.kr/cmsbo/upload/nHq/plu_image/500x500/8801155000622.JPG,간식류
emart24,동원)덴마크초코초코우유300ml,2100,1 + 1,https://msave.emart24.co.kr/cmsbo/upload/nHq/plu_image/500x500/8801155731625.JPG,음료
emart24,동원)덴마크딸기딸기우유300ml,2100,1 + 1,https://msave.emart24.co.kr/cmsbo/upload/nHq/plu_image/500x500/8801155731632.JPG,음료
emart24,동원)덴마크바나바나우유300ml,2100,1 + 1,https://msave.emart24.co.kr/cmsbo/upload/nHq/plu_image/500x500/8801155731830.JPG,음료
emart24,동원)덴마크커피커피우유300ml,2100,1 + 1,https://msave.emart24.co.kr/cmsbo/upload/nHq/plu_image/500x500/8801155731847.JPG,음료
emart24,덴마크)테이크얼라이브망고팩200ml,1500,1 + 1,https://msave.emart24.co.kr/cmsbo/upload/nHq/plu_image/500x500/8801155735647.JPG,기타
emart24,소와나무)쿨피스에이드복숭아300ml,2000,1 + 1,https://msave.emart24.co.kr/cmsbo/upload/nHq/plu_image/500x500/8801155743758.JPG,음료
emart24,소와나무)쿨피스에이드자두300ml,2000,1 + 1,https://msave.emart24.co.kr/cmsbo/upload/nHq/plu_image/500x500/8801155743765.JPG,음료
emart24,덴마크)테이크얼라이브스위트자몽팩200ml,1500,1 + 1,https://msave.emart24.co.kr/cmsbo/upload/nHq/plu_image/500x500/8801155744762.JPG,기타
emart24,동원)소화가잘되는우유로만든카페라떼250mL,2800,1 + 1,https://msave.emart24.co.kr/cmsbo/upload/nHq/plu_image/500x500/8801155744991.JPG,음료
emart24,동원)소화가잘되는우유로만든바닐라라떼250mL,2800,1 + 1,https://msave.emart24.co.kr/cmsbo/upload/nHq/plu_image/500x500/8801155745004.JPG,음료
emart24,동원)소잘우유시그니처라떼펫350ml,3400,1 + 1,https://msave.emart24.co.kr/cmsbo/upload/nHq/plu_image/500x500/8801155745660.JPG,음료
emart24,동원)소잘우유바닐라빈라떼펫350ml,3400,1 + 1,https://msave.emart24.co.kr/cmsbo/upload/nHq/plu_image/500x500/8801155745677.JPG,음료
emart24,동원)소화가잘되는카라멜라떼250ml,2800,1 + 1,https://msave.emart24.co.kr/cmsbo/upload/nHq/plu_image/500x500/8801155745929.JPG,음료
emart24,크리넥스)칼로리라이트키친타월55매*3롤,13000,1 + 1,https://msave.emart24.co.kr/cmsbo/upload/nHq/plu_image/500x500/8801166032421.JPG,기타
emart24,크리넥스)마이비데클린케어10매,1600,1 + 1,https://msave.emart24.co.kr/cmsbo/upload/nHq/plu_image/500x500/8801166055123.JPG,기타
emart24,좋은느낌)오리지널울날18입(소),9900,1 + 1,https://msave.emart24.co.kr/cmsbo/upload/nHq/plu_image/500x500/8801166090643.JPG,생활/위생용품
emart24,좋은느낌)유기농무표백4입(대),3900,1 + 1,https://msave.emart24.co.kr/cmsbo/upload/nHq/plu_image/500x500/8801166091244.JPG,생활/위생용품
emart24,좋은느낌)유기농탐폰레귤러8입,10900,1 + 1,https://msave.emart24.co.kr/cmsbo/upload/nHq/plu_image/500x500/8801166092173.JPG,생활/위생용품
emart24,좋은느낌)유기농탐폰슈퍼8입,10900,1 + 1,https://msave.emart24.co.kr/cmsbo/upload/nHq/plu_image/500x500/8801166092180.JPG,생활/위생용품
emart24,좋은느낌)유기농무표백4입(중),3900,1 + 1,https://msave.emart24.co.kr/cmsbo/upload/nHq/plu_image/500x500/8801166092401.JPG,생활/위생용품
emart24,좋은느낌)수퍼소프트울날4입(중),3000,1 + 1,https://msave.emart24.co.kr/cmsbo/upload/nHq/plu_image/500x500/8801166093477.JPG,생활/위생용품
emart24,좋은느낌)오리지널울날4P(대),2800,1 + 1,https://msave.emart24.co.kr/cmsbo/upload/nHq/plu_image/500x500/8801166094054.JPG,생활/위생용품
emart24,좋은느낌)센서티브스킨18입(중),10200,1 + 1,https://msave.emart24.co.kr/cmsbo/upload/nHq/plu_image/500x500/8801166094214.JPG,생활/위생용품
emart24,좋은느낌)센서티브스킨16입(대),10200,1 + 1,https://msave.emart24.co.kr/cmsbo/upload/nHq/plu_image/500x500/8801166094221.JPG,생활/위생용품
emart24,좋은느낌)유기농순면울날18입(소),12200,1 + 1,https://msave.emart24.co.kr/cmsbo/upload/nHq/plu_image/500x500/8801166098267.JPG,기타
emart24,좋은느낌)유기농순면울날18입(중),13400,1 + 1,https://msave.emart24.co.kr/cmsbo/upload/nHq/plu_image/500x500/8801166098281.JPG,기타
emart24,화이트)라이너코튼쿠션20입(롱),4300,1 + 1,https://msave.emart24.co.kr/cmsbo/upload/nHq/plu_image/500x500/8801166222426.JPG,생활/위생용품
emart24,좋은느낌)라이너오가닉18입(롱),4900,1 + 1,https://msave.emart24.co.kr/cmsbo/upload/nHq/plu_image/500x500/8801166222587.JPG,생활/위생용품
emart24,좋은느낌)입는오버나이트4P(중),10500,1 + 1,https://msave.emart24.co.kr/cmsbo/upload/nHq/plu_image/500x500/8801166230469.JPG,생활/위생용품
emart24,좋은느낌)입는오버나이트4P(대),10500,1 + 1,https://msave.emart24.co.kr/cmsbo/upload/nHq/plu_image/500x500/8801166230476.JPG,생활/위생용품
emart24,좋은느낌)순면프레쉬16입(대),10400,1 + 1,https://msave.emart24.co.kr/cmsbo/upload/nHq/plu_image/500x500/8801166231367.JPG,기타
emart24,좋은느낌)라이너순면프레쉬18입(롱),4500,1 + 1,https://msave.emart24.co.kr/cmsbo/upload/nHq/plu_image/500x500/8801166233408.JPG,기타
emart24,좋은느낌)오리지널울날18P(중),9900,1 + 1,https://msave.emart24.co.kr/cmsbo/upload/nHq/plu_image/500x500/8801166234023.JPG,생활/위생용품
emart24,좋은느낌)순면프레쉬10입(수퍼롱),10400,1 + 1,https://msave.emart24.co.kr/cmsbo/upload/nHq/plu_image/500x500/8801166234122.JPG,기타
emart24,좋은느낌)순면프레쉬18입(중),10400,1 + 1,https://msave.emart24.co.kr/cmsbo/upload/nHq/plu_image/500x500/8801166234153.JPG,기타
emart24,좋은느낌)오리지널울날16P(대),9900,1 + 1,https://msave.emart24.co.kr/cmsbo/upload/nHq/plu_image/500x500/8801166234214.JPG,생활/위생용품
emart24,좋은느낌)오리지널14P(오버),10900,1 + 1,https://msave.emart24.co.kr/cmsbo/upload/nHq/plu_image/500x500/8801166234221.JPG,생활/위생용품
emart24,좋은느낌)오리지널울날4P(중),2000,1 + 1,https://msave.emart24.co.kr/cmsbo/upload/nHq/plu_image/500x500/8801166234399.JPG,생활/위생용품
emart24,좋은느낌)오리지널4P(수퍼롱),4100,1 + 1,https://msave.emart24.co.kr/cmsbo/upload/nHq/plu_image/500x500/8801166234412.JPG,생활/위생용품
emart24,좋은느낌)유기농순면슬날14입(중),10300,1 + 1,https://msave.emart24.co.kr/cmsbo/upload/nHq/plu_image/500x500/8801166239110.JPG,기타
emart24,좋은느낌)유기농순면슬날14입(대),12000,1 + 1,https://msave.emart24.co.kr/cmsbo/upload/nHq/plu_image/500x500/8801166239134.JPG,기타
emart24,좋은느낌)유기농무표백입는오버나이트4입(중),11200,1 + 1,https://msave.emart24.co.kr/cmsbo/upload/nHq/plu_image/500x500/8801166239738.JPG,생활/위생용품
emart24,하기스)내츄럴케어물티슈(캡형)72매,6000,1 + 1,https://msave.emart24.co.kr/cmsbo/upload/nHq/plu_image/500x500/8801166386203.JPG,생활/위생용품
emart24,베리베리)블루베리크림콘72g(16),1500,1 + 1,https://msave.emart24.co.kr/cmsbo/upload/nHq/plu_image/500x500/8801204904857.JPG,기타
emart24,깨끗한나라)순수한면제로중16P,9000,1 + 1,https://msave.emart24.co.kr/cmsbo/upload/nHq/plu_image/500x500/8801260417179.JPG,기타
emart24,깨끗한나라)순수한면제로대14P,9000,1 + 1,https://msave.emart24.co.kr/cmsbo/upload/nHq/plu_image/500x500/8801260417186.JPG,기타
emart24,순수한면)유기농순면커버16입(중),8900,1 + 1,https://msave.emart24.co.kr/cmsbo/upload/nHq/plu_image/500x500/8801260418596.JPG,기타
emart24,순수한면)유기농순면커버14입(대),8900,1 + 1,https://msave.emart24.co.kr/cmsbo/upload/nHq/plu_image/500x500/8801260418602.JPG,기타
emart24,순수한면)유기농순면탐폰레귤러(8입),10900,1 + 1,https://msave.emart24.co.kr/cmsbo/upload/nHq/plu_image/500x500/8801260419197.JPG,기타
emart24,순수한면)유기농순면탐폰슈퍼(8입),10900,1 + 1,https://msave.emart24.co.kr/cmsbo/upload/nHq/plu_image/500x500/8801260419203.JPG,기타
emart24,순수한면)입는오버나이트4입(중대형),10900,1 + 1,https://msave.emart24.co.kr/cmsbo/upload/nHq/plu_image/500x500/8801260419524.JPG,기타
emart24,깨끗한나라)디어스킨에어엠보16입(중),8100,1 + 1,https://msave.emart24.co.kr/cmsbo/upload/nHq/plu_image/500x500/8801260419593.JPG,생활/위생용품
emart24,깨끗한나라)디어스킨에어엠보(대)14입,8100,1 + 1,https://msave.emart24.co.kr/cmsbo/upload/nHq/plu_image/500x500/8801260419609.JPG,생활/위생용품
emart24,디어스킨)입는오버나이트4입(중대형),10900,1 + 1,https://msave.emart24.co.kr/cmsbo/upload/nHq/plu_image/500x500/8801260419760.JPG,생활/위생용품
emart24,디어스킨)리얼모달16입(중),8600,1 + 1,https://msave.emart24.co.kr/cmsbo/upload/nHq/plu_image/500x500/8801260420322.JPG,생활/위생용품
emart24,디어스킨)리얼모달14입(대),8600,1 + 1,https://msave.emart24.co.kr/cmsbo/upload/nHq/plu_image/500x500/8801260420339.JPG,생활/위생용품
emart24,CJ)햇반100%현미밥130g,2600,1 + 1,https://msave.emart24.co.kr/cmsbo/upload/nHq/plu_image/500x500/8801392023200.JPG,식사류
emart24,CJ)안심아삭콩나물180G,1600,1 + 1,https://msave.emart24.co.kr/cmsbo/upload/nHq/plu_image/500x500/8801392026270.JPG,기타
emart24,CJ)비비고소고기듬뿍설렁탕460g,9900,1 + 1,https://msave.emart24.co.kr/cmsbo/upload/nHq/plu_image/500x500/8801392032950.JPG,식사류
emart24,CJ)비비고소고기듬뿍미역국460g,9900,1 + 1,https://msave.emart24.co.kr/cmsbo/upload/nHq/plu_image/500x500/8801392032998.JPG,식사류
emart24,CJ)얼티브비건프로틴초코250ml,2900,1 + 1,https://msave.emart24.co.kr/cmsbo/upload/nHq/plu_image/500x500/8801392039225.JPG,기타
emart24,CJ)얼티브프로틴맛밤맛250ml,2900,1 + 1,https://msave.emart24.co.kr/cmsbo/upload/nHq/plu_image/500x500/8801392081484.JPG,간식류
emart24,CJ)얼티브프로틴햇반쌀밥맛250ml,2900,1 + 1,https://msave.emart24.co.kr/cmsbo/upload/nHq/plu_image/500x500/8801392081507.JPG,식사류
emart24,CJ)유기농두부부침용300G,3900,1 + 1,https://msave.emart24.co.kr/cmsbo/upload/nHq/plu_image/500x500/8801392082276.JPG,기타
emart24,CJ)유기농두부찌개용300G,3900,1 + 1,https://msave.emart24.co.kr/cmsbo/upload/nHq/plu_image/500x500/8801392082290.JPG,기타
emart24,CJ)얼티브프로틴바나나맛250ml,2900,1 + 1,https://msave.emart24.co.kr/cmsbo/upload/nHq/plu_image/500x500/8801392092121.JPG,간식류
emart24,CJ)햇반100%통곡물밥130g,2600,1 + 1,https://msave.emart24.co.kr/cmsbo/upload/nHq/plu_image/500x500/8801392101724.JPG,식사류
emart24,CJ)백설멸치육수1분링(10입)new,4900,1 + 1,https://msave.emart24.co.kr/cmsbo/upload/nHq/plu_image/500x500/8801392107542.JPG,기타
emart24,CJ)백설사골육수1분링(10입)new,4900,1 + 1,https://msave.emart24.co.kr/cmsbo/upload/nHq/plu_image/500x500/8801392107566.JPG,식사류
emart24,CJ)비비고황태듬뿍해장국460g,9900,1 + 1,https://msave.emart24.co.kr/cmsbo/upload/nHq/plu_image/500x500/8801392114755.JPG,식사류
emart24,CJ)비비고소고기듬뿍무국500g,9900,1 + 1,https://msave.emart24.co.kr/cmsbo/upload/nHq/plu_image/500x500/8801392114779.JPG,식사류
emart24,CJ)얼티브프로틴피스타치오250ml,2900,1 + 1,https://msave.emart24.co.kr/cmsbo/upload/nHq/plu_image/500x500/8801392130045.JPG,기타
emart24,CJ)얼티브프로틴로얄밀크티250ml,2900,1 + 1,https://msave.emart24.co.kr/cmsbo/upload/nHq/plu_image/500x500/8801392130069.JPG,기타
emart24,CJ)밸런스밀프로틴바말차초코38g,2900,1 + 1,https://msave.emart24.co.kr/cmsbo/upload/nHq/plu_image/500x500/8801392154379.JPG,간식류
emart24,CJ)밸런스밀프로틴바피넛버터34g,2900,1 + 1,https://msave.emart24.co.kr/cmsbo/upload/nHq/plu_image/500x500/8801392154393.JPG,간식류
emart24,CJ)밸런스밀쉐이크귀리45g,4500,1 + 1,https://msave.emart24.co.kr/cmsbo/upload/nHq/plu_image/500x500/8801392154553.JPG,기타
emart24,CJ)밸런스밀쉐이크견과45g,4500,1 + 1,https://msave.emart24.co.kr/cmsbo/upload/nHq/plu_image/500x500/8801392154577.JPG,간식류
emart24,CJ)밸런스밀쉐이크카카오45g,4500,1 + 1,https://msave.emart24.co.kr/cmsbo/upload/nHq/plu_image/500x500/8801392154591.JPG,기타
emart24,CJ)맛콩병아리콩50g,2900,1 + 1,https://msave.emart24.co.kr/cmsbo/upload/nHq/plu_image/500x500/8801392158278.JPG,기타
emart24,CJ)맛콩검은콩50g,2900,1 + 1,https://msave.emart24.co.kr/cmsbo/upload/nHq/plu_image/500x500/8801392158353.JPG,기타
emart24,CJ)풍성영양비오틴구미,3900,1 + 1,https://msave.emart24.co.kr/cmsbo/upload/nHq/plu_image/500x500/8801392174940.JPG,기타
emart24,CJ)뼈건강비타민D&아연구미,3900,1 + 1,https://msave.emart24.co.kr/cmsbo/upload/nHq/plu_image/500x500/8801392174964.JPG,기타
emart24,CJ)멀티비타민&미네랄구미,3900,1 + 1,https://msave.emart24.co.kr/cmsbo/upload/nHq/plu_image/500x500/8801392175022.JPG,기타
emart24,아임이)허니얼그레이티원컵(D),1700,1 + 1,https://msave.emart24.co.kr/cmsbo/upload/nHq/plu_image/500x500/8801550004867.JPG,기타
emart24,아임이)허니자몽블랙티원컵(D),1700,1 + 1,https://msave.emart24.co.kr/cmsbo/upload/nHq/plu_image/500x500/8801550004874.JPG,기타
emart24,연세)고소한아몬드잣두유190ml,1600,1 + 1,https://msave.emart24.co.kr/cmsbo/upload/nHq/plu_image/500x500/8801753002622.JPG,음료
emart24,연세)고소한검은콩고칼슘두유190ml,1600,1 + 1,https://msave.emart24.co.kr/cmsbo/upload/nHq/plu_image/500x500/8801753100298.JPG,음료
emart24,연세)블루베리요거트300ml,2500,1 + 1,https://msave.emart24.co.kr/cmsbo/upload/nHq/plu_image/500x500/8801753110501.JPG,기타
emart24,연세)딸기요거트300ml,2500,1 + 1,https://msave.emart24.co.kr/cmsbo/upload/nHq/plu_image/500x500/8801753110976.JPG,기타
emart24,연세)복숭아요거트300ml,2500,1 + 1,https://msave.emart24.co.kr/cmsbo/upload/nHq/plu_image/500x500/8801753111201.JPG,기타
emart24,말차310)말초키100g(16),1700,1 + 1,https://msave.emart24.co.kr/cmsbo/upload/nHq/plu_image/500x500/8803718103252.JPG,음료
emart24,종근당)락토핏마시는유산균사과130ml,2200,1 + 1,https://msave.emart24.co.kr/cmsbo/upload/nHq/plu_image/500x500/8805915909712.JPG,기타
emart24,종근당)락토핏마시는유산균저당130ml,2200,1 + 1,https://msave.emart24.co.kr/cmsbo/upload/nHq/plu_image/500x500/8805915912309.JPG,기타
emart24,대웅)우루샷(2정),2500,1 + 1,https://msave.emart24.co.kr/cmsbo/upload/nHq/plu_image/500x500/8806000000000.JPG,기타
emart24,대웅)간편듀얼원샷30ml,4900,1 + 1,https://msave.emart24.co.kr/cmsbo/upload/nHq/plu_image/500x500/8806000001694.JPG,기타
emart24,대웅)베아듀얼원샷30ml,4900,1 + 1,https://msave.emart24.co.kr/cmsbo/upload/nHq/plu_image/500x500/8806000001717.JPG,기타
emart24,광동)헛개파워스틱포도맛,3900,1 + 1,https://msave.emart24.co.kr/cmsbo/upload/nHq/plu_image/500x500/8806002024554.JPG,기타
emart24,광동)헛개파워스틱망고맛,3900,1 + 1,https://msave.emart24.co.kr/cmsbo/upload/nHq/plu_image/500x500/8806002024578.JPG,기타
emart24,유한양행)내일N숙취해소스틱20g,3900,1 + 1,https://msave.emart24.co.kr/cmsbo/upload/nHq/plu_image/500x500/8806006504069.JPG,기타
emart24,템포)내추럴코튼라이트10입,11900,1 + 1,https://msave.emart24.co.kr/cmsbo/upload/nHq/plu_image/500x500/8806011638117.JPG,기타
emart24,스파오)코튼반팔티셔츠L(검),11900,1 + 1,https://msave.emart24.co.kr/cmsbo/upload/nHq/plu_image/500x500/8806070811421.JPG,기타
emart24,스파오)남성모달드로즈L(검),9900,1 + 1,https://msave.emart24.co.kr/cmsbo/upload/nHq/plu_image/500x500/8806070811438.JPG,기타
emart24,스파오)코튼반팔티셔츠M(흰),11900,1 + 1,https://msave.emart24.co.kr/cmsbo/upload/nHq/plu_image/500x500/8806070811629.JPG,기타
emart24,스파오)코튼반팔티셔츠L(흰),11900,1 + 1,https://msave.emart24.co.kr/cmsbo/upload/nHq/plu_image/500x500/8806070811636.JPG,기타
emart24,스파오)코튼반팔티셔츠M(검),11900,1 + 1,https://msave.emart24.co.kr/cmsbo/upload/nHq/plu_image/500x500/8806070811643.JPG,기타
emart24,스파오)남성모달드로즈XL(검),9900,1 + 1,https://msave.emart24.co.kr/cmsbo/upload/nHq/plu_image/500x500/8806070811650.JPG,기타
emart24,스파오)여성모달팬티M(검),9900,1 + 1,https://msave.emart24.co.kr/cmsbo/upload/nHq/plu_image/500x500/8806070811667.JPG,기타
emart24,스파오)여성모달팬티L(검),9900,1 + 1,https://msave.emart24.co.kr/cmsbo/upload/nHq/plu_image/500x500/8806070811674.JPG,기타
emart24,동화)마그랩포스트레스25ml,3900,1 + 1,https://msave.emart24.co.kr/cmsbo/upload/nHq/plu_image/500x500/8806129204051.JPG,기타
emart24,동화)마그랩포에너지25ml,3900,1 + 1,https://msave.emart24.co.kr/cmsbo/upload/nHq/plu_image/500x500/8806129204075.JPG,기타
emart24,아이깨끗해)핸드워시(레몬)250ml,8900,1 + 1,https://msave.emart24.co.kr/cmsbo/upload/nHq/plu_image/500x500/8806325600961.JPG,기타
emart24,아이깨끗해)핸드워시(순)250ml,8900,1 + 1,https://msave.emart24.co.kr/cmsbo/upload/nHq/plu_image/500x500/8806325614258.JPG,기타
emart24,아이깨끗해)핸드워시(퍼플)250ml,8900,1 + 1,https://msave.emart24.co.kr/cmsbo/upload/nHq/plu_image/500x500/8806325622499.JPG,기타
emart24,성수310)아메리카노300ml(컵),2900,1 + 1,https://msave.emart24.co.kr/cmsbo/upload/nHq/plu_image/500x500/8806371360406.JPG,음료
emart24,성수310)카페라떼300ml(컵),2900,1 + 1,https://msave.emart24.co.kr/cmsbo/upload/nHq/plu_image/500x500/8806371360413.JPG,음료
emart24,성수310)바닐라라떼300ml(컵),2900,1 + 1,https://msave.emart24.co.kr/cmsbo/upload/nHq/plu_image/500x500/8806371360420.JPG,음료
emart24,성수310)돌체라떼300ml(컵),2900,1 + 1,https://msave.emart24.co.kr/cmsbo/upload/nHq/plu_image/500x500/8806371360437.JPG,음료
emart24,26SS)프리미엄쿨토시(검정),7500,1 + 1,https://msave.emart24.co.kr/cmsbo/upload/nHq/plu_image/500x500/8808994280291.JPG,기타
emart24,26SS)프리미엄쿨토시화이트,7500,1 + 1,https://msave.emart24.co.kr/cmsbo/upload/nHq/plu_image/500x500/8808994293000.JPG,기타
emart24,바디피트)볼록맞춤12입(오버),8600,1 + 1,https://msave.emart24.co.kr/cmsbo/upload/nHq/plu_image/500x500/8809016362070.JPG,생활/위생용품
emart24,티젠)콤부차레몬10입,8000,1 + 1,https://msave.emart24.co.kr/cmsbo/upload/nHq/plu_image/500x500/8809071546552.JPG,음료
emart24,티젠)콤부차베리10입,8000,1 + 1,https://msave.emart24.co.kr/cmsbo/upload/nHq/plu_image/500x500/8809071546569.JPG,음료
emart24,티젠)말차라떼7입,7000,1 + 1,https://msave.emart24.co.kr/cmsbo/upload/nHq/plu_image/500x500/8809071547535.JPG,음료
emart24,아로마빌)공주밤크림라떼원컵,2000,1 + 1,https://msave.emart24.co.kr/cmsbo/upload/nHq/plu_image/500x500/8809081562856.JPG,음료
emart24,아로마빌)피스타치오크림라떼원컵,2000,1 + 1,https://msave.emart24.co.kr/cmsbo/upload/nHq/plu_image/500x500/8809081562863.JPG,음료
emart24,슈가)친환경주방세제레몬470ml,6200,1 + 1,https://msave.emart24.co.kr/cmsbo/upload/nHq/plu_image/500x500/8809107601002.JPG,생활/위생용품
emart24,슈가)과탄산소다500g,7900,1 + 1,https://msave.emart24.co.kr/cmsbo/upload/nHq/plu_image/500x500/8809107602139.JPG,음료
emart24,슈가)구연산500g,7900,1 + 1,https://msave.emart24.co.kr/cmsbo/upload/nHq/plu_image/500x500/8809107602146.JPG,기타
emart24,슈가)베이킹소다500g(N),7900,1 + 1,https://msave.emart24.co.kr/cmsbo/upload/nHq/plu_image/500x500/8809107606762.JPG,생활/위생용품
emart24,슈가)과탄산소다500g(N),7900,1 + 1,https://msave.emart24.co.kr/cmsbo/upload/nHq/plu_image/500x500/8809107606779.JPG,음료
emart24,성수310)우베코코넛라떼270ml,2000,1 + 1,https://msave.emart24.co.kr/cmsbo/upload/nHq/plu_image/500x500/8809117022507.JPG,음료
emart24,성수310)우베카페라떼270ml,2000,1 + 1,https://msave.emart24.co.kr/cmsbo/upload/nHq/plu_image/500x500/8809117022514.JPG,음료
emart24,코디)러블리베어티슈230*3입,12500,1 + 1,https://msave.emart24.co.kr/cmsbo/upload/nHq/plu_image/500x500/8809172924600.JPG,생활/위생용품
emart24,풀무원)액티비아딸기210ml,2200,1 + 1,https://msave.emart24.co.kr/cmsbo/upload/nHq/plu_image/500x500/8809274510893.JPG,기타
emart24,풀무원)액티비아플레인210ml,2200,1 + 1,https://msave.emart24.co.kr/cmsbo/upload/nHq/plu_image/500x500/8809274510916.JPG,간식류
emart24,풀무원)액티비아복숭아210ml,2200,1 + 1,https://msave.emart24.co.kr/cmsbo/upload/nHq/plu_image/500x500/8809274512651.JPG,기타
emart24,풀무원)요거톡초코그래놀라129g,2200,1 + 1,https://msave.emart24.co.kr/cmsbo/upload/nHq/plu_image/500x500/8809274513887.JPG,기타
emart24,풀무원)요거톡스타볼132g,2200,1 + 1,https://msave.emart24.co.kr/cmsbo/upload/nHq/plu_image/500x500/8809274513948.JPG,기타
emart24,풀무원)요거톡초코필로우124g,2200,1 + 1,https://msave.emart24.co.kr/cmsbo/upload/nHq/plu_image/500x500/8809274515317.JPG,기타
emart24,풀무원)그릭시그니처플레인150g,3900,1 + 1,https://msave.emart24.co.kr/cmsbo/upload/nHq/plu_image/500x500/8809274516215.JPG,간식류
emart24,풀무원)액티비아컵사과150g,3200,1 + 1,https://msave.emart24.co.kr/cmsbo/upload/nHq/plu_image/500x500/8809274516413.JPG,기타
emart24,풀무원)액티비아컵딸기150g,3200,1 + 1,https://msave.emart24.co.kr/cmsbo/upload/nHq/plu_image/500x500/8809274516420.JPG,기타
emart24,풀무원)요프로컵플레인150g,3900,1 + 1,https://msave.emart24.co.kr/cmsbo/upload/nHq/plu_image/500x500/8809274516802.JPG,간식류
emart24,풀무원)요프로컵블루베리150g,3900,1 + 1,https://msave.emart24.co.kr/cmsbo/upload/nHq/plu_image/500x500/8809274516840.JPG,기타
emart24,풀무원)액티비아제로청사과150ml,2200,1 + 1,https://msave.emart24.co.kr/cmsbo/upload/nHq/plu_image/500x500/8809274517069.JPG,기타
emart24,풀무원)액티비아제로그린플레인150ml,2200,1 + 1,https://msave.emart24.co.kr/cmsbo/upload/nHq/plu_image/500x500/8809274517076.JPG,간식류
emart24,코코토토)프리미엄물티슈80매(캡),5900,1 + 1,https://msave.emart24.co.kr/cmsbo/upload/nHq/plu_image/500x500/8809299105012.JPG,생활/위생용품
emart24,바디피트)슈퍼롱앤와이드10입,9400,1 + 1,https://msave.emart24.co.kr/cmsbo/upload/nHq/plu_image/500x500/8809299230820.JPG,생활/위생용품
emart24,바디피트)유기농순면커버10입(오버),9900,1 + 1,https://msave.emart24.co.kr/cmsbo/upload/nHq/plu_image/500x500/8809299231032.JPG,기타
emart24,바디피트)유기농순면커버4입(중),3100,1 + 1,https://msave.emart24.co.kr/cmsbo/upload/nHq/plu_image/500x500/8809299231162.JPG,기타
emart24,바디피트)유기농순면커버슈퍼롱10입,11900,1 + 1,https://msave.emart24.co.kr/cmsbo/upload/nHq/plu_image/500x500/8809299232879.JPG,기타
emart24,쏘피)한결오버나이트33cm10입,6800,1 + 1,https://msave.emart24.co.kr/cmsbo/upload/nHq/plu_image/500x500/8809299233791.JPG,생활/위생용품
emart24,쏘피)내몸에순한면4입(대),3400,1 + 1,https://msave.emart24.co.kr/cmsbo/upload/nHq/plu_image/500x500/8809299233807.JPG,생활/위생용품
emart24,쏘피)한결10입(대형),5600,1 + 1,https://msave.emart24.co.kr/cmsbo/upload/nHq/plu_image/500x500/8809299234064.JPG,생활/위생용품
emart24,쏘피)한결16입(중형),7900,1 + 1,https://msave.emart24.co.kr/cmsbo/upload/nHq/plu_image/500x500/8809299234071.JPG,생활/위생용품
emart24,바디피트)볼록맞춤33cm4입(오버),4200,1 + 1,https://msave.emart24.co.kr/cmsbo/upload/nHq/plu_image/500x500/8809299234446.JPG,생활/위생용품
emart24,바디피트)내몸에순한면4입(중),2800,1 + 1,https://msave.emart24.co.kr/cmsbo/upload/nHq/plu_image/500x500/8809299234811.JPG,생활/위생용품
emart24,바디피트)내몸에순한면18P(중),10400,1 + 1,https://msave.emart24.co.kr/cmsbo/upload/nHq/plu_image/500x500/8809299234828.JPG,생활/위생용품
emart24,바디피트)내몸에순한면16P(대),10400,1 + 1,https://msave.emart24.co.kr/cmsbo/upload/nHq/plu_image/500x500/8809299234842.JPG,생활/위생용품
emart24,바디피트)내몸에순한면라이너28입(일반),7900,1 + 1,https://msave.emart24.co.kr/cmsbo/upload/nHq/plu_image/500x500/8809299236839.JPG,생활/위생용품
emart24,위너스)망고콘80g(16),1700,1 + 1,https://msave.emart24.co.kr/cmsbo/upload/nHq/plu_image/500x500/8809304880576.JPG,기타
emart24,성수310)딸기바나나스무디250ml,2900,1 + 1,https://msave.emart24.co.kr/cmsbo/upload/nHq/plu_image/500x500/8809350884894.JPG,기타
emart24,성수310)피치망고스무디250ml,2900,1 + 1,https://msave.emart24.co.kr/cmsbo/upload/nHq/plu_image/500x500/8809350884900.JPG,기타
emart24,대웅)임팩타임에너지젤45g,3500,1 + 1,https://msave.emart24.co.kr/cmsbo/upload/nHq/plu_image/500x500/8809359458256.JPG,간식류
emart24,리꼬)더플래닛머큐리10매,1000,1 + 1,https://msave.emart24.co.kr/cmsbo/upload/nHq/plu_image/500x500/8809372755639.JPG,기타
emart24,베리베리)에브리베리씨리얼바40g,1500,1 + 1,https://msave.emart24.co.kr/cmsbo/upload/nHq/plu_image/500x500/8809387747094.JPG,기타
emart24,이디야)카페라떼300ml,3200,1 + 1,https://msave.emart24.co.kr/cmsbo/upload/nHq/plu_image/500x500/8809388463917.JPG,음료
emart24,이디야)토피넛시그니처라떼300ml,3200,1 + 1,https://msave.emart24.co.kr/cmsbo/upload/nHq/plu_image/500x500/8809388463924.JPG,음료
emart24,이디야)돌체콜드브루300ml,3200,1 + 1,https://msave.emart24.co.kr/cmsbo/upload/nHq/plu_image/500x500/8809388463931.JPG,음료
emart24,이디야)바닐라라떼300ml,3200,1 + 1,https://msave.emart24.co.kr/cmsbo/upload/nHq/plu_image/500x500/8809388464464.JPG,음료
emart24,이디야)쇼콜라모카300ml,3200,1 + 1,https://msave.emart24.co.kr/cmsbo/upload/nHq/plu_image/500x500/8809388464471.JPG,음료
emart24,앙블랑)아기물티슈인디핑크(캡형)72매,3500,1 + 1,https://msave.emart24.co.kr/cmsbo/upload/nHq/plu_image/500x500/8809416640181.JPG,생활/위생용품
emart24,HK)NEW컨디션환,2900,1 + 1,https://msave.emart24.co.kr/cmsbo/upload/nHq/plu_image/500x500/8809422041217.JPG,기타
emart24,HK)NEW컨디션환3입,8500,1 + 1,https://msave.emart24.co.kr/cmsbo/upload/nHq/plu_image/500x500/8809422041293.JPG,기타
emart24,HK)컨디션스틱(그린애플맛),3900,1 + 1,https://msave.emart24.co.kr/cmsbo/upload/nHq/plu_image/500x500/8809422043815.JPG,기타
emart24,HK)컨디션스틱ZERO(컨디션맛),3900,1 + 1,https://msave.emart24.co.kr/cmsbo/upload/nHq/plu_image/500x500/8809422043884.JPG,기타
emart24,HK)컨디션스틱ZERO(망고맛),3900,1 + 1,https://msave.emart24.co.kr/cmsbo/upload/nHq/plu_image/500x500/8809422044904.JPG,기타
emart24,HK)컨디션스틱(자두맛),3900,1 + 1,https://msave.emart24.co.kr/cmsbo/upload/nHq/plu_image/500x500/8809422044928.JPG,기타
emart24,HK)컨디션스틱(초코맛),3900,1 + 1,https://msave.emart24.co.kr/cmsbo/upload/nHq/plu_image/500x500/8809422046953.JPG,기타
emart24,HK)컨디션스틱(민트초코맛),3900,1 + 1,https://msave.emart24.co.kr/cmsbo/upload/nHq/plu_image/500x500/8809422046977.JPG,기타
emart24,몽뜨)말차라떼캔디27g,1500,1 + 1,https://msave.emart24.co.kr/cmsbo/upload/nHq/plu_image/500x500/8809429533722.JPG,간식류
emart24,살림백서)주방세제1L리필형청귤향1L,3900,1 + 1,https://msave.emart24.co.kr/cmsbo/upload/nHq/plu_image/500x500/8809457557523.JPG,생활/위생용품
emart24,살림백서)섬유유연제리필형한라봉향2.1L,4900,1 + 1,https://msave.emart24.co.kr/cmsbo/upload/nHq/plu_image/500x500/8809457558278.JPG,생활/위생용품
emart24,고려은단)메가도스이뮨샷,5000,1 + 1,https://msave.emart24.co.kr/cmsbo/upload/nHq/plu_image/500x500/8809497532597.JPG,기타
emart24,슈야토야)멜라지구미30g,2200,1 + 1,https://msave.emart24.co.kr/cmsbo/upload/nHq/plu_image/500x500/8809535032751.JPG,기타
emart24,알디콤)숙취해소제15ml,3900,1 + 1,https://msave.emart24.co.kr/cmsbo/upload/nHq/plu_image/500x500/8809594170364.JPG,기타
emart24,라엘)유기농순면입는오버나이트(4입),10900,1 + 1,https://msave.emart24.co.kr/cmsbo/upload/nHq/plu_image/500x500/8809641111036.JPG,기타
emart24,라엘)순면커버16개입(중),11900,1 + 1,https://msave.emart24.co.kr/cmsbo/upload/nHq/plu_image/500x500/8809641113337.JPG,기타
emart24,화깨수)숙취해소제20g,3800,1 + 1,https://msave.emart24.co.kr/cmsbo/upload/nHq/plu_image/500x500/8809661080176.JPG,기타
emart24,티젠)콤부차피치10입,8000,1 + 1,https://msave.emart24.co.kr/cmsbo/upload/nHq/plu_image/500x500/8809685980674.JPG,음료
emart24,티젠)콤부차파인애플10입,8000,1 + 1,https://msave.emart24.co.kr/cmsbo/upload/nHq/plu_image/500x500/8809685980810.JPG,음료
emart24,티젠)콤부차매실10입,8000,1 + 1,https://msave.emart24.co.kr/cmsbo/upload/nHq/plu_image/500x500/8809685982005.JPG,음료
emart24,티젠)콤부차하이볼향10입,8000,1 + 1,https://msave.emart24.co.kr/cmsbo/upload/nHq/plu_image/500x500/8809685982432.JPG,음료
emart24,티젠)애플사이다비니거10입,8000,1 + 1,https://msave.emart24.co.kr/cmsbo/upload/nHq/plu_image/500x500/8809685983033.JPG,음료
emart24,티젠)콤부차요구르트10입,8000,1 + 1,https://msave.emart24.co.kr/cmsbo/upload/nHq/plu_image/500x500/8809685983088.JPG,음료
emart24,티젠)아이스티(복숭아)10입,6000,1 + 1,https://msave.emart24.co.kr/cmsbo/upload/nHq/plu_image/500x500/8809685984191.JPG,기타
emart24,티젠)아이스티(수박우롱티)10입,6000,1 + 1,https://msave.emart24.co.kr/cmsbo/upload/nHq/plu_image/500x500/8809685984221.JPG,기타
emart24,티젠)오르조블렌드(10입),6000,1 + 1,https://msave.emart24.co.kr/cmsbo/upload/nHq/plu_image/500x500/8809685984429.JPG,기타
emart24,신성)BOTD에그타르트(냉장),1900,1 + 1,https://msave.emart24.co.kr/cmsbo/upload/nHq/plu_image/500x500/8809687440213.JPG,기타
emart24,신성)BOTD호두타르트(냉장),2200,1 + 1,https://msave.emart24.co.kr/cmsbo/upload/nHq/plu_image/500x500/8809687440220.JPG,간식류
emart24,신성)꾸덕꾸덕치즈케익30g(냉장),2700,1 + 1,https://msave.emart24.co.kr/cmsbo/upload/nHq/plu_image/500x500/8809687440343.JPG,기타
emart24,신성)성수310크림듬뿍슈30g(냉장),1900,1 + 1,https://msave.emart24.co.kr/cmsbo/upload/nHq/plu_image/500x500/8809687440367.JPG,기타
emart24,신성)성수310초코크림듬뿍슈30g(냉장),1900,1 + 1,https://msave.emart24.co.kr/cmsbo/upload/nHq/plu_image/500x500/8809687440503.JPG,기타
emart24,라면꼰대x삼다수 고사롱라면컵,1900,1 + 1,https://msave.emart24.co.kr/cmsbo/upload/nHq/plu_image/500x500/8809704435161.JPG,식사류
emart24,쏘피)유기농순면커버무표백4입(대),3900,1 + 1,https://msave.emart24.co.kr/cmsbo/upload/nHq/plu_image/500x500/8809709260201.JPG,기타
emart24,쏘피)안심숙면팬티4입(중),10500,1 + 1,https://msave.emart24.co.kr/cmsbo/upload/nHq/plu_image/500x500/8809709260881.JPG,생활/위생용품
emart24,쏘피)안심숙면팬티4입(대),10500,1 + 1,https://msave.emart24.co.kr/cmsbo/upload/nHq/plu_image/500x500/8809709260898.JPG,생활/위생용품
emart24,쏘피)유기농순면커버4P(대),3500,1 + 1,https://msave.emart24.co.kr/cmsbo/upload/nHq/plu_image/500x500/8809709262038.JPG,기타
emart24,쏘피)네이처순면커버14입(중),11500,1 + 1,https://msave.emart24.co.kr/cmsbo/upload/nHq/plu_image/500x500/8809709262557.JPG,기타
emart24,쏘피)네이처순면커버12입(대),11500,1 + 1,https://msave.emart24.co.kr/cmsbo/upload/nHq/plu_image/500x500/8809709262564.JPG,기타
emart24,쏘피)네이처순면커버8입(슈퍼롱),11500,1 + 1,https://msave.emart24.co.kr/cmsbo/upload/nHq/plu_image/500x500/8809709262571.JPG,기타
emart24,쏘피)쿨링프레쉬16입(중),11500,1 + 1,https://msave.emart24.co.kr/cmsbo/upload/nHq/plu_image/500x500/8809709263271.JPG,생활/위생용품
emart24,쏘피)쿨링프레쉬14입(대),11500,1 + 1,https://msave.emart24.co.kr/cmsbo/upload/nHq/plu_image/500x500/8809709263288.JPG,생활/위생용품
emart24,쏘피)쿨링프레쉬12입(특대),11500,1 + 1,https://msave.emart24.co.kr/cmsbo/upload/nHq/plu_image/500x500/8809709263400.JPG,생활/위생용품
emart24,신성)짭짤고소믹스넛500g,13000,1 + 1,https://msave.emart24.co.kr/cmsbo/upload/nHq/plu_image/500x500/8809742175999.JPG,간식류
emart24,신성)달콤고소믹스넛500g,14000,1 + 1,https://msave.emart24.co.kr/cmsbo/upload/nHq/plu_image/500x500/8809742177023.JPG,간식류
emart24,하림)큼직한건더기두부김치찌개350g,7500,1 + 1,https://msave.emart24.co.kr/cmsbo/upload/nHq/plu_image/500x500/8809778499236.JPG,식사류
emart24,하림)큼직한건더기두부된장찌개350g,7500,1 + 1,https://msave.emart24.co.kr/cmsbo/upload/nHq/plu_image/500x500/8809778499243.JPG,식사류
emart24,종근당)깨노니스틱(배사과맛)(D),3900,1 + 1,https://msave.emart24.co.kr/cmsbo/upload/nHq/plu_image/500x500/8809807286028.JPG,기타
emart24,종근당)깨노니스틱(납작복숭아맛)(D),3900,1 + 1,https://msave.emart24.co.kr/cmsbo/upload/nHq/plu_image/500x500/8809807286042.JPG,기타
emart24,종근당)깨노니땡큐샷30ml,6000,1 + 1,https://msave.emart24.co.kr/cmsbo/upload/nHq/plu_image/500x500/8809807287827.JPG,기타
emart24,종근당)깨노니스틱(납작복숭아맛)new,3900,1 + 1,https://msave.emart24.co.kr/cmsbo/upload/nHq/plu_image/500x500/8809807288978.JPG,기타
emart24,종근당)깨노니스틱(배사과맛)new,3900,1 + 1,https://msave.emart24.co.kr/cmsbo/upload/nHq/plu_image/500x500/8809807288992.JPG,기타
emart24,종근당)깨노니땡큐샷30ml(new),6000,1 + 1,https://msave.emart24.co.kr/cmsbo/upload/nHq/plu_image/500x500/8809807289937.JPG,기타
emart24,옐로우)치즈초꼬미트러플초콜릿96g,4500,1 + 1,https://msave.emart24.co.kr/cmsbo/upload/nHq/plu_image/500x500/8809812841014.JPG,간식류
emart24,옐로우)밀크초꼬미트러플초콜릿96g,4500,1 + 1,https://msave.emart24.co.kr/cmsbo/upload/nHq/plu_image/500x500/8809812841021.JPG,간식류
emart24,웰팜)냉동딸기150g,2980,1 + 1,https://msave.emart24.co.kr/cmsbo/upload/nHq/plu_image/500x500/8809815964222.JPG,기타
emart24,웰팜)냉동스위트망고160g,2980,1 + 1,https://msave.emart24.co.kr/cmsbo/upload/nHq/plu_image/500x500/8809815964239.JPG,기타
emart24,덴마크)테이크얼라이브아사이베리팩200ml,1500,1 + 1,https://msave.emart24.co.kr/cmsbo/upload/nHq/plu_image/500x500/8809848280436.JPG,기타
emart24,알디콤)숙취해소제15ml(new),3900,1 + 1,https://msave.emart24.co.kr/cmsbo/upload/nHq/plu_image/500x500/8809868290064.JPG,기타
emart24,알디콤)숙취해소제PLUS,4800,1 + 1,https://msave.emart24.co.kr/cmsbo/upload/nHq/plu_image/500x500/8809868292082.JPG,기타
emart24,알디콤)숙취해소제Plus(new),4800,1 + 1,https://msave.emart24.co.kr/cmsbo/upload/nHq/plu_image/500x500/8809868292242.JPG,기타
emart24,세아)바베큐조미오징어50g,6900,1 + 1,https://msave.emart24.co.kr/cmsbo/upload/nHq/plu_image/500x500/8809877690176.JPG,간식류
emart24,세아)삼천포맛오징어32g,6900,1 + 1,https://msave.emart24.co.kr/cmsbo/upload/nHq/plu_image/500x500/8809877690374.JPG,간식류
emart24,세아)킹오쨩32G,6900,1 + 1,https://msave.emart24.co.kr/cmsbo/upload/nHq/plu_image/500x500/8809877690442.JPG,기타
emart24,세아)킹오쨩103G,15900,1 + 1,https://msave.emart24.co.kr/cmsbo/upload/nHq/plu_image/500x500/8809877690459.JPG,기타
emart24,세아)달식이한우육포35g,6900,1 + 1,https://msave.emart24.co.kr/cmsbo/upload/nHq/plu_image/500x500/8809877690565.JPG,간식류
emart24,세아)달식이오징어한돈육포45g,6900,1 + 1,https://msave.emart24.co.kr/cmsbo/upload/nHq/plu_image/500x500/8809877690572.JPG,간식류
emart24,세아)매콤달콤먹태구이40g,6900,1 + 1,https://msave.emart24.co.kr/cmsbo/upload/nHq/plu_image/500x500/8809877690589.JPG,기타
emart24,세아)달식이육포진미채45g,6900,1 + 1,https://msave.emart24.co.kr/cmsbo/upload/nHq/plu_image/500x500/8809877690619.JPG,간식류
emart24,세아)달식이제주돈등심육포35g,6900,1 + 1,https://msave.emart24.co.kr/cmsbo/upload/nHq/plu_image/500x500/8809877690770.JPG,간식류
emart24,살림백서)세탁세제리필실내건조2.1L,4900,1 + 1,https://msave.emart24.co.kr/cmsbo/upload/nHq/plu_image/500x500/8809881663005.JPG,생활/위생용품
emart24,테크)수퍼캡스파워딥클린캡슐(67입),19900,1 + 1,https://msave.emart24.co.kr/cmsbo/upload/nHq/plu_image/500x500/8809949567399.JPG,생활/위생용품
emart24,유니프)믹스베리주스200ml,2200,1 + 1,https://msave.emart24.co.kr/cmsbo/upload/nHq/plu_image/500x500/8850388540061.JPG,음료
emart24,유니프)믹스그린주스200ml,2200,1 + 1,https://msave.emart24.co.kr/cmsbo/upload/nHq/plu_image/500x500/8850388541167.JPG,음료
emart24,히말라야)파티스마트츄(2입)new,3900,1 + 1,https://msave.emart24.co.kr/cmsbo/upload/nHq/plu_image/500x500/8901138011390.JPG,기타
emart24,히말라야)파티스마트츄망고(2입),3900,1 + 1,https://msave.emart24.co.kr/cmsbo/upload/nHq/plu_image/500x500/8901138011413.JPG,기타
emart24,옐로우)컵버터쿠키400g(s),4300,1 + 1,https://msave.emart24.co.kr/cmsbo/upload/nHq/plu_image/500x500/8993083943239.JPG,간식류
emart24,농심)파워오투오렌지레몬펫500ml,2300,2 + 1,https://msave.emart24.co.kr/cmsbo/upload/nHq/plu_image/500x500/4005906404835.JPG,기타
emart24,투민)유기농데일리레몬수펫500ml,2000,2 + 1,https://msave.emart24.co.kr/cmsbo/upload/nHq/plu_image/500x500/8800303660114.JPG,기타
emart24,싱하)레몬소다제로캔355ml,2000,2 + 1,https://msave.emart24.co.kr/cmsbo/upload/nHq/plu_image/500x500/8800307632315.JPG,음료
emart24,싱하)유자향소다제로캔355ml,2000,2 + 1,https://msave.emart24.co.kr/cmsbo/upload/nHq/plu_image/500x500/8800307632339.JPG,음료
emart24,하이트)토닉워터펫300ml,1900,2 + 1,https://msave.emart24.co.kr/cmsbo/upload/nHq/plu_image/500x500/8801001236076.JPG,음료
emart24,하이트)토닉워터제로펫300ml,1900,2 + 1,https://msave.emart24.co.kr/cmsbo/upload/nHq/plu_image/500x500/8801001236243.JPG,음료
emart24,HK)컨디션병100ml,5000,2 + 1,https://msave.emart24.co.kr/cmsbo/upload/nHq/plu_image/500x500/8801007071046.JPG,기타
emart24,HK)컨디션레이디병100ml,5000,2 + 1,https://msave.emart24.co.kr/cmsbo/upload/nHq/plu_image/500x500/8801007178233.JPG,기타
emart24,동서)티오피스모키라떼캔275ml,2700,2 + 1,https://msave.emart24.co.kr/cmsbo/upload/nHq/plu_image/500x500/8801037001716.JPG,음료
emart24,동서)티오피스모키블랙캔275ml,2700,2 + 1,https://msave.emart24.co.kr/cmsbo/upload/nHq/plu_image/500x500/8801037001730.JPG,기타
emart24,동서)티오피미디엄돌체라떼캔275ml,2700,2 + 1,https://msave.emart24.co.kr/cmsbo/upload/nHq/plu_image/500x500/8801037006193.JPG,음료
emart24,동서)티오피스모키라떼캔200ml,1500,2 + 1,https://msave.emart24.co.kr/cmsbo/upload/nHq/plu_image/500x500/8801037009026.JPG,음료
emart24,동서)티오피배럴에이지드향마일드380ml,3300,2 + 1,https://msave.emart24.co.kr/cmsbo/upload/nHq/plu_image/500x500/8801037021981.JPG,기타
emart24,동서)티오피배럴에이지드향볼드380ml,3300,2 + 1,https://msave.emart24.co.kr/cmsbo/upload/nHq/plu_image/500x500/8801037022056.JPG,기타
emart24,동서)티오피아메리카노캔200ml,1500,2 + 1,https://msave.emart24.co.kr/cmsbo/upload/nHq/plu_image/500x500/8801037039993.JPG,음료
emart24,동서)티오피마스터라떼캔200ml,1500,2 + 1,https://msave.emart24.co.kr/cmsbo/upload/nHq/plu_image/500x500/8801037040029.JPG,음료
emart24,동서)티오피더블랙캔200ml,1500,2 + 1,https://msave.emart24.co.kr/cmsbo/upload/nHq/plu_image/500x500/8801037042863.JPG,기타
emart24,동서)티오피아메리카노캔380ml,3300,2 + 1,https://msave.emart24.co.kr/cmsbo/upload/nHq/plu_image/500x500/8801037057843.JPG,음료
emart24,동서)티오피더블랙캔380ml,3300,2 + 1,https://msave.emart24.co.kr/cmsbo/upload/nHq/plu_image/500x500/8801037057867.JPG,기타
emart24,동서)티오피마스터라떼캔380ml,3300,2 + 1,https://msave.emart24.co.kr/cmsbo/upload/nHq/plu_image/500x500/8801037064346.JPG,음료
emart24,동서)맥스웰하우스라떼캔240ml,1600,2 + 1,https://msave.emart24.co.kr/cmsbo/upload/nHq/plu_image/500x500/8801037091397.JPG,음료
emart24,동서)맥스웰하우스아메리카노캔240ml,1600,2 + 1,https://msave.emart24.co.kr/cmsbo/upload/nHq/plu_image/500x500/8801037091410.JPG,음료
emart24,동서)맥스웰마스터블랙캔240ml,1600,2 + 1,https://msave.emart24.co.kr/cmsbo/upload/nHq/plu_image/500x500/8801037092066.JPG,기타
emart24,동서)맥스웰하우스블랙펫500ml,2900,2 + 1,https://msave.emart24.co.kr/cmsbo/upload/nHq/plu_image/500x500/8801037093742.JPG,기타
emart24,동서)맥스웰하우스라떼펫500ml,2900,2 + 1,https://msave.emart24.co.kr/cmsbo/upload/nHq/plu_image/500x500/8801037093766.JPG,음료
emart24,동서)맥스웰하우스스위트블랙펫500ml,2900,2 + 1,https://msave.emart24.co.kr/cmsbo/upload/nHq/plu_image/500x500/8801037094305.JPG,기타
emart24,동서)맥스웰하우스헤이즐넛펫500ml,2900,2 + 1,https://msave.emart24.co.kr/cmsbo/upload/nHq/plu_image/500x500/8801037096446.JPG,기타
emart24,농심)백산수펫2L,1900,2 + 1,https://msave.emart24.co.kr/cmsbo/upload/nHq/plu_image/500x500/8801043020473.JPG,생수
emart24,농심)백산수펫500ml,1000,2 + 1,https://msave.emart24.co.kr/cmsbo/upload/nHq/plu_image/500x500/8801043022781.JPG,생수
emart24,농심)웰치스포도제로캔355ml,1500,2 + 1,https://msave.emart24.co.kr/cmsbo/upload/nHq/plu_image/500x500/8801043064088.JPG,음료
emart24,농심)웰치스제로포도펫600ml,2000,2 + 1,https://msave.emart24.co.kr/cmsbo/upload/nHq/plu_image/500x500/8801043065467.JPG,음료
emart24,농심)웰치스포도캔355ml,1500,2 + 1,https://msave.emart24.co.kr/cmsbo/upload/nHq/plu_image/500x500/8801043450690.JPG,음료
emart24,농심)카프리썬오렌지파우치200ml,1100,2 + 1,https://msave.emart24.co.kr/cmsbo/upload/nHq/plu_image/500x500/8801043650182.JPG,기타
emart24,농심)카프리썬사파리파우치200ml,1100,2 + 1,https://msave.emart24.co.kr/cmsbo/upload/nHq/plu_image/500x500/8801043650199.JPG,기타
emart24,농심)카프리썬오렌지망고파우치200ml,1100,2 + 1,https://msave.emart24.co.kr/cmsbo/upload/nHq/plu_image/500x500/8801043650311.JPG,기타
emart24,롯데)아이시스8.0펫500ml,1100,2 + 1,https://msave.emart24.co.kr/cmsbo/upload/nHq/plu_image/500x500/8801056049881.JPG,생수
emart24,롯데)아이시스8.0펫2L,1950,2 + 1,https://msave.emart24.co.kr/cmsbo/upload/nHq/plu_image/500x500/8801056049904.JPG,생수
emart24,롯데)칸타타콘트라베이스펫500ml,2900,2 + 1,https://msave.emart24.co.kr/cmsbo/upload/nHq/plu_image/500x500/8801056094591.JPG,기타
emart24,롯데)칸타타콘트라베이스저칼로리라떼펫500ml,2900,2 + 1,https://msave.emart24.co.kr/cmsbo/upload/nHq/plu_image/500x500/8801056096052.JPG,음료
emart24,롯데)레쓰비그란데라떼펫500ml,2200,2 + 1,https://msave.emart24.co.kr/cmsbo/upload/nHq/plu_image/500x500/8801056097899.JPG,음료
emart24,롯데)칸타타콘트라베이스스위트블랙펫500ml,2900,2 + 1,https://msave.emart24.co.kr/cmsbo/upload/nHq/plu_image/500x500/8801056102036.JPG,기타
emart24,롯데)펩시콜라캔355ml,2100,2 + 1,https://msave.emart24.co.kr/cmsbo/upload/nHq/plu_image/500x500/8801056150013.JPG,음료
emart24,롯데)레쓰비그란데헤이즐넛펫500ml,2200,2 + 1,https://msave.emart24.co.kr/cmsbo/upload/nHq/plu_image/500x500/8801056174149.JPG,기타
emart24,롯데)펩시콜라제로캔355ml,2100,2 + 1,https://msave.emart24.co.kr/cmsbo/upload/nHq/plu_image/500x500/8801056175900.JPG,음료
emart24,롯데)솔의눈펫500ml,2200,2 + 1,https://msave.emart24.co.kr/cmsbo/upload/nHq/plu_image/500x500/8801056228927.JPG,기타
emart24,롯데)실론티제로펫500ml,2200,2 + 1,https://msave.emart24.co.kr/cmsbo/upload/nHq/plu_image/500x500/8801056231927.JPG,기타
emart24,롯데)칸타타콘트라베이스블랙앤샷펫500ml,2900,2 + 1,https://msave.emart24.co.kr/cmsbo/upload/nHq/plu_image/500x500/8801056234027.JPG,기타
emart24,롯데)펩시제로카페인캔355ml,2100,2 + 1,https://msave.emart24.co.kr/cmsbo/upload/nHq/plu_image/500x500/8801056241506.JPG,음료
emart24,롯데)실론티말차라떼펫340ml,2700,2 + 1,https://msave.emart24.co.kr/cmsbo/upload/nHq/plu_image/500x500/8801056252687.JPG,음료
emart24,롯데)칸타타돌체라떼펫340ml,2700,2 + 1,https://msave.emart24.co.kr/cmsbo/upload/nHq/plu_image/500x500/8801056910747.JPG,음료
emart24,남양)17차펫500ml,2200,2 + 1,https://msave.emart24.co.kr/cmsbo/upload/nHq/plu_image/500x500/8801069174020.JPG,음료
emart24,코카)조지아블랙펫470ml,2800,2 + 1,https://msave.emart24.co.kr/cmsbo/upload/nHq/plu_image/500x500/8801094502669.JPG,음료
emart24,코카)조지아카페라떼펫470ml,2800,2 + 1,https://msave.emart24.co.kr/cmsbo/upload/nHq/plu_image/500x500/8801094512668.JPG,음료
emart24,동아)데미소다애플캔250ml,1700,2 + 1,https://msave.emart24.co.kr/cmsbo/upload/nHq/plu_image/500x500/8801097160064.JPG,음료
emart24,동아)데미소다복숭아캔250ml,1700,2 + 1,https://msave.emart24.co.kr/cmsbo/upload/nHq/plu_image/500x500/8801097168404.JPG,음료
emart24,동아)데미소다레드애플캔350ml,1900,2 + 1,https://msave.emart24.co.kr/cmsbo/upload/nHq/plu_image/500x500/8801097168909.JPG,음료
emart24,동아)오로나민C병120ml,1500,2 + 1,https://msave.emart24.co.kr/cmsbo/upload/nHq/plu_image/500x500/8801097280014.JPG,기타
emart24,동아)데자와밀크티캔240ml,1600,2 + 1,https://msave.emart24.co.kr/cmsbo/upload/nHq/plu_image/500x500/8801097481015.JPG,기타
emart24,동아)데자와밀크티펫500ml,2500,2 + 1,https://msave.emart24.co.kr/cmsbo/upload/nHq/plu_image/500x500/8801097481206.JPG,기타
emart24,빙그레)아카페라AllDay아메리카노펫1L,4200,2 + 1,https://msave.emart24.co.kr/cmsbo/upload/nHq/plu_image/500x500/8801104669658.JPG,음료
emart24,빙그레)아카페라AllDay헤이즐넛펫1L,4200,2 + 1,https://msave.emart24.co.kr/cmsbo/upload/nHq/plu_image/500x500/8801104669672.JPG,음료
emart24,빙그레)사이즈업벤티아메리카노펫600ml,3200,2 + 1,https://msave.emart24.co.kr/cmsbo/upload/nHq/plu_image/500x500/8801104944915.JPG,음료
emart24,빙그레)사이즈업벤티헤이즐넛펫600ml,3200,2 + 1,https://msave.emart24.co.kr/cmsbo/upload/nHq/plu_image/500x500/8801104944939.JPG,기타
emart24,코카)영진구론산스파클링병150ml,1300,2 + 1,https://msave.emart24.co.kr/cmsbo/upload/nHq/plu_image/500x500/8801105914610.JPG,음료
emart24,코카)영진구론산탄산비타액병150ml,1300,2 + 1,https://msave.emart24.co.kr/cmsbo/upload/nHq/plu_image/500x500/8801105916829.JPG,음료
emart24,매일)바리스타그란데아메리카노펫475ml,2700,2 + 1,https://msave.emart24.co.kr/cmsbo/upload/nHq/plu_image/500x500/8801121031834.JPG,음료
emart24,매일)바리스타그란데라떼펫475ml,2700,2 + 1,https://msave.emart24.co.kr/cmsbo/upload/nHq/plu_image/500x500/8801121031858.JPG,음료
emart24,일화)천연사이다캔350ml,1400,2 + 1,https://msave.emart24.co.kr/cmsbo/upload/nHq/plu_image/500x500/8801223007478.JPG,음료
emart24,일화)맥콜캔250ml,1600,2 + 1,https://msave.emart24.co.kr/cmsbo/upload/nHq/plu_image/500x500/8801223100254.JPG,음료
emart24,일화)맥콜펫500ml,2200,2 + 1,https://msave.emart24.co.kr/cmsbo/upload/nHq/plu_image/500x500/8801223100261.JPG,음료
emart24,웅진)자연은감귤펫500ml,2350,2 + 1,https://msave.emart24.co.kr/cmsbo/upload/nHq/plu_image/500x500/8801382137917.JPG,기타
emart24,웅진)자연은샤인머스캣펫500ml,2350,2 + 1,https://msave.emart24.co.kr/cmsbo/upload/nHq/plu_image/500x500/8801382149866.JPG,기타
emart24,광동)옥수수수염차펫500ml,2200,2 + 1,https://msave.emart24.co.kr/cmsbo/upload/nHq/plu_image/500x500/8806002006437.JPG,음료
emart24,광동)비타500병180ml,1900,2 + 1,https://msave.emart24.co.kr/cmsbo/upload/nHq/plu_image/500x500/8806002007298.JPG,음료
emart24,현대)미에로화이바펫350ml,2200,2 + 1,https://msave.emart24.co.kr/cmsbo/upload/nHq/plu_image/500x500/8806004407133.JPG,기타
emart24,동화)부채표미인활병75ml,1200,2 + 1,https://msave.emart24.co.kr/cmsbo/upload/nHq/plu_image/500x500/8806016311015.JPG,기타
emart24,동화)까스명수골드병75ml,1200,2 + 1,https://msave.emart24.co.kr/cmsbo/upload/nHq/plu_image/500x500/8806102400265.JPG,기타
emart24,광동)삼다수펫500ml(QR),1100,2 + 1,https://msave.emart24.co.kr/cmsbo/upload/nHq/plu_image/500x500/8808244101109.JPG,생수
emart24,광동)삼다수펫1L(QR),1500,2 + 1,https://msave.emart24.co.kr/cmsbo/upload/nHq/plu_image/500x500/8808244101130.JPG,생수
emart24,광동)삼다수펫500ml,1100,2 + 1,https://msave.emart24.co.kr/cmsbo/upload/nHq/plu_image/500x500/8808244201014.JPG,생수
emart24,보람)사각사각마시는파인애플150ml,2400,2 + 1,https://msave.emart24.co.kr/cmsbo/upload/nHq/plu_image/500x500/8809005020646.JPG,기타
emart24,보람)구기자소다캔350ml,1800,2 + 1,https://msave.emart24.co.kr/cmsbo/upload/nHq/plu_image/500x500/8809005020769.JPG,음료
emart24,보람)수박소다캔350ml,1800,2 + 1,https://msave.emart24.co.kr/cmsbo/upload/nHq/plu_image/500x500/8809005029823.JPG,음료
emart24,할리스)시그니처아메리카노펫550ml,3200,2 + 1,https://msave.emart24.co.kr/cmsbo/upload/nHq/plu_image/500x500/8809286695106.JPG,음료
emart24,할리스)바닐라딜라이트로우슈거펫450ml,3200,2 + 1,https://msave.emart24.co.kr/cmsbo/upload/nHq/plu_image/500x500/8809286695120.JPG,기타
emart24,할리스)디카페인아메리카노펫450ml,3200,2 + 1,https://msave.emart24.co.kr/cmsbo/upload/nHq/plu_image/500x500/8809286695731.JPG,음료
emart24,BR)레인보우샤베트워터펫500ml,2500,2 + 1,https://msave.emart24.co.kr/cmsbo/upload/nHq/plu_image/500x500/8809288634967.JPG,음료
emart24,BR)피치요거트워터펫500ml,2500,2 + 1,https://msave.emart24.co.kr/cmsbo/upload/nHq/plu_image/500x500/8809288634974.JPG,음료
emart24,BR)망고탱고워터펫500ml,2500,2 + 1,https://msave.emart24.co.kr/cmsbo/upload/nHq/plu_image/500x500/8809288635315.JPG,음료
emart24,천지개벽)제주한라봉스파클링캔355ml,1800,2 + 1,https://msave.emart24.co.kr/cmsbo/upload/nHq/plu_image/500x500/8809329050473.JPG,기타
emart24,이디야)아메리카노펫500ml,2700,2 + 1,https://msave.emart24.co.kr/cmsbo/upload/nHq/plu_image/500x500/8809388465034.JPG,음료
emart24,이디야)스위트아메리카노펫500ml,2700,2 + 1,https://msave.emart24.co.kr/cmsbo/upload/nHq/plu_image/500x500/8809388465041.JPG,음료
emart24,이디야)바닐라라떼펫500ml,2700,2 + 1,https://msave.emart24.co.kr/cmsbo/upload/nHq/plu_image/500x500/8809388465058.JPG,음료
emart24,HK)컨디션CEO병150ml,10000,2 + 1,https://msave.emart24.co.kr/cmsbo/upload/nHq/plu_image/500x500/8809422040876.JPG,기타
emart24,이그니스)클룹제로소다포도캔500ml,2500,2 + 1,https://msave.emart24.co.kr/cmsbo/upload/nHq/plu_image/500x500/8809495075478.JPG,음료
emart24,이그니스)클룹제로소다레몬캔500ml,2500,2 + 1,https://msave.emart24.co.kr/cmsbo/upload/nHq/plu_image/500x500/8809495077793.JPG,음료
emart24,하베스트)라인프렌즈요구르트스파클링펫380ml,3300,2 + 1,https://msave.emart24.co.kr/cmsbo/upload/nHq/plu_image/500x500/8809916330964.JPG,음료
emart24,싱하)소다워터병325ml,1500,2 + 1,https://msave.emart24.co.kr/cmsbo/upload/nHq/plu_image/500x500/8850999133003.JPG,음료
emart24,동서)레드불캔355ml,3200,2 + 1,https://msave.emart24.co.kr/cmsbo/upload/nHq/plu_image/500x500/9002490232887.JPG,기타
emart24,CJ)비비고썰은배추김치60g,1350,2 + 1,https://msave.emart24.co.kr/cmsbo/upload/nHq/plu_image/500x500/8801007280417.JPG,식사류
emart24,CJ)비비고썰은배추김치100g,2000,2 + 1,https://msave.emart24.co.kr/cmsbo/upload/nHq/plu_image/500x500/8801007280431.JPG,식사류
emart24,CJ)햇반스팸김치볶음밥컵220g,3900,2 + 1,https://msave.emart24.co.kr/cmsbo/upload/nHq/plu_image/500x500/8801007353395.JPG,식사류
emart24,CJ)비비고찐만두168g,4900,2 + 1,https://msave.emart24.co.kr/cmsbo/upload/nHq/plu_image/500x500/8801007429298.JPG,식사류
emart24,CJ)비비고썰은배추김치200g,3500,2 + 1,https://msave.emart24.co.kr/cmsbo/upload/nHq/plu_image/500x500/8801007529301.JPG,식사류
emart24,CJ)비비고찐만두청양고추168g,4900,2 + 1,https://msave.emart24.co.kr/cmsbo/upload/nHq/plu_image/500x500/8801007537740.JPG,식사류
emart24,CJ)비비고새우왕교자315g,6500,2 + 1,https://msave.emart24.co.kr/cmsbo/upload/nHq/plu_image/500x500/8801007555676.JPG,식사류
emart24,CJ)비비고김치볶음150g,3200,2 + 1,https://msave.emart24.co.kr/cmsbo/upload/nHq/plu_image/500x500/8801007636009.JPG,식사류
emart24,CJ)맥스봉직화구이꼬치바90g,2700,2 + 1,https://msave.emart24.co.kr/cmsbo/upload/nHq/plu_image/500x500/8801007835396.JPG,기타
emart24,CJ)비비고진한김치만두200g,4900,2 + 1,https://msave.emart24.co.kr/cmsbo/upload/nHq/plu_image/500x500/8801007836270.JPG,식사류
emart24,CJ)비비고청양고기만두200g,4900,2 + 1,https://msave.emart24.co.kr/cmsbo/upload/nHq/plu_image/500x500/8801007836294.JPG,식사류
emart24,CJ)어묵떡볶이컵346g,3900,2 + 1,https://msave.emart24.co.kr/cmsbo/upload/nHq/plu_image/500x500/8801007841113.JPG,간식류
emart24,CJ)맥스봉직화구이꼬치바청양고추90g,2700,2 + 1,https://msave.emart24.co.kr/cmsbo/upload/nHq/plu_image/500x500/8801007880303.JPG,기타
emart24,CJ)닭가슴살통살100g,4500,2 + 1,https://msave.emart24.co.kr/cmsbo/upload/nHq/plu_image/500x500/8801007880440.JPG,기타
emart24,CJ)비비고순살고등어구이60g,7400,2 + 1,https://msave.emart24.co.kr/cmsbo/upload/nHq/plu_image/500x500/8801007917030.JPG,기타
emart24,CJ)비비고순살삼치구이60g,7400,2 + 1,https://msave.emart24.co.kr/cmsbo/upload/nHq/plu_image/500x500/8801007917320.JPG,기타
emart24,CJ)비비고육즙불고기찐만두168g,4900,2 + 1,https://msave.emart24.co.kr/cmsbo/upload/nHq/plu_image/500x500/8801007928906.JPG,식사류
emart24,CJ)닭가슴살직화통살페퍼100g,4500,2 + 1,https://msave.emart24.co.kr/cmsbo/upload/nHq/plu_image/500x500/8801007966724.JPG,기타
emart24,CJ)비비고진한고기만두327g,6500,2 + 1,https://msave.emart24.co.kr/cmsbo/upload/nHq/plu_image/500x500/8801007980683.JPG,식사류
emart24,종가)열무김치80g,2100,2 + 1,https://msave.emart24.co.kr/cmsbo/upload/nHq/plu_image/500x500/8801024053674.JPG,기타
emart24,종가)맛김치컵75g,1800,2 + 1,https://msave.emart24.co.kr/cmsbo/upload/nHq/plu_image/500x500/8801024190102.JPG,기타
emart24,종가)맛김치컵130g,3000,2 + 1,https://msave.emart24.co.kr/cmsbo/upload/nHq/plu_image/500x500/8801024190201.JPG,기타
emart24,오뚜기)진라면볶음밥컵230g,4500,2 + 1,https://msave.emart24.co.kr/cmsbo/upload/nHq/plu_image/500x500/8801045146980.JPG,식사류
emart24,오뚜기)순후추치킨180g,5600,2 + 1,https://msave.emart24.co.kr/cmsbo/upload/nHq/plu_image/500x500/8801045273570.JPG,기타
emart24,오뚜기)순후추닭강정180G,5600,2 + 1,https://msave.emart24.co.kr/cmsbo/upload/nHq/plu_image/500x500/8801045350790.JPG,기타
emart24,오뚜기)버팔로봉200g,7900,2 + 1,https://msave.emart24.co.kr/cmsbo/upload/nHq/plu_image/500x500/8801045607030.JPG,기타
emart24,오뚜기)콤비네이션피자415g,8900,2 + 1,https://msave.emart24.co.kr/cmsbo/upload/nHq/plu_image/500x500/8801045750088.JPG,식사류
emart24,오뚜기)불고기피자396g,8900,2 + 1,https://msave.emart24.co.kr/cmsbo/upload/nHq/plu_image/500x500/8801045750095.JPG,식사류
emart24,오뚜기)바삭한빅핫도그120g,2800,2 + 1,https://msave.emart24.co.kr/cmsbo/upload/nHq/plu_image/500x500/8801045750743.JPG,기타
emart24,오뚜기)바삭한모짜소떡핫도그100g,2800,2 + 1,https://msave.emart24.co.kr/cmsbo/upload/nHq/plu_image/500x500/8801045750750.JPG,간식류
emart24,오뚜기)참치김치치즈볶음밥230g,4500,2 + 1,https://msave.emart24.co.kr/cmsbo/upload/nHq/plu_image/500x500/8801045931234.JPG,식사류
emart24,오뚜기)새우볶음밥컵230g,4500,2 + 1,https://msave.emart24.co.kr/cmsbo/upload/nHq/plu_image/500x500/8801045941103.JPG,식사류
emart24,대상)안주야직화불막창160g(냉동),9500,2 + 1,https://msave.emart24.co.kr/cmsbo/upload/nHq/plu_image/500x500/8801052043845.JPG,간식류
emart24,대상)안주야직화무뼈닭발160g(냉동),9500,2 + 1,https://msave.emart24.co.kr/cmsbo/upload/nHq/plu_image/500x500/8801052043852.JPG,간식류
emart24,사조)숯불구이맛후랑크70g,2200,2 + 1,https://msave.emart24.co.kr/cmsbo/upload/nHq/plu_image/500x500/8801066019447.JPG,기타
emart24,사조)닭가슴살마일드100g,5000,2 + 1,https://msave.emart24.co.kr/cmsbo/upload/nHq/plu_image/500x500/8801066056428.JPG,기타
emart24,사조)닭가슴살블랙페퍼100g,5000,2 + 1,https://msave.emart24.co.kr/cmsbo/upload/nHq/plu_image/500x500/8801066056435.JPG,기타
emart24,사조)불고기피자80g,3000,2 + 1,https://msave.emart24.co.kr/cmsbo/upload/nHq/plu_image/500x500/8801066066120.JPG,식사류
emart24,삼립)명인우동211g(2편),3800,2 + 1,https://msave.emart24.co.kr/cmsbo/upload/nHq/plu_image/500x500/8801068399141.JPG,기타
emart24,삼립)장칼국수206g(2편),3800,2 + 1,https://msave.emart24.co.kr/cmsbo/upload/nHq/plu_image/500x500/8801068399165.JPG,기타
emart24,삼립)동치미물냉면970g(2인분),8000,2 + 1,https://msave.emart24.co.kr/cmsbo/upload/nHq/plu_image/500x500/8801068913927.JPG,식사류
emart24,삼립)홍비빔냉면422g(2인분),8000,2 + 1,https://msave.emart24.co.kr/cmsbo/upload/nHq/plu_image/500x500/8801068913934.JPG,식사류
emart24,삼립)홍쫄면462g(2인분),8000,2 + 1,https://msave.emart24.co.kr/cmsbo/upload/nHq/plu_image/500x500/8801068915419.JPG,식사류
emart24,삼립)트리플치즈부리또125g,3500,2 + 1,https://msave.emart24.co.kr/cmsbo/upload/nHq/plu_image/500x500/8801068921403.JPG,기타
emart24,삼립)트리플미트부리또125g,3500,2 + 1,https://msave.emart24.co.kr/cmsbo/upload/nHq/plu_image/500x500/8801068921410.JPG,기타
emart24,삼립)슈프림치즈부리또120g,3500,2 + 1,https://msave.emart24.co.kr/cmsbo/upload/nHq/plu_image/500x500/8801068932157.JPG,기타
emart24,삼립)불고기치즈부리또115g,3500,2 + 1,https://msave.emart24.co.kr/cmsbo/upload/nHq/plu_image/500x500/8801068932164.JPG,기타
emart24,삼립)캐네디언그레이비해쉬부리또120g,3500,2 + 1,https://msave.emart24.co.kr/cmsbo/upload/nHq/plu_image/500x500/8801068941739.JPG,기타
emart24,삼립)아메리칸딥치즈소시지부리또120g,3500,2 + 1,https://msave.emart24.co.kr/cmsbo/upload/nHq/plu_image/500x500/8801068941746.JPG,간식류
emart24,한성)크래미90g,3500,2 + 1,https://msave.emart24.co.kr/cmsbo/upload/nHq/plu_image/500x500/8801074255851.JPG,기타
emart24,진주햄)천하장사50g,2400,2 + 1,https://msave.emart24.co.kr/cmsbo/upload/nHq/plu_image/500x500/8801077285800.JPG,간식류
emart24,진주햄)천하장사70g,2800,2 + 1,https://msave.emart24.co.kr/cmsbo/upload/nHq/plu_image/500x500/8801077308608.JPG,간식류
emart24,롯데)의성마늘프랑크70g,2600,2 + 1,https://msave.emart24.co.kr/cmsbo/upload/nHq/plu_image/500x500/8801123307289.JPG,간식류
emart24,롯데)의성마늘프랑크빅90g,2900,2 + 1,https://msave.emart24.co.kr/cmsbo/upload/nHq/plu_image/500x500/8801123309498.JPG,간식류
emart24,롯데)의성마늘프랑크녹찐치즈65g,2600,2 + 1,https://msave.emart24.co.kr/cmsbo/upload/nHq/plu_image/500x500/8801123311026.JPG,간식류
emart24,롯데)의성마늘프랑크매콤땡초65g,2600,2 + 1,https://msave.emart24.co.kr/cmsbo/upload/nHq/plu_image/500x500/8801123311057.JPG,간식류
emart24,CJ)삼호오뎅한그릇,3900,2 + 1,https://msave.emart24.co.kr/cmsbo/upload/nHq/plu_image/500x500/8801242001716.JPG,기타
emart24,CJ)삼호얼큰오뎅한그릇,3900,2 + 1,https://msave.emart24.co.kr/cmsbo/upload/nHq/plu_image/500x500/8801242039085.JPG,기타
emart24,CJ)밀국물떡볶이컵330g,3900,2 + 1,https://msave.emart24.co.kr/cmsbo/upload/nHq/plu_image/500x500/8801392121357.JPG,간식류
emart24,CJ)저당닭가슴살데리야끼맛120g,4900,2 + 1,https://msave.emart24.co.kr/cmsbo/upload/nHq/plu_image/500x500/8801392135903.JPG,기타
emart24,CJ)저당닭가슴살숯불치킨맛120g,4900,2 + 1,https://msave.emart24.co.kr/cmsbo/upload/nHq/plu_image/500x500/8801392135927.JPG,기타
emart24,CJ)닭강정200g,7800,2 + 1,https://msave.emart24.co.kr/cmsbo/upload/nHq/plu_image/500x500/8801392165696.JPG,기타
emart24,하림)닭가슴살갈릭100g,5000,2 + 1,https://msave.emart24.co.kr/cmsbo/upload/nHq/plu_image/500x500/8801492373083.JPG,기타
emart24,하림)맛닭가슴살새우100g,5000,2 + 1,https://msave.emart24.co.kr/cmsbo/upload/nHq/plu_image/500x500/8801492392466.JPG,기타
emart24,하림)맛닭가슴살엽떡맛100g,5000,2 + 1,https://msave.emart24.co.kr/cmsbo/upload/nHq/plu_image/500x500/8801492392886.JPG,간식류
emart24,오뗄)킬바사200g,6700,2 + 1,https://msave.emart24.co.kr/cmsbo/upload/nHq/plu_image/500x500/8802266014423.JPG,기타
emart24,오뗄)치즈킬바사200g,6700,2 + 1,https://msave.emart24.co.kr/cmsbo/upload/nHq/plu_image/500x500/8802266014515.JPG,기타
emart24,크레이지치즈)콕콕프랑크65g,2300,2 + 1,https://msave.emart24.co.kr/cmsbo/upload/nHq/plu_image/500x500/8802266500803.JPG,간식류
emart24,MDS)라구파스타230g,4200,2 + 1,https://msave.emart24.co.kr/cmsbo/upload/nHq/plu_image/500x500/8805684010633.JPG,식사류
emart24,MDS)베이컨까르보나라230g(NEW),4200,2 + 1,https://msave.emart24.co.kr/cmsbo/upload/nHq/plu_image/500x500/8805684010640.JPG,기타
emart24,MDS)투움바파스타230g(NEW),4200,2 + 1,https://msave.emart24.co.kr/cmsbo/upload/nHq/plu_image/500x500/8805684010657.JPG,식사류
emart24,MDS)베이컨로제파스타230g,4200,2 + 1,https://msave.emart24.co.kr/cmsbo/upload/nHq/plu_image/500x500/8805684010848.JPG,식사류
emart24,옐로우)매콤닭강정300g,6400,2 + 1,https://msave.emart24.co.kr/cmsbo/upload/nHq/plu_image/500x500/8809120777401.JPG,기타
emart24,옐로우)달콤닭강정300g,6400,2 + 1,https://msave.emart24.co.kr/cmsbo/upload/nHq/plu_image/500x500/8809120777418.JPG,기타
emart24,슈가로로)곤약젤리복숭아150g,1900,2 + 1,https://msave.emart24.co.kr/cmsbo/upload/nHq/plu_image/500x500/8809403535193.JPG,간식류
emart24,슈가로로)곤약젤리망고150g,1900,2 + 1,https://msave.emart24.co.kr/cmsbo/upload/nHq/plu_image/500x500/8809403535223.JPG,간식류
emart24,슈가로로)곤약젤리리치150g,1900,2 + 1,https://msave.emart24.co.kr/cmsbo/upload/nHq/plu_image/500x500/8809403536190.JPG,간식류
emart24,슈가로로)곤약젤리골드키위&파인150g,1900,2 + 1,https://msave.emart24.co.kr/cmsbo/upload/nHq/plu_image/500x500/8809403539184.JPG,간식류
emart24,하림)더미식제육볶음200g,8900,2 + 1,https://msave.emart24.co.kr/cmsbo/upload/nHq/plu_image/500x500/8809778498406.JPG,기타
emart24,하림)더미식순살닭갈비200g,8900,2 + 1,https://msave.emart24.co.kr/cmsbo/upload/nHq/plu_image/500x500/8809778498413.JPG,기타
emart24,제니코)플레인스트링치즈24g,1800,2 + 1,https://msave.emart24.co.kr/cmsbo/upload/nHq/plu_image/500x500/030900010991.JPG,간식류
emart24,롯데)허쉬쿠키앤크림40g(냉장),2000,2 + 1,https://msave.emart24.co.kr/cmsbo/upload/nHq/plu_image/500x500/034000239344.JPG,간식류
emart24,롯데)허쉬크리미밀크40g(냉장),2000,2 + 1,https://msave.emart24.co.kr/cmsbo/upload/nHq/plu_image/500x500/03424005.JPG,간식류
emart24,롯데)허쉬크리미밀크아몬드40g(냉장),2000,2 + 1,https://msave.emart24.co.kr/cmsbo/upload/nHq/plu_image/500x500/03424102.JPG,간식류
emart24,제니코)본가드체다스틱치즈28g,1800,2 + 1,https://msave.emart24.co.kr/cmsbo/upload/nHq/plu_image/500x500/071078700000.JPG,기타
emart24,제니코)본가드마블잭스틱치즈28g,1800,2 + 1,https://msave.emart24.co.kr/cmsbo/upload/nHq/plu_image/500x500/071078700109.JPG,기타
emart24,니베아)엑스트라브라이트데오60ml(스프레이),7900,2 + 1,https://msave.emart24.co.kr/cmsbo/upload/nHq/plu_image/500x500/4005808512836.JPG,기타
emart24,니베아)센서티브쉐이빙폼200ml,7700,2 + 1,https://msave.emart24.co.kr/cmsbo/upload/nHq/plu_image/500x500/4005808817207.JPG,생활/위생용품
emart24,니베아)퍼펙트선세럼90ml,20800,2 + 1,https://msave.emart24.co.kr/cmsbo/upload/nHq/plu_image/500x500/4005808984763.JPG,기타
emart24,히츨러)히치스수수깡젤리오리지날40g(A),2900,2 + 1,https://msave.emart24.co.kr/cmsbo/upload/nHq/plu_image/500x500/4100250052401.JPG,간식류
emart24,니베아)모이스처선로션100ml,17800,2 + 1,https://msave.emart24.co.kr/cmsbo/upload/nHq/plu_image/500x500/42467083.JPG,기타
emart24,농심)보노콘스프3입,4400,2 + 1,https://msave.emart24.co.kr/cmsbo/upload/nHq/plu_image/500x500/4901001021994.JPG,기타
emart24,농심)보노체다치즈스프3입,4400,2 + 1,https://msave.emart24.co.kr/cmsbo/upload/nHq/plu_image/500x500/4901001123094.JPG,기타
emart24,훼밀리)S&B생와사비43g,4000,2 + 1,https://msave.emart24.co.kr/cmsbo/upload/nHq/plu_image/500x500/4901002166373.JPG,기타
emart24,농심)치타라24g,3900,2 + 1,https://msave.emart24.co.kr/cmsbo/upload/nHq/plu_image/500x500/4902181097373.JPG,기타
emart24,농심)야키호타테카이히모14g(가리비덧살),3900,2 + 1,https://msave.emart24.co.kr/cmsbo/upload/nHq/plu_image/500x500/4902181098738.JPG,기타
emart24,비페스타)미셀라클렌징시트 모이스트10매,3800,2 + 1,https://msave.emart24.co.kr/cmsbo/upload/nHq/plu_image/500x500/4902806421552.JPG,기타
emart24,네슬레)프루팁스70g,3000,2 + 1,https://msave.emart24.co.kr/cmsbo/upload/nHq/plu_image/500x500/6917878047201.JPG,기타
emart24,옐로우)달콤바삭쌀과자100g(S),1900,2 + 1,https://msave.emart24.co.kr/cmsbo/upload/nHq/plu_image/500x500/6926215386002.JPG,간식류
emart24,옐로우)고소바삭쌀과자100g(S),1900,2 + 1,https://msave.emart24.co.kr/cmsbo/upload/nHq/plu_image/500x500/6926215386033.JPG,간식류
emart24,시원)키즈스타검볼35g,3500,2 + 1,https://msave.emart24.co.kr/cmsbo/upload/nHq/plu_image/500x500/6933618000046.JPG,기타
emart24,시원)럭키잭팟검볼40g,3500,2 + 1,https://msave.emart24.co.kr/cmsbo/upload/nHq/plu_image/500x500/6933618000053.JPG,기타
emart24,시원)슬램덩크검볼19g,3500,2 + 1,https://msave.emart24.co.kr/cmsbo/upload/nHq/plu_image/500x500/6933618000091.JPG,기타
emart24,몽뜨)설곤약향라맛30g,1200,2 + 1,https://msave.emart24.co.kr/cmsbo/upload/nHq/plu_image/500x500/6940434621157.JPG,기타
emart24,리콜라)무설탕크랜베리,3300,2 + 1,https://msave.emart24.co.kr/cmsbo/upload/nHq/plu_image/500x500/7610700009338.JPG,음료
emart24,리콜라)무설탕레몬,3300,2 + 1,https://msave.emart24.co.kr/cmsbo/upload/nHq/plu_image/500x500/7610700607046.JPG,음료
emart24,호올스)스트로베리27.9g,1200,2 + 1,https://msave.emart24.co.kr/cmsbo/upload/nHq/plu_image/500x500/7622202364471.JPG,기타
emart24,보노미)글라사떼패스츄리135g,2000,2 + 1,https://msave.emart24.co.kr/cmsbo/upload/nHq/plu_image/500x500/8002720001253.JPG,기타
emart24,씨21)그린올리브스낵,2100,2 + 1,https://msave.emart24.co.kr/cmsbo/upload/nHq/plu_image/500x500/819340003691.JPG,간식류
emart24,씨21)스파이시올리브스낵,2100,2 + 1,https://msave.emart24.co.kr/cmsbo/upload/nHq/plu_image/500x500/819340003707.JPG,간식류
emart24,랩노쉬)프로틴퍼펙트초코350ml,3800,2 + 1,https://msave.emart24.co.kr/cmsbo/upload/nHq/plu_image/500x500/8800261387450.JPG,기타
emart24,랩노쉬)프로틴퍼펙트그레인350ml,3800,2 + 1,https://msave.emart24.co.kr/cmsbo/upload/nHq/plu_image/500x500/8800261387467.JPG,기타
emart24,랩노쉬)프로틴퍼펙트바나나350ml,3800,2 + 1,https://msave.emart24.co.kr/cmsbo/upload/nHq/plu_image/500x500/8800261387474.JPG,기타
emart24,랩노쉬)프로틴퍼펙트쿠앤크350ml,3800,2 + 1,https://msave.emart24.co.kr/cmsbo/upload/nHq/plu_image/500x500/8800261388594.JPG,기타
emart24,에스엠)달광도넛초코45g,1500,2 + 1,https://msave.emart24.co.kr/cmsbo/upload/nHq/plu_image/500x500/8800263690008.JPG,간식류
emart24,에스엠)달광도넛바나나45g,1500,2 + 1,https://msave.emart24.co.kr/cmsbo/upload/nHq/plu_image/500x500/8800263690022.JPG,간식류
emart24,에스엠)달광도넛골드치즈45g,1500,2 + 1,https://msave.emart24.co.kr/cmsbo/upload/nHq/plu_image/500x500/8800263690046.JPG,간식류
emart24,바프)와삭콘치킨맛땅콩30g,1500,2 + 1,https://msave.emart24.co.kr/cmsbo/upload/nHq/plu_image/500x500/8800279453291.JPG,기타
emart24,에이블)더블콘솜사탕18g,1800,2 + 1,https://msave.emart24.co.kr/cmsbo/upload/nHq/plu_image/500x500/8800292950098.JPG,간식류
emart24,하림)훌라면112g,1600,2 + 1,https://msave.emart24.co.kr/cmsbo/upload/nHq/plu_image/500x500/8800354750161.JPG,식사류
emart24,하림)훌라면112g*4입,6400,2 + 1,https://msave.emart24.co.kr/cmsbo/upload/nHq/plu_image/500x500/8800354750178.JPG,식사류
emart24,하림)치킨왕라면컵102g,1800,2 + 1,https://msave.emart24.co.kr/cmsbo/upload/nHq/plu_image/500x500/8800354750277.JPG,식사류
emart24,에스엠)삼각카스테라딸기90G,2000,2 + 1,https://msave.emart24.co.kr/cmsbo/upload/nHq/plu_image/500x500/8800359560000.JPG,간식류
emart24,에스엠)삼각카스테라초코90G,2000,2 + 1,https://msave.emart24.co.kr/cmsbo/upload/nHq/plu_image/500x500/8800359560017.JPG,간식류
emart24,에스엠)삼각카스테라치즈90G,2000,2 + 1,https://msave.emart24.co.kr/cmsbo/upload/nHq/plu_image/500x500/8800359560024.JPG,간식류
emart24,질러)부드러운육포30g,4900,2 + 1,https://msave.emart24.co.kr/cmsbo/upload/nHq/plu_image/500x500/8801005013116.JPG,간식류
emart24,질러)크레이지핫육포30g,4900,2 + 1,https://msave.emart24.co.kr/cmsbo/upload/nHq/plu_image/500x500/8801005013215.JPG,간식류
emart24,샘표)우리엄마고추장고기볶음95g(new),3400,2 + 1,https://msave.emart24.co.kr/cmsbo/upload/nHq/plu_image/500x500/8801005381819.JPG,기타
emart24,샘표)메추리알장조림,3800,2 + 1,https://msave.emart24.co.kr/cmsbo/upload/nHq/plu_image/500x500/8801005484824.JPG,기타
emart24,CJ)햇반작은공기130g,1700,2 + 1,https://msave.emart24.co.kr/cmsbo/upload/nHq/plu_image/500x500/8801007002989.JPG,기타
emart24,CJ)맛밤80g,3900,2 + 1,https://msave.emart24.co.kr/cmsbo/upload/nHq/plu_image/500x500/8801007022635.JPG,간식류
emart24,CJ)스팸라이트200g,6900,2 + 1,https://msave.emart24.co.kr/cmsbo/upload/nHq/plu_image/500x500/8801007029658.JPG,기타
emart24,CJ)햇반210g*6입,11200,2 + 1,https://msave.emart24.co.kr/cmsbo/upload/nHq/plu_image/500x500/8801007037783.JPG,기타
emart24,CJ)큰햇반300g(30),2900,2 + 1,https://msave.emart24.co.kr/cmsbo/upload/nHq/plu_image/500x500/8801007054186.JPG,기타
emart24,CJ)햇반200g*3입,5700,2 + 1,https://msave.emart24.co.kr/cmsbo/upload/nHq/plu_image/500x500/8801007066271.JPG,기타
emart24,CJ)행복한콩모닝두부오리엔탈150G,2200,2 + 1,https://msave.emart24.co.kr/cmsbo/upload/nHq/plu_image/500x500/8801007069883.JPG,기타
emart24,CJ)행복한콩모닝두부참깨드레싱150G,2200,2 + 1,https://msave.emart24.co.kr/cmsbo/upload/nHq/plu_image/500x500/8801007084930.JPG,기타
emart24,CJ)해찬들태양초골드고추장1KG,20800,2 + 1,https://msave.emart24.co.kr/cmsbo/upload/nHq/plu_image/500x500/8801007166599.JPG,기타
emart24,CJ)햇반작은공기130G*3,5100,2 + 1,https://msave.emart24.co.kr/cmsbo/upload/nHq/plu_image/500x500/8801007256238.JPG,기타
emart24,CJ)햇반300g*3입,8300,2 + 1,https://msave.emart24.co.kr/cmsbo/upload/nHq/plu_image/500x500/8801007289649.JPG,기타
emart24,CJ)햇반210g(48),2100,2 + 1,https://msave.emart24.co.kr/cmsbo/upload/nHq/plu_image/500x500/8801007310572.JPG,기타
emart24,CJ)맛군밤60g,3900,2 + 1,https://msave.emart24.co.kr/cmsbo/upload/nHq/plu_image/500x500/8801007427386.JPG,간식류
emart24,CJ)스팸클래식340g,8900,2 + 1,https://msave.emart24.co.kr/cmsbo/upload/nHq/plu_image/500x500/8801007512235.JPG,기타
emart24,CJ)스팸클래식200g,6900,2 + 1,https://msave.emart24.co.kr/cmsbo/upload/nHq/plu_image/500x500/8801007512259.JPG,기타
emart24,CJ)비비고육개장500g,5900,2 + 1,https://msave.emart24.co.kr/cmsbo/upload/nHq/plu_image/500x500/8801007526515.JPG,식사류
emart24,CJ)비비고미역국500g,5900,2 + 1,https://msave.emart24.co.kr/cmsbo/upload/nHq/plu_image/500x500/8801007561677.JPG,식사류
emart24,CJ)햇반매일잡곡밥210g(36),2900,2 + 1,https://msave.emart24.co.kr/cmsbo/upload/nHq/plu_image/500x500/8801007684543.JPG,식사류
emart24,CJ)햇반매일찰잡곡밥210g(36),2900,2 + 1,https://msave.emart24.co.kr/cmsbo/upload/nHq/plu_image/500x500/8801007818955.JPG,식사류
emart24,CJ)반모두부300g,1900,2 + 1,https://msave.emart24.co.kr/cmsbo/upload/nHq/plu_image/500x500/8801007822921.JPG,기타
emart24,CJ)햇반흑미밥130g,2100,2 + 1,https://msave.emart24.co.kr/cmsbo/upload/nHq/plu_image/500x500/8801007915340.JPG,식사류
emart24,CJ)햇반발아현미밥130g,2100,2 + 1,https://msave.emart24.co.kr/cmsbo/upload/nHq/plu_image/500x500/8801007915364.JPG,식사류
emart24,존슨즈)베이비로션100ml,6000,2 + 1,https://msave.emart24.co.kr/cmsbo/upload/nHq/plu_image/500x500/8801008002858.JPG,기타
emart24,리스테린)쿨민트마일드250ml,5000,2 + 1,https://msave.emart24.co.kr/cmsbo/upload/nHq/plu_image/500x500/8801008003848.JPG,기타
emart24,존슨즈)베이비오일125ml,6000,2 + 1,https://msave.emart24.co.kr/cmsbo/upload/nHq/plu_image/500x500/8801008021200.JPG,기타
emart24,리스테린)쿨민트250ml,5000,2 + 1,https://msave.emart24.co.kr/cmsbo/upload/nHq/plu_image/500x500/8801008700105.JPG,기타
emart24,리스테린)쿨민트100ml,2400,2 + 1,https://msave.emart24.co.kr/cmsbo/upload/nHq/plu_image/500x500/8801008700174.JPG,기타
emart24,리스테린)그린티100ml,2400,2 + 1,https://msave.emart24.co.kr/cmsbo/upload/nHq/plu_image/500x500/8801008700389.JPG,기타
emart24,큐원)상쾌환,2900,2 + 1,https://msave.emart24.co.kr/cmsbo/upload/nHq/plu_image/500x500/8801013770087.JPG,기타
emart24,큐원)상쾌환3입,8500,2 + 1,https://msave.emart24.co.kr/cmsbo/upload/nHq/plu_image/500x500/8801013770155.JPG,기타
emart24,큐원)상쾌환스틱(망고맛),3900,2 + 1,https://msave.emart24.co.kr/cmsbo/upload/nHq/plu_image/500x500/8801013776034.JPG,기타
emart24,큐원)상쾌환스틱ZERO(청사과맛),3900,2 + 1,https://msave.emart24.co.kr/cmsbo/upload/nHq/plu_image/500x500/8801013776829.JPG,기타
emart24,큐원)상쾌환스틱(샤인머스캣맛),3900,2 + 1,https://msave.emart24.co.kr/cmsbo/upload/nHq/plu_image/500x500/8801013777376.JPG,기타
emart24,큐원)상쾌환스틱ZERO(복숭아맛),3900,2 + 1,https://msave.emart24.co.kr/cmsbo/upload/nHq/plu_image/500x500/8801013777390.JPG,기타
emart24,해태)연양갱,900,2 + 1,https://msave.emart24.co.kr/cmsbo/upload/nHq/plu_image/500x500/8801019005909.JPG,간식류
emart24,해태)자유시간들60g,1500,2 + 1,https://msave.emart24.co.kr/cmsbo/upload/nHq/plu_image/500x500/8801019208300.JPG,간식류
emart24,해태)에이스121g,1700,2 + 1,https://msave.emart24.co.kr/cmsbo/upload/nHq/plu_image/500x500/8801019306907.JPG,간식류
emart24,해태)아이비58g(W),1200,2 + 1,https://msave.emart24.co.kr/cmsbo/upload/nHq/plu_image/500x500/8801019307652.JPG,간식류
emart24,해태)오예스360g,6600,2 + 1,https://msave.emart24.co.kr/cmsbo/upload/nHq/plu_image/500x500/8801019313219.JPG,간식류
emart24,해태)오예스쿠키&크림360g,6600,2 + 1,https://msave.emart24.co.kr/cmsbo/upload/nHq/plu_image/500x500/8801019314667.JPG,간식류
emart24,해태)초코홈런볼128g,5000,2 + 1,https://msave.emart24.co.kr/cmsbo/upload/nHq/plu_image/500x500/8801019316098.JPG,간식류
emart24,해태)구운고구마27g(30),1000,2 + 1,https://msave.emart24.co.kr/cmsbo/upload/nHq/plu_image/500x500/8801019319334.JPG,간식류
emart24,해태)구운감자1000(30),1000,2 + 1,https://msave.emart24.co.kr/cmsbo/upload/nHq/plu_image/500x500/8801019602498.JPG,간식류
emart24,해태)맛동산165g(중)(12),3200,2 + 1,https://msave.emart24.co.kr/cmsbo/upload/nHq/plu_image/500x500/8801019603426.JPG,간식류
emart24,해태)맛동산90g(10),2000,2 + 1,https://msave.emart24.co.kr/cmsbo/upload/nHq/plu_image/500x500/8801019608766.JPG,간식류
emart24,해태)구운양파60g(16),1700,2 + 1,https://msave.emart24.co.kr/cmsbo/upload/nHq/plu_image/500x500/8801019611049.JPG,간식류
emart24,크레이지치즈)구운치즈맛55g(16),1700,2 + 1,https://msave.emart24.co.kr/cmsbo/upload/nHq/plu_image/500x500/8801019613531.JPG,기타
emart24,정식품)달콤한B검은콩두유병190ml,2000,2 + 1,https://msave.emart24.co.kr/cmsbo/upload/nHq/plu_image/500x500/8801033799075.JPG,음료
emart24,정식품)베지밀검은콩아몬드호두팩190ml,1400,2 + 1,https://msave.emart24.co.kr/cmsbo/upload/nHq/plu_image/500x500/8801033801891.JPG,간식류
emart24,정식품)아몬드호두병190ml,2000,2 + 1,https://msave.emart24.co.kr/cmsbo/upload/nHq/plu_image/500x500/8801033803031.JPG,간식류
emart24,정식품)베지밀데일리저당두유190ml,1400,2 + 1,https://msave.emart24.co.kr/cmsbo/upload/nHq/plu_image/500x500/8801033812439.JPG,음료
emart24,맥심)슈프림골드커피믹스20입,6700,2 + 1,https://msave.emart24.co.kr/cmsbo/upload/nHq/plu_image/500x500/8801037003048.JPG,음료
emart24,맥심)모카골드제로슈거20입,7600,2 + 1,https://msave.emart24.co.kr/cmsbo/upload/nHq/plu_image/500x500/8801037015447.JPG,음료
emart24,동서)카누마일드아메리카노10입,5900,2 + 1,https://msave.emart24.co.kr/cmsbo/upload/nHq/plu_image/500x500/8801037049589.JPG,음료
emart24,동서)카누바닐라라떼8입,7100,2 + 1,https://msave.emart24.co.kr/cmsbo/upload/nHq/plu_image/500x500/8801037075519.JPG,음료
emart24,오레오)딸기크림100g(24),2300,2 + 1,https://msave.emart24.co.kr/cmsbo/upload/nHq/plu_image/500x500/8801037088243.JPG,기타
emart24,동서)오레오웨하스스틱(낱개),700,2 + 1,https://msave.emart24.co.kr/cmsbo/upload/nHq/plu_image/500x500/8801037090178.JPG,기타
emart24,오레오)씬즈화이트크림84g(24),2300,2 + 1,https://msave.emart24.co.kr/cmsbo/upload/nHq/plu_image/500x500/8801037091113.JPG,기타
emart24,리츠)크래커80g(24),2000,2 + 1,https://msave.emart24.co.kr/cmsbo/upload/nHq/plu_image/500x500/8801037091519.JPG,간식류
emart24,리츠)치즈샌드,2400,2 + 1,https://msave.emart24.co.kr/cmsbo/upload/nHq/plu_image/500x500/8801037091526.JPG,기타
emart24,리츠)레몬샌드96g,2400,2 + 1,https://msave.emart24.co.kr/cmsbo/upload/nHq/plu_image/500x500/8801037093452.JPG,기타
emart24,리츠)샌드위치크래커초코77g,2000,2 + 1,https://msave.emart24.co.kr/cmsbo/upload/nHq/plu_image/500x500/8801037094374.JPG,간식류
emart24,리츠)샌드위치크래커화이트77g,2000,2 + 1,https://msave.emart24.co.kr/cmsbo/upload/nHq/plu_image/500x500/8801037094664.JPG,간식류
emart24,동서)포스트단백질바50g,2100,2 + 1,https://msave.emart24.co.kr/cmsbo/upload/nHq/plu_image/500x500/8801037094701.JPG,간식류
emart24,오레오)씬즈초코크림84g(24),2300,2 + 1,https://msave.emart24.co.kr/cmsbo/upload/nHq/plu_image/500x500/8801037094763.JPG,기타
emart24,오레오)민트초코80g(24),2300,2 + 1,https://msave.emart24.co.kr/cmsbo/upload/nHq/plu_image/500x500/8801037094909.JPG,기타
emart24,오레오)시나몬번80g(24),2300,2 + 1,https://msave.emart24.co.kr/cmsbo/upload/nHq/plu_image/500x500/8801037095302.JPG,기타
emart24,동서)콘푸라이트밀크바35g,1900,2 + 1,https://msave.emart24.co.kr/cmsbo/upload/nHq/plu_image/500x500/8801037095845.JPG,기타
emart24,동서)포스트오곡코코볼바33g,1900,2 + 1,https://msave.emart24.co.kr/cmsbo/upload/nHq/plu_image/500x500/8801037095876.JPG,기타
emart24,리츠)어니언크래커73g,2000,2 + 1,https://msave.emart24.co.kr/cmsbo/upload/nHq/plu_image/500x500/8801037096217.JPG,간식류
emart24,동서)포스트에너지바밸런스50g,2100,2 + 1,https://msave.emart24.co.kr/cmsbo/upload/nHq/plu_image/500x500/8801037096460.JPG,간식류
emart24,동서)포스트에너지바액티브45g,2100,2 + 1,https://msave.emart24.co.kr/cmsbo/upload/nHq/plu_image/500x500/8801037096491.JPG,간식류
emart24,동서)포스트아몬드후레이크컵시리얼,2400,2 + 1,https://msave.emart24.co.kr/cmsbo/upload/nHq/plu_image/500x500/8801037097795.JPG,기타
emart24,동서)포스트크랜베리아몬드컵시리얼,2400,2 + 1,https://msave.emart24.co.kr/cmsbo/upload/nHq/plu_image/500x500/8801037097801.JPG,기타
emart24,포스트크리치오컵시리얼,2400,2 + 1,https://msave.emart24.co.kr/cmsbo/upload/nHq/plu_image/500x500/8801037097818.JPG,기타
emart24,리츠)바삭김맛73g(24),2000,2 + 1,https://msave.emart24.co.kr/cmsbo/upload/nHq/plu_image/500x500/8801037097900.JPG,기타
emart24,리츠)맥시칸타코맛73g(24),2000,2 + 1,https://msave.emart24.co.kr/cmsbo/upload/nHq/plu_image/500x500/8801037098921.JPG,기타
emart24,동서)포스트그래놀라저당컵시리얼,2400,2 + 1,https://msave.emart24.co.kr/cmsbo/upload/nHq/plu_image/500x500/8801037099768.JPG,기타
emart24,동서)포스트오레오오즈바딥초코26g,1900,2 + 1,https://msave.emart24.co.kr/cmsbo/upload/nHq/plu_image/500x500/8801037099966.JPG,기타
emart24,동서)포스트오레오오즈바24g,1900,2 + 1,https://msave.emart24.co.kr/cmsbo/upload/nHq/plu_image/500x500/8801037099973.JPG,기타
emart24,사조)쥐포후라이드허니소이맛40g,5900,2 + 1,https://msave.emart24.co.kr/cmsbo/upload/nHq/plu_image/500x500/8801039011775.JPG,간식류
emart24,사조)쥐포후라이드불닭맛40g,5900,2 + 1,https://msave.emart24.co.kr/cmsbo/upload/nHq/plu_image/500x500/8801039011782.JPG,간식류
emart24,농심)둥지비빔냉면(봉지),2250,2 + 1,https://msave.emart24.co.kr/cmsbo/upload/nHq/plu_image/500x500/8801043003964.JPG,식사류
emart24,농심)둥지동치미물냉면(봉지),2250,2 + 1,https://msave.emart24.co.kr/cmsbo/upload/nHq/plu_image/500x500/8801043003988.JPG,식사류
emart24,농심)메밀소바(봉지),1400,2 + 1,https://msave.emart24.co.kr/cmsbo/upload/nHq/plu_image/500x500/8801043004398.JPG,기타
emart24,농심)둥지비빔냉면봉지*4입,9000,2 + 1,https://msave.emart24.co.kr/cmsbo/upload/nHq/plu_image/500x500/8801043004978.JPG,식사류
emart24,농심)둥지동치미물냉면봉지*4입,9000,2 + 1,https://msave.emart24.co.kr/cmsbo/upload/nHq/plu_image/500x500/8801043004985.JPG,식사류
emart24,농심)누들핏육개장사발면맛(소컵),1800,2 + 1,https://msave.emart24.co.kr/cmsbo/upload/nHq/plu_image/500x500/8801043006460.JPG,식사류
emart24,농심)누들핏김치사발면맛(소컵),1800,2 + 1,https://msave.emart24.co.kr/cmsbo/upload/nHq/plu_image/500x500/8801043006538.JPG,식사류
emart24,농심)배홍동큰사발(큰컵),1800,2 + 1,https://msave.emart24.co.kr/cmsbo/upload/nHq/plu_image/500x500/8801043011235.JPG,기타
emart24,농심)누들핏짜파구리맛(소컵),1800,2 + 1,https://msave.emart24.co.kr/cmsbo/upload/nHq/plu_image/500x500/8801043012577.JPG,기타
emart24,농심)오징어짬뽕소컵,1250,2 + 1,https://msave.emart24.co.kr/cmsbo/upload/nHq/plu_image/500x500/8801043015745.JPG,간식류
emart24,농심)너구리소컵,1250,2 + 1,https://msave.emart24.co.kr/cmsbo/upload/nHq/plu_image/500x500/8801043015837.JPG,기타
emart24,농심)새우탕큰사발,1500,2 + 1,https://msave.emart24.co.kr/cmsbo/upload/nHq/plu_image/500x500/8801043015967.JPG,기타
emart24,농심)신라면툼바큰사발,1800,2 + 1,https://msave.emart24.co.kr/cmsbo/upload/nHq/plu_image/500x500/8801043017022.JPG,식사류
emart24,농심)신라면툼바봉지,1500,2 + 1,https://msave.emart24.co.kr/cmsbo/upload/nHq/plu_image/500x500/8801043018951.JPG,식사류
emart24,농심)신라면툼바봉지*4입,6000,2 + 1,https://msave.emart24.co.kr/cmsbo/upload/nHq/plu_image/500x500/8801043019002.JPG,식사류
emart24,농심)짜파게티더블랙큰사발,1800,2 + 1,https://msave.emart24.co.kr/cmsbo/upload/nHq/plu_image/500x500/8801043022262.JPG,기타
emart24,농심)메밀소바봉지면*5입,7000,2 + 1,https://msave.emart24.co.kr/cmsbo/upload/nHq/plu_image/500x500/8801043027113.JPG,식사류
emart24,농심)누들핏튀김우동맛(소컵),1800,2 + 1,https://msave.emart24.co.kr/cmsbo/upload/nHq/plu_image/500x500/8801043028448.JPG,기타
emart24,농심)배홍동칼빔면봉지,1700,2 + 1,https://msave.emart24.co.kr/cmsbo/upload/nHq/plu_image/500x500/8801043029964.JPG,식사류
emart24,농심)배홍동칼빔면봉지*4입,6800,2 + 1,https://msave.emart24.co.kr/cmsbo/upload/nHq/plu_image/500x500/8801043029995.JPG,식사류
emart24,농심)닭다리66g(20),1700,2 + 1,https://msave.emart24.co.kr/cmsbo/upload/nHq/plu_image/500x500/8801043036535.JPG,기타
emart24,농심)라뽁구리큰사발,1900,2 + 1,https://msave.emart24.co.kr/cmsbo/upload/nHq/plu_image/500x500/8801043044592.JPG,기타
emart24,츄파춥스)플러피판다60g,1400,2 + 1,https://msave.emart24.co.kr/cmsbo/upload/nHq/plu_image/500x500/8801043047081.JPG,간식류
emart24,농심)감자면매운맛큰사발,1800,2 + 1,https://msave.emart24.co.kr/cmsbo/upload/nHq/plu_image/500x500/8801043047784.JPG,식사류
emart24,농심)누들핏새우탕면맛(소컵),1800,2 + 1,https://msave.emart24.co.kr/cmsbo/upload/nHq/plu_image/500x500/8801043047838.JPG,식사류
emart24,농심)신라면건면사발면,1800,2 + 1,https://msave.emart24.co.kr/cmsbo/upload/nHq/plu_image/500x500/8801043056489.JPG,식사류
emart24,농심)신라면골드봉지,1500,2 + 1,https://msave.emart24.co.kr/cmsbo/upload/nHq/plu_image/500x500/8801043056953.JPG,식사류
emart24,농심)신라면골드봉지*4입,6000,2 + 1,https://msave.emart24.co.kr/cmsbo/upload/nHq/plu_image/500x500/8801043056977.JPG,식사류
emart24,농심)배홍동막국수봉지,1700,2 + 1,https://msave.emart24.co.kr/cmsbo/upload/nHq/plu_image/500x500/8801043060127.JPG,기타
emart24,농심)배홍동막국수봉지*4입,6800,2 + 1,https://msave.emart24.co.kr/cmsbo/upload/nHq/plu_image/500x500/8801043060158.JPG,기타
emart24,농심)배홍동비빔면,1250,2 + 1,https://msave.emart24.co.kr/cmsbo/upload/nHq/plu_image/500x500/8801043060356.JPG,식사류
emart24,농심)배홍동비빔면*4입,5000,2 + 1,https://msave.emart24.co.kr/cmsbo/upload/nHq/plu_image/500x500/8801043060370.JPG,식사류
emart24,농심)빵부장솔티꽈배기55g(16),1700,2 + 1,https://msave.emart24.co.kr/cmsbo/upload/nHq/plu_image/500x500/8801043062107.JPG,기타
emart24,농심)신라면로제큰사발면,1800,2 + 1,https://msave.emart24.co.kr/cmsbo/upload/nHq/plu_image/500x500/8801043062435.JPG,식사류
emart24,농심)망고킥60g(16),1700,2 + 1,https://msave.emart24.co.kr/cmsbo/upload/nHq/plu_image/500x500/8801043064767.JPG,기타
emart24,농심)신라면로제봉지,1500,2 + 1,https://msave.emart24.co.kr/cmsbo/upload/nHq/plu_image/500x500/8801043065368.JPG,식사류
emart24,농심)신라면로제봉지(4입),6000,2 + 1,https://msave.emart24.co.kr/cmsbo/upload/nHq/plu_image/500x500/8801043065382.JPG,식사류
emart24,농심)배홍동쫄쫄면,1700,2 + 1,https://msave.emart24.co.kr/cmsbo/upload/nHq/plu_image/500x500/8801043067430.JPG,식사류
emart24,농심)배홍동쫄쫄면*4입,6800,2 + 1,https://msave.emart24.co.kr/cmsbo/upload/nHq/plu_image/500x500/8801043067454.JPG,식사류
emart24,농심)포테토칩엽떡로제맛55g(16),1700,2 + 1,https://msave.emart24.co.kr/cmsbo/upload/nHq/plu_image/500x500/8801043067799.JPG,간식류
emart24,농심)신라면더레드(봉지),1500,2 + 1,https://msave.emart24.co.kr/cmsbo/upload/nHq/plu_image/500x500/8801043069649.JPG,식사류
emart24,농심)신라면더레드봉지*4입,6000,2 + 1,https://msave.emart24.co.kr/cmsbo/upload/nHq/plu_image/500x500/8801043069663.JPG,식사류
emart24,오뚜기)짜슐랭봉지면,1200,2 + 1,https://msave.emart24.co.kr/cmsbo/upload/nHq/plu_image/500x500/8801045033181.JPG,식사류
emart24,오뚜기)진밀면,1700,2 + 1,https://msave.emart24.co.kr/cmsbo/upload/nHq/plu_image/500x500/8801045161020.JPG,식사류
emart24,오뚜기)뿌셔뿌셔양념치킨맛팝콘45g(12),2000,2 + 1,https://msave.emart24.co.kr/cmsbo/upload/nHq/plu_image/500x500/8801045258218.JPG,기타
emart24,오뚜기)스위트콘나쵸60g(12),1800,2 + 1,https://msave.emart24.co.kr/cmsbo/upload/nHq/plu_image/500x500/8801045314556.JPG,기타
emart24,오뚜기)컵누들진짬뽕맛소컵,1800,2 + 1,https://msave.emart24.co.kr/cmsbo/upload/nHq/plu_image/500x500/8801045315072.JPG,기타
emart24,오뚜기)LIGHT&JOY당을줄인컵누들로제맛컵,1800,2 + 1,https://msave.emart24.co.kr/cmsbo/upload/nHq/plu_image/500x500/8801045335612.JPG,기타
emart24,오뚜기)찍어먹는뿌셔뿌셔구운양파맛90g(24),1500,2 + 1,https://msave.emart24.co.kr/cmsbo/upload/nHq/plu_image/500x500/8801045366227.JPG,기타
emart24,오뚜기)뿌셔뿌셔불고기맛팝콘45g(12),2000,2 + 1,https://msave.emart24.co.kr/cmsbo/upload/nHq/plu_image/500x500/8801045387802.JPG,간식류
emart24,오뚜기)진밀면(4입),6800,2 + 1,https://msave.emart24.co.kr/cmsbo/upload/nHq/plu_image/500x500/8801045402383.JPG,식사류
emart24,오뚜기)진비빔면(큰컵),1800,2 + 1,https://msave.emart24.co.kr/cmsbo/upload/nHq/plu_image/500x500/8801045431314.JPG,식사류
emart24,오뚜기)컵누들마라탕소컵,1800,2 + 1,https://msave.emart24.co.kr/cmsbo/upload/nHq/plu_image/500x500/8801045512518.JPG,기타
emart24,오뚜기)진비빔면봉지,1250,2 + 1,https://msave.emart24.co.kr/cmsbo/upload/nHq/plu_image/500x500/8801045526294.JPG,식사류
emart24,오뚜기)진비빔면봉지*4입,5000,2 + 1,https://msave.emart24.co.kr/cmsbo/upload/nHq/plu_image/500x500/8801045526317.JPG,식사류
emart24,오뚜기)진라면순한맛큰컵,1400,2 + 1,https://msave.emart24.co.kr/cmsbo/upload/nHq/plu_image/500x500/8801045571362.JPG,식사류
emart24,오뚜기)컵누들매콤한맛소컵,1800,2 + 1,https://msave.emart24.co.kr/cmsbo/upload/nHq/plu_image/500x500/8801045571577.JPG,기타
emart24,오뚜기)컵누들우동맛소컵,1800,2 + 1,https://msave.emart24.co.kr/cmsbo/upload/nHq/plu_image/500x500/8801045571867.JPG,기타
emart24,오뚜기)컵누들베트남쌀국수맛소컵,1800,2 + 1,https://msave.emart24.co.kr/cmsbo/upload/nHq/plu_image/500x500/8801045574097.JPG,기타
emart24,오뚜기)진짬뽕용기큰컵,2000,2 + 1,https://msave.emart24.co.kr/cmsbo/upload/nHq/plu_image/500x500/8801045574585.JPG,기타
emart24,오뚜기)컵누들열라면컵35g,1800,2 + 1,https://msave.emart24.co.kr/cmsbo/upload/nHq/plu_image/500x500/8801045584669.JPG,식사류
emart24,오뚜기)진라면약간매운맛소컵,1100,2 + 1,https://msave.emart24.co.kr/cmsbo/upload/nHq/plu_image/500x500/8801045643359.JPG,식사류
emart24,오뚜기)순후추팝콘55g(12),1800,2 + 1,https://msave.emart24.co.kr/cmsbo/upload/nHq/plu_image/500x500/8801045652573.JPG,간식류
emart24,오뚜기)로열라면용기,2000,2 + 1,https://msave.emart24.co.kr/cmsbo/upload/nHq/plu_image/500x500/8801045654348.JPG,기타
emart24,오뚜기)짜슐랭봉지면*5입,6000,2 + 1,https://msave.emart24.co.kr/cmsbo/upload/nHq/plu_image/500x500/8801045662305.JPG,식사류
emart24,오뚜기)컵떡볶이오리지널,3900,2 + 1,https://msave.emart24.co.kr/cmsbo/upload/nHq/plu_image/500x500/8801045676869.JPG,간식류
emart24,오뚜기)컵누들참깨라면맛소컵,1800,2 + 1,https://msave.emart24.co.kr/cmsbo/upload/nHq/plu_image/500x500/8801045684192.JPG,식사류
emart24,오뚜기)육개장소컵,1100,2 + 1,https://msave.emart24.co.kr/cmsbo/upload/nHq/plu_image/500x500/8801045702643.JPG,식사류
emart24,오뚜기)열라면프레첼50g(20),1700,2 + 1,https://msave.emart24.co.kr/cmsbo/upload/nHq/plu_image/500x500/8801045768014.JPG,식사류
emart24,오뚜기)저당컵누들불닭맛컵42g,1800,2 + 1,https://msave.emart24.co.kr/cmsbo/upload/nHq/plu_image/500x500/8801045779959.JPG,기타
emart24,오뚜기)진라면약간매운맛큰컵,1400,2 + 1,https://msave.emart24.co.kr/cmsbo/upload/nHq/plu_image/500x500/8801045823898.JPG,식사류
emart24,오뚜기)제주똣똣라면100g,2300,2 + 1,https://msave.emart24.co.kr/cmsbo/upload/nHq/plu_image/500x500/8801045833934.JPG,식사류
emart24,오뚜기)컵떡볶이로제,3900,2 + 1,https://msave.emart24.co.kr/cmsbo/upload/nHq/plu_image/500x500/8801045906560.JPG,간식류
emart24,동원)매운고추참치90g,3300,2 + 1,https://msave.emart24.co.kr/cmsbo/upload/nHq/plu_image/500x500/8801047119395.JPG,식사류
emart24,동원)야채참치90g,3300,2 + 1,https://msave.emart24.co.kr/cmsbo/upload/nHq/plu_image/500x500/8801047121312.JPG,식사류
emart24,동원)야채참치150g,4400,2 + 1,https://msave.emart24.co.kr/cmsbo/upload/nHq/plu_image/500x500/8801047121350.JPG,식사류
emart24,동원)김치찌개용참치90g,3300,2 + 1,https://msave.emart24.co.kr/cmsbo/upload/nHq/plu_image/500x500/8801047121923.JPG,기타
emart24,동원)고추참치150g,4400,2 + 1,https://msave.emart24.co.kr/cmsbo/upload/nHq/plu_image/500x500/8801047123750.JPG,식사류
emart24,동원)양반전복죽285g,4500,2 + 1,https://msave.emart24.co.kr/cmsbo/upload/nHq/plu_image/500x500/8801047161578.JPG,식사류
emart24,동원)양반참치죽287.5g,4500,2 + 1,https://msave.emart24.co.kr/cmsbo/upload/nHq/plu_image/500x500/8801047161585.JPG,식사류
emart24,동원)양반단호박죽285g,4500,2 + 1,https://msave.emart24.co.kr/cmsbo/upload/nHq/plu_image/500x500/8801047161592.JPG,식사류
emart24,동원)양반밤단팥죽285g,4500,2 + 1,https://msave.emart24.co.kr/cmsbo/upload/nHq/plu_image/500x500/8801047161653.JPG,식사류
emart24,동원)양반누룽지닭죽285g,4500,2 + 1,https://msave.emart24.co.kr/cmsbo/upload/nHq/plu_image/500x500/8801047161677.JPG,식사류
emart24,동원)리챔120g,4200,2 + 1,https://msave.emart24.co.kr/cmsbo/upload/nHq/plu_image/500x500/8801047181002.JPG,기타
emart24,동원)리챔200g,6200,2 + 1,https://msave.emart24.co.kr/cmsbo/upload/nHq/plu_image/500x500/8801047181040.JPG,기타
emart24,동원)상상육포스테이크40g,5900,2 + 1,https://msave.emart24.co.kr/cmsbo/upload/nHq/plu_image/500x500/8801047183655.JPG,간식류
emart24,동원)상상육포비프앤치즈30g,4600,2 + 1,https://msave.emart24.co.kr/cmsbo/upload/nHq/plu_image/500x500/8801047183860.JPG,간식류
emart24,동원)상상육포안심30g,4600,2 + 1,https://msave.emart24.co.kr/cmsbo/upload/nHq/plu_image/500x500/8801047183877.JPG,간식류
emart24,동원)상상육포불닭BBQ36g,4600,2 + 1,https://msave.emart24.co.kr/cmsbo/upload/nHq/plu_image/500x500/8801047183884.JPG,간식류
emart24,동원)상상육포페퍼앤솔트30g,4600,2 + 1,https://msave.emart24.co.kr/cmsbo/upload/nHq/plu_image/500x500/8801047183891.JPG,간식류
emart24,동원)양반참기름식탁김17g,2000,2 + 1,https://msave.emart24.co.kr/cmsbo/upload/nHq/plu_image/500x500/8801047222118.JPG,기타
emart24,동원)양반더바삭한김5g,1000,2 + 1,https://msave.emart24.co.kr/cmsbo/upload/nHq/plu_image/500x500/8801047224259.JPG,기타
emart24,동원)양반김부각오리지널50g,4200,2 + 1,https://msave.emart24.co.kr/cmsbo/upload/nHq/plu_image/500x500/8801047228394.JPG,기타
emart24,동원)쌀떡국큰컵,3900,2 + 1,https://msave.emart24.co.kr/cmsbo/upload/nHq/plu_image/500x500/8801047416395.JPG,간식류
emart24,동원)뉴트리플랜흰살참치와멸치160g,2000,2 + 1,https://msave.emart24.co.kr/cmsbo/upload/nHq/plu_image/500x500/8801047642008.JPG,식사류
emart24,동원)뉴트리플랜흰살참치와닭가슴살160g,2000,2 + 1,https://msave.emart24.co.kr/cmsbo/upload/nHq/plu_image/500x500/8801047642015.JPG,식사류
emart24,동원)뉴트리플랜흰살참치와치즈160g,2000,2 + 1,https://msave.emart24.co.kr/cmsbo/upload/nHq/plu_image/500x500/8801047642022.JPG,식사류
emart24,동원)뉴트리플랜흰살참치와연어160g,2000,2 + 1,https://msave.emart24.co.kr/cmsbo/upload/nHq/plu_image/500x500/8801047642268.JPG,식사류
emart24,뉴트리플랜)라이트팝자색고구마34g,4500,2 + 1,https://msave.emart24.co.kr/cmsbo/upload/nHq/plu_image/500x500/8801047644613.JPG,기타
emart24,뉴트리플랜)라이트팝단호박34g,4500,2 + 1,https://msave.emart24.co.kr/cmsbo/upload/nHq/plu_image/500x500/8801047644637.JPG,기타
emart24,동원)참치튜나페고소마요129g,4900,2 + 1,https://msave.emart24.co.kr/cmsbo/upload/nHq/plu_image/500x500/8801047828396.JPG,식사류
emart24,페리오)46cm마우스스프레이6.2ml,4200,2 + 1,https://msave.emart24.co.kr/cmsbo/upload/nHq/plu_image/500x500/8801051057638.JPG,기타
emart24,청정원)고구마츄60G,3900,2 + 1,https://msave.emart24.co.kr/cmsbo/upload/nHq/plu_image/500x500/8801052004068.JPG,기타
emart24,청정원)순창양념쌈장190g(파우치),3300,2 + 1,https://msave.emart24.co.kr/cmsbo/upload/nHq/plu_image/500x500/8801052105031.JPG,기타
emart24,청정원)순창청양초쌈장190g(파우치),3300,2 + 1,https://msave.emart24.co.kr/cmsbo/upload/nHq/plu_image/500x500/8801052105048.JPG,기타
emart24,청정원)멸치컵쌀국수소컵58g,2000,2 + 1,https://msave.emart24.co.kr/cmsbo/upload/nHq/plu_image/500x500/8801052115283.JPG,기타
emart24,롯데)오트몬드프로틴초코250ml,2900,2 + 1,https://msave.emart24.co.kr/cmsbo/upload/nHq/plu_image/500x500/8801056249038.JPG,기타
emart24,롯데)오트몬드프로틴쿠앤크250ml,2900,2 + 1,https://msave.emart24.co.kr/cmsbo/upload/nHq/plu_image/500x500/8801056249076.JPG,기타
emart24,롯데)콜드오렌지펫250ml,1600,2 + 1,https://msave.emart24.co.kr/cmsbo/upload/nHq/plu_image/500x500/8801056623012.JPG,기타
emart24,롯데)콜드포도펫250ml,1600,2 + 1,https://msave.emart24.co.kr/cmsbo/upload/nHq/plu_image/500x500/8801056624019.JPG,기타
emart24,롯데)오트몬드프로틴커피250ml,2900,2 + 1,https://msave.emart24.co.kr/cmsbo/upload/nHq/plu_image/500x500/8801056911799.JPG,음료
emart24,롯데)꼬깔콘고소한맛134g(중)(12),3400,2 + 1,https://msave.emart24.co.kr/cmsbo/upload/nHq/plu_image/500x500/8801062010578.JPG,간식류
emart24,롯데)꼬깔콘군옥수수맛134g(중)(12),3400,2 + 1,https://msave.emart24.co.kr/cmsbo/upload/nHq/plu_image/500x500/8801062011315.JPG,간식류
emart24,롯데)꼬깔콘매콤달콤한맛134g(중)(12),3400,2 + 1,https://msave.emart24.co.kr/cmsbo/upload/nHq/plu_image/500x500/8801062011339.JPG,간식류
emart24,롯데)도리토스갈비천왕치킨맛84g(12),1700,2 + 1,https://msave.emart24.co.kr/cmsbo/upload/nHq/plu_image/500x500/8801062014002.JPG,기타
emart24,롯데)가나초코바아몬드43g,1300,2 + 1,https://msave.emart24.co.kr/cmsbo/upload/nHq/plu_image/500x500/8801062278053.JPG,간식류
emart24,롯데)치토스스모키바베큐맛(12),1700,2 + 1,https://msave.emart24.co.kr/cmsbo/upload/nHq/plu_image/500x500/8801062289936.JPG,기타
emart24,롯데)치토스매콤달콤한맛(12),1700,2 + 1,https://msave.emart24.co.kr/cmsbo/upload/nHq/plu_image/500x500/8801062380015.JPG,기타
emart24,롯데)도리토스나쵸치즈84g(12),1700,2 + 1,https://msave.emart24.co.kr/cmsbo/upload/nHq/plu_image/500x500/8801062381814.JPG,기타
emart24,롯데)가나초코바45g,1300,2 + 1,https://msave.emart24.co.kr/cmsbo/upload/nHq/plu_image/500x500/8801062628773.JPG,간식류
emart24,롯데)키세스밀크52g(냉장),2700,2 + 1,https://msave.emart24.co.kr/cmsbo/upload/nHq/plu_image/500x500/8801062641826.JPG,기타
emart24,롯데)키세스아몬드52g(냉장),2700,2 + 1,https://msave.emart24.co.kr/cmsbo/upload/nHq/plu_image/500x500/8801062641895.JPG,기타
emart24,롯데)키세스쿠앤크52g(냉장),2700,2 + 1,https://msave.emart24.co.kr/cmsbo/upload/nHq/plu_image/500x500/8801062642021.JPG,기타
emart24,삼립)잼있는사과쿠키,1300,2 + 1,https://msave.emart24.co.kr/cmsbo/upload/nHq/plu_image/500x500/8801068371192.JPG,간식류
emart24,삼립)잼있는딸기쿠키,1300,2 + 1,https://msave.emart24.co.kr/cmsbo/upload/nHq/plu_image/500x500/8801068371208.JPG,간식류
emart24,삼립)초코블랑48g,1500,2 + 1,https://msave.emart24.co.kr/cmsbo/upload/nHq/plu_image/500x500/8801068392944.JPG,기타
emart24,삼립)신선가득꿀호떡200g,2300,2 + 1,https://msave.emart24.co.kr/cmsbo/upload/nHq/plu_image/500x500/8801068406832.JPG,간식류
emart24,삼립)미각제빵소우유카스테라롤128g,2500,2 + 1,https://msave.emart24.co.kr/cmsbo/upload/nHq/plu_image/500x500/8801068933840.JPG,간식류
emart24,삼립)미각제빵소우유크림브리오슈100g,2500,2 + 1,https://msave.emart24.co.kr/cmsbo/upload/nHq/plu_image/500x500/8801068940299.JPG,음료
emart24,삼립)미각연유커피카스테라롤128g,2500,2 + 1,https://msave.emart24.co.kr/cmsbo/upload/nHq/plu_image/500x500/8801068940329.JPG,간식류
emart24,남양)불가리스사과150ml,2000,2 + 1,https://msave.emart24.co.kr/cmsbo/upload/nHq/plu_image/500x500/8801069175942.JPG,기타
emart24,남양)테이크핏프로틴고소한맛250ml,2900,2 + 1,https://msave.emart24.co.kr/cmsbo/upload/nHq/plu_image/500x500/8801069415833.JPG,기타
emart24,남양)테이크핏프로틴초코250ml,2900,2 + 1,https://msave.emart24.co.kr/cmsbo/upload/nHq/plu_image/500x500/8801069416007.JPG,기타
emart24,남양)테이크핏프로틴바나나250ml,2900,2 + 1,https://msave.emart24.co.kr/cmsbo/upload/nHq/plu_image/500x500/8801069417554.JPG,간식류
emart24,남양)테이크핏호박고구마250ml,2900,2 + 1,https://msave.emart24.co.kr/cmsbo/upload/nHq/plu_image/500x500/8801069419619.JPG,기타
emart24,남양)불가리스설탕무첨가150ml,2000,2 + 1,https://msave.emart24.co.kr/cmsbo/upload/nHq/plu_image/500x500/8801069422237.JPG,기타
emart24,삼양)탱글머쉬룸크림파스타,2200,2 + 1,https://msave.emart24.co.kr/cmsbo/upload/nHq/plu_image/500x500/8801073116832.JPG,식사류
emart24,삼양)탱글갈릭오일파스타봉지,2200,2 + 1,https://msave.emart24.co.kr/cmsbo/upload/nHq/plu_image/500x500/8801073116849.JPG,식사류
emart24,삼양)삼양1963봉지,1900,2 + 1,https://msave.emart24.co.kr/cmsbo/upload/nHq/plu_image/500x500/8801073117037.JPG,기타
emart24,삼양)탱글머쉬룸크림파스타(4입),8800,2 + 1,https://msave.emart24.co.kr/cmsbo/upload/nHq/plu_image/500x500/8801073144859.JPG,식사류
emart24,삼양)탱글갈릭오일파스타(4입),8800,2 + 1,https://msave.emart24.co.kr/cmsbo/upload/nHq/plu_image/500x500/8801073144866.JPG,식사류
emart24,삼양)삼양1963봉지*4입,7600,2 + 1,https://msave.emart24.co.kr/cmsbo/upload/nHq/plu_image/500x500/8801073145085.JPG,기타
emart24,삼양)탱글갈릭오일파스타큰컵,2500,2 + 1,https://msave.emart24.co.kr/cmsbo/upload/nHq/plu_image/500x500/8801073216570.JPG,식사류
emart24,삼양)탱글바질토마토프로틴파스타큰컵,2500,2 + 1,https://msave.emart24.co.kr/cmsbo/upload/nHq/plu_image/500x500/8801073217201.JPG,식사류
emart24,삼양)1963우지파개장큰컵,1950,2 + 1,https://msave.emart24.co.kr/cmsbo/upload/nHq/plu_image/500x500/8801073217270.JPG,기타
emart24,삼양)탱글갈릭쉬림프프로틴파스타큰컵,2500,2 + 1,https://msave.emart24.co.kr/cmsbo/upload/nHq/plu_image/500x500/8801073217294.JPG,식사류
emart24,삼양)짱구115g,1500,2 + 1,https://msave.emart24.co.kr/cmsbo/upload/nHq/plu_image/500x500/8801073310698.JPG,기타
emart24,삼양)불닭소스200g,5000,2 + 1,https://msave.emart24.co.kr/cmsbo/upload/nHq/plu_image/500x500/8801073910263.JPG,기타
emart24,한성)일품도톰육포45g,5500,2 + 1,https://msave.emart24.co.kr/cmsbo/upload/nHq/plu_image/500x500/8801074006439.JPG,간식류
emart24,한성)일품쇠고기견과포35g,5500,2 + 1,https://msave.emart24.co.kr/cmsbo/upload/nHq/plu_image/500x500/8801074006873.JPG,간식류
emart24,한성)일품철판구이오징어30g,6600,2 + 1,https://msave.emart24.co.kr/cmsbo/upload/nHq/plu_image/500x500/8801074007627.JPG,기타
emart24,한성)쇠고기육포30g,5500,2 + 1,https://msave.emart24.co.kr/cmsbo/upload/nHq/plu_image/500x500/8801074008280.JPG,간식류
emart24,한성)일품실오징어30g,6600,2 + 1,https://msave.emart24.co.kr/cmsbo/upload/nHq/plu_image/500x500/8801074010207.JPG,간식류
emart24,한성)일품촉촉스틱오징어오리지널30g,6600,2 + 1,https://msave.emart24.co.kr/cmsbo/upload/nHq/plu_image/500x500/8801074010528.JPG,기타
emart24,한성)일품촉촉스틱오징어매콤30g,6600,2 + 1,https://msave.emart24.co.kr/cmsbo/upload/nHq/plu_image/500x500/8801074010535.JPG,기타
emart24,농심)켈로그첵스초코컵시리얼,2200,2 + 1,https://msave.emart24.co.kr/cmsbo/upload/nHq/plu_image/500x500/8801083323305.JPG,기타
emart24,농심)켈로그후르트링컵시리얼,2200,2 + 1,https://msave.emart24.co.kr/cmsbo/upload/nHq/plu_image/500x500/8801083333007.JPG,기타
emart24,농심)켈로그콘푸로스트컵시리얼,2200,2 + 1,https://msave.emart24.co.kr/cmsbo/upload/nHq/plu_image/500x500/8801083333304.JPG,기타
emart24,농심)켈로그첵스초코쿠키앤크림컵시리얼,2500,2 + 1,https://msave.emart24.co.kr/cmsbo/upload/nHq/plu_image/500x500/8801083422824.JPG,간식류
emart24,농심)켈로그프로틴그래놀라제로슈거컵시리얼,2500,2 + 1,https://msave.emart24.co.kr/cmsbo/upload/nHq/plu_image/500x500/8801083422831.JPG,기타
emart24,빙그레)아카페라스위트아메리카노240ml,2000,2 + 1,https://msave.emart24.co.kr/cmsbo/upload/nHq/plu_image/500x500/8801104212397.JPG,음료
emart24,빙그레)아카페라카라멜마끼아또240ml,2000,2 + 1,https://msave.emart24.co.kr/cmsbo/upload/nHq/plu_image/500x500/8801104212403.JPG,음료
emart24,빙그레)아카페라바닐라라떼240ml,2000,2 + 1,https://msave.emart24.co.kr/cmsbo/upload/nHq/plu_image/500x500/8801104212601.JPG,음료
emart24,빙그레)닥터캡슐플레인130ml,2300,2 + 1,https://msave.emart24.co.kr/cmsbo/upload/nHq/plu_image/500x500/8801104302739.JPG,간식류
emart24,빙그레)사이즈업아메리카노350ml,2600,2 + 1,https://msave.emart24.co.kr/cmsbo/upload/nHq/plu_image/500x500/8801104304023.JPG,음료
emart24,빙그레)사이즈업카페라떼350ml,2600,2 + 1,https://msave.emart24.co.kr/cmsbo/upload/nHq/plu_image/500x500/8801104304047.JPG,음료
emart24,빙그레)사이즈업바닐라라떼350ml,2600,2 + 1,https://msave.emart24.co.kr/cmsbo/upload/nHq/plu_image/500x500/8801104306591.JPG,음료
emart24,빙그레)닥터캡슐사과130ml,2300,2 + 1,https://msave.emart24.co.kr/cmsbo/upload/nHq/plu_image/500x500/8801104665421.JPG,기타
emart24,빙그레)통모짜스트링치즈18g,1600,2 + 1,https://msave.emart24.co.kr/cmsbo/upload/nHq/plu_image/500x500/8801104666428.JPG,간식류
emart24,빙그레)스페셜티탄자니아460ml,3000,2 + 1,https://msave.emart24.co.kr/cmsbo/upload/nHq/plu_image/500x500/8801104667029.JPG,기타
emart24,빙그레)스페셜티예가체프460ml,3000,2 + 1,https://msave.emart24.co.kr/cmsbo/upload/nHq/plu_image/500x500/8801104667043.JPG,기타
emart24,빙그레)닥터캡슐베리믹스130ml,2300,2 + 1,https://msave.emart24.co.kr/cmsbo/upload/nHq/plu_image/500x500/8801104669283.JPG,기타
emart24,빙그레)더단백초코250ml,2900,2 + 1,https://msave.emart24.co.kr/cmsbo/upload/nHq/plu_image/500x500/8801104670876.JPG,기타
emart24,빙그레)더단백카라멜250ml,2900,2 + 1,https://msave.emart24.co.kr/cmsbo/upload/nHq/plu_image/500x500/8801104673198.JPG,기타
emart24,빙그레)더단백커피250ml,2900,2 + 1,https://msave.emart24.co.kr/cmsbo/upload/nHq/plu_image/500x500/8801104673211.JPG,음료
emart24,빙그레)프로틴스트링치즈20g,1600,2 + 1,https://msave.emart24.co.kr/cmsbo/upload/nHq/plu_image/500x500/8801104674027.JPG,간식류
emart24,빙그레)사이즈업연유라떼350ml,2600,2 + 1,https://msave.emart24.co.kr/cmsbo/upload/nHq/plu_image/500x500/8801104940931.JPG,음료
emart24,빙그레)더단백딸기250ml,2900,2 + 1,https://msave.emart24.co.kr/cmsbo/upload/nHq/plu_image/500x500/8801104942935.JPG,기타
emart24,빙그레)아카페라아메리카노블랙240ml,2000,2 + 1,https://msave.emart24.co.kr/cmsbo/upload/nHq/plu_image/500x500/8801104944625.JPG,음료
emart24,빙그레)더단백멜론250ml,2900,2 + 1,https://msave.emart24.co.kr/cmsbo/upload/nHq/plu_image/500x500/8801104946179.JPG,기타
emart24,빙그레)사이즈업디카페인아메리카노350ml,2600,2 + 1,https://msave.emart24.co.kr/cmsbo/upload/nHq/plu_image/500x500/8801104948005.JPG,음료
emart24,빙그레)통모짜체다스트링치즈20g,1600,2 + 1,https://msave.emart24.co.kr/cmsbo/upload/nHq/plu_image/500x500/8801104950633.JPG,간식류
emart24,빙그레)요플레그릭마일드180g,2200,2 + 1,https://msave.emart24.co.kr/cmsbo/upload/nHq/plu_image/500x500/8801104950787.JPG,간식류
emart24,빙그레)캐옴ABC200ml,1800,2 + 1,https://msave.emart24.co.kr/cmsbo/upload/nHq/plu_image/500x500/8801104950893.JPG,기타
emart24,빙그레)닥터캡슐복숭아130ml,2300,2 + 1,https://msave.emart24.co.kr/cmsbo/upload/nHq/plu_image/500x500/8801104951302.JPG,기타
emart24,빙그레)요플레그릭아몬드바나나180g,2200,2 + 1,https://msave.emart24.co.kr/cmsbo/upload/nHq/plu_image/500x500/8801104952699.JPG,간식류
emart24,리스테린)쿨민트마일드100ml,2400,2 + 1,https://msave.emart24.co.kr/cmsbo/upload/nHq/plu_image/500x500/8801108000273.JPG,기타
emart24,크라운)빅파이딸기3200,3200,2 + 1,https://msave.emart24.co.kr/cmsbo/upload/nHq/plu_image/500x500/8801111180481.JPG,간식류
emart24,크라운)콘치1500(18),1500,2 + 1,https://msave.emart24.co.kr/cmsbo/upload/nHq/plu_image/500x500/8801111183062.JPG,간식류
emart24,크라운)못말리는신짱120g(16),1500,2 + 1,https://msave.emart24.co.kr/cmsbo/upload/nHq/plu_image/500x500/8801111185066.JPG,간식류
emart24,크라운)쿠크다스커피128g,3000,2 + 1,https://msave.emart24.co.kr/cmsbo/upload/nHq/plu_image/500x500/8801111186087.JPG,간식류
emart24,크라운)쿠크다스화이트128g,3000,2 + 1,https://msave.emart24.co.kr/cmsbo/upload/nHq/plu_image/500x500/8801111186117.JPG,간식류
emart24,크라운)마이쮸딸기44g,800,2 + 1,https://msave.emart24.co.kr/cmsbo/upload/nHq/plu_image/500x500/8801111187879.JPG,간식류
emart24,크라운)마이쮸포도44g,800,2 + 1,https://msave.emart24.co.kr/cmsbo/upload/nHq/plu_image/500x500/8801111187893.JPG,간식류
emart24,크라운)새콤달콤복숭아29g,500,2 + 1,https://msave.emart24.co.kr/cmsbo/upload/nHq/plu_image/500x500/8801111188036.JPG,간식류
emart24,크라운)새콤달콤블루베리소다29g,500,2 + 1,https://msave.emart24.co.kr/cmsbo/upload/nHq/plu_image/500x500/8801111932974.JPG,간식류
emart24,크라운)콘칲초당옥수수70g(16)NEW,1700,2 + 1,https://msave.emart24.co.kr/cmsbo/upload/nHq/plu_image/500x500/8801111955454.JPG,간식류
emart24,크라운)못말리는신짱가마솥누룽지맛120g(16),1700,2 + 1,https://msave.emart24.co.kr/cmsbo/upload/nHq/plu_image/500x500/8801111961677.JPG,간식류
emart24,풀무원)한끼연두부(오리엔탈)118g,2200,2 + 1,https://msave.emart24.co.kr/cmsbo/upload/nHq/plu_image/500x500/8801114144770.JPG,기타
emart24,풀무원)찰도토리묵300g,2500,2 + 1,https://msave.emart24.co.kr/cmsbo/upload/nHq/plu_image/500x500/8801114157800.JPG,기타
emart24,풀무원)특등급국산콩두유190ml,1900,2 + 1,https://msave.emart24.co.kr/cmsbo/upload/nHq/plu_image/500x500/8801114183137.JPG,음료
emart24,서울)멸균우유200ml,1200,2 + 1,https://msave.emart24.co.kr/cmsbo/upload/nHq/plu_image/500x500/8801115115113.JPG,음료
emart24,서울)저지방멸균우유200ml,1200,2 + 1,https://msave.emart24.co.kr/cmsbo/upload/nHq/plu_image/500x500/8801115115809.JPG,음료
emart24,서울)딸기우유300ml,2100,2 + 1,https://msave.emart24.co.kr/cmsbo/upload/nHq/plu_image/500x500/8801115134213.JPG,음료
emart24,서울)초코우유300ml,2100,2 + 1,https://msave.emart24.co.kr/cmsbo/upload/nHq/plu_image/500x500/8801115134220.JPG,음료
emart24,서울)커피우유300ml,2100,2 + 1,https://msave.emart24.co.kr/cmsbo/upload/nHq/plu_image/500x500/8801115135708.JPG,음료
emart24,서울)바나나우유300ml,2100,2 + 1,https://msave.emart24.co.kr/cmsbo/upload/nHq/plu_image/500x500/8801115137290.JPG,음료
emart24,서울)강릉커피라떼250ml,2800,2 + 1,https://msave.emart24.co.kr/cmsbo/upload/nHq/plu_image/500x500/8801115139836.JPG,음료
emart24,서울)비요뜨초코링138g,2300,2 + 1,https://msave.emart24.co.kr/cmsbo/upload/nHq/plu_image/500x500/8801115212713.JPG,기타
emart24,서울)비요뜨쿠키앤크림131g,2300,2 + 1,https://msave.emart24.co.kr/cmsbo/upload/nHq/plu_image/500x500/8801115213604.JPG,간식류
emart24,서울)비요뜨베리콩포트165g,2300,2 + 1,https://msave.emart24.co.kr/cmsbo/upload/nHq/plu_image/500x500/8801115224709.JPG,기타
emart24,서울)올데이프룻오렌지250ml,1800,2 + 1,https://msave.emart24.co.kr/cmsbo/upload/nHq/plu_image/500x500/8801115334095.JPG,기타
emart24,서울)올데이프룻자두250ml,1800,2 + 1,https://msave.emart24.co.kr/cmsbo/upload/nHq/plu_image/500x500/8801115334101.JPG,기타
emart24,서울)아침에주스오렌지210ml,2300,2 + 1,https://msave.emart24.co.kr/cmsbo/upload/nHq/plu_image/500x500/8801115336143.JPG,음료
emart24,서울)아침에주스포도210ml,2300,2 + 1,https://msave.emart24.co.kr/cmsbo/upload/nHq/plu_image/500x500/8801115336150.JPG,음료
emart24,서울)아침에주스사과210ml,2300,2 + 1,https://msave.emart24.co.kr/cmsbo/upload/nHq/plu_image/500x500/8801115336709.JPG,음료
emart24,서울)아침에주스ABC210ml,2300,2 + 1,https://msave.emart24.co.kr/cmsbo/upload/nHq/plu_image/500x500/8801115338840.JPG,음료
emart24,동서)티오피마일드라떼300ml,2900,2 + 1,https://msave.emart24.co.kr/cmsbo/upload/nHq/plu_image/500x500/8801115381754.JPG,음료
emart24,동서)티오피볼드라떼300ml,2900,2 + 1,https://msave.emart24.co.kr/cmsbo/upload/nHq/plu_image/500x500/8801115381761.JPG,음료
emart24,서울)초코꿀딴지180ml,1700,2 + 1,https://msave.emart24.co.kr/cmsbo/upload/nHq/plu_image/500x500/8801115384007.JPG,기타
emart24,서울)딸기꿀딴지180ml,1700,2 + 1,https://msave.emart24.co.kr/cmsbo/upload/nHq/plu_image/500x500/8801115384014.JPG,기타
emart24,동서)티오피트리플라떼300ml,2900,2 + 1,https://msave.emart24.co.kr/cmsbo/upload/nHq/plu_image/500x500/8801115384212.JPG,음료
emart24,동서)티오피너티카라멜300ml,2900,2 + 1,https://msave.emart24.co.kr/cmsbo/upload/nHq/plu_image/500x500/8801115384250.JPG,기타
emart24,오리온)한끼바치즈맛40g,1500,2 + 1,https://msave.emart24.co.kr/cmsbo/upload/nHq/plu_image/500x500/8801117162306.JPG,간식류
emart24,오리온)나샌드크림치즈77g(24),1500,2 + 1,https://msave.emart24.co.kr/cmsbo/upload/nHq/plu_image/500x500/8801117164409.JPG,간식류
emart24,오리온)다이제샌드바닐라&밀크93g(24),1500,2 + 1,https://msave.emart24.co.kr/cmsbo/upload/nHq/plu_image/500x500/8801117164508.JPG,간식류
emart24,오리온)찍먹오감자버터갈릭감자튀김맛64g(14),1700,2 + 1,https://msave.emart24.co.kr/cmsbo/upload/nHq/plu_image/500x500/8801117164904.JPG,간식류
emart24,오리온)딸기알맹이81g,1500,2 + 1,https://msave.emart24.co.kr/cmsbo/upload/nHq/plu_image/500x500/8801117348205.JPG,간식류
emart24,오리온)에너지바미니200g,6500,2 + 1,https://msave.emart24.co.kr/cmsbo/upload/nHq/plu_image/500x500/8801117442101.JPG,간식류
emart24,오리온)단백질바미니202.5g,6500,2 + 1,https://msave.emart24.co.kr/cmsbo/upload/nHq/plu_image/500x500/8801117479305.JPG,간식류
emart24,오리온)비타민마이구미72g,1500,2 + 1,https://msave.emart24.co.kr/cmsbo/upload/nHq/plu_image/500x500/8801117589509.JPG,기타
emart24,오리온)포카칩트리플페퍼60g(20),1700,2 + 1,https://msave.emart24.co.kr/cmsbo/upload/nHq/plu_image/500x500/8801117655204.JPG,간식류
emart24,오리온)썬갈릭바게트80g(12),1700,2 + 1,https://msave.emart24.co.kr/cmsbo/upload/nHq/plu_image/500x500/8801117681807.JPG,간식류
emart24,오리온)포카칩오리지널3400(중)(12),3400,2 + 1,https://msave.emart24.co.kr/cmsbo/upload/nHq/plu_image/500x500/8801117760205.JPG,간식류
emart24,오리온)포카칩어니언3400(중)(12),3400,2 + 1,https://msave.emart24.co.kr/cmsbo/upload/nHq/plu_image/500x500/8801117760403.JPG,간식류
emart24,오리온)오징어땅콩202g(16),3200,2 + 1,https://msave.emart24.co.kr/cmsbo/upload/nHq/plu_image/500x500/8801117761004.JPG,간식류
emart24,오리온)땅콩강정147g(중)(18),2900,2 + 1,https://msave.emart24.co.kr/cmsbo/upload/nHq/plu_image/500x500/8801117796204.JPG,간식류
emart24,오리온)썬핫스파이시맛135G(중)(12),2800,2 + 1,https://msave.emart24.co.kr/cmsbo/upload/nHq/plu_image/500x500/8801117798307.JPG,간식류
emart24,매일)상하미니칼슘체다48g,2800,2 + 1,https://msave.emart24.co.kr/cmsbo/upload/nHq/plu_image/500x500/8801121020364.JPG,기타
emart24,매일)상하미니크림치즈48g,2800,2 + 1,https://msave.emart24.co.kr/cmsbo/upload/nHq/plu_image/500x500/8801121020388.JPG,기타
emart24,매일)엔요요구르트280ml,1700,2 + 1,https://msave.emart24.co.kr/cmsbo/upload/nHq/plu_image/500x500/8801121024737.JPG,음료
emart24,매일)아몬드브리즈프로틴190ml,1500,2 + 1,https://msave.emart24.co.kr/cmsbo/upload/nHq/plu_image/500x500/8801121025666.JPG,음료
emart24,매일)검은콩두유190ml,1400,2 + 1,https://msave.emart24.co.kr/cmsbo/upload/nHq/plu_image/500x500/8801121025710.JPG,음료
emart24,매일)바리스타룰스디카페인라떼325ml,3500,2 + 1,https://msave.emart24.co.kr/cmsbo/upload/nHq/plu_image/500x500/8801121027523.JPG,음료
emart24,매일)상하유기농주스사과오렌지케일125ml,1500,2 + 1,https://msave.emart24.co.kr/cmsbo/upload/nHq/plu_image/500x500/8801121029381.JPG,음료
emart24,매일)상하유기농주스사과딸기케일125ml,1500,2 + 1,https://msave.emart24.co.kr/cmsbo/upload/nHq/plu_image/500x500/8801121029435.JPG,음료
emart24,매일)어메이징오트언스위트190ml,1500,2 + 1,https://msave.emart24.co.kr/cmsbo/upload/nHq/plu_image/500x500/8801121033463.JPG,기타
emart24,매일)어메이징오트오리지널190ml,1500,2 + 1,https://msave.emart24.co.kr/cmsbo/upload/nHq/plu_image/500x500/8801121033531.JPG,기타
emart24,매일)상하유기농주스사과블루베리케일125ml,1500,2 + 1,https://msave.emart24.co.kr/cmsbo/upload/nHq/plu_image/500x500/8801121037744.JPG,음료
emart24,매일)바리스타돌체라떼325ml,3500,2 + 1,https://msave.emart24.co.kr/cmsbo/upload/nHq/plu_image/500x500/8801121040416.JPG,음료
emart24,매일)바리스타바닐라빈무가당325ml,3500,2 + 1,https://msave.emart24.co.kr/cmsbo/upload/nHq/plu_image/500x500/8801121045893.JPG,기타
emart24,매일)바리스타에스프레소무가당325ml,3500,2 + 1,https://msave.emart24.co.kr/cmsbo/upload/nHq/plu_image/500x500/8801121046012.JPG,음료
emart24,매일)아몬드브리즈커피190ml,1500,2 + 1,https://msave.emart24.co.kr/cmsbo/upload/nHq/plu_image/500x500/8801121046142.JPG,음료
emart24,매일)상하프로틴스트링치즈20g,1600,2 + 1,https://msave.emart24.co.kr/cmsbo/upload/nHq/plu_image/500x500/8801121050903.JPG,간식류
emart24,매일)바리스타에스프레소라떼컵250ml,2900,2 + 1,https://msave.emart24.co.kr/cmsbo/upload/nHq/plu_image/500x500/8801121106792.JPG,음료
emart24,매일)바리스타스모키로스팅라떼컵250ml,2900,2 + 1,https://msave.emart24.co.kr/cmsbo/upload/nHq/plu_image/500x500/8801121107935.JPG,음료
emart24,매일)바리스타모카프레소컵250ml,2900,2 + 1,https://msave.emart24.co.kr/cmsbo/upload/nHq/plu_image/500x500/8801121107942.JPG,음료
emart24,매일)바리스타카라멜딥프레소컵250ml,2900,2 + 1,https://msave.emart24.co.kr/cmsbo/upload/nHq/plu_image/500x500/8801121755679.JPG,기타
emart24,매일)바리스타로어슈거에스프레소컵250ml,2900,2 + 1,https://msave.emart24.co.kr/cmsbo/upload/nHq/plu_image/500x500/8801121761823.JPG,음료
emart24,매일)바이오드링킹플레인250ml,2400,2 + 1,https://msave.emart24.co.kr/cmsbo/upload/nHq/plu_image/500x500/8801121767122.JPG,간식류
emart24,매일)바이오드링킹딸기250ml,2400,2 + 1,https://msave.emart24.co.kr/cmsbo/upload/nHq/plu_image/500x500/8801121767139.JPG,간식류
emart24,매일)아몬드브리즈초콜릿190ml(무당),1500,2 + 1,https://msave.emart24.co.kr/cmsbo/upload/nHq/plu_image/500x500/8801121768068.JPG,간식류
emart24,매일)바리스타시그니처드립라떼325ml,3500,2 + 1,https://msave.emart24.co.kr/cmsbo/upload/nHq/plu_image/500x500/8801121768167.JPG,음료
emart24,매일)바리스타콜드브루블랙325ml,3500,2 + 1,https://msave.emart24.co.kr/cmsbo/upload/nHq/plu_image/500x500/8801121768174.JPG,음료
emart24,매일)99.9두유190ml,1400,2 + 1,https://msave.emart24.co.kr/cmsbo/upload/nHq/plu_image/500x500/8801121768440.JPG,음료
emart24,매일)두유오리지널190ml,1400,2 + 1,https://msave.emart24.co.kr/cmsbo/upload/nHq/plu_image/500x500/8801121768464.JPG,음료
emart24,매일)바이오드링킹블루베리250ml,2400,2 + 1,https://msave.emart24.co.kr/cmsbo/upload/nHq/plu_image/500x500/8801121770757.JPG,간식류
emart24,매일)바리스타쇼콜라모카325ml,3500,2 + 1,https://msave.emart24.co.kr/cmsbo/upload/nHq/plu_image/500x500/8801121771396.JPG,음료
emart24,매일)바리스타바닐라빈라떼325ml,3500,2 + 1,https://msave.emart24.co.kr/cmsbo/upload/nHq/plu_image/500x500/8801121771402.JPG,음료
emart24,hy)스트레스케어쉼230ml,2400,2 + 1,https://msave.emart24.co.kr/cmsbo/upload/nHq/plu_image/500x500/8801128243193.JPG,기타
emart24,hy)원조야쿠르트280ml,1700,2 + 1,https://msave.emart24.co.kr/cmsbo/upload/nHq/plu_image/500x500/8801128282833.JPG,기타
emart24,hy)장케어갓비움쉼230ml,2400,2 + 1,https://msave.emart24.co.kr/cmsbo/upload/nHq/plu_image/500x500/8801128307239.JPG,기타
emart24,hy)야쿠르트제로팩190ml,1200,2 + 1,https://msave.emart24.co.kr/cmsbo/upload/nHq/plu_image/500x500/8801128308076.JPG,기타
emart24,머거본)맛땅콩100g,3000,2 + 1,https://msave.emart24.co.kr/cmsbo/upload/nHq/plu_image/500x500/8801133012067.JPG,기타
emart24,머거본)김스칼몬드35g,3000,2 + 1,https://msave.emart24.co.kr/cmsbo/upload/nHq/plu_image/500x500/8801133012197.JPG,기타
emart24,머거본)김스칼몬드불맛35g,3000,2 + 1,https://msave.emart24.co.kr/cmsbo/upload/nHq/plu_image/500x500/8801133012203.JPG,기타
emart24,썬푸드)오징어&땅콩55g,5900,2 + 1,https://msave.emart24.co.kr/cmsbo/upload/nHq/plu_image/500x500/8801149101786.JPG,간식류
emart24,썬푸드)오징어튀김오리지널80g,8900,2 + 1,https://msave.emart24.co.kr/cmsbo/upload/nHq/plu_image/500x500/8801149406324.JPG,간식류
emart24,썬푸드)오징어튀김와사비맛80g,8900,2 + 1,https://msave.emart24.co.kr/cmsbo/upload/nHq/plu_image/500x500/8801149406331.JPG,간식류
emart24,동원)덴마크테이크얼라이브머스캣청포도250ml,1700,2 + 1,https://msave.emart24.co.kr/cmsbo/upload/nHq/plu_image/500x500/8801155732769.JPG,기타
emart24,동원)덴마크테이크얼라이브스위트자몽250ml,1700,2 + 1,https://msave.emart24.co.kr/cmsbo/upload/nHq/plu_image/500x500/8801155735074.JPG,기타
emart24,동원)덴마크테이크얼라이브망고250ml,1700,2 + 1,https://msave.emart24.co.kr/cmsbo/upload/nHq/plu_image/500x500/8801155735081.JPG,기타
emart24,동원)덴마크테이크얼라이브블러드오렌지250ml,1700,2 + 1,https://msave.emart24.co.kr/cmsbo/upload/nHq/plu_image/500x500/8801155735135.JPG,기타
emart24,덴마크)하이요구르트280ml,1700,2 + 1,https://msave.emart24.co.kr/cmsbo/upload/nHq/plu_image/500x500/8801155744502.JPG,음료
emart24,동원)덴마크인포켓치즈오리지날20g,1700,2 + 1,https://msave.emart24.co.kr/cmsbo/upload/nHq/plu_image/500x500/8801155834616.JPG,기타
emart24,동원)덴마크인포켓치즈라이트20g,1700,2 + 1,https://msave.emart24.co.kr/cmsbo/upload/nHq/plu_image/500x500/8801155834708.JPG,기타
emart24,하이뮨)프로틴밸런스액티브초코250ml,2900,2 + 1,https://msave.emart24.co.kr/cmsbo/upload/nHq/plu_image/500x500/8801157470928.JPG,기타
emart24,하이뮨)프로틴밸런스액티브밀크250ml,2900,2 + 1,https://msave.emart24.co.kr/cmsbo/upload/nHq/plu_image/500x500/8801157470959.JPG,기타
emart24,하이뮨)프로틴밸런스액티브바나나250ml,2900,2 + 1,https://msave.emart24.co.kr/cmsbo/upload/nHq/plu_image/500x500/8801157471208.JPG,기타
emart24,파스퇴르)쾌변사과요구르트150ml,1900,2 + 1,https://msave.emart24.co.kr/cmsbo/upload/nHq/plu_image/500x500/8801207050117.JPG,음료
emart24,파스퇴르)쾌변포도요구르트150ml,1900,2 + 1,https://msave.emart24.co.kr/cmsbo/upload/nHq/plu_image/500x500/8801207060918.JPG,음료
emart24,롯데)유기농야채농장190ml,1800,2 + 1,https://msave.emart24.co.kr/cmsbo/upload/nHq/plu_image/500x500/8801207070368.JPG,기타
emart24,롯데)유기농야채농장ABC190ml,1800,2 + 1,https://msave.emart24.co.kr/cmsbo/upload/nHq/plu_image/500x500/8801207157182.JPG,기타
emart24,CJ)햇반서리태흑미밥210g,2900,2 + 1,https://msave.emart24.co.kr/cmsbo/upload/nHq/plu_image/500x500/8801392076251.JPG,식사류
emart24,CJ)비비고치즈떡볶이108G,3900,2 + 1,https://msave.emart24.co.kr/cmsbo/upload/nHq/plu_image/500x500/8801392089541.JPG,간식류
emart24,CJ)비비고오리지널떡볶이110G,3900,2 + 1,https://msave.emart24.co.kr/cmsbo/upload/nHq/plu_image/500x500/8801392090455.JPG,간식류
emart24,CJ)햇반12곡잡곡밥210g,2900,2 + 1,https://msave.emart24.co.kr/cmsbo/upload/nHq/plu_image/500x500/8801392112713.JPG,식사류
emart24,CJ)바삭칩스팸맛45g(12),1900,2 + 1,https://msave.emart24.co.kr/cmsbo/upload/nHq/plu_image/500x500/8801392149153.JPG,기타
emart24,CJ)오쌀미X햇반파로누룽지30g,2400,2 + 1,https://msave.emart24.co.kr/cmsbo/upload/nHq/plu_image/500x500/8801392154942.JPG,기타
emart24,CJ)오쌀미X햇반현미누룽지30g,2400,2 + 1,https://msave.emart24.co.kr/cmsbo/upload/nHq/plu_image/500x500/8801392154966.JPG,기타
emart24,CJ)비비고오마이갓김치팝콘80g(12),1900,2 + 1,https://msave.emart24.co.kr/cmsbo/upload/nHq/plu_image/500x500/8801392155307.JPG,간식류
emart24,CJ)꾸덕납작누들숯불치킨맛,4500,2 + 1,https://msave.emart24.co.kr/cmsbo/upload/nHq/plu_image/500x500/8801392158391.JPG,기타
emart24,CJ)바삭팝콘스팸맛55g(12),1900,2 + 1,https://msave.emart24.co.kr/cmsbo/upload/nHq/plu_image/500x500/8801392158940.JPG,간식류
emart24,CJ)바삭팝콘허브솔트맛55g(12),1900,2 + 1,https://msave.emart24.co.kr/cmsbo/upload/nHq/plu_image/500x500/8801392158964.JPG,간식류
emart24,CJ)꾸덕납작누들매콤로제맛,4500,2 + 1,https://msave.emart24.co.kr/cmsbo/upload/nHq/plu_image/500x500/8801392162015.JPG,기타
emart24,오비)카스제로캔500ml,2800,2 + 1,https://msave.emart24.co.kr/cmsbo/upload/nHq/plu_image/500x500/8801858046149.JPG,기타
emart24,오비)카스레몬스퀴즈제로캔473ml,2800,2 + 1,https://msave.emart24.co.kr/cmsbo/upload/nHq/plu_image/500x500/8801858048259.JPG,기타
emart24,머거본)블랙페퍼육포40g,4000,2 + 1,https://msave.emart24.co.kr/cmsbo/upload/nHq/plu_image/500x500/8802456000151.JPG,간식류
emart24,머거본)쇠고기육포30g,4500,2 + 1,https://msave.emart24.co.kr/cmsbo/upload/nHq/plu_image/500x500/8802456000175.JPG,간식류
emart24,레트로)호박꿀맛나100g,1800,2 + 1,https://msave.emart24.co.kr/cmsbo/upload/nHq/plu_image/500x500/8802896000780.JPG,기타
emart24,레트로)월드컵맛기차콘쫀드기84g,1800,2 + 1,https://msave.emart24.co.kr/cmsbo/upload/nHq/plu_image/500x500/8802896004320.JPG,음료
emart24,레트로)옥수수쫀드기84g,1800,2 + 1,https://msave.emart24.co.kr/cmsbo/upload/nHq/plu_image/500x500/8802896004337.JPG,기타
emart24,담터)호두아몬드율무차원컵,1800,2 + 1,https://msave.emart24.co.kr/cmsbo/upload/nHq/plu_image/500x500/8803284610475.JPG,간식류
emart24,담터)생강차원컵,1800,2 + 1,https://msave.emart24.co.kr/cmsbo/upload/nHq/plu_image/500x500/8803284611151.JPG,음료
emart24,포차24)버터구이오징어30g,4900,2 + 1,https://msave.emart24.co.kr/cmsbo/upload/nHq/plu_image/500x500/8804085033203.JPG,기타
emart24,포차24)구운쥐포채50g,4900,2 + 1,https://msave.emart24.co.kr/cmsbo/upload/nHq/plu_image/500x500/8804085033234.JPG,간식류
emart24,크레이지치즈)올치글50g(30),2200,2 + 1,https://msave.emart24.co.kr/cmsbo/upload/nHq/plu_image/500x500/8804294026522.JPG,기타
emart24,에스엠)전통호두과자108g,2800,2 + 1,https://msave.emart24.co.kr/cmsbo/upload/nHq/plu_image/500x500/8804508201332.JPG,간식류
emart24,코주부)쪼꼬미꼬마쥐포35g,3600,2 + 1,https://msave.emart24.co.kr/cmsbo/upload/nHq/plu_image/500x500/8804888001553.JPG,간식류
emart24,마즈)몰티져스밀크37g(냉장),1800,2 + 1,https://msave.emart24.co.kr/cmsbo/upload/nHq/plu_image/500x500/8804973306204.JPG,기타
emart24,마즈)이클립스플러스꿀&레몬향30g,3500,2 + 1,https://msave.emart24.co.kr/cmsbo/upload/nHq/plu_image/500x500/8804973308789.JPG,간식류
emart24,마즈)이클립스플러스배&비파향30g,3500,2 + 1,https://msave.emart24.co.kr/cmsbo/upload/nHq/plu_image/500x500/8804973308802.JPG,간식류
emart24,마즈)스키틀즈젤리후르츠믹스42.5g,2000,2 + 1,https://msave.emart24.co.kr/cmsbo/upload/nHq/plu_image/500x500/8804973311161.JPG,간식류
emart24,마즈)스키틀즈젤리후르츠믹스요거트향42.5g,2000,2 + 1,https://msave.emart24.co.kr/cmsbo/upload/nHq/plu_image/500x500/8804973311185.JPG,간식류
emart24,종근당건강)락토핏골드10포,5300,2 + 1,https://msave.emart24.co.kr/cmsbo/upload/nHq/plu_image/500x500/8805915807919.JPG,기타
emart24,종근당건강)아임비타멀티비타이뮨샷,4700,2 + 1,https://msave.emart24.co.kr/cmsbo/upload/nHq/plu_image/500x500/8805915808114.JPG,기타
emart24,유한양행)비컴플부스터샷아르기닌25ml,3900,2 + 1,https://msave.emart24.co.kr/cmsbo/upload/nHq/plu_image/500x500/8806006501761.JPG,기타
emart24,유한양행)비컴플부스터샷마그네슘25ml,3900,2 + 1,https://msave.emart24.co.kr/cmsbo/upload/nHq/plu_image/500x500/8806006501778.JPG,기타
emart24,동아)박카스젤리50g,1700,2 + 1,https://msave.emart24.co.kr/cmsbo/upload/nHq/plu_image/500x500/8806011435631.JPG,간식류
emart24,가그린)오리지널100ml,2300,2 + 1,https://msave.emart24.co.kr/cmsbo/upload/nHq/plu_image/500x500/8806011616047.JPG,기타
emart24,가그린)오리지널250ml,4500,2 + 1,https://msave.emart24.co.kr/cmsbo/upload/nHq/plu_image/500x500/8806011616054.JPG,기타
emart24,가그린)제로100ml,2300,2 + 1,https://msave.emart24.co.kr/cmsbo/upload/nHq/plu_image/500x500/8806011616153.JPG,기타
emart24,템포)슈퍼10입,7900,2 + 1,https://msave.emart24.co.kr/cmsbo/upload/nHq/plu_image/500x500/8806011632771.JPG,기타
emart24,템포)레귤라10입,7900,2 + 1,https://msave.emart24.co.kr/cmsbo/upload/nHq/plu_image/500x500/8806011632856.JPG,기타
emart24,동화)편안활스트롱15g,1500,2 + 1,https://msave.emart24.co.kr/cmsbo/upload/nHq/plu_image/500x500/8806016186446.JPG,기타
emart24,경남)상큼한비타민레모나산10포,3500,2 + 1,https://msave.emart24.co.kr/cmsbo/upload/nHq/plu_image/500x500/8806102878101.JPG,기타
emart24,리뉴)여행용,4000,2 + 1,https://msave.emart24.co.kr/cmsbo/upload/nHq/plu_image/500x500/8806128400447.JPG,기타
emart24,푸르밀)바나나우유225ml,1800,2 + 1,https://msave.emart24.co.kr/cmsbo/upload/nHq/plu_image/500x500/8806371300464.JPG,음료
emart24,푸르밀)가나초코우유225ml,1800,2 + 1,https://msave.emart24.co.kr/cmsbo/upload/nHq/plu_image/500x500/8806371300488.JPG,간식류
emart24,푸르밀)커피우유225ml,1800,2 + 1,https://msave.emart24.co.kr/cmsbo/upload/nHq/plu_image/500x500/8806371360314.JPG,음료
emart24,26SS)아쿠아엑스쿨토시(검정),7900,2 + 1,https://msave.emart24.co.kr/cmsbo/upload/nHq/plu_image/500x500/8806379940389.JPG,기타
emart24,26SS)아쿠아엑스쿨토시(흰색),7900,2 + 1,https://msave.emart24.co.kr/cmsbo/upload/nHq/plu_image/500x500/8806379940396.JPG,기타
emart24,26SS)아쿠아엑스쿨토시손등형(검정),8900,2 + 1,https://msave.emart24.co.kr/cmsbo/upload/nHq/plu_image/500x500/8806379940402.JPG,기타
emart24,26SS)쿨패턴스카프(일반형),7900,2 + 1,https://msave.emart24.co.kr/cmsbo/upload/nHq/plu_image/500x500/8806379940419.JPG,기타
emart24,26SS)쿨넥스카프,5900,2 + 1,https://msave.emart24.co.kr/cmsbo/upload/nHq/plu_image/500x500/8806379940426.JPG,기타
emart24,영풍)요뽀끼치즈떡볶이컵120g,2700,2 + 1,https://msave.emart24.co.kr/cmsbo/upload/nHq/plu_image/500x500/8809054400192.JPG,간식류
emart24,영풍)요뽀끼짜장떡볶이컵120g,2700,2 + 1,https://msave.emart24.co.kr/cmsbo/upload/nHq/plu_image/500x500/8809054400529.JPG,간식류
emart24,영풍)요뽀끼매콤달콤떡볶이컵140g,2700,2 + 1,https://msave.emart24.co.kr/cmsbo/upload/nHq/plu_image/500x500/8809054409034.JPG,간식류
emart24,태경)아기상어고소한짜장떡볶이컵,3600,2 + 1,https://msave.emart24.co.kr/cmsbo/upload/nHq/plu_image/500x500/8809061671493.JPG,간식류
emart24,종근당)멀티비타부스터샷20ml,3800,2 + 1,https://msave.emart24.co.kr/cmsbo/upload/nHq/plu_image/500x500/8809097855324.JPG,기타
emart24,에너자이저)맥스플러스AA2입,6600,2 + 1,https://msave.emart24.co.kr/cmsbo/upload/nHq/plu_image/500x500/8809175300470.JPG,기타
emart24,에너자이저)맥스플러스AA4입,10900,2 + 1,https://msave.emart24.co.kr/cmsbo/upload/nHq/plu_image/500x500/8809175300487.JPG,기타
emart24,에너자이저)맥스플러스AAA2입,6600,2 + 1,https://msave.emart24.co.kr/cmsbo/upload/nHq/plu_image/500x500/8809175300548.JPG,기타
emart24,에너자이저)맥스플러스AAA4입,10900,2 + 1,https://msave.emart24.co.kr/cmsbo/upload/nHq/plu_image/500x500/8809175300555.JPG,기타
emart24,다농원)우베코코넛라떼10입,7900,2 + 1,https://msave.emart24.co.kr/cmsbo/upload/nHq/plu_image/500x500/8809212551155.JPG,음료
emart24,풀무원)그릭컵플레인90g,1200,2 + 1,https://msave.emart24.co.kr/cmsbo/upload/nHq/plu_image/500x500/8809274511210.JPG,간식류
emart24,할리스)바닐라딜라이트컵300ml,3200,2 + 1,https://msave.emart24.co.kr/cmsbo/upload/nHq/plu_image/500x500/8809286693706.JPG,기타
emart24,할리스)카페라떼컵300ml,3200,2 + 1,https://msave.emart24.co.kr/cmsbo/upload/nHq/plu_image/500x500/8809286693713.JPG,음료
emart24,할리스)카라멜마끼아또컵300ml,3200,2 + 1,https://msave.emart24.co.kr/cmsbo/upload/nHq/plu_image/500x500/8809286694192.JPG,기타
emart24,BR)민트초코우유190ml,1500,2 + 1,https://msave.emart24.co.kr/cmsbo/upload/nHq/plu_image/500x500/8809288633038.JPG,음료
emart24,BR)베리베리스트로베리우유190ml,1500,2 + 1,https://msave.emart24.co.kr/cmsbo/upload/nHq/plu_image/500x500/8809288633045.JPG,음료
emart24,BR)쿠키앤크림우유190ml,1500,2 + 1,https://msave.emart24.co.kr/cmsbo/upload/nHq/plu_image/500x500/8809288633052.JPG,간식류
emart24,BR)이상한나라의솜사탕우유190ml,1500,2 + 1,https://msave.emart24.co.kr/cmsbo/upload/nHq/plu_image/500x500/8809288633595.JPG,간식류
emart24,BR)메롱멜론우유190ml,1500,2 + 1,https://msave.emart24.co.kr/cmsbo/upload/nHq/plu_image/500x500/8809288635001.JPG,음료
emart24,바이오트루)렌즈세정세트60ml(여행용),4400,2 + 1,https://msave.emart24.co.kr/cmsbo/upload/nHq/plu_image/500x500/8809291670150.JPG,기타
emart24,이디야)비니스트오리지널아메리카노10입,2700,2 + 1,https://msave.emart24.co.kr/cmsbo/upload/nHq/plu_image/500x500/8809388460220.JPG,음료
emart24,이디야)비니스트마일드아메리카노10입,2700,2 + 1,https://msave.emart24.co.kr/cmsbo/upload/nHq/plu_image/500x500/8809388460251.JPG,음료
emart24,아라움)오징어튀김더블치즈35g,5900,2 + 1,https://msave.emart24.co.kr/cmsbo/upload/nHq/plu_image/500x500/8809389493326.JPG,간식류
emart24,아라움)오징어튀김트러플35g,5900,2 + 1,https://msave.emart24.co.kr/cmsbo/upload/nHq/plu_image/500x500/8809389493333.JPG,간식류
emart24,포차24)블랙타이거새우머리튀김매콤간장맛30g,4900,2 + 1,https://msave.emart24.co.kr/cmsbo/upload/nHq/plu_image/500x500/8809389493982.JPG,간식류
emart24,키다리)세이면소고기쌀국수,2600,2 + 1,https://msave.emart24.co.kr/cmsbo/upload/nHq/plu_image/500x500/8809393810584.JPG,식사류
emart24,키다리)세이면잔치쌀국수,2600,2 + 1,https://msave.emart24.co.kr/cmsbo/upload/nHq/plu_image/500x500/8809393810676.JPG,식사류
emart24,키다리)세이면중화쌀짬뽕,2600,2 + 1,https://msave.emart24.co.kr/cmsbo/upload/nHq/plu_image/500x500/8809393810683.JPG,식사류
emart24,YOZM)플레인그릭요거트100g,4200,2 + 1,https://msave.emart24.co.kr/cmsbo/upload/nHq/plu_image/500x500/8809520490108.JPG,간식류
emart24,YOZM)그릭요거트블루베리130g,4900,2 + 1,https://msave.emart24.co.kr/cmsbo/upload/nHq/plu_image/500x500/8809520490634.JPG,기타
emart24,YOZM)소프트그릭요거트100g,3800,2 + 1,https://msave.emart24.co.kr/cmsbo/upload/nHq/plu_image/500x500/8809520490771.JPG,기타
emart24,YOZM)그릭요거트푸룬콩포트130g,4900,2 + 1,https://msave.emart24.co.kr/cmsbo/upload/nHq/plu_image/500x500/8809520491532.JPG,기타
emart24,히치스)수수깡젤리코리아에디션40g,2900,2 + 1,https://msave.emart24.co.kr/cmsbo/upload/nHq/plu_image/500x500/8809522040868.JPG,간식류
emart24,하림)밥이보약하루양갱(애견)관절56g,4800,2 + 1,https://msave.emart24.co.kr/cmsbo/upload/nHq/plu_image/500x500/8809551064262.JPG,간식류
emart24,서주)헬로키티베리에이스42g,2000,2 + 1,https://msave.emart24.co.kr/cmsbo/upload/nHq/plu_image/500x500/8809592641927.JPG,간식류
emart24,서주)레모넬로43g,2000,2 + 1,https://msave.emart24.co.kr/cmsbo/upload/nHq/plu_image/500x500/8809592642207.JPG,기타
emart24,서주)앤디스민트웨하스45g,2200,2 + 1,https://msave.emart24.co.kr/cmsbo/upload/nHq/plu_image/500x500/8809592642245.JPG,간식류
emart24,바프)허니버터아몬드40g,2500,2 + 1,https://msave.emart24.co.kr/cmsbo/upload/nHq/plu_image/500x500/8809617945092.JPG,간식류
emart24,바프)와사비맛아몬드40g,2500,2 + 1,https://msave.emart24.co.kr/cmsbo/upload/nHq/plu_image/500x500/8809617945115.JPG,기타
emart24,바프)군옥수수맛아몬드40g,2500,2 + 1,https://msave.emart24.co.kr/cmsbo/upload/nHq/plu_image/500x500/8809617945122.JPG,기타
emart24,바프)카라멜솔티드아몬드앤프레첼40g,2500,2 + 1,https://msave.emart24.co.kr/cmsbo/upload/nHq/plu_image/500x500/8809617945146.JPG,기타
emart24,바프)마늘빵아몬드40g,2500,2 + 1,https://msave.emart24.co.kr/cmsbo/upload/nHq/plu_image/500x500/8809617945160.JPG,기타
emart24,바프)로스티드&솔티드땅콩120g,3900,2 + 1,https://msave.emart24.co.kr/cmsbo/upload/nHq/plu_image/500x500/8809617947034.JPG,기타
emart24,시원)무지개줄자젤리35g,2000,2 + 1,https://msave.emart24.co.kr/cmsbo/upload/nHq/plu_image/500x500/8809648260966.JPG,간식류
emart24,시원)스피너팝13g,2500,2 + 1,https://msave.emart24.co.kr/cmsbo/upload/nHq/plu_image/500x500/8809648261765.JPG,기타
emart24,시원)자두야핸드폰캔디12g,3500,2 + 1,https://msave.emart24.co.kr/cmsbo/upload/nHq/plu_image/500x500/8809648262106.JPG,간식류
emart24,팔도)모던누들간장버터큰컵,2200,2 + 1,https://msave.emart24.co.kr/cmsbo/upload/nHq/plu_image/500x500/8809695257544.JPG,기타
emart24,팔도)모던누들흑후추라볶이큰컵,2200,2 + 1,https://msave.emart24.co.kr/cmsbo/upload/nHq/plu_image/500x500/8809695257568.JPG,기타
emart24,팔도)모던누들김볶음면오리지널큰컵,2200,2 + 1,https://msave.emart24.co.kr/cmsbo/upload/nHq/plu_image/500x500/8809695257582.JPG,식사류
emart24,팔도)모던누들김볶음면매운맛큰컵,2200,2 + 1,https://msave.emart24.co.kr/cmsbo/upload/nHq/plu_image/500x500/8809695257605.JPG,식사류
emart24,팔도)모던누들봉골레큰컵,2200,2 + 1,https://msave.emart24.co.kr/cmsbo/upload/nHq/plu_image/500x500/8809695257629.JPG,기타
emart24,팔도)모던누들고추장버터큰컵,2200,2 + 1,https://msave.emart24.co.kr/cmsbo/upload/nHq/plu_image/500x500/8809695257643.JPG,기타
emart24,팔도)모던누들트러플불고기큰컵,2200,2 + 1,https://msave.emart24.co.kr/cmsbo/upload/nHq/plu_image/500x500/8809695257667.JPG,기타
emart24,에이스)한입미니도나스18g,600,2 + 1,https://msave.emart24.co.kr/cmsbo/upload/nHq/plu_image/500x500/8809720821801.JPG,간식류
emart24,에이스)한입초코미니도나스20g,600,2 + 1,https://msave.emart24.co.kr/cmsbo/upload/nHq/plu_image/500x500/8809720822099.JPG,간식류
emart24,태경)아기상어크림떡볶이컵,3600,2 + 1,https://msave.emart24.co.kr/cmsbo/upload/nHq/plu_image/500x500/8809832940254.JPG,간식류
emart24,매일)셀렉스프로핏모카초코250ml,2900,2 + 1,https://msave.emart24.co.kr/cmsbo/upload/nHq/plu_image/500x500/8809846900886.JPG,음료
emart24,매일)셀렉스프로핏밀크바닐라250ml,2900,2 + 1,https://msave.emart24.co.kr/cmsbo/upload/nHq/plu_image/500x500/8809846900893.JPG,기타
emart24,매일)셀렉스프로핏바나나250ml,2900,2 + 1,https://msave.emart24.co.kr/cmsbo/upload/nHq/plu_image/500x500/8809846901548.JPG,기타
emart24,선우)얼려먹는젤리1탄72g,2000,2 + 1,https://msave.emart24.co.kr/cmsbo/upload/nHq/plu_image/500x500/8809963484191.JPG,간식류
emart24,선우)얼려먹는젤리2탄72g,2000,2 + 1,https://msave.emart24.co.kr/cmsbo/upload/nHq/plu_image/500x500/8809963484221.JPG,간식류
emart24,농심)켈로그에너지바K레드베리35g,2000,2 + 1,https://msave.emart24.co.kr/cmsbo/upload/nHq/plu_image/500x500/8852756120431.JPG,간식류
emart24,농심)켈로그에너지바K크런치넛40g,2000,2 + 1,https://msave.emart24.co.kr/cmsbo/upload/nHq/plu_image/500x500/8852756120462.JPG,간식류
emart24,프링글스)치즈맛110g(12),4200,2 + 1,https://msave.emart24.co.kr/cmsbo/upload/nHq/plu_image/500x500/8886467100031.JPG,간식류
emart24,프링글스)매운맛110g(12),4200,2 + 1,https://msave.emart24.co.kr/cmsbo/upload/nHq/plu_image/500x500/8886467100055.JPG,간식류
emart24,프링글스)버터카라멜맛110g(12),4200,2 + 1,https://msave.emart24.co.kr/cmsbo/upload/nHq/plu_image/500x500/8886467104725.JPG,간식류
emart24,츄파춥스)사워벨트1M젤리55g,1800,2 + 1,https://msave.emart24.co.kr/cmsbo/upload/nHq/plu_image/500x500/8935001714774.JPG,간식류
emart24,위스트)후지야컨트리맘초코쿠키,1800,2 + 1,https://msave.emart24.co.kr/cmsbo/upload/nHq/plu_image/500x500/8936235440156.JPG,간식류
emart24,위스트)후지야컨트리맘딸기쿠키,1800,2 + 1,https://msave.emart24.co.kr/cmsbo/upload/nHq/plu_image/500x500/8936235440163.JPG,간식류
emart24,비페스타)미셀라클렌징워터60ml,3800,2 + 1,https://msave.emart24.co.kr/cmsbo/upload/nHq/plu_image/500x500/8992222330039.JPG,음료
emart24,마즈)엠앤엠즈블록밀크46g(냉장),1800,2 + 1,https://msave.emart24.co.kr/cmsbo/upload/nHq/plu_image/500x500/9300682051507.JPG,간식류
emart24,마즈)엠앤엠즈블록크리스피44g(냉장),1800,2 + 1,https://msave.emart24.co.kr/cmsbo/upload/nHq/plu_image/500x500/9300682053761.JPG,간식류
emart24,마즈)스니커즈땅콩싱글,1800,2 + 1,https://msave.emart24.co.kr/cmsbo/upload/nHq/plu_image/500x500/93682091.JPG,간식류
emart24,잭링크스)비프져키오리지널38g(S),5900,2 + 1,https://msave.emart24.co.kr/cmsbo/upload/nHq/plu_image/500x500/9421013448510.JPG,기타
emart24,잭링크스)비프져키페퍼드38g(S),5900,2 + 1,https://msave.emart24.co.kr/cmsbo/upload/nHq/plu_image/500x500/9421013448527.JPG,기타
emart24,잭링크스)비프스테이크바50g(S),5900,2 + 1,https://msave.emart24.co.kr/cmsbo/upload/nHq/plu_image/500x500/9421013448534.JPG,기타
emart24,네슬레)킷캣녹차4핑거35g,2200,2 + 1,https://msave.emart24.co.kr/cmsbo/upload/nHq/plu_image/500x500/9556001227539.JPG,간식류
emart24,오뚜기)진라면약간매운맛봉지,1000,3 + 1,https://msave.emart24.co.kr/cmsbo/upload/nHq/plu_image/500x500/8801045014869.JPG,식사류
emart24,오뚜기)진라면약간매운맛*5입,5000,3 + 1,https://msave.emart24.co.kr/cmsbo/upload/nHq/plu_image/500x500/8801045152479.JPG,식사류
emart24,오뚜기)진라면순한맛봉지,1000,3 + 1,https://msave.emart24.co.kr/cmsbo/upload/nHq/plu_image/500x500/8801045520117.JPG,식사류
emart24,오뚜기)진라면매운맛봉지,1000,3 + 1,https://msave.emart24.co.kr/cmsbo/upload/nHq/plu_image/500x500/8801045520124.JPG,식사류
emart24,오뚜기)진라면순한맛봉지*5입,5000,3 + 1,https://msave.emart24.co.kr/cmsbo/upload/nHq/plu_image/500x500/8801045522234.JPG,식사류
emart24,오뚜기)진라면매운맛봉지*5입,5000,3 + 1,https://msave.emart24.co.kr/cmsbo/upload/nHq/plu_image/500x500/8801045522265.JPG,식사류
emart24,웨이샹)충칭마라탕면,2700,3 + 1,https://msave.emart24.co.kr/cmsbo/upload/nHq/plu_image/500x500/8809990947508.JPG,식사류
emart24,웨이샹)충칭마라탕면(5입),13500,3 + 1,https://msave.emart24.co.kr/cmsbo/upload/nHq/plu_image/500x500/8809990947515.JPG,식사류
GS25,락컴퍼니)비빔파스타254G,3900,덤증정,https://image.woodongs.com/imgsvr/item/GD_8809077051883_001.jpg,식사류
GS25,본고장)가쓰오냉소바184G,4200,덤증정,https://image.woodongs.com/imgsvr/item/GD_8801085884255_001.jpg,기타
GS25,썬퓨어)1000원커피헤이즐넛M,1000,덤증정,https://image.woodongs.com/imgsvr/item/GD_8809046594618_001.jpg,음료
GS25,이영자)묵은지들기름막국수176G,4900,덤증정,https://image.woodongs.com/imgsvr/item/GD_8801085885269_001.jpg,기타
GS25,쟈뎅)1000원아메리카노블랙M,1000,덤증정,https://image.woodongs.com/imgsvr/item/GD_8808024050511_001.jpg,음료
GS25,쟈뎅)1000원아메리카노스위트M,1000,덤증정,https://image.woodongs.com/imgsvr/item/GD_8808024050535_001.jpg,음료
GS25,쟈뎅)1300원카페라떼M,1300,덤증정,https://image.woodongs.com/imgsvr/item/GD_8808024050863_001.jpg,음료
GS25,종가)열무김치말이국수1편,4900,덤증정,https://image.woodongs.com/imgsvr/item/GD_2700038882262_002.jpg,기타
GS25,칠갑)3900얼음찬물냉면130G,3500,덤증정,https://image.woodongs.com/imgsvr/item/GD_8801759021085_001.jpg,식사류
GS25,한일)비빔냉쫄면190G,3900,덤증정,https://image.woodongs.com/imgsvr/item/GD_8801085885320_001.jpg,식사류
GS25,태원)트위스트드링크와일드베리,1700,2+1,https://image.woodongs.com/imgsvr/item/GD_90153433_001.jpg,음료
GS25,태원)트위스트앤드링크사과,1700,2+1,https://image.woodongs.com/imgsvr/item/GD_90153426_003.jpg,음료
GS25,Dole)딸기팝(62ml*8개),8000,1+1,https://image.woodongs.com/imgsvr/item/GD_8809654956471_001.jpg,기타
GS25,Dole)망고팝(62ml*8개),8000,1+1,https://image.woodongs.com/imgsvr/item/GD_8809069306489_001.jpg,기타
GS25,Dole)오렌지팝(62ml*8개),8000,1+1,https://image.woodongs.com/imgsvr/item/GD_8809069306441_001.jpg,기타
GS25,Dole)파인애플팝(62ml*8개),8000,1+1,https://image.woodongs.com/imgsvr/item/GD_8809069306502_001.jpg,기타
GS25,Dole)피치팝(62ml*8개),8000,1+1,https://image.woodongs.com/imgsvr/item/GD_8809654955146_001.jpg,기타
GS25,냉동딸기(150G),4000,1+1,https://image.woodongs.com/imgsvr/item/GD_8809815962990_002.jpg,기타
GS25,냉동스위트망고(150G),4000,1+1,https://image.woodongs.com/imgsvr/item/GD_8809815962983_002.jpg,기타
GS25,동원)미네마인탄산수500ML,1800,1+1,https://image.woodongs.com/imgsvr/item/GD_8801047496687_002.jpg,음료
GS25,ARIH)레드루비소다355ML,2500,2+1,https://image.woodongs.com/imgsvr/item/GD_8801128284646_001.jpg,음료
GS25,ARIH)클리어레몬소다355ML,2500,2+1,https://image.woodongs.com/imgsvr/item/GD_8801128284523_001.jpg,음료
GS25,ARIH)피치망고소다355ML,2500,2+1,https://image.woodongs.com/imgsvr/item/GD_8801128284516_001.jpg,음료
GS25,ARIH)레몬크레스트355ML,2200,2+1,https://image.woodongs.com/imgsvr/item/GD_8809695255656_001.jpg,기타
GS25,ARIH)블러시베리355ML,2200,2+1,https://image.woodongs.com/imgsvr/item/GD_8809695255533_001.jpg,기타
GS25,ARIH)트로피칼웨이브355ML,2200,2+1,https://image.woodongs.com/imgsvr/item/GD_8809695255625_001.jpg,기타
GS25,페리오)키즈어린이치약(피카츄),3900,1+1,https://image.woodongs.com/imgsvr/item/GD_8801051055269_271.jpg,생활/위생용품
GS25,페리오)어린이칫솔(피카츄)3단계,4900,1+1,https://image.woodongs.com/imgsvr/item/GD_8801051003819_820.jpg,생활/위생용품
GS25,사조)쟌슨빌베다위드체다200G,6900,2+1,https://image.woodongs.com/imgsvr/item/GD_8801039012086_001.jpg,기타
GS25,먹태를찍먹30G,8900,1+1,https://image.woodongs.com/imgsvr/item/GD_8809193858250_004.jpg,기타
GS25,정식품)고단백두유플레인190ML,1600,2+1,https://image.woodongs.com/imgsvr/item/GD_8801033811357_001.jpg,간식류
GS25,정식품)베지밀고단백초코190ML,1600,2+1,https://image.woodongs.com/imgsvr/item/GD_8801033808913_001.jpg,기타
GS25,오뚜기)컵누들저당로제(소컵),1800,2+1,https://image.woodongs.com/imgsvr/item/GD_8801045335612_001.jpg,기타
GS25,진성)참깨맛꽈배기510G,9500,1+1,https://image.woodongs.com/imgsvr/item/GD_6970293329062_001.jpg,기타
GS25,102)훈제오리슬라이스(200G),7500,1+1,https://image.woodongs.com/imgsvr/item/GD_8809377690805_002.jpg,기타
GS25,녹차녹차돌자반55G,4900,1+1,https://image.woodongs.com/imgsvr/item/GD_8809186873710_001.jpg,기타
GS25,파래파래돌자반55G,4900,1+1,https://image.woodongs.com/imgsvr/item/GD_8809186873703_001.jpg,기타
GS25,더납딱한오다리25G,4800,2+1,https://image.woodongs.com/imgsvr/item/GD_8809677723203_002.jpg,기타
GS25,더도톰한오징어25G,4800,2+1,https://image.woodongs.com/imgsvr/item/GD_8809677723210_002.jpg,간식류
GS25,곱창파는청년들)소스지190G/냉동,12800,1+1,https://image.woodongs.com/imgsvr/item/GD_8809729950144_001.jpg,기타
GS25,안동간고등어100G(순살/냉동),5000,1+1,https://image.woodongs.com/imgsvr/item/GD_8809093441002_002.jpg,기타
GS25,CJ)비비고가자미구이(순살/60G),6900,1+1,https://image.woodongs.com/imgsvr/item/GD_8801392109201_001.jpg,기타
GS25,CJ)비비고갈치구이(70G),6900,1+1,https://image.woodongs.com/imgsvr/item/GD_8801007917429_002.jpg,기타
GS25,CJ)비비고고등어구이(순살/60G),6900,1+1,https://image.woodongs.com/imgsvr/item/GD_8801007917030_003.jpg,기타
GS25,CJ)비비고삼치구이(순살/60G),6900,1+1,https://image.woodongs.com/imgsvr/item/GD_8801007917320_003.jpg,기타
GS25,CJ)비비고연어스테이크(60G),9900,1+1,https://image.woodongs.com/imgsvr/item/GD_8801392162671_001.jpg,식사류
GS25,CJ)비비고틸라피아스테이크70g,9900,1+1,https://image.woodongs.com/imgsvr/item/GD_8801392172571_001.jpg,식사류
GS25,피치)까먹는바나나모양바60G,1500,1+1,https://image.woodongs.com/imgsvr/item/GD_8809971932707_001.jpg,기타
GS25,라벨리)디요거트허니유자180ML,2000,1+1,https://image.woodongs.com/imgsvr/item/GD_8805584224741_002.jpg,기타
GS25,정화)아망추망고빅볼200G,2500,1+1,https://image.woodongs.com/imgsvr/item/GD_8801308480684_002.jpg,기타
GS25,이무라야)골든파인애플아이스,3000,1+1,https://image.woodongs.com/imgsvr/item/GD_4901006221283_001.jpg,기타
GS25,바나나킥)헤이즐넛라떼파르페,3500,1+1,https://image.woodongs.com/imgsvr/item/GD_8807203002877_002.jpg,음료
GS25,이무라야)말차모찌아이스빙수,4000,1+1,https://image.woodongs.com/imgsvr/item/GD_4901006221214_001.jpg,간식류
GS25,피치)프로즌넛츠소르베믹스80G,4900,1+1,https://image.woodongs.com/imgsvr/item/GD_8809971932882_001.jpg,기타
GS25,프루타프루타)아사이볼오리지널,5500,1+1,https://image.woodongs.com/imgsvr/item/GD_4582199731461_001.jpg,기타
GS25,피치)프로즌팝소르베믹스80G,5900,1+1,https://image.woodongs.com/imgsvr/item/GD_8809971932691_001.jpg,기타
GS25,올리)아이스컵봉지얼음180G,600,1+1,https://image.woodongs.com/imgsvr/item/GD_8809197844303_001.jpg,기타
GS25,파티세리)망고무스케이크75G,6900,1+1,https://image.woodongs.com/imgsvr/item/GD_8809971932820_001.jpg,간식류
GS25,파티세리)피치무스케이크80G,6900,1+1,https://image.woodongs.com/imgsvr/item/GD_8809971932837_001.jpg,간식류
GS25,하리보)골드바렌100G,2500,1+1,https://image.woodongs.com/imgsvr/item/GD_4001686301555_002.jpg,간식류
GS25,하리보)골드베어사우어80G,2500,1+1,https://image.woodongs.com/imgsvr/item/GD_8691216099579_006.jpg,간식류
GS25,하리보)스타믹스100G,2500,1+1,https://image.woodongs.com/imgsvr/item/GD_5012035901738_001.jpg,간식류
GS25,스윗콘(100G/봉),2000,2+1,https://image.woodongs.com/imgsvr/item/GD_8809405270979_001.jpg,기타
GS25,미이랑)귀리400g,7900,1+1,https://image.woodongs.com/imgsvr/item/GD_8801500158237_001.jpg,기타
GS25,미이랑)병아리콩400g,7900,1+1,https://image.woodongs.com/imgsvr/item/GD_8801500158251_001.jpg,기타
GS25,미이랑)찰보리400g,7900,1+1,https://image.woodongs.com/imgsvr/item/GD_8801500158275_001.jpg,음료
GS25,미이랑)찰현미400g,7900,1+1,https://image.woodongs.com/imgsvr/item/GD_8801500158220_001.jpg,기타
GS25,미이랑)찰흑미400g,7900,1+1,https://image.woodongs.com/imgsvr/item/GD_8801500158268_001.jpg,기타
GS25,미이랑)찹쌀400g,7900,1+1,https://image.woodongs.com/imgsvr/item/GD_8801500158213_001.jpg,기타
GS25,미이랑)파로400g,7900,1+1,https://image.woodongs.com/imgsvr/item/GD_8801500158244_001.jpg,기타
GS25,거산)꿀머군고구마120G,5200,1+1,https://image.woodongs.com/imgsvr/item/GD_8809653410639_001.jpg,기타
GS25,찰랑꿀맛고구마말랭이(45G/봉),4900,1+1,https://image.woodongs.com/imgsvr/item/GD_8809653410394_002.jpg,기타
GS25,호풍꿀맛고구마말랭이(45G/봉),4900,1+1,https://image.woodongs.com/imgsvr/item/GD_8809653410363_002.jpg,기타
GS25,호박꿀맛고구마말랭이(45G/봉),4900,1+1,https://image.woodongs.com/imgsvr/item/GD_8809653410387_002.jpg,기타
GS25,산지애)자두350G(팩),6000,1+1,https://image.woodongs.com/imgsvr/item/GD_2345001813999_006.jpg,기타
GS25,오리지널)군고구마빠50g,3900,1+1,https://image.woodongs.com/imgsvr/item/GD_8809857620414_002.jpg,기타
GS25,라라스윗)골드키위파인파인트,11900,1+1,https://image.woodongs.com/imgsvr/item/GD_8809599361798_001.jpg,간식류
GS25,라라스윗)바닐라빈파인트474ML,11900,1+1,https://image.woodongs.com/imgsvr/item/GD_8809599360494_001.jpg,간식류
GS25,라라스윗)생요거트망고파인트474,11900,1+1,https://image.woodongs.com/imgsvr/item/GD_8809599361620_001.jpg,간식류
GS25,라라스윗)치즈케이크파인트474ML,11900,1+1,https://image.woodongs.com/imgsvr/item/GD_8809599360517_001.jpg,간식류
GS25,유어스)평양냉면육수M,1600,1+1,https://image.woodongs.com/imgsvr/item/GD_8800244140706_004.jpg,식사류
GS25,해태)생생감자칩황치즈버터맛55G,2000,2+1,https://image.woodongs.com/imgsvr/item/GD_8801019613784_002.jpg,간식류
GS25,에드워드리)김치전스낵40G,2500,1+1,https://image.woodongs.com/imgsvr/item/GD_8809682781151_001.jpg,간식류
GS25,삼양)탱글갈릭쉬림프파스타(대컵,2500,1+1,https://image.woodongs.com/imgsvr/item/GD_8801073217294_001.jpg,식사류
GS25,삼양)탱글바질토마토파스타(대컵,2500,1+1,https://image.woodongs.com/imgsvr/item/GD_8801073217201_001.jpg,식사류
GS25,베이비스타)코코이치방야카레54G,2000,2+1,https://image.woodongs.com/imgsvr/item/GD_4718005883042_001.jpg,기타
GS25,동아제약)박카스디카페120ML,1000,2+1,https://image.woodongs.com/imgsvr/item/GD_8806011618249_001.JPG,음료
GS25,몬치치)초코카다이프팝콘55G,2300,1+1,https://image.woodongs.com/imgsvr/item/GD_8809027555447_001.jpg,간식류
GS25,슈퍼마리오)트러플파스타팝콘55G,1800,1+1,https://image.woodongs.com/imgsvr/item/GD_8809913653011_001.jpg,간식류
GS25,흑백)중식마녀쯔란돼지껍질튀김,5900,2+1,https://image.woodongs.com/imgsvr/item/GD_8800244143905_001.jpg,기타
GS25,선우)쿠쫀볼40G,4500,1+1,https://image.woodongs.com/imgsvr/item/GD_8809963484290_001.jpg,기타
GS25,선우)황치즈두쫀볼40G,4500,1+1,https://image.woodongs.com/imgsvr/item/GD_8809963484399_001.jpg,기타
GS25,대광)연유크림슈,2700,1+1,https://image.woodongs.com/imgsvr/item/GD_8809243177188_001.jpg,기타
GS25,대광)에그타르트,2400,1+1,https://image.woodongs.com/imgsvr/item/GD_8809243176976_001.jpg,기타
GS25,롯데)ABC초코187G,8000,2+1,https://image.woodongs.com/imgsvr/item/GD_8801062629992_002.jpg,기타
GS25,농심)포테토칩엽떡로제맛55G,1700,2+1,https://image.woodongs.com/imgsvr/item/GD_8801043067799_002.jpg,간식류
GS25,롯데)솔의눈500ML,2200,2+1,https://image.woodongs.com/imgsvr/item/GD_8801056228927_001.JPG,기타
GS25,삼립)NEW불고기치즈부리또,3500,2+1,https://image.woodongs.com/imgsvr/item/GD_8801068932164_003.jpg,기타
GS25,삼립)NEW슈퍼슈프림부리또,3500,2+1,https://image.woodongs.com/imgsvr/item/GD_8801068932157_002.jpg,기타
GS25,삼립)멕시칸스파이시치킨부리또,3500,2+1,https://image.woodongs.com/imgsvr/item/GD_8801068938692_002.jpg,기타
GS25,삼립)아메리칸딥치즈소시지부리,3500,2+1,https://image.woodongs.com/imgsvr/item/GD_8801068941746_001.jpg,간식류
GS25,삼립)캐네디언그레이비해쉬부리,3500,2+1,https://image.woodongs.com/imgsvr/item/GD_8801068941739_001.jpg,기타
GS25,삼립)트리플치즈부리또,3500,2+1,https://image.woodongs.com/imgsvr/item/GD_8801068921403_003.jpg,기타
GS25,유신우)바다속젤리130G,2000,1+1,https://image.woodongs.com/imgsvr/item/GD_6973160172273_001.jpg,간식류
GS25,엠탑)하프앤하프스틱(커피)33G,1000,1+1,https://image.woodongs.com/imgsvr/item/GD_8800269970319_001.jpg,기타
GS25,핑구)핑구르르르젤리45G,1800,1+1,https://image.woodongs.com/imgsvr/item/GD_8809704433501_001.jpg,간식류
GS25,머거본)김스칼몬드35G,3000,1+1,https://image.woodongs.com/imgsvr/item/GD_8801133012197_001.jpg,기타
GS25,몽뜨)푸르츠사워패치젤리80G,2000,1+1,https://image.woodongs.com/imgsvr/item/GD_8809429533555_001.jpg,간식류
GS25,크라운)버터와플이즈니158G,4100,1+1,https://image.woodongs.com/imgsvr/item/GD_8801111963589_001.jpg,간식류
GS25,스마일)두바이타입초콜릿바,1900,1+1,https://image.woodongs.com/imgsvr/item/GD_8809853060559_001.jpg,간식류
GS25,BR)뉴욕치즈케이크크런치55G,2000,1+1,https://image.woodongs.com/imgsvr/item/GD_8809288636756_002.jpg,간식류
GS25,BR)그린티크런치55G,2000,1+1,https://image.woodongs.com/imgsvr/item/GD_8809288636763_002.jpg,기타
GS25,흥선)워헤즈젤리빈45G,1500,1+1,https://image.woodongs.com/imgsvr/item/GD_8809841062473_001.jpg,간식류
GS25,스마일)빠스틱치킨맛50G,2000,1+1,https://image.woodongs.com/imgsvr/item/GD_8809909840463_001.jpg,기타
GS25,밀크클래식)오꼬시흑설탕맛66G,1800,1+1,https://image.woodongs.com/imgsvr/item/GD_8809560522258_001.jpg,기타
GS25,BBQ마시멜로오징어모양40G,1800,1+1,https://image.woodongs.com/imgsvr/item/GD_6976541220013_001.jpg,간식류
GS25,하림)더미식제육볶음양념140G,3500,1+1,https://image.woodongs.com/imgsvr/item/GD_8809778496693_002.jpg,기타
GS25,미스티)콜라푸쉬팝15G,1500,1+1,https://image.woodongs.com/imgsvr/item/GD_52071034_001.jpg,음료
GS25,흥선)워헤즈아토믹피즈42G,3500,1+1,https://image.woodongs.com/imgsvr/item/GD_8809841062787_002.jpg,기타
GS25,하늘처럼)무화과블랙베이글칩60G,2800,1+1,https://image.woodongs.com/imgsvr/item/GD_8809247976275_001.jpg,간식류
GS25,CJ)바삭팝콘스팸맛55G,1900,1+1,https://image.woodongs.com/imgsvr/item/GD_8801392158940_001.jpg,간식류
GS25,Y(P)육즙팡팡정통프랑크100G,2600,2+1,https://image.woodongs.com/imgsvr/item/GD_8809038475437_002.jpg,간식류
GS25,CJ)바삭팝콘허브솔트맛55G,1900,1+1,https://image.woodongs.com/imgsvr/item/GD_8801392158964_001.jpg,간식류
GS25,만전)명란김자반40G[D2],2400,1+1,https://image.woodongs.com/imgsvr/item/GD_8802241902318_001.jpg,기타
GS25,미스티)제로콜라푸쉬팝15G,1500,1+1,https://image.woodongs.com/imgsvr/item/GD_52071041_001.jpg,음료
GS25,훼밀리)구슬라볶이(오리지날),3900,1+1,https://image.woodongs.com/imgsvr/item/GD_8809418081845_001.jpg,기타
GS25,피치)구퍼즈피클모양구미18G,1000,1+1,https://image.woodongs.com/imgsvr/item/GD_8809971932134_001.jpg,기타
GS25,미스티)산리오롤업젤리40G,1500,1+1,https://image.woodongs.com/imgsvr/item/GD_8809788013224_001.jpg,간식류
GS25,서주)제로백젤리42G,2000,1+1,https://image.woodongs.com/imgsvr/item/GD_8809592641941_001.jpg,간식류
GS25,아이비)짱구립스틱캔디5G,2000,1+1,https://image.woodongs.com/imgsvr/item/GD_8809930530098_003.jpg,기타
GS25,바이오)부각믹스100G[D2],5900,1+1,https://image.woodongs.com/imgsvr/item/GD_8800244142977_001.jpg,기타
GS25,훼밀리)유기농올리브유8G[D2],1000,1+1,https://image.woodongs.com/imgsvr/item/GD_8809234904618_001.jpg,기타
GS25,미성)헌트토마토페이스트340G,9000,1+1,https://image.woodongs.com/imgsvr/item/GD_027000388112_001.jpg,기타
GS25,피스터블)밀크초콜릿60G,8000,1+1,https://image.woodongs.com/imgsvr/item/GD_850027880129_002.jpg,간식류
GS25,동서)맥스웰하우스라떼500ML,2900,1+1,https://image.woodongs.com/imgsvr/item/GD_8801037093766_004.jpg,음료
GS25,동서)맥스웰하우스블랙500ML,2900,1+1,https://image.woodongs.com/imgsvr/item/GD_8801037093742_004.jpg,기타
GS25,동서)맥스웰하우스헤이즐넛500ML,2900,1+1,https://image.woodongs.com/imgsvr/item/GD_8801037096446_003.jpg,기타
GS25,넷플릭스)에너지레몬라임500ML,2500,1+1,https://image.woodongs.com/imgsvr/item/GD_8809495079131_002.jpg,기타
GS25,넷플릭스)에너지오렌지망고500ML,2500,1+1,https://image.woodongs.com/imgsvr/item/GD_8809495079148_002.jpg,기타
GS25,넷플릭스)에너지패션후르츠500ML,2500,1+1,https://image.woodongs.com/imgsvr/item/GD_8801147126125_001.jpg,기타
GS25,코카)닥터페퍼500ML,2200,2+1,https://image.woodongs.com/imgsvr/item/GD_8801094052607_002.jpg,음료
GS25,코카)암바사제로500ML,2200,2+1,https://image.woodongs.com/imgsvr/item/GD_8801094000431_001.jpg,음료
GS25,에비앙생수500ML,2200,2+1,https://image.woodongs.com/imgsvr/item/GD_3068320024400_401.jpg,생수
GS25,롯데)오트몬드프로틴커피250ML,2900,1+1,https://image.woodongs.com/imgsvr/item/GD_8801056911799_001.jpg,음료
GS25,광동)V라인슬림핏150ML,2500,1+1,https://image.woodongs.com/imgsvr/item/GD_8806002026039_001.jpg,기타
GS25,녹차원)제로슈가쌍화차(원컵),1800,2+1,https://image.woodongs.com/imgsvr/item/GD_8801767341199_002.jpg,기타
GS25,녹차원)제로슈가율무차(원컵),1800,2+1,https://image.woodongs.com/imgsvr/item/GD_8801767341182_002.jpg,음료
GS25,바프)와삭콘치킨맛땅콩30G,1500,2+1,https://image.woodongs.com/imgsvr/item/GD_8800279453291_001.jpg,기타
GS25,바이오)오징어카츠청양마요40G,6300,2+1,https://image.woodongs.com/imgsvr/item/GD_8800244144155_001.jpg,간식류
GS25,몽뜨)설곤약마라탕맛30G,1200,1+1,https://image.woodongs.com/imgsvr/item/GD_6940434621065_001.jpg,기타
GS25,고운벗)복주머니골든초콜릿30GD2,3000,1+1,https://image.woodongs.com/imgsvr/item/GD_8809943280829_001.jpg,간식류
GS25,깨끗한나라)쿨링타올레몬그라스,1500,2+1,https://image.woodongs.com/imgsvr/item/GD_8801260610945_002.jpg,기타
GS25,일신)바주카츄바사우어애플14G,1200,1+1,https://image.woodongs.com/imgsvr/item/GD_5011053026232_001.jpg,기타
GS25,스위트조이)주토피아구슬젤리60G,5800,1+1,https://image.woodongs.com/imgsvr/item/GD_8809402811342_002.jpg,간식류
GS25,피스터블)쿠키앤크림60G,8000,1+1,https://image.woodongs.com/imgsvr/item/GD_850027880303_002.jpg,간식류
GS25,아이비젼)운세부적키링팝핑캔디,3000,1+1,https://image.woodongs.com/imgsvr/item/GD_8809146203724_002.jpg,간식류
GS25,비달)자이언트바나나젤리필드80G,2500,1+1,https://image.woodongs.com/imgsvr/item/GD_8413178399777_001.jpg,간식류
GS25,하늘처럼)크랜베리베이글칩60G,2800,1+1,https://image.woodongs.com/imgsvr/item/GD_8809247976268_001.jpg,간식류
GS25,일신)바주카츄바사우어망고14G,1200,1+1,https://image.woodongs.com/imgsvr/item/GD_5011053026201_002.jpg,기타
GS25,선우)동결건조하트구미첼13G,2500,1+1,https://image.woodongs.com/imgsvr/item/GD_8809963481213_003.jpg,기타
GS25,워헤즈)사우어솜사탕15G,1800,1+1,https://image.woodongs.com/imgsvr/item/GD_8809841062381_001.jpg,간식류
GS25,SM)안녕자두야오뚝이캔디15G,2000,1+1,https://image.woodongs.com/imgsvr/item/GD_8809648262557_001.jpg,간식류
GS25,미성)헌트토마토홀411G,9000,1+1,https://image.woodongs.com/imgsvr/item/GD_027000380109_001.jpg,기타
GS25,피스터블)다크씨솔트60G[D2],8000,1+1,https://image.woodongs.com/imgsvr/item/GD_850027880143_002.jpg,기타
GS25,훼밀리)닛신돈베이템푸라우동83G,3900,1+1,https://image.woodongs.com/imgsvr/item/GD_4897878470051_001.jpg,기타
GS25,스마일)쫀득꿀사과젤리50G[D2],2500,1+1,https://image.woodongs.com/imgsvr/item/GD_8809682781281_001.jpg,간식류
GS25,CJ)비비고오마이갓김치팝콘80G,1900,1+1,https://image.woodongs.com/imgsvr/item/GD_8801392155307_001.jpg,간식류
GS25,선우)동결건조스노우볼7.2G[D2],2000,1+1,https://image.woodongs.com/imgsvr/item/GD_8809963481831_002.jpg,기타
GS25,코주부)통오징어45G,7400,1+1,https://image.woodongs.com/imgsvr/item/GD_8804888003328_001.jpg,간식류
GS25,에이스)두바이초코30G,2500,1+1,https://image.woodongs.com/imgsvr/item/GD_8809248770506_001.jpg,간식류
GS25,선우)초코두쫀볼40G,4500,1+1,https://image.woodongs.com/imgsvr/item/GD_8809963483774_003.jpg,기타
GS25,서울우유)왕짜요짜요(딸기)120ML,2400,2+1,https://image.woodongs.com/imgsvr/item/GD_8801115720560_001.jpg,음료
GS25,서울우유)왕짜요짜요(포도)120ML,2400,2+1,https://image.woodongs.com/imgsvr/item/GD_8801115720577_001.jpg,음료
GS25,대상푸드)26년순살갈비탕300G,5900,덤증정,https://image.woodongs.com/imgsvr/item/GD_8809730372102_001.jpg,기타
GS25,대상푸드)26년스지도가니탕300G,5900,덤증정,https://image.woodongs.com/imgsvr/item/GD_8809730372119_003.jpg,기타
GS25,씨티)26Y닭다리누룽지삼계죽540G,6900,덤증정,https://image.woodongs.com/imgsvr/item/GD_8809396243525_002.jpg,식사류
GS25,씨티)26년닭곰탕칼국수500G,5900,덤증정,https://image.woodongs.com/imgsvr/item/GD_8809396243532_001.jpg,식사류
GS25,씨티)9900닭볶음탕650G,9900,덤증정,https://image.woodongs.com/imgsvr/item/GD_8809396244041_001.jpg,기타
GS25,씨티)9900전기구이한마리통닭,9900,덤증정,https://image.woodongs.com/imgsvr/item/GD_8809396243549_003.jpg,기타
GS25,스위트)말차크림롤60G,2500,2+1,https://image.woodongs.com/imgsvr/item/GD_8809402813438_001.jpg,음료
GS25,스위트)코코넛버터크림롤60G,2500,2+1,https://image.woodongs.com/imgsvr/item/GD_8809402813445_001.jpg,기타
GS25,서주)앤디스민트웨하스45G,2200,2+1,https://image.woodongs.com/imgsvr/item/GD_8809592642245_001.jpg,간식류
GS25,CARE)BIG사이즈콘돔(2XL),6500,1+1,https://image.woodongs.com/imgsvr/item/GD_8809822510504_001.jpg,기타
GS25,타월빌리)휴대용타월그란데,3200,2+1,https://image.woodongs.com/imgsvr/item/GD_8809840780576_001.jpg,기타
GS25,타월빌리)휴대용압축수건(10매),8800,2+1,https://image.woodongs.com/imgsvr/item/GD_8809840780729_001.jpg,기타
GS25,롯데)칠성사이다제로유자500ML,2500,1+1,https://image.woodongs.com/imgsvr/item/GD_8801056911270_001.jpg,음료
GS25,링티)비타제로레몬에이드L,2000,덤증정,https://image.woodongs.com/imgsvr/item/GD_8809626921933_001.jpg,음료
GS25,링티)비타제로복숭아에이드L,2000,덤증정,https://image.woodongs.com/imgsvr/item/GD_8809626921957_001.jpg,음료
GS25,유어스)비타500이온액티브L,2000,덤증정,https://image.woodongs.com/imgsvr/item/GD_8806002024516_002.jpg,음료
GS25,정식품)베지밀바나나피넛버터240,2300,덤증정,https://image.woodongs.com/imgsvr/item/GD_8801033812934_001.jpg,기타
GS25,코카)환타멜론PET600ML,2200,1+1,https://image.woodongs.com/imgsvr/item/GD_8801094000394_001.jpg,음료
GS25,롯데)펩시엑스트라피즈500ML,2500,1+1,https://image.woodongs.com/imgsvr/item/GD_8801056911782_001.jpg,음료
GS25,롯데)펩시제로라임500ML,2500,1+1,https://image.woodongs.com/imgsvr/item/GD_8801056175955_004.jpg,음료
GS25,롯데)펩시제로제로500ML,2500,1+1,https://image.woodongs.com/imgsvr/item/GD_8801056245085_002.jpg,음료
GS25,롯데)펩시제로피치500ML,2500,1+1,https://image.woodongs.com/imgsvr/item/GD_8801056911027_001.jpg,음료
GS25,동원)야채참치90G,3300,2+1,https://image.woodongs.com/imgsvr/item/GD_8801047121312_003.jpg,식사류
GS25,동원)고추참치150G,4400,2+1,https://image.woodongs.com/imgsvr/item/GD_8801047123750_753.jpg,식사류
GS25,동원)야채참치150G,4400,2+1,https://image.woodongs.com/imgsvr/item/GD_8801047121350_351.jpg,식사류
GS25,샤프란)냄새뺌담배냄새,4200,1+1,https://image.woodongs.com/imgsvr/item/GD_8801051262681_686.jpg,생활/위생용품
GS25,샤프란)스타일러섬유탈취(은은),4200,1+1,https://image.woodongs.com/imgsvr/item/GD_8801051262995_002.jpg,생활/위생용품
GS25,돌)건망고(80G/봉),5000,2+1,https://image.woodongs.com/imgsvr/item/GD_8809069308469_001.jpg,간식류
GS25,오뚜기)순후추나쵸60G,1800,2+1,https://image.woodongs.com/imgsvr/item/GD_8801045797212_001.jpg,기타
GS25,오뚜기)순후추팝콘(봉지),1800,2+1,https://image.woodongs.com/imgsvr/item/GD_8801045652573_002.jpg,간식류
GS25,프링글스)버터카라멜110G,4200,2+1,https://image.woodongs.com/imgsvr/item/GD_8886467104725_002.jpg,간식류
GS25,프링글스)스윗어니언48G,2100,2+1,https://image.woodongs.com/imgsvr/item/GD_8886467130076_001.jpg,간식류
GS25,선우)황치즈퍼프볼40G,3600,2+1,https://image.woodongs.com/imgsvr/item/GD_8809963484337_001.jpg,기타
GS25,동원)상상육포30G(비프앤치즈),4600,2+1,https://image.woodongs.com/imgsvr/item/GD_8801047183860_002.jpg,간식류
GS25,동원)상상육포30G(안심),4600,2+1,https://image.woodongs.com/imgsvr/item/GD_8801047183877_002.jpg,간식류
GS25,동원)상상육포페퍼앤솔트30G,4600,2+1,https://image.woodongs.com/imgsvr/item/GD_8801047183891_002.jpg,간식류
GS25,청우)쫀득초코칩90G,2000,2+1,https://image.woodongs.com/imgsvr/item/GD_8801204008708_002.jpg,기타
GS25,흑백)최강록떡볶이맛두부바100G,3700,1+1,https://image.woodongs.com/imgsvr/item/GD_8809331461083_001.jpg,간식류
GS25,해태)고향왕교자340G,7600,1+1,https://image.woodongs.com/imgsvr/item/GD_8801019516085_001.jpg,간식류
GS25,하림)오늘단백카라멜바48G,2900,2+1,https://image.woodongs.com/imgsvr/item/GD_8801492392398_003.jpg,기타
GS25,하림)오늘단백피스타치오바48G,2900,2+1,https://image.woodongs.com/imgsvr/item/GD_8801492392411_002.jpg,기타
GS25,유어스)페이스6일회용면도기1입,3200,1+1,https://image.woodongs.com/imgsvr/item/GD_8801038572291_001.jpg,생활/위생용품
GS25,유어스)터치쓰리일회용면도기1입,1200,1+1,https://image.woodongs.com/imgsvr/item/GD_8801038572260_001.jpg,생활/위생용품
GS25,브이톡)블루앤톡레몬에이드500ML,2400,1+1,https://image.woodongs.com/imgsvr/item/GD_8809859782240_001.jpg,음료
GS25,웅진)초록매실PET500ML,2350,2+1,https://image.woodongs.com/imgsvr/item/GD_8801382126560_562.jpg,기타
GS25,웅진)푸룬부스터200ML,4500,2+1,https://image.woodongs.com/imgsvr/item/GD_8801382150626_002.jpg,기타
GS25,위찌)글로스01멜바시럽,3000,2+1,https://image.woodongs.com/imgsvr/item/GD_8800305281386_002.jpg,기타
GS25,위찌)글로스02피오니드리즐,3000,2+1,https://image.woodongs.com/imgsvr/item/GD_8800305281393_002.jpg,기타
GS25,위찌)글로스03체리글레이즈,3000,2+1,https://image.woodongs.com/imgsvr/item/GD_8800305281409_002.jpg,기타
GS25,위찌)글로스04피그허니,3000,2+1,https://image.woodongs.com/imgsvr/item/GD_8800305281416_002.jpg,기타
GS25,위찌)글로스05프랄린,3000,2+1,https://image.woodongs.com/imgsvr/item/GD_8800305281423_002.jpg,기타
GS25,미스티)사브레한입바나나(6입),2500,2+1,https://image.woodongs.com/imgsvr/item/GD_8809788013699_001.jpg,기타
GS25,생미쉘)마들렌175G,3900,2+1,https://image.woodongs.com/imgsvr/item/GD_3178530402353_001.jpg,기타
GS25,생미쉘)초코칩마들렌175G,3900,2+1,https://image.woodongs.com/imgsvr/item/GD_3178530407938_001.jpg,기타
GS25,비락)야채사랑365(190ML),1700,2+1,https://image.woodongs.com/imgsvr/item/GD_8801189201767_001.jpg,기타
GS25,비락)야채사랑당근비트180ML,1700,2+1,https://image.woodongs.com/imgsvr/item/GD_8801189204232_001.jpg,기타
GS25,슈가로로)스파클링복숭아350,2000,1+1,https://image.woodongs.com/imgsvr/item/GD_8809403538248_001.jpg,기타
GS25,슈가로로)애사비스파클링자몽500,2700,1+1,https://image.woodongs.com/imgsvr/item/GD_8800304450233_001.jpg,기타
GS25,슈가로로)애사비스파클링파인500,2700,1+1,https://image.woodongs.com/imgsvr/item/GD_8800304450257_001.jpg,기타
GS25,현대)헬씨올리고팝딸기바닐라350,2600,1+1,https://image.woodongs.com/imgsvr/item/GD_8806004001171_001.jpg,기타
GS25,현대)헬씨올리고팝애플체리350ML,2600,1+1,https://image.woodongs.com/imgsvr/item/GD_8806004001157_001.jpg,기타
GS25,현대)미에로화이바솔트레몬350ML,2600,1+1,https://image.woodongs.com/imgsvr/item/GD_8806004000969_001.jpg,기타
GS25,마이노멀)저당바닐라라떼250ML,3000,1+1,https://image.woodongs.com/imgsvr/item/GD_8809634871305_001.jpg,음료
GS25,마이노멀)저당카페라떼250ML,3000,1+1,https://image.woodongs.com/imgsvr/item/GD_8809634871312_001.jpg,음료
GS25,현대)미에로화이바210ML,1700,2+1,https://image.woodongs.com/imgsvr/item/GD_8806004382119_122.jpg,기타
GS25,소이조이)후르츠&베이크드치즈,1700,2+1,https://image.woodongs.com/imgsvr/item/GD_4987035682714_002.jpg,기타
GS25,하이뮨)프로틴밸런스바나나250ML,2900,2+1,https://image.woodongs.com/imgsvr/item/GD_8801157471208_005.jpg,기타
GS25,하이뮨)프로틴밸런스액티브250ML,2900,2+1,https://image.woodongs.com/imgsvr/item/GD_8801157470959_002.jpg,기타
GS25,할리스)바닐라딜라이트300ML,3200,2+1,https://image.woodongs.com/imgsvr/item/GD_8809286693706_002.jpg,기타
GS25,할리스)카라멜마끼야또300ML,3200,2+1,https://image.woodongs.com/imgsvr/item/GD_8809286694192_001.jpg,기타
GS25,할리스)카페라떼300ML,3200,2+1,https://image.woodongs.com/imgsvr/item/GD_8809286693713_002.jpg,음료
GS25,유어스)그릭요거트블루베리140G,3900,1+1,https://image.woodongs.com/imgsvr/item/GD_8809274516406_001.jpg,기타
GS25,유어스)꿀쌍화150ML,1800,2+1,https://image.woodongs.com/imgsvr/item/GD_8809125060577_002.jpg,기타
GS25,남양)십칠차500ML,2200,2+1,https://image.woodongs.com/imgsvr/item/GD_8801069174020_024.jpg,음료
GS25,천지개벽)홍삼꿀280ML,2000,2+1,https://image.woodongs.com/imgsvr/item/GD_8809329050534_002.jpg,기타
GS25,땡모반)수박스파클링350ML,2000,2+1,https://image.woodongs.com/imgsvr/item/GD_8809713918907_002.jpg,기타
GS25,천지개벽)한라봉스파클링355ML,1800,2+1,https://image.woodongs.com/imgsvr/item/GD_8809329050473_002.jpg,기타
GS25,웅진)자연은말린복숭아500ML,2500,1+1,https://image.woodongs.com/imgsvr/item/GD_8801382150206_002.jpg,기타
GS25,웅진)자연은말린자몽500ML,2500,1+1,https://image.woodongs.com/imgsvr/item/GD_8801382150220_001.jpg,기타
GS25,웅진)티즐제로자몽블랙티500ML,2500,1+1,https://image.woodongs.com/imgsvr/item/GD_8801382149743_003.jpg,기타
GS25,웅진)티즐제로피치우롱티500ML,2500,1+1,https://image.woodongs.com/imgsvr/item/GD_8801382148500_003.jpg,기타
GS25,웅진)유기농하늘보리500ML,2500,1+1,https://image.woodongs.com/imgsvr/item/GD_8801382151449_001.jpg,음료
GS25,유어스)20가지과채와당근500ML,2400,2+1,https://image.woodongs.com/imgsvr/item/GD_8801382152309_001.jpg,기타
GS25,유어스)20가지과채와토마토500ML,2400,2+1,https://image.woodongs.com/imgsvr/item/GD_8801382152293_001.jpg,기타
GS25,유어스)싱그런복숭아340ML,1800,2+1,https://image.woodongs.com/imgsvr/item/GD_8801382146766_003.jpg,기타
GS25,유어스)싱그런제주감귤340ML,1800,2+1,https://image.woodongs.com/imgsvr/item/GD_8801382146742_002.jpg,기타
GS25,유어스)싱그런청포도340ML,1800,2+1,https://image.woodongs.com/imgsvr/item/GD_8801382147183_002.jpg,기타
GS25,웅진)결명자차500ML,2200,1+1,https://image.woodongs.com/imgsvr/item/GD_8801382145769_002.jpg,음료
GS25,웅진)누룽지차500ML,2200,1+1,https://image.woodongs.com/imgsvr/item/GD_8801382135036_037.jpg,음료
GS25,웅진)옥수수수염차500ML,2200,1+1,https://image.woodongs.com/imgsvr/item/GD_8801382148449_001.jpg,음료
GS25,태항)눈꽃내리는자스민티500ML,2200,2+1,https://image.woodongs.com/imgsvr/item/GD_6974906992384_001.jpg,기타
GS25,태항)봄날의그린티500ML,2200,2+1,https://image.woodongs.com/imgsvr/item/GD_6974906992001_001.jpg,기타
GS25,태항)붉은빛의우롱티500ML,2200,2+1,https://image.woodongs.com/imgsvr/item/GD_6974906992025_001.jpg,기타
GS25,할리스)디카페인아메리카노450ML,3200,2+1,https://image.woodongs.com/imgsvr/item/GD_8809286695731_002.jpg,음료
GS25,할리스)바닐라딜라이트로우슈거,3200,2+1,https://image.woodongs.com/imgsvr/item/GD_8809286695120_002.jpg,기타
GS25,할리스)블랙아리아아메리카노550,3200,2+1,https://image.woodongs.com/imgsvr/item/GD_8809286695113_001.jpg,음료
GS25,할리스)시그니처아메리카노550ML,3200,2+1,https://image.woodongs.com/imgsvr/item/GD_8809286695106_001.jpg,음료
GS25,팔도)코코뿌요제로복숭아280ML,1900,1+1,https://image.woodongs.com/imgsvr/item/GD_8809695255076_001.jpg,기타
GS25,팔도)코코뿌요제로애플망고280ML,1900,1+1,https://image.woodongs.com/imgsvr/item/GD_8809695255090_001.jpg,기타
GS25,동원)샘물1.1L,1500,1+1,https://image.woodongs.com/imgsvr/item/GD_8801047288022_002.jpg,기타
GS25,동원)양반누룽지500ML,2200,1+1,https://image.woodongs.com/imgsvr/item/GD_8809848280412_001.jpg,기타
GS25,동원)샘물500ML(무라벨),1000,1+1,https://image.woodongs.com/imgsvr/item/GD_8801047287957_001.jpg,기타
GS25,동원)비타C자몽에이드500ML,2200,1+1,https://image.woodongs.com/imgsvr/item/GD_8801047284642_001.jpg,음료
GS25,유어스)동원보성녹차500ML,2200,1+1,https://image.woodongs.com/imgsvr/item/GD_8801047290421_001.jpg,음료
GS25,동원)보성홍차샤인머스캣500ML,2500,1+1,https://image.woodongs.com/imgsvr/item/GD_8801047284598_002.jpg,음료
GS25,동원)보성홍차아이스티레몬500,2500,1+1,https://image.woodongs.com/imgsvr/item/GD_8801047284499_003.jpg,음료
GS25,동원)보성홍차아이스티복숭아500,2500,1+1,https://image.woodongs.com/imgsvr/item/GD_8801047284482_004.jpg,음료
GS25,동원)보성홍차아이스티애플500ML,2500,1+1,https://image.woodongs.com/imgsvr/item/GD_8801047284550_002.jpg,음료
GS25,동원)보성홍차아이스티한라봉500,2500,1+1,https://image.woodongs.com/imgsvr/item/GD_8801047496083_002.jpg,음료
GS25,OKF)알로에베라킹500ML,2500,2+1,https://image.woodongs.com/imgsvr/item/GD_8809041427065_005.jpg,기타
GS25,OKF)옐로우스무디350ML,2500,2+1,https://image.woodongs.com/imgsvr/item/GD_8809041429120_004.jpg,기타
GS25,OKF)워터멜론500ML,2500,2+1,https://image.woodongs.com/imgsvr/item/GD_8809041429649_005.jpg,음료
GS25,일화)맥콜500ML,2200,2+1,https://image.woodongs.com/imgsvr/item/GD_8801223100261_263.jpg,음료
GS25,일화)천연사이다350ML,1400,2+1,https://image.woodongs.com/imgsvr/item/GD_8801223007478_002.jpg,음료
GS25,티젠)애사비소다오리지널500ML,3000,1+1,https://image.woodongs.com/imgsvr/item/GD_8809685983774_001.jpg,음료
GS25,서울)듀오안오리지널푸룬150ML,2300,1+1,https://image.woodongs.com/imgsvr/item/GD_8801115224617_001.jpg,기타
GS25,서울)듀오안화이바사과150ML,2300,1+1,https://image.woodongs.com/imgsvr/item/GD_8801115224624_001.jpg,기타
GS25,서울)멸균우유200ML,1200,2+1,https://image.woodongs.com/imgsvr/item/GD_8801115115113_001.jpg,음료
GS25,서울)저지방멸균200ML,1200,2+1,https://image.woodongs.com/imgsvr/item/GD_8801115115809_001.jpg,기타
GS25,서울)내안의진짜딸기280ML,2300,1+1,https://image.woodongs.com/imgsvr/item/GD_8801115118893_002.jpg,기타
GS25,서울)내안의진짜초코280ML,2300,1+1,https://image.woodongs.com/imgsvr/item/GD_8801115118886_002.jpg,기타
GS25,서울)말차스트로베리200ML,2900,1+1,https://image.woodongs.com/imgsvr/item/GD_8801115140214_001.jpg,음료
GS25,서울)말차에스프레소200ML,2900,1+1,https://image.woodongs.com/imgsvr/item/GD_8801115140207_002.jpg,음료
GS25,서울)강릉커피아인슈페너250ML,2800,2+1,https://image.woodongs.com/imgsvr/item/GD_8801115140047_001.jpg,음료
GS25,서울)비요뜨(베리콩포트)136G,2300,2+1,https://image.woodongs.com/imgsvr/item/GD_8801115224709_001.jpg,기타
GS25,서울)비요뜨(초코링),2300,2+1,https://image.woodongs.com/imgsvr/item/GD_8801115212713_717.jpg,기타
GS25,서울)비요뜨(쿠키앤크림),2300,2+1,https://image.woodongs.com/imgsvr/item/GD_8801115213604_004.jpg,간식류
GS25,서울)마이픽딸기(초코링),2200,1+1,https://image.woodongs.com/imgsvr/item/GD_8801115215851_003.jpg,기타
GS25,서울)마이픽플레인(쿠키링),2200,1+1,https://image.woodongs.com/imgsvr/item/GD_8801115224143_001.jpg,간식류
GS25,서울)딸기우유300ML,2100,2+1,https://image.woodongs.com/imgsvr/item/GD_8801115134213_003.jpg,음료
GS25,서울)바나나우유300ML,2100,2+1,https://image.woodongs.com/imgsvr/item/GD_8801115137290_001.jpg,음료
GS25,서울)초코우유300ML,2100,2+1,https://image.woodongs.com/imgsvr/item/GD_8801115134220_001.jpg,음료
GS25,서울)커피우유300ML,2100,2+1,https://image.woodongs.com/imgsvr/item/GD_8801115135708_002.jpg,음료
GS25,요즘)그릭요거트(저당말차),4700,2+1,https://image.woodongs.com/imgsvr/item/GD_8809520491518_001.jpg,음료
GS25,요즘)그릭요거트(블루베리),4900,2+1,https://image.woodongs.com/imgsvr/item/GD_8809520490634_004.jpg,기타
GS25,매일)셀렉스모카초코250ML,2900,2+1,https://image.woodongs.com/imgsvr/item/GD_8809846900886_001.jpg,음료
GS25,매일)셀렉스밀크바닐라250ML,2900,2+1,https://image.woodongs.com/imgsvr/item/GD_8809846900893_002.jpg,기타
GS25,매일)셀렉스바나나250ML,2900,2+1,https://image.woodongs.com/imgsvr/item/GD_8809846901548_002.jpg,기타
GS25,매일)바이오딸기요거트150G,3200,1+1,https://image.woodongs.com/imgsvr/item/GD_8801121050460_001.jpg,기타
GS25,매일)바이오백도요거트150G,3200,1+1,https://image.woodongs.com/imgsvr/item/GD_8801121050545_001.jpg,기타
GS25,매일)허쉬우유너티300ML,2300,1+1,https://image.woodongs.com/imgsvr/item/GD_8801121051344_001.jpg,간식류
GS25,매일)허쉬우유밀크300ML,2300,1+1,https://image.woodongs.com/imgsvr/item/GD_8801121051320_001.jpg,간식류
GS25,매일)상하프로틴스트링치즈20G,1600,2+1,https://image.woodongs.com/imgsvr/item/GD_8801121050903_001.jpg,간식류
GS25,매일)어메이징오트언스위트190ML,1500,1+1,https://image.woodongs.com/imgsvr/item/GD_8801121033463_003.jpg,기타
GS25,매일)어메이징오트오리지널190ML,1500,1+1,https://image.woodongs.com/imgsvr/item/GD_8801121033531_003.jpg,기타
GS25,매일)상하미니칼슘체다치즈48G,2800,2+1,https://image.woodongs.com/imgsvr/item/GD_8801121020364_002.jpg,기타
GS25,매일)상하미니크림치즈48G,2800,2+1,https://image.woodongs.com/imgsvr/item/GD_8801121020388_002.jpg,기타
GS25,매일)바이오그릭드링크바나나190,2900,1+1,https://image.woodongs.com/imgsvr/item/GD_8801121048900_002.jpg,음료
GS25,매일)바이오그릭드링크플레인190,2900,1+1,https://image.woodongs.com/imgsvr/item/GD_8801121048887_002.jpg,간식류
GS25,매일)그릭요거트플레인150G,3400,1+1,https://image.woodongs.com/imgsvr/item/GD_8801121046739_002.jpg,간식류
GS25,매일)바이오그릭파우치플레인,3400,1+1,https://image.woodongs.com/imgsvr/item/GD_8801121046081_003.jpg,간식류
GS25,매일)바이오그릭파우치허니,3400,1+1,https://image.woodongs.com/imgsvr/item/GD_8801121045800_003.jpg,기타
GS25,매일)바이오드링킹딸기250ML,2400,2+1,https://image.woodongs.com/imgsvr/item/GD_8801121767139_003.jpg,간식류
GS25,매일)바이오드링킹블루베리250ML,2400,2+1,https://image.woodongs.com/imgsvr/item/GD_8801121770757_003.jpg,간식류
GS25,매일)바이오드링킹플레인250ML,2400,2+1,https://image.woodongs.com/imgsvr/item/GD_8801121767122_003.jpg,간식류
GS25,매일)엔요280ML,1700,2+1,https://image.woodongs.com/imgsvr/item/GD_8801121024737_002.jpg,기타
GS25,매일)바나나는맛있다무가당190ML,1500,2+1,https://image.woodongs.com/imgsvr/item/GD_8801121049280_001.jpg,기타
GS25,매일)바나나는하얗다190ML,1500,2+1,https://image.woodongs.com/imgsvr/item/GD_8801121026915_001.jpg,기타
GS25,매일)우유속에딸기과즙우유300ML,2000,2+1,https://image.woodongs.com/imgsvr/item/GD_8801121103388_393.jpg,음료
GS25,매일)우유속에코코아300ML,2000,2+1,https://image.woodongs.com/imgsvr/item/GD_8801121103661_665.jpg,음료
GS25,매일)커피속에모카치노300ML,2000,2+1,https://image.woodongs.com/imgsvr/item/GD_8801121130568_574.jpg,음료
GS25,매일)바리스타돌체라떼325ML,3500,2+1,https://image.woodongs.com/imgsvr/item/GD_8801121040416_004.jpg,음료
GS25,매일)바리스타디카페인라떼325ML,3500,2+1,https://image.woodongs.com/imgsvr/item/GD_8801121027523_002.jpg,음료
GS25,매일)바리스타무설탕바닐라빈325,3500,2+1,https://image.woodongs.com/imgsvr/item/GD_8801121045893_003.jpg,기타
GS25,매일)바리스타무설탕에스프레소,3500,2+1,https://image.woodongs.com/imgsvr/item/GD_8801121046012_003.jpg,음료
GS25,매일)바리스타바닐라빈라떼325ML,3500,2+1,https://image.woodongs.com/imgsvr/item/GD_8801121771402_004.jpg,음료
GS25,매일)바리스타쇼콜라모카325ML,3500,2+1,https://image.woodongs.com/imgsvr/item/GD_8801121771396_008.jpg,음료
GS25,매일)바리스타시그니처드립라떼,3500,2+1,https://image.woodongs.com/imgsvr/item/GD_8801121768167_004.jpg,음료
GS25,매일)바리스타콜드브루블랙325ML,3500,2+1,https://image.woodongs.com/imgsvr/item/GD_8801121768174_004.jpg,음료
GS25,매일)바리스타로슈거에스프레소,2900,2+1,https://image.woodongs.com/imgsvr/item/GD_8801121761823_006.jpg,음료
GS25,매일)바리스타모카프레소250ML,2900,2+1,https://image.woodongs.com/imgsvr/item/GD_8801121107942_946.jpg,음료
GS25,매일)바리스타스모키250ML,2900,2+1,https://image.woodongs.com/imgsvr/item/GD_8801121107935_939.jpg,기타
GS25,매일)바리스타에스프레소라떼250,2900,2+1,https://image.woodongs.com/imgsvr/item/GD_8801121106792_004.jpg,음료
GS25,매일)바리스타카라멜프레소250ML,2900,2+1,https://image.woodongs.com/imgsvr/item/GD_8801121755679_683.jpg,기타
GS25,덴마크)요구르트딸기275ML,2400,2+1,https://image.woodongs.com/imgsvr/item/GD_8801155741822_003.jpg,음료
GS25,덴마크)요구르트베리믹스275ML,2400,2+1,https://image.woodongs.com/imgsvr/item/GD_8801155741846_003.jpg,음료
GS25,덴마크)요구르트복숭아275ML,2400,2+1,https://image.woodongs.com/imgsvr/item/GD_8801155741877_003.jpg,음료
GS25,덴마크)요구르트사과275ML,2400,2+1,https://image.woodongs.com/imgsvr/item/GD_8801155741839_002.jpg,음료
GS25,덴마크)요구르트플레인275ML,2400,2+1,https://image.woodongs.com/imgsvr/item/GD_8801155741853_004.jpg,간식류
GS25,덴마크)하이요구르트소다280ML,1700,1+1,https://image.woodongs.com/imgsvr/item/GD_8801155000523_001.jpg,음료
GS25,덴마크)하이요구르트280ML,1700,2+1,https://image.woodongs.com/imgsvr/item/GD_8801155744502_003.jpg,음료
GS25,덴마크)인포켓치즈20G,1700,2+1,https://image.woodongs.com/imgsvr/item/GD_8801155834616_617.jpg,기타
GS25,덴마크)인포켓치즈라이트20G,1700,2+1,https://image.woodongs.com/imgsvr/item/GD_8801155834708_709.jpg,기타
GS25,덴마크)테이크얼라이브망고200ML,1500,1+1,https://image.woodongs.com/imgsvr/item/GD_8801155735647_002.jpg,기타
GS25,덴마크)테이크얼라이브자몽200ML,1500,1+1,https://image.woodongs.com/imgsvr/item/GD_8801155744762_002.jpg,기타
GS25,동원)쿨피스에이드복숭아300ML,2000,1+1,https://image.woodongs.com/imgsvr/item/GD_8801155743758_001.jpg,음료
GS25,동원)쿨피스에이드자두300ML,2000,1+1,https://image.woodongs.com/imgsvr/item/GD_8801155743765_001.jpg,음료
GS25,덴마크)얼라이브망고250ML,1700,2+1,https://image.woodongs.com/imgsvr/item/GD_8801155735081_001.jpg,기타
GS25,덴마크)얼라이브머스캣청포도250,1700,2+1,https://image.woodongs.com/imgsvr/item/GD_8801155732769_001.jpg,기타
GS25,덴마크)얼라이브블러드오렌지250,1700,2+1,https://image.woodongs.com/imgsvr/item/GD_8801155735135_003.jpg,기타
GS25,덴마크)얼라이브스위티자몽250ML,1700,2+1,https://image.woodongs.com/imgsvr/item/GD_8801155735074_002.jpg,기타
GS25,매일)아몬드브리즈초코190ML,1500,2+1,https://image.woodongs.com/imgsvr/item/GD_8801121768068_004.jpg,음료
GS25,매일)아몬드브리즈커피190ML,1500,2+1,https://image.woodongs.com/imgsvr/item/GD_8801121046142_001.jpg,음료
GS25,매일)아몬드브리즈프로틴190ML,1500,2+1,https://image.woodongs.com/imgsvr/item/GD_8801121025666_002.jpg,음료
GS25,서울)커피타운딥브라운모카250ML,2600,1+1,https://image.woodongs.com/imgsvr/item/GD_8801115140023_001.jpg,음료
GS25,서울)커피타운헤이즐넛250ML,2600,1+1,https://image.woodongs.com/imgsvr/item/GD_8801115140054_001.jpg,음료
GS25,서울)커피타운화이트바닐라250ML,2600,1+1,https://image.woodongs.com/imgsvr/item/GD_8801115140016_001.jpg,음료
GS25,매일)럭키커피바닐라라떼250ML,2600,1+1,https://image.woodongs.com/imgsvr/item/GD_8801121039960_002.jpg,음료
GS25,매일)럭키커피카페라떼250ML,2600,1+1,https://image.woodongs.com/imgsvr/item/GD_8801121039649_002.jpg,음료
GS25,설빙)미숫가루우유클래식190ML,2500,2+1,https://image.woodongs.com/imgsvr/item/GD_8809350881794_001.jpg,음료
GS25,미쯔블랙)요거트133G,2300,2+1,https://image.woodongs.com/imgsvr/item/GD_8801155745813_001.jpg,기타
GS25,덴마크)드링킹액티브딸기210ML,2300,1+1,https://image.woodongs.com/imgsvr/item/GD_8801155000615_001.jpg,간식류
GS25,덴마크)드링킹액티브베리믹스210,2300,1+1,https://image.woodongs.com/imgsvr/item/GD_8801155000622_001.jpg,간식류
GS25,소와나무)생크림요거트150G,2900,1+1,https://image.woodongs.com/imgsvr/item/GD_8801155745141_001.jpg,기타
GS25,소화가잘되는바닐라빈라떼350ML,3400,1+1,https://image.woodongs.com/imgsvr/item/GD_8801155745677_001.jpg,음료
GS25,소화가잘되는시그니처라떼350ML,3400,1+1,https://image.woodongs.com/imgsvr/item/GD_8801155745660_001.jpg,음료
GS25,소와나무)생쿨피스바나나300ML,1600,1+1,https://image.woodongs.com/imgsvr/item/GD_8801155000547_001.jpg,기타
GS25,소와나무)생쿨피스복숭아300ML,1600,1+1,https://image.woodongs.com/imgsvr/item/GD_8801155000530_001.jpg,기타
GS25,덴마크소화잘되는바닐라라떼250,2800,1+1,https://image.woodongs.com/imgsvr/item/GD_8801155745004_001.jpg,음료
GS25,덴마크소화잘되는카라멜라떼250,2800,1+1,https://image.woodongs.com/imgsvr/item/GD_8801155745929_001.jpg,음료
GS25,덴마크소화잘되는카페라떼250ML,2800,1+1,https://image.woodongs.com/imgsvr/item/GD_8801155744991_001.jpg,음료
GS25,덴마크)딸기딸기우유300ML,2100,1+1,https://image.woodongs.com/imgsvr/item/GD_8801155731632_005.jpg,음료
GS25,덴마크)미숫미숫우유300ML,2100,1+1,https://image.woodongs.com/imgsvr/item/GD_8801155000516_001.jpg,음료
GS25,덴마크)바나바나우유300ML,2100,1+1,https://image.woodongs.com/imgsvr/item/GD_8801155731830_003.jpg,음료
GS25,덴마크)초코초코우유300ML,2100,1+1,https://image.woodongs.com/imgsvr/item/GD_8801155731625_007.jpg,음료
GS25,덴마크)커피커피우유300ML,2100,1+1,https://image.woodongs.com/imgsvr/item/GD_8801155731847_003.jpg,음료
GS25,유어스)베지밀스위트고단백250ML,2400,1+1,https://image.woodongs.com/imgsvr/item/GD_8801033810534_001.jpg,기타
GS25,정식품)진한콩국물950ML,3700,2+1,https://image.woodongs.com/imgsvr/item/GD_8801033804694_003.jpg,기타
GS25,정식품)베지밀검은콩팩190ML,1400,2+1,https://image.woodongs.com/imgsvr/item/GD_8801033775031_032.jpg,기타
GS25,정식품)베지밀데일리저당두유190,1400,2+1,https://image.woodongs.com/imgsvr/item/GD_8801033812439_004.jpg,음료
GS25,정식품)국산검은콩두유병190ML,2100,2+1,https://image.woodongs.com/imgsvr/item/GD_8801033795916_917.jpg,음료
GS25,정식품)베지밀A병190ML,1800,2+1,https://image.woodongs.com/imgsvr/item/GD_8801033000119_121.jpg,기타
GS25,쟈뎅)청보리차500ML,2200,2+1,https://image.woodongs.com/imgsvr/item/GD_8808024030803_001.jpg,음료
GS25,테일러)블루베리주스180ML,3500,1+1,https://image.woodongs.com/imgsvr/item/GD_8809170540352_001.jpg,음료
GS25,동아제약)얼박에이드복숭아M,1800,2+1,https://image.woodongs.com/imgsvr/item/GD_8806011416241_002.jpg,음료
GS25,동아제약)얼박에이드오리지날M,1800,2+1,https://image.woodongs.com/imgsvr/item/GD_8806011416111_002.jpg,음료
GS25,동아제약)얼박사(6입선물세트),13800,1+1,https://image.woodongs.com/imgsvr/item/GD_8806011416708_001.jpg,기타
GS25,동아제약)얼박사355ML,2300,1+1,https://image.woodongs.com/imgsvr/item/GD_8806011416685_001.jpg,기타
GS25,동아제약)얼박사제로355ML,2300,1+1,https://image.woodongs.com/imgsvr/item/GD_8806011416753_001.jpg,기타
GS25,마녀공장)리얼알로에수딩젤30ML,3000,1+1,https://image.woodongs.com/imgsvr/item/GD_8809730957569_001.jpg,기타
GS25,일신)캇예스레인보우75G,2800,2+1,https://image.woodongs.com/imgsvr/item/GD_4037400715896_002.jpg,기타
GS25,캇예스)베러버니구미75G,2800,2+1,https://image.woodongs.com/imgsvr/item/GD_4037400715872_004.jpg,기타
GS25,캇예스)베러버니사우어75G,2800,2+1,https://image.woodongs.com/imgsvr/item/GD_4037400346519_001.jpg,기타
GS25,캇예스)사우어구미75G,2800,2+1,https://image.woodongs.com/imgsvr/item/GD_4037400715889_003.jpg,기타
GS25,바주카)푸쉬팝플립25G,4000,2+1,https://image.woodongs.com/imgsvr/item/GD_5011053012822_002.jpg,기타
GS25,바주카)푸쉬팝플립앤딥사우어,4000,2+1,https://image.woodongs.com/imgsvr/item/GD_5011053023064_001.jpg,기타
GS25,바주카)메가푸쉬팝30G,3000,2+1,https://image.woodongs.com/imgsvr/item/GD_5011053024214_002.jpg,기타
GS25,매일)99.89두유190ML,1400,2+1,https://image.woodongs.com/imgsvr/item/GD_8801121768440_001.jpg,음료
GS25,매일)검은콩두유190ML,1400,2+1,https://image.woodongs.com/imgsvr/item/GD_8801121025710_001.JPG,음료
GS25,매일)두유식이섬유190ML,1400,2+1,https://image.woodongs.com/imgsvr/item/GD_8801121768464_003.jpg,음료
GS25,매일)고단백두유190ML,1800,1+1,https://image.woodongs.com/imgsvr/item/GD_8801121032145_001.jpg,음료
GS25,매일)렌틸콩두유190ML,1800,1+1,https://image.woodongs.com/imgsvr/item/GD_8801121022375_001.jpg,음료
GS25,매일)바리스타그란데(라떼)475ML,2700,2+1,https://image.woodongs.com/imgsvr/item/GD_8801121031858_002.jpg,음료
GS25,매일)바리스타그란데(아메)475ML,2700,2+1,https://image.woodongs.com/imgsvr/item/GD_8801121031834_002.jpg,기타
GS25,푸르밀)가나초코우유컵200ML,2800,1+1,https://image.woodongs.com/imgsvr/item/GD_8806371360031_001.jpg,간식류
GS25,페를레디솔레)레몬스파클링500ML,2600,1+1,https://image.woodongs.com/imgsvr/item/GD_8800295820985_001.jpg,기타
GS25,페를레디솔레)블루베리스파클링,2600,1+1,https://image.woodongs.com/imgsvr/item/GD_8800295820992_001.jpg,기타
GS25,공차)레몬자스민티제로500ML,2700,1+1,https://image.woodongs.com/imgsvr/item/GD_8800295821012_001.jpg,음료
GS25,공차)피치우롱티제로500ML,2700,1+1,https://image.woodongs.com/imgsvr/item/GD_8800295821005_001.jpg,음료
GS25,프라임)MLB한정판500ML,2900,1+1,https://image.woodongs.com/imgsvr/item/GD_8885021430973_001.jpg,기타
GS25,프라임)블루라즈베리500ML,2900,1+1,https://image.woodongs.com/imgsvr/item/GD_8885021430225_001.jpg,기타
GS25,프라임)스트로베리워터멜론500ML,2900,1+1,https://image.woodongs.com/imgsvr/item/GD_8885021430249_001.jpg,음료
GS25,프라임)아이스팝500ML,2900,1+1,https://image.woodongs.com/imgsvr/item/GD_8885021430201_001.jpg,기타
GS25,광동)유기농옥수수수염차500ML,2500,1+1,https://image.woodongs.com/imgsvr/item/GD_8806002025636_001.jpg,음료
GS25,광동)옥수수수염차라이트500ML,2200,1+1,https://image.woodongs.com/imgsvr/item/GD_8806002025063_001.jpg,음료
GS25,광동)비타500이온킥제로1.5L,4500,1+1,https://image.woodongs.com/imgsvr/item/GD_8806002025469_001.jpg,음료
GS25,광동)비타500이온킥제로500ML,2900,1+1,https://image.woodongs.com/imgsvr/item/GD_8806002025445_001.jpg,음료
GS25,기가)마시멜로우마일드90G,3000,2+1,https://image.woodongs.com/imgsvr/item/GD_8809522040530_003.jpg,기타
GS25,히치스)수수깡젤리한국에디션40G,2900,2+1,https://image.woodongs.com/imgsvr/item/GD_8809522040868_001.jpg,간식류
GS25,BR)레인보우샤베트과즙워터500ML,2500,2+1,https://image.woodongs.com/imgsvr/item/GD_8809288634967_001.jpg,음료
GS25,BR)망고탱고과즙워터500ML,2500,2+1,https://image.woodongs.com/imgsvr/item/GD_8809288635315_003.jpg,음료
GS25,BR)피치요거트과즙워터500ML,2500,2+1,https://image.woodongs.com/imgsvr/item/GD_8809288634974_001.jpg,음료
GS25,DD)샤인앤라임녹차아이스티제로,2200,2+1,https://image.woodongs.com/imgsvr/item/GD_8809288635483_001.jpg,음료
GS25,DD)화이트피치홍차아이스티제로,2200,2+1,https://image.woodongs.com/imgsvr/item/GD_8809288635476_001.jpg,음료
GS25,종근당)아임비타에너지샷150ML,2300,1+1,https://image.woodongs.com/imgsvr/item/GD_8805915912804_001.jpg,기타
GS25,HK)납작복숭아아이스티500ML,2500,1+1,https://image.woodongs.com/imgsvr/item/GD_8809422044447_001.jpg,기타
GS25,HK)루비자두아이스티500ML,2500,1+1,https://image.woodongs.com/imgsvr/item/GD_8809422045932_001.jpg,기타
GS25,HK)애플청포도아이스티500ML,2500,1+1,https://image.woodongs.com/imgsvr/item/GD_8809422045925_001.jpg,기타
GS25,HK)티로그망고수박아이스티500ML,2500,1+1,https://image.woodongs.com/imgsvr/item/GD_8809422046991_001.jpg,기타
GS25,HK)헛개수EX500ML,3000,1+1,https://image.woodongs.com/imgsvr/item/GD_8809422041729_004.jpg,음료
GS25,HK)헛개수500ML,2500,1+1,https://image.woodongs.com/imgsvr/item/GD_8801007171210_214.jpg,음료
GS25,HK)컨디션CEO150ML,10000,2+1,https://image.woodongs.com/imgsvr/item/GD_8809422040876_006.jpg,기타
GS25,HK)컨디션100ML,5000,2+1,https://image.woodongs.com/imgsvr/item/GD_8801007071046_051.jpg,기타
GS25,HK)컨디션레이디100ML,5000,2+1,https://image.woodongs.com/imgsvr/item/GD_8801007178233_239.jpg,기타
GS25,유어스)커피빈디카페인아메리카,2700,1+1,https://image.woodongs.com/imgsvr/item/GD_8801104947961_002.jpg,음료
GS25,유어스)커피빈아메리카노400ML,2700,1+1,https://image.woodongs.com/imgsvr/item/GD_8801104941174_002.jpg,음료
GS25,유어스)하늘가득납작복숭아330ML,2100,2+1,https://image.woodongs.com/imgsvr/item/GD_8801104947794_001.jpg,기타
GS25,유어스)하늘가득사과330ML,2100,2+1,https://image.woodongs.com/imgsvr/item/GD_8801104300421_005.jpg,기타
GS25,유어스)하늘가득유자레몬330ML,2100,2+1,https://image.woodongs.com/imgsvr/item/GD_8801104305051_003.jpg,기타
GS25,유어스)하늘가득자몽330ML,2100,2+1,https://image.woodongs.com/imgsvr/item/GD_8801104300445_005.jpg,기타
GS25,유어스)하늘가득적포도330ML,2100,2+1,https://image.woodongs.com/imgsvr/item/GD_8801104947817_001.jpg,기타
GS25,농심)파워O2(오렌지레몬)500ML,2300,2+1,https://image.woodongs.com/imgsvr/item/GD_4005906404835_837.jpg,기타
GS25,농심)웰치스딸기탄산355ML,1500,2+1,https://image.woodongs.com/imgsvr/item/GD_8801043450706_001.jpg,음료
GS25,농심)웰치스포도제로탄산355ML,1500,2+1,https://image.woodongs.com/imgsvr/item/GD_8801043064088_001.jpg,음료
GS25,농심)웰치스포도탄산355ML,1500,2+1,https://image.woodongs.com/imgsvr/item/GD_8801043450690_691.jpg,음료
GS25,농심)카프리썬오렌지200ML,1100,2+1,https://image.woodongs.com/imgsvr/item/GD_8801043650182_184.jpg,기타
GS25,농심)백산수500ML,1000,2+1,https://image.woodongs.com/imgsvr/item/GD_8801043022781.jpg,생수
GS25,농심)백산수2L,1900,2+1,https://image.woodongs.com/imgsvr/item/GD_8801043020473_476.jpg,생수
GS25,유니프)그린베지터블주스200ML,2200,1+1,https://image.woodongs.com/imgsvr/item/GD_8850388541167_001.jpg,음료
GS25,유니프)믹스베리주스200ML,2200,1+1,https://image.woodongs.com/imgsvr/item/GD_8850388540061_001.jpg,음료
GS25,락토핏)마시는유산균130ML,2200,1+1,https://image.woodongs.com/imgsvr/item/GD_8805915909514_003.jpg,기타
GS25,락토핏)마시는유산균저당130ML,2200,1+1,https://image.woodongs.com/imgsvr/item/GD_8805915912309_001.jpg,기타
GS25,뉴케어)올프로틴고소한맛245ML,3300,2+1,https://image.woodongs.com/imgsvr/item/GD_8809345610859_002.jpg,기타
GS25,다논)액티비아제로청사과150ML,2200,1+1,https://image.woodongs.com/imgsvr/item/GD_8809274517069_003.jpg,기타
GS25,다논)액티비아제로플레인150ML,2200,1+1,https://image.woodongs.com/imgsvr/item/GD_8809274517076_004.jpg,간식류
GS25,풀무원)요프로무가당150G,3900,1+1,https://image.woodongs.com/imgsvr/item/GD_8809274516802_001.jpg,기타
GS25,풀무원)요프로블루베리150G,3900,1+1,https://image.woodongs.com/imgsvr/item/GD_8809274516840_001.jpg,기타
GS25,풀무원)그릭시그니처150G,3900,1+1,https://image.woodongs.com/imgsvr/item/GD_8809274516215_002.jpg,기타
GS25,풀무원)액티비아컵딸기150G,3200,1+1,https://image.woodongs.com/imgsvr/item/GD_8809274516420_002.jpg,기타
GS25,풀무원)액티비아컵사과150G,3200,1+1,https://image.woodongs.com/imgsvr/item/GD_8809274516413_002.jpg,기타
GS25,다논)요거톡스타볼132G,2200,1+1,https://image.woodongs.com/imgsvr/item/GD_8809274513948_003.jpg,기타
GS25,다논)액티비아업딸기210ML,2200,1+1,https://image.woodongs.com/imgsvr/item/GD_8809274510893_011.jpg,기타
GS25,다논)액티비아업복숭아210ML,2200,1+1,https://image.woodongs.com/imgsvr/item/GD_8809274512651_008.jpg,기타
GS25,다논)액티비아업플레인210ML,2200,1+1,https://image.woodongs.com/imgsvr/item/GD_8809274510916_011.jpg,간식류
GS25,풀무원)특등급국산콩두유190ML,1900,2+1,https://image.woodongs.com/imgsvr/item/GD_8801114183137_001.jpg,음료
GS25,CLOOP)애사비감귤500ML,2800,1+1,https://image.woodongs.com/imgsvr/item/GD_8800261386781_001.jpg,기타
GS25,CLOOP)애사비레몬비니거500ML,2800,1+1,https://image.woodongs.com/imgsvr/item/GD_8800261382240_001.jpg,기타
GS25,CLOOP)애사비신비복숭아500ML,2800,1+1,https://image.woodongs.com/imgsvr/item/GD_8800261385913_001.jpg,기타
GS25,CLOOP)애사비오리지널500ML,2800,1+1,https://image.woodongs.com/imgsvr/item/GD_8809495078851_001.jpg,기타
GS25,CLOOP)애사비타트체리500ML,2800,1+1,https://image.woodongs.com/imgsvr/item/GD_8809495078868_001.jpg,음료
GS25,CLOOP)제로소다복숭아500ML,2500,2+1,https://image.woodongs.com/imgsvr/item/GD_8809495075485_002.jpg,음료
GS25,CLOOP)제로소다파인애플500ML,2500,2+1,https://image.woodongs.com/imgsvr/item/GD_8809495075492_002.jpg,음료
GS25,CLOOP)제로소다포도500ML,2500,2+1,https://image.woodongs.com/imgsvr/item/GD_8809495075478_002.jpg,음료
GS25,대상)아르포텐쿨링업355ML,2200,1+1,https://image.woodongs.com/imgsvr/item/GD_8809596937644_001.jpg,기타
GS25,동아)모닝케어프레스온G(위),6000,1+1,https://image.woodongs.com/imgsvr/item/GD_8806011416579_001.jpg,기타
GS25,동아)모닝케어프레스온H(간),6000,1+1,https://image.woodongs.com/imgsvr/item/GD_8806011416562_001.jpg,기타
GS25,싱하)라임레몬소다제로355ML,2000,2+1,https://image.woodongs.com/imgsvr/item/GD_8800307633770_002.jpg,음료
GS25,싱하)레몬소다제로355ML,2000,2+1,https://image.woodongs.com/imgsvr/item/GD_8800307632315_002.jpg,음료
GS25,싱하)유자향소다제로355ML,2000,2+1,https://image.woodongs.com/imgsvr/item/GD_8800307632339_002.jpg,음료
GS25,바세린)보습시트마스크1P,2000,1+1,https://image.woodongs.com/imgsvr/item/GD_8801619048108_002.jpg,기타
GS25,바세린)영양시트마스크1P,2000,1+1,https://image.woodongs.com/imgsvr/item/GD_8801619048092_002.jpg,기타
GS25,바세린)립테라피로지립스스틱,5000,1+1,https://image.woodongs.com/imgsvr/item/GD_8801619047545_001.jpg,기타
GS25,바세린)립테라피오리지널스틱,5000,1+1,https://image.woodongs.com/imgsvr/item/GD_8801619047552_001.JPG,기타
GS25,바세린)립테라피로지립스7G,5500,1+1,https://image.woodongs.com/imgsvr/item/GD_8801166270250_001.jpg,기타
GS25,바세린)립테라피코코아버터7G,5500,1+1,https://image.woodongs.com/imgsvr/item/GD_8801619049884_002.jpg,기타
GS25,바세린)립테라피핑크버블리7G,5500,1+1,https://image.woodongs.com/imgsvr/item/GD_8801619054031_002.jpg,기타
GS25,순수한면)입는오버나이트중대4P,10900,1+1,https://image.woodongs.com/imgsvr/item/GD_8801260419524_002.jpg,기타
GS25,순수한면)제로입는오버4P(대형),10900,1+1,https://image.woodongs.com/imgsvr/item/GD_8801260421497_001.jpg,기타
GS25,디어스킨)리얼모달입는오버대4P,11200,1+1,https://image.woodongs.com/imgsvr/item/GD_8801260421176_002.jpg,생활/위생용품
GS25,디어스킨)리얼모달입는오버중4P,11200,1+1,https://image.woodongs.com/imgsvr/item/GD_8801260421183_003.jpg,생활/위생용품
GS25,순수한면)제로대형14P,8500,1+1,https://image.woodongs.com/imgsvr/item/GD_8801260417186_002.jpg,기타
GS25,순수한면)제로중형16P,8500,1+1,https://image.woodongs.com/imgsvr/item/GD_8801260417179_002.jpg,기타
GS25,비페스타)휴대용클렌징워터60ML,3800,1+1,https://image.woodongs.com/imgsvr/item/GD_8992222330039_003.jpg,음료
GS25,비페스타)클렌징티슈10매,3800,2+1,https://image.woodongs.com/imgsvr/item/GD_4902806421552_003.jpg,생활/위생용품
GS25,갸스비)스파이키왁스80G,9800,2+1,https://image.woodongs.com/imgsvr/item/GD_4902806125337_002.jpg,기타
GS25,갸스비)컬크림볼륨앤홀드60ML,6000,1+1,https://image.woodongs.com/imgsvr/item/GD_6921439806695_001.jpg,기타
GS25,갸스비)슈퍼하드젤60G,4000,1+1,https://image.woodongs.com/imgsvr/item/GD_4902806584349.jpg,기타
GS25,갸스비)셋앤킵스프레이67ML,4400,1+1,https://image.woodongs.com/imgsvr/item/GD_4902806584028_030.jpg,기타
GS25,갸스비)바디페이퍼아이스10매,4800,1+1,https://image.woodongs.com/imgsvr/item/GD_4902806112726_001.jpg,기타
GS25,메디힐)더마플러스시카마스크,2000,2+1,https://image.woodongs.com/imgsvr/item/GD_8809936740309_001.jpg,기타
GS25,메디힐)더마플러스청귤마스크,2000,2+1,https://image.woodongs.com/imgsvr/item/GD_8809936740330_001.jpg,기타
GS25,메디힐)더마플러스히아루론산,2000,2+1,https://image.woodongs.com/imgsvr/item/GD_8809261554824_001.jpg,기타
GS25,메디힐)티트리에센셜마스크1P,2000,2+1,https://image.woodongs.com/imgsvr/item/GD_8809615056967_001.jpg,기타
GS25,포인트앤)미니클렌징키트,7000,1+1,https://image.woodongs.com/imgsvr/item/GD_8801046424599_001.jpg,기타
GS25,연세)플레인요거트300ML,2500,1+1,https://image.woodongs.com/imgsvr/item/GD_8801753111966_001.jpg,간식류
GS25,연세)과채데이레드190ML,1600,1+1,https://image.woodongs.com/imgsvr/item/GD_8801753111997_001.jpg,기타
GS25,연세)과채데이퍼플190ML,1600,1+1,https://image.woodongs.com/imgsvr/item/GD_8801753111980_001.jpg,기타
GS25,링티)제로레몬라임500ML,2900,1+1,https://image.woodongs.com/imgsvr/item/GD_8809799270203_003.jpg,기타
GS25,링티)제로복숭아맛500ML,2900,1+1,https://image.woodongs.com/imgsvr/item/GD_8809626920295_004.jpg,기타
GS25,링티)제로에너지레몬라임355ML,2300,1+1,https://image.woodongs.com/imgsvr/item/GD_8809626922008_001.jpg,기타
GS25,링티)제로에너지피치355ML,2300,1+1,https://image.woodongs.com/imgsvr/item/GD_8809626921995_001.jpg,기타
GS25,동화약품)제주보메차500ML,2200,1+1,https://image.woodongs.com/imgsvr/item/GD_8806016186194_001.jpg,음료
GS25,동화약품)까스명수골드75ML,1200,2+1,https://image.woodongs.com/imgsvr/item/GD_8806102400265_004.jpg,기타
GS25,동화약품)부채표미인활액75ML,1200,2+1,https://image.woodongs.com/imgsvr/item/GD_8806016311015_002.jpg,기타
GS25,동화약품)비타천플러스120ML,1200,1+1,https://image.woodongs.com/imgsvr/item/GD_8806016184114_002.jpg,음료
GS25,유어스)슈퍼히어로드링크120ML,1000,1+1,https://image.woodongs.com/imgsvr/item/GD_8806016181410_002.jpg,음료
GS25,동화약품)배러레스트120ML,3500,1+1,https://image.woodongs.com/imgsvr/item/GD_8806016185265_002.jpg,기타
GS25,동화약품)배러애사비120ML,3500,1+1,https://image.woodongs.com/imgsvr/item/GD_8806016186156_001.jpg,기타
GS25,동화약품)배러텐션120ML,3500,1+1,https://image.woodongs.com/imgsvr/item/GD_8806016186170_001.jpg,기타
GS25,동화약품)배러푸룬120ML,3500,1+1,https://image.woodongs.com/imgsvr/item/GD_8806016185289_001.jpg,기타
GS25,동화약품)부채표소다활500ML,2500,1+1,https://image.woodongs.com/imgsvr/item/GD_8806016186491_001.jpg,음료
GS25,진로)토닉워터600ML,2900,2+1,https://image.woodongs.com/imgsvr/item/GD_8801001236199_001.jpg,음료
GS25,하이트)블랙보리누룽지520ML,2200,1+1,https://image.woodongs.com/imgsvr/item/GD_8801001238391_002.jpg,음료
GS25,하이트)블랙보리라이트520ML,2200,1+1,https://image.woodongs.com/imgsvr/item/GD_8801001238179_002.jpg,음료
GS25,하이트)블랙보리520ML,2500,1+1,https://image.woodongs.com/imgsvr/item/GD_8801001238049_004.jpg,음료
GS25,하이트)블랙보리1.5L,3400,1+1,https://image.woodongs.com/imgsvr/item/GD_8801001238056_002.jpg,음료
GS25,유어스)덴마크드링킹레몬500ML,2500,1+1,https://image.woodongs.com/imgsvr/item/GD_8801155745707_001.jpg,간식류
GS25,유어스)덴마크드링킹자몽청포도,2500,1+1,https://image.woodongs.com/imgsvr/item/GD_8801155745691_001.jpg,간식류
GS25,요아정드링킹요거트리치500ML,2500,1+1,https://image.woodongs.com/imgsvr/item/GD_8801155744700_003.jpg,간식류
GS25,요아정드링킹요거트피치500ML,2500,1+1,https://image.woodongs.com/imgsvr/item/GD_8801155744717_003.jpg,간식류
GS25,테이크얼라이브망고500,2500,1+1,https://image.woodongs.com/imgsvr/item/GD_8801155740061_002.jpg,기타
GS25,테이크얼라이브자몽500,2500,1+1,https://image.woodongs.com/imgsvr/item/GD_8801155740054_002.jpg,기타
GS25,맥심)TOP더블랙380ML,3300,2+1,https://image.woodongs.com/imgsvr/item/GD_8801037057867_004.jpg,기타
GS25,맥심)TOP마스터라떼380ML,3300,2+1,https://image.woodongs.com/imgsvr/item/GD_8801037064346_002.jpg,음료
GS25,맥심)TOP배럴에이지드마일드380,3300,2+1,https://image.woodongs.com/imgsvr/item/GD_8801037021981_002.jpg,기타
GS25,맥심)TOP배럴에이지드향볼드380,3300,2+1,https://image.woodongs.com/imgsvr/item/GD_8801037022056_002.jpg,기타
GS25,맥심)TOP스위트아메리카노380ML,3300,2+1,https://image.woodongs.com/imgsvr/item/GD_8801037057843_004.jpg,음료
GS25,맥심)TOP돌체라떼275ML,2700,2+1,https://image.woodongs.com/imgsvr/item/GD_8801037006193_002.jpg,음료
GS25,맥심)TOP마스터라떼275ML,2700,2+1,https://image.woodongs.com/imgsvr/item/GD_8801037087543_546.jpg,음료
GS25,맥심)TOP스모키라떼275ML,2700,2+1,https://image.woodongs.com/imgsvr/item/GD_8801037001716_003.jpg,음료
GS25,맥심)TOP스모키블랙275ML,2700,2+1,https://image.woodongs.com/imgsvr/item/GD_8801037001730_003.jpg,기타
GS25,맥심)TOP더블랙200ML,1500,2+1,https://image.woodongs.com/imgsvr/item/GD_8801037042863_865.jpg,기타
GS25,맥심)TOP마스터라떼200ML,1500,2+1,https://image.woodongs.com/imgsvr/item/GD_8801037040029_031.jpg,음료
GS25,맥심)TOP스모키라떼200ML,1500,2+1,https://image.woodongs.com/imgsvr/item/GD_8801037009026_001.jpg,음료
GS25,맥심)TOP스위트아메리카노200ML,1500,2+1,https://image.woodongs.com/imgsvr/item/GD_8801037039993_996.jpg,음료
GS25,동아)데자와로얄밀크티500ML,2500,2+1,https://image.woodongs.com/imgsvr/item/GD_8801097481206_001.jpg,기타
GS25,동아)데자와밀크티캔240ML,1600,2+1,https://image.woodongs.com/imgsvr/item/GD_8801097481015_018.jpg,기타
GS25,동아)엑스코카스에너지캔355ML,2300,1+1,https://image.woodongs.com/imgsvr/item/GD_8801097824317_001.jpg,음료
GS25,동아)데미소다레드애플캔350ML,1900,2+1,https://image.woodongs.com/imgsvr/item/GD_8801097168909_002.jpg,음료
GS25,동아)오로나민C120ML,1500,2+1,https://image.woodongs.com/imgsvr/item/GD_8801097280014_002.jpg,기타
GS25,동아)나랑드사이다그린애플500,2000,1+1,https://image.woodongs.com/imgsvr/item/GD_8801097235632_001.jpg,음료
GS25,동아)나랑드사이다제로500ML,2000,1+1,https://image.woodongs.com/imgsvr/item/GD_8801097235014_004.jpg,음료
GS25,동아)나랑드사이다파인애플500,2000,1+1,https://image.woodongs.com/imgsvr/item/GD_8801097235670_002.jpg,음료
GS25,동아)나랑드사이다제로345ML,1800,1+1,https://image.woodongs.com/imgsvr/item/GD_8801097135413_001.jpg,음료
GS25,DS)쫀득폭신마시멜로젤리사과13G,1000,1+1,https://image.woodongs.com/imgsvr/item/GD_8809913652090_001.jpg,간식류
GS25,웰그린)스위츠레몬녹차제로500ML,2500,1+1,https://image.woodongs.com/imgsvr/item/GD_8809809700645_002.jpg,음료
GS25,웰그린)스위츠복숭아녹차제로500,2500,1+1,https://image.woodongs.com/imgsvr/item/GD_8809809700652_002.jpg,음료
GS25,CJ)햇반레드빈호박차500ML,2500,1+1,https://image.woodongs.com/imgsvr/item/GD_8801392186400_001.jpg,음료
GS25,CJ)햇반루피니빈보리차500ML,2500,1+1,https://image.woodongs.com/imgsvr/item/GD_8801392183874_001.jpg,음료
GS25,CJ)햇반파로누룽지차500ML,2500,1+1,https://image.woodongs.com/imgsvr/item/GD_8801392177118_001.jpg,음료
GS25,썬키스트)애사비레몬스파클링500,3000,1+1,https://image.woodongs.com/imgsvr/item/GD_8806002025421_002.jpg,기타
GS25,썬키스트)애사비제로스파클링500,3000,1+1,https://image.woodongs.com/imgsvr/item/GD_8806002025346_003.jpg,기타
GS25,광동)옥수수수염차500ML,2200,2+1,https://image.woodongs.com/imgsvr/item/GD_8806002006437_441.jpg,음료
GS25,광동)비타500 180ML,1900,2+1,https://image.woodongs.com/imgsvr/item/GD_8806002007298_302.jpg,음료
GS25,광동)더진한헛개차골드라벨500ML,3300,1+1,https://image.woodongs.com/imgsvr/item/GD_8806002020334_002.jpg,음료
GS25,광동)밀싹보리차500ML,2200,1+1,https://image.woodongs.com/imgsvr/item/GD_8806002020174_001.jpg,음료
GS25,남양)자연의불가리스(사과),2000,2+1,https://image.woodongs.com/imgsvr/item/GD_8801069175942_943.jpg,기타
GS25,남양)아몬드데이언스위트190ML,1700,1+1,https://image.woodongs.com/imgsvr/item/GD_8801069416458_003.jpg,기타
GS25,남양)아몬드데이오리지널190ML,1700,1+1,https://image.woodongs.com/imgsvr/item/GD_8801069416441_003.jpg,기타
GS25,남양)과수원사과200ML,1800,1+1,https://image.woodongs.com/imgsvr/item/GD_8801069416236_002.jpg,기타
GS25,남양)테이크핏맥스고구마250ML,2900,2+1,https://image.woodongs.com/imgsvr/item/GD_8801069419619_002.jpg,기타
GS25,남양)테이크핏맥스고소한맛250ML,2900,2+1,https://image.woodongs.com/imgsvr/item/GD_8801069415833_004.jpg,기타
GS25,남양)테이크핏맥스바나나250ML,2900,2+1,https://image.woodongs.com/imgsvr/item/GD_8801069417554_002.jpg,기타
GS25,남양)테이크핏맥스초코250ML,2900,2+1,https://image.woodongs.com/imgsvr/item/GD_8801069416007_002.jpg,기타
GS25,남양)과수원사과팩190ML,1000,1+1,https://image.woodongs.com/imgsvr/item/GD_8801069402772_001.jpg,기타
GS25,남양)초콜릿드링크초코에몽250ML,1900,2+1,https://image.woodongs.com/imgsvr/item/GD_8801069185194_002.jpg,간식류
GS25,남양)프로바이오틱사과130ML,1200,1+1,https://image.woodongs.com/imgsvr/item/GD_8801069183565_004.jpg,기타
GS25,반찬단지)공화춘깍둑단무지130G,1000,1+1,https://image.woodongs.com/imgsvr/item/GD_8800318210137_001.jpg,기타
GS25,대림)숯불구이후랑크70G,2200,2+1,https://image.woodongs.com/imgsvr/item/GD_8801066019447_449.jpg,기타
GS25,맥심)TOP심플리스무스라떼240ML,2300,2+1,https://image.woodongs.com/imgsvr/item/GD_8801037092240_001.jpg,음료
GS25,맥심TOP)심플리스무스블랙240ML,2300,2+1,https://image.woodongs.com/imgsvr/item/GD_8801037092264_001.jpg,기타
GS25,맥심)TOP너티카라멜라떼300ML,2900,2+1,https://image.woodongs.com/imgsvr/item/GD_8801115384250_003.jpg,음료
GS25,맥심)TOP마일드라떼300ML(컵),2900,2+1,https://image.woodongs.com/imgsvr/item/GD_8801115381754_003.jpg,음료
GS25,맥심)TOP볼드라떼300ML(컵),2900,2+1,https://image.woodongs.com/imgsvr/item/GD_8801115381761_002.jpg,음료
GS25,랩노쉬)프로틴드링크그레인350ML,3800,2+1,https://image.woodongs.com/imgsvr/item/GD_8800261387467_001.jpg,음료
GS25,랩노쉬)프로틴드링크바나나350ML,3800,2+1,https://image.woodongs.com/imgsvr/item/GD_8800261387474_001.jpg,음료
GS25,랩노쉬)프로틴드링크초코350ML,3800,2+1,https://image.woodongs.com/imgsvr/item/GD_8800261387450_001.jpg,음료
GS25,랩노쉬)프로틴드링크쿠앤크350ML,3800,2+1,https://image.woodongs.com/imgsvr/item/GD_8800261388594_001.jpg,음료
GS25,바프)군옥수수맛아몬드40G,2500,2+1,https://image.woodongs.com/imgsvr/item/GD_8809617945122_001.jpg,기타
GS25,바프)마늘빵아몬드40G,2500,2+1,https://image.woodongs.com/imgsvr/item/GD_8809617945160_001.jpg,기타
GS25,바프)와사비맛아몬드40G,2500,2+1,https://image.woodongs.com/imgsvr/item/GD_8809617945115_001.jpg,기타
GS25,바프)허니버터아몬드40G,2500,2+1,https://image.woodongs.com/imgsvr/item/GD_8809617945092_001.jpg,간식류
GS25,태경)핑크퐁짜장떡볶이105G,3600,2+1,https://image.woodongs.com/imgsvr/item/GD_8809061671493_001.jpg,간식류
GS25,태경)핑크퐁크림떡볶이111G,3600,2+1,https://image.woodongs.com/imgsvr/item/GD_8809832940254_001.jpg,간식류
GS25,성경)녹차전장김30G,5500,1+1,https://image.woodongs.com/imgsvr/item/GD_8807004800917_001.jpg,음료
GS25,성경)재래전장김30G,5500,1+1,https://image.woodongs.com/imgsvr/item/GD_8807004801143_001.jpg,기타
GS25,미성)쥬시진저레몬즙200ML,2500,2+1,https://image.woodongs.com/imgsvr/item/GD_8809827252201_001.jpg,기타
GS25,미성)쥬시레몬즙200ML,2000,2+1,https://image.woodongs.com/imgsvr/item/GD_8809256674681_002.jpg,기타
GS25,한일)본고장바지락칼국수200G,3900,2+1,https://image.woodongs.com/imgsvr/item/GD_8801085884644_001.jpg,기타
GS25,본고장)매운김치우동,3500,2+1,https://image.woodongs.com/imgsvr/item/GD_8801085883210_002.jpg,기타
GS25,본고장)가쓰오우동곱빼기,3700,2+1,https://image.woodongs.com/imgsvr/item/GD_8801085883197_002.jpg,기타
GS25,본고장)유부우동(용기),3700,2+1,https://image.woodongs.com/imgsvr/item/GD_8801085882695_002.jpg,기타
GS25,한일)본고장고추장장칼국수208G,4200,2+1,https://image.woodongs.com/imgsvr/item/GD_8801085884903_002.jpg,기타
GS25,한일)본고장뚝불우동221G,4200,2+1,https://image.woodongs.com/imgsvr/item/GD_8801085884897_002.jpg,기타
GS25,본고장)즉석매운우동한그릇2900,2900,2+1,https://image.woodongs.com/imgsvr/item/GD_8801085885085_001.jpg,기타
GS25,본고장)즉석우동한그릇2900,2900,2+1,https://image.woodongs.com/imgsvr/item/GD_8801085885078_001.jpg,기타
GS25,본고장)즉석짜장한그릇2900,2900,2+1,https://image.woodongs.com/imgsvr/item/GD_8801085885092_001.jpg,기타
GS25,네슬레)프루팁스미니70G,3000,2+1,https://image.woodongs.com/imgsvr/item/GD_6917878047201_001.jpg,기타
GS25,네슬레)프루팁스하와이안70G,3000,2+1,https://image.woodongs.com/imgsvr/item/GD_8809415439069_002.jpg,기타
GS25,하이츄사우어파인애플맛57G,1200,2+1,https://image.woodongs.com/imgsvr/item/GD_4902888974922_001.jpg,기타
GS25,하이츄포도맛,1200,2+1,https://image.woodongs.com/imgsvr/item/GD_6933545800030_031.jpg,기타
GS25,크라운)땅콩카라멜2000,2000,2+1,https://image.woodongs.com/imgsvr/item/GD_8801111912075_002.jpg,간식류
GS25,크라운)마이쮸(사과)800,800,2+1,https://image.woodongs.com/imgsvr/item/GD_8801111187916_917.jpg,간식류
GS25,크라운)새콤달콤(딸기)500,500,2+1,https://image.woodongs.com/imgsvr/item/GD_8801111187992_994.jpg,간식류
GS25,크라운)새콤달콤블루베리소다29G,500,2+1,https://image.woodongs.com/imgsvr/item/GD_8801111932974_003.jpg,간식류
GS25,농심)멘토스필링베리굿30G,900,1+1,https://image.woodongs.com/imgsvr/item/GD_8801043039949_002.jpg,기타
GS25,츄파춥스)인크레더블츄딸기45G,1200,1+1,https://image.woodongs.com/imgsvr/item/GD_8801043045551_001.jpg,간식류
GS25,츄파춥스)인크레더블츄사과45G,1200,1+1,https://image.woodongs.com/imgsvr/item/GD_8801043045803_001.jpg,간식류
GS25,퍼페티)츄파춥스사워벨트1M,1800,2+1,https://image.woodongs.com/imgsvr/item/GD_8935001714774_002.jpg,간식류
GS25,진성)구워먹는마시멜로우530G,7900,1+1,https://image.woodongs.com/imgsvr/item/GD_6927262806901_001.jpg,기타
GS25,진성)갤럭시팝20G,1000,2+1,https://image.woodongs.com/imgsvr/item/GD_8809622222225_001.jpg,기타
GS25,유신우)블루베리츄잉캔디12G,500,1+1,https://image.woodongs.com/imgsvr/item/GD_6977308561004_001.jpg,간식류
GS25,유신우)구워먹는마시멜로225G,3500,1+1,https://image.woodongs.com/imgsvr/item/GD_6927262800046_002.jpg,기타
GS25,해태)연양갱900,900,2+1,https://image.woodongs.com/imgsvr/item/GD_8801019005909_910.jpg,간식류
GS25,몽뜨)말차라떼캔디27G,1500,1+1,https://image.woodongs.com/imgsvr/item/GD_8809429533722_001.jpg,간식류
GS25,몽뜨)설곤약향라맛30G,1200,2+1,https://image.woodongs.com/imgsvr/item/GD_6940434621157_004.jpg,기타
GS25,위스트)웨이롱마라곤약마라맛20G,1200,1+1,https://image.woodongs.com/imgsvr/item/GD_6971258744319_001.jpg,기타
GS25,위스트)웨이롱마라곤약향라맛20G,1200,1+1,https://image.woodongs.com/imgsvr/item/GD_6971258744302_001.jpg,기타
GS25,몬델리즈)호올스스트로베리27.9G,1200,2+1,https://image.woodongs.com/imgsvr/item/GD_7622202364471_001.jpg,기타
GS25,오)아이셔츄자두요구르트193.5G,3800,2+1,https://image.woodongs.com/imgsvr/item/GD_8801117377502_001.jpg,음료
GS25,오리온)과일꿀꺽왕꿈틀이75G,1500,2+1,https://image.woodongs.com/imgsvr/item/GD_8801117653200_001.jpg,간식류
GS25,오리온)마이구미포도알맹이1200,1200,2+1,https://image.woodongs.com/imgsvr/item/GD_8801117359607_002.jpg,간식류
GS25,PLAY)플레이샤크젤리55G,1500,1+1,https://image.woodongs.com/imgsvr/item/GD_7702174079365_001.jpg,간식류
GS25,서주)젤리톨40G,2500,2+1,https://image.woodongs.com/imgsvr/item/GD_8809592641828_001.jpg,간식류
GS25,서주)젤리인젤리콜라사이다40G,1500,2+1,https://image.woodongs.com/imgsvr/item/GD_8809592641583_001.jpg,간식류
GS25,서주)레모넬로43G,2000,2+1,https://image.woodongs.com/imgsvr/item/GD_8809592642207_001.jpg,기타
GS25,서주)마로마로요구르트소다40G,2000,2+1,https://image.woodongs.com/imgsvr/item/GD_8801206004289_001.jpg,음료
GS25,서주)헬로키티베리에이스42G,2000,2+1,https://image.woodongs.com/imgsvr/item/GD_8809592641927_001.jpg,간식류
GS25,흥선)벌집모양곤약즈마장맛20G,800,2+1,https://image.woodongs.com/imgsvr/item/GD_6939424700705_001.jpg,기타
GS25,흥선)벌집모양곤약훠궈맛20G,800,2+1,https://image.woodongs.com/imgsvr/item/GD_6939424701351_001.jpg,기타
GS25,흥선)사워팝구미콜라향40G,1500,2+1,https://image.woodongs.com/imgsvr/item/GD_6925448151258_001.jpg,음료
GS25,흥선)사워팝구미포도맛40G,1500,2+1,https://image.woodongs.com/imgsvr/item/GD_6925448151289_001.jpg,기타
GS25,프리젤민트향캔디,1000,1+1,https://image.woodongs.com/imgsvr/item/GD_7891151039796_002.jpg,간식류
GS25,프리젤유칼립투스멘톨캔디,1000,1+1,https://image.woodongs.com/imgsvr/item/GD_7891151039758_001.jpg,간식류
GS25,마즈)이클립스플러스(꿀&레몬향),3500,2+1,https://image.woodongs.com/imgsvr/item/GD_8804973308789_002.jpg,간식류
GS25,마즈)이클립스플러스(배&비파향),3500,2+1,https://image.woodongs.com/imgsvr/item/GD_8804973308802_002.jpg,간식류
GS25,스키틀즈)후르츠믹스요거트향,2000,2+1,https://image.woodongs.com/imgsvr/item/GD_8804973311185_003.jpg,기타
GS25,스키틀즈)후르츠믹스젤리,2000,2+1,https://image.woodongs.com/imgsvr/item/GD_8804973311161_003.jpg,간식류
GS25,리콜라)라즈베리민트(무설탕)40G,3300,2+1,https://image.woodongs.com/imgsvr/item/GD_7610700018996_002.jpg,음료
GS25,리콜라)레몬민트(무설탕)40G,3300,2+1,https://image.woodongs.com/imgsvr/item/GD_7610700607046_048.jpg,음료
GS25,리콜라)오리지널(무설탕)40G,3300,2+1,https://image.woodongs.com/imgsvr/item/GD_7610700609002_002.jpg,음료
GS25,리콜라)크렌베리(무설탕)40G,3300,2+1,https://image.woodongs.com/imgsvr/item/GD_7610700009338_002.jpg,음료
GS25,삼경)웨더스크림캔디슈가프리,3000,1+1,https://image.woodongs.com/imgsvr/item/GD_4014400907902_001.jpg,간식류
GS25,UHA)푸쵸스틱그레이프,2400,2+1,https://image.woodongs.com/imgsvr/item/GD_49745177_002.jpg,기타
GS25,UHA)푸쵸스틱쥬시미라클,2400,2+1,https://image.woodongs.com/imgsvr/item/GD_49432954_002.jpg,기타
GS25,동아)박맛젤50G,1700,2+1,https://image.woodongs.com/imgsvr/item/GD_8806011435631_006.jpg,기타
GS25,동아)박맛젤스위트앤사워50G,1700,2+1,https://image.woodongs.com/imgsvr/item/GD_8806011435679_004.jpg,기타
GS25,크라운)꽃게랑마라맛60G,1700,2+1,https://image.woodongs.com/imgsvr/item/GD_8801111961431_001.jpg,간식류
GS25,크라운)카라멜콘크로아상60G,1700,2+1,https://image.woodongs.com/imgsvr/item/GD_8801111961806_001.jpg,간식류
GS25,크라운)죠리퐁(봉지),1500,2+1,https://image.woodongs.com/imgsvr/item/GD_8801111610636_637.jpg,간식류
GS25,크라운)츄러스(봉지),1500,2+1,https://image.woodongs.com/imgsvr/item/GD_8801111916479_003.jpg,간식류
GS25,크라운)못말리는신짱(봉지),1500,2+1,https://image.woodongs.com/imgsvr/item/GD_8801111185066_067.jpg,간식류
GS25,크라운)콘치(봉지),1500,2+1,https://image.woodongs.com/imgsvr/item/GD_8801111183062_063.jpg,간식류
GS25,농심)닭다리66G,1700,2+1,https://image.woodongs.com/imgsvr/item/GD_8801043036535_003.jpg,기타
GS25,농심)망고킥60G,1700,2+1,https://image.woodongs.com/imgsvr/item/GD_8801043064767_001.jpg,기타
GS25,농심)빵부장솔티꽈배기55G,1700,2+1,https://image.woodongs.com/imgsvr/item/GD_8801043062107_001.jpg,기타
GS25,오리온)단백질칩버터오징어60G,1700,2+1,https://image.woodongs.com/imgsvr/item/GD_8801117781804_003.jpg,간식류
GS25,오리온)단백질칩칠리살사60G,1700,2+1,https://image.woodongs.com/imgsvr/item/GD_8801117781705_003.jpg,간식류
GS25,오리온)포카칩트리플페퍼(봉지),1700,2+1,https://image.woodongs.com/imgsvr/item/GD_8801117655204_001.jpg,간식류
GS25,롯데)도리토스나쵸치즈맛(봉지),1700,2+1,https://image.woodongs.com/imgsvr/item/GD_8801062381814_816.jpg,기타
GS25,롯데)도리토스양념갈비(봉지),1700,2+1,https://image.woodongs.com/imgsvr/item/GD_8801062014002_002.jpg,기타
GS25,롯데)꼬깔콘고소한맛(봉지/대),3400,2+1,https://image.woodongs.com/imgsvr/item/GD_8801062010578_002.jpg,간식류
GS25,롯데)꼬깔콘군옥수수맛(봉지/대),3400,2+1,https://image.woodongs.com/imgsvr/item/GD_8801062011315_003.jpg,간식류
GS25,롯데)치토스매콤달콤(봉지),1700,2+1,https://image.woodongs.com/imgsvr/item/GD_8801062380015_017.jpg,기타
GS25,롯데)치토스스모키바베큐(봉지),1700,2+1,https://image.woodongs.com/imgsvr/item/GD_8801062289936_938.jpg,기타
GS25,삼양)사또밥(봉지),1500,2+1,https://image.woodongs.com/imgsvr/item/GD_8801073310711_002.jpg,식사류
GS25,마즈)비카인드씨솔트견과류바,2500,2+1,https://image.woodongs.com/imgsvr/item/GD_8804973308451_002.jpg,간식류
GS25,마즈)비카인드아몬드단백질바,2500,2+1,https://image.woodongs.com/imgsvr/item/GD_8804973309267_002.jpg,간식류
GS25,후지야)페코짱컨트리맘(딸기향),1800,2+1,https://image.woodongs.com/imgsvr/item/GD_8936235440163_001.jpg,기타
GS25,후지야)페코짱컨트리맘(초코),1800,2+1,https://image.woodongs.com/imgsvr/item/GD_8936235440156_001.jpg,기타
GS25,GS)XXXL웨이퍼코코아65G,1600,2+1,https://image.woodongs.com/imgsvr/item/GD_8691720004946_002.jpg,기타
GS25,GS)XXXL웨이퍼화이트65G,1600,2+1,https://image.woodongs.com/imgsvr/item/GD_8691720004939_002.jpg,기타
GS25,GS)XXL웨이퍼화이트50G,1200,2+1,https://image.woodongs.com/imgsvr/item/GD_8691720004960_001.jpg,기타
GS25,짱구)21곡초코바,700,2+1,https://image.woodongs.com/imgsvr/item/GD_8809037840892_002.jpg,간식류
GS25,미성)실카아몬드초콜릿38G,1500,2+1,https://image.woodongs.com/imgsvr/item/GD_6291003087325_002.jpg,간식류
GS25,스위스미스)머쉬멜로핫초코컵,2200,2+1,https://image.woodongs.com/imgsvr/item/GD_8809256674155_001.jpg,기타
GS25,웰그린)단백하이프로틴(딸기),3900,2+1,https://image.woodongs.com/imgsvr/item/GD_8809809701215_001.jpg,기타
GS25,웰그린)단백하이프로틴(바나나),3900,2+1,https://image.woodongs.com/imgsvr/item/GD_8809809701239_001.jpg,기타
GS25,웰그린)단백하이프로틴미숫가루,3900,2+1,https://image.woodongs.com/imgsvr/item/GD_8809809701253_001.jpg,기타
GS25,웰그린)단백하이프로틴옥수수40G,3900,2+1,https://image.woodongs.com/imgsvr/item/GD_8809809701307_001.jpg,기타
GS25,웰그린)단백하이프로틴초코40G,3900,2+1,https://image.woodongs.com/imgsvr/item/GD_8809809701277_001.jpg,기타
GS25,웰그린)단백하이프로틴코코넛40G,3900,2+1,https://image.woodongs.com/imgsvr/item/GD_8809809701314_001.jpg,기타
GS25,동원)리챔200G,6200,2+1,https://image.woodongs.com/imgsvr/item/GD_8801047181040_041.jpg,기타
GS25,동원)리챔120G,4200,2+1,https://image.woodongs.com/imgsvr/item/GD_8801047181002_001.jpg,기타
GS25,티젠)카페오르조블렌드10T,6000,1+1,https://image.woodongs.com/imgsvr/item/GD_8809685984429_001.jpg,음료
GS25,티젠)푸룬쏙50G,4000,1+1,https://image.woodongs.com/imgsvr/item/GD_8809685982692_002.jpg,기타
GS25,티젠)말차라떼7입,7000,1+1,https://image.woodongs.com/imgsvr/item/GD_8809071547535_003.jpg,음료
GS25,티젠)콤부차(베리)10입,8000,1+1,https://image.woodongs.com/imgsvr/item/GD_8809071546569_002.jpg,음료
GS25,티젠)콤부차(파인애플)10입,8000,1+1,https://image.woodongs.com/imgsvr/item/GD_8809685980810_003.jpg,음료
GS25,티젠)콤부차(피치)10입,8000,1+1,https://image.woodongs.com/imgsvr/item/GD_8809685980674_002.jpg,음료
GS25,티젠)콤부차10입,8000,1+1,https://image.woodongs.com/imgsvr/item/GD_8809071546552_002.jpg,음료
GS25,티젠)콤부차요구르트(10T),8000,1+1,https://image.woodongs.com/imgsvr/item/GD_8809685983088_001.jpg,음료
GS25,CJ)얼티브균형영양식구수한맛190,2000,1+1,https://image.woodongs.com/imgsvr/item/GD_8801392130229_001.jpg,기타
GS25,CJ)얼티브균형영양식흑임자150ML,2000,1+1,https://image.woodongs.com/imgsvr/item/GD_8801392130205_001.jpg,기타
GS25,CJ)얼티브프로틴로얄밀크티250ML,2900,1+1,https://image.woodongs.com/imgsvr/item/GD_8801392130069_001.jpg,기타
GS25,CJ)얼티브프로틴맛밤맛250ML,2900,1+1,https://image.woodongs.com/imgsvr/item/GD_8801392081484_001.jpg,간식류
GS25,CJ)얼티브프로틴바나나250ML,2900,1+1,https://image.woodongs.com/imgsvr/item/GD_8801392092121_002.jpg,간식류
GS25,CJ)얼티브프로틴초코250ML,2900,1+1,https://image.woodongs.com/imgsvr/item/GD_8801392039225_003.jpg,기타
GS25,CJ)얼티브프로틴피스타치오250ML,2900,1+1,https://image.woodongs.com/imgsvr/item/GD_8801392130045_001.jpg,기타
GS25,CJ)얼티브프로틴햇반맛250ML,2900,1+1,https://image.woodongs.com/imgsvr/item/GD_8801392081507_002.jpg,기타
GS25,BR)아몬드봉봉밀키드링크300ML,2900,2+1,https://image.woodongs.com/imgsvr/item/GD_8809288635384_004.jpg,음료
GS25,BR)엄마는외계인밀키드링크300ML,2900,2+1,https://image.woodongs.com/imgsvr/item/GD_8809288635377_004.jpg,음료
GS25,배스킨라빈스)메롱멜론우유190ML,1500,2+1,https://image.woodongs.com/imgsvr/item/GD_8809288635001_002.jpg,음료
GS25,배스킨라빈스)민트초코우유,1500,2+1,https://image.woodongs.com/imgsvr/item/GD_8809288633038_003.jpg,음료
GS25,배스킨라빈스)솜사탕우유,1500,2+1,https://image.woodongs.com/imgsvr/item/GD_8809288633595_002.jpg,간식류
GS25,배스킨라빈스)스트로베리우유,1500,2+1,https://image.woodongs.com/imgsvr/item/GD_8809288633045_003.jpg,음료
GS25,배스킨라빈스)쿠키앤크림우유,1500,2+1,https://image.woodongs.com/imgsvr/item/GD_8809288633052_003.jpg,간식류
GS25,빙그레)통모짜스트링치즈18G,1600,2+1,https://image.woodongs.com/imgsvr/item/GD_8801104666428_001.jpg,간식류
GS25,빙그레)통모짜체다스트링치즈20G,1600,2+1,https://image.woodongs.com/imgsvr/item/GD_8801104950633_001.jpg,간식류
GS25,빙그레)프로틴스트링치즈20G,1600,2+1,https://image.woodongs.com/imgsvr/item/GD_8801104674027_001.jpg,간식류
GS25,빙그레)닥터캡슐베리믹스130ML,2300,2+1,https://image.woodongs.com/imgsvr/item/GD_8801104669283_001.jpg,기타
GS25,빙그레)닥터캡슐복숭아130ML,2300,2+1,https://image.woodongs.com/imgsvr/item/GD_8801104951302_002.jpg,기타
GS25,빙그레)닥터캡슐사과130ML,2300,2+1,https://image.woodongs.com/imgsvr/item/GD_8801104665421_001.jpg,기타
GS25,빙그레)닥터캡슐프로텍트130ML,2300,2+1,https://image.woodongs.com/imgsvr/item/GD_8801104302739_004.jpg,기타
GS25,빙그레)요플레그릭마일드홈180G,2200,2+1,https://image.woodongs.com/imgsvr/item/GD_8801104950787_001.jpg,간식류
GS25,빙그레)요플레그릭아몬드바나나,2200,2+1,https://image.woodongs.com/imgsvr/item/GD_8801104952699_001.jpg,간식류
GS25,빙그레)아카페라포비광화문라떼,2900,1+1,https://image.woodongs.com/imgsvr/item/GD_8801104953238_001.jpg,음료
GS25,빙그레)아카페라포비플랫화이트,2900,1+1,https://image.woodongs.com/imgsvr/item/GD_8801104953214_001.jpg,음료
GS25,빙그레)오늘의커피라떼250ML,2700,1+1,https://image.woodongs.com/imgsvr/item/GD_8801104666152_002.jpg,음료
GS25,빙그레)오늘의커피바닐라250ML,2700,1+1,https://image.woodongs.com/imgsvr/item/GD_8801104666176_002.jpg,음료
GS25,빙그레)오늘의커피연유라떼250ML,2700,1+1,https://image.woodongs.com/imgsvr/item/GD_8801104949187_001.jpg,음료
GS25,빙그레)더단백드링크초코250ML,2900,2+1,https://image.woodongs.com/imgsvr/item/GD_8801104670876_002.jpg,음료
GS25,빙그레)더단백딸기250ML,2900,2+1,https://image.woodongs.com/imgsvr/item/GD_8801104942935_001.jpg,기타
GS25,빙그레)더단백멜론250ML,2900,2+1,https://image.woodongs.com/imgsvr/item/GD_8801104946179_002.jpg,기타
GS25,빙그레)더단백카라멜250ML,2900,2+1,https://image.woodongs.com/imgsvr/item/GD_8801104673198_001.jpg,기타
GS25,빙그레)더단백커피250ML,2900,2+1,https://image.woodongs.com/imgsvr/item/GD_8801104673211_001.jpg,음료
GS25,빙그레)왕실말차190ML,1600,2+1,https://image.woodongs.com/imgsvr/item/GD_8801104952910_001.jpg,음료
GS25,빙그레)왕실초코190ML,1600,2+1,https://image.woodongs.com/imgsvr/item/GD_8801104947190_001.jpg,기타
GS25,빙그레)아카페라사이즈업돌체,2600,2+1,https://image.woodongs.com/imgsvr/item/GD_8801104940931_002.jpg,음료
GS25,빙그레)아카페라사이즈업디카페,2600,2+1,https://image.woodongs.com/imgsvr/item/GD_8801104948005_001.jpg,음료
GS25,빙그레)아카페라사이즈업라떼,2600,2+1,https://image.woodongs.com/imgsvr/item/GD_8801104304047_001.jpg,음료
GS25,빙그레)아카페라사이즈업바닐라,2600,2+1,https://image.woodongs.com/imgsvr/item/GD_8801104306591_004.jpg,음료
GS25,빙그레)아카페라사이즈업아메리,2600,2+1,https://image.woodongs.com/imgsvr/item/GD_8801104304023_001.jpg,음료
GS25,빙그레)아카페라마끼아또240ML,2000,2+1,https://image.woodongs.com/imgsvr/item/GD_8801104212403_406.jpg,음료
GS25,빙그레)아카페라바닐라라떼240ML,2000,2+1,https://image.woodongs.com/imgsvr/item/GD_8801104212601_604.jpg,음료
GS25,빙그레)아카페라아메리카노240ML,2000,2+1,https://image.woodongs.com/imgsvr/item/GD_8801104212397_400.jpg,음료
GS25,빙그레)스페셜티에티오피아460ML,3000,2+1,https://image.woodongs.com/imgsvr/item/GD_8801104667043_002.jpg,기타
GS25,빙그레)스페셜티탄자니아460ML,3000,2+1,https://image.woodongs.com/imgsvr/item/GD_8801104667029_002.jpg,기타
GS25,롯데)펩시제로라임캔355ML,2100,2+1,https://image.woodongs.com/imgsvr/item/GD_8801056175900_004.jpg,음료
GS25,롯데)펩시제로제로355ML,2100,2+1,https://image.woodongs.com/imgsvr/item/GD_8801056241506_002.jpg,음료
GS25,롯데)펩시콜라캔355ML,2100,2+1,https://image.woodongs.com/imgsvr/item/GD_8801056150013_008.jpg,음료
GS25,칸타타)콘트라베이스라떼PET500,2900,2+1,https://image.woodongs.com/imgsvr/item/GD_8801056096052_003.jpg,음료
GS25,칸타타)콘트라베이스블랙PET500,2900,2+1,https://image.woodongs.com/imgsvr/item/GD_8801056094591_002.jpg,기타
GS25,칸타타)콘트라베이스블랙샷500ML,2900,2+1,https://image.woodongs.com/imgsvr/item/GD_8801056234027_001.jpg,기타
GS25,칸타타)콘트라베이스스윗PET500,2900,2+1,https://image.woodongs.com/imgsvr/item/GD_8801056102036_002.jpg,기타
GS25,질레트)스킨텍면도날2입,32400,2+1,https://image.woodongs.com/imgsvr/item/GD_4987176037404_002.jpg,생활/위생용품
GS25,오랄비)초극세모잇몸선케어,2900,1+1,https://image.woodongs.com/imgsvr/item/GD_4902430597289_002.jpg,기타
GS25,오랄비크로스액션초미세모,3900,1+1,https://image.woodongs.com/imgsvr/item/GD_4902430820608_001.jpg,기타
GS25,오랄비)프레쉬클린칫솔,2000,1+1,https://image.woodongs.com/imgsvr/item/GD_3014260844622_001.jpg,생활/위생용품
GS25,오랄비)크로스액션칫솔,3900,1+1,https://image.woodongs.com/imgsvr/item/GD_3014260781033_001.jpg,생활/위생용품
GS25,질레트)일회용면도기센서3,3000,1+1,https://image.woodongs.com/imgsvr/item/GD_4902430909303_001.jpg,생활/위생용품
GS25,포차)잔치국수191.3G,3900,2+1,https://image.woodongs.com/imgsvr/item/GD_8801085884736_002.jpg,음료
GS25,포차)즉석우동218G,3900,2+1,https://image.woodongs.com/imgsvr/item/GD_8801085884743_001.jpg,기타
GS25,하림)맥시칸치킨(갈릭양념)200G,9900,1+1,https://image.woodongs.com/imgsvr/item/GD_8809778497799_001.jpg,기타
GS25,하림)맥시칸치킨(양념치킨)200G,9900,1+1,https://image.woodongs.com/imgsvr/item/GD_8809778499403_001.jpg,기타
GS25,하림)맥시칸치킨(크리스피)250G,9900,1+1,https://image.woodongs.com/imgsvr/item/GD_8809778498314_001.jpg,기타
GS25,하림)맥시칸치킨(핫크리스피)250,9900,1+1,https://image.woodongs.com/imgsvr/item/GD_8809778498321_001.jpg,기타
GS25,유어스)비비안팬티스타킹(살구)L,3800,2+1,https://image.woodongs.com/imgsvr/item/GD_8801162559021_002.jpg,기타
GS25,다우니)블루1L,15000,1+1,https://image.woodongs.com/imgsvr/item/GD_4902430311724_725.jpg,생활/위생용품
GS25,다우니)핑크1L,15000,1+1,https://image.woodongs.com/imgsvr/item/GD_4902430311625_627.jpg,생활/위생용품
GS25,페브리즈)미스티크향370ML,12000,1+1,https://image.woodongs.com/imgsvr/item/GD_4987176228109_001.jpg,생활/위생용품
GS25,페브리즈)실내건조프레시클린370,12000,1+1,https://image.woodongs.com/imgsvr/item/GD_4987176165237_004.jpg,생활/위생용품
GS25,페브리즈)포맨370ML,12000,1+1,https://image.woodongs.com/imgsvr/item/GD_4902430643191_002.jpg,생활/위생용품
GS25,페브리즈)향균깨끗한향370ML,12000,1+1,https://image.woodongs.com/imgsvr/item/GD_4902430897358_001.jpg,생활/위생용품
GS25,롯데)게토레이레몬600ML,2400,2+1,https://image.woodongs.com/imgsvr/item/GD_8801056049201_207.jpg,기타
GS25,웰메이드)일회용마스크5매(백색),6500,1+1,https://image.woodongs.com/imgsvr/item/GD_8809683300450_001.JPG,기타
GS25,웰메이드)일회용마스크5매(블랙),6500,1+1,https://image.woodongs.com/imgsvr/item/GD_8809683300467_001.JPG,기타
GS25,성분에디터)그린토마토휘핑폼120,9600,1+1,https://image.woodongs.com/imgsvr/item/GD_8809684568309_001.jpg,생활/위생용품
GS25,더리얼)용가리반려멍쿠키80G,4300,2+1,https://image.woodongs.com/imgsvr/item/GD_8809551067959_001.jpg,간식류
GS25,하림)건강무스NO스트레스40G,3000,2+1,https://image.woodongs.com/imgsvr/item/GD_8809551069762_001.jpg,기타
GS25,하림)건강무스알맞은체중40G,3000,2+1,https://image.woodongs.com/imgsvr/item/GD_8809551069779_001.jpg,기타
GS25,하림)건강무스헤어볼케어40G,3000,2+1,https://image.woodongs.com/imgsvr/item/GD_8809551069755_001.jpg,기타
GS25,하림)밥이보약하루양갱면역,1100,2+1,https://image.woodongs.com/imgsvr/item/GD_8809551065023_004.jpg,간식류
GS25,하림)밥이보약하루양갱장,1100,2+1,https://image.woodongs.com/imgsvr/item/GD_8809551065030_003.jpg,간식류
GS25,오뚜기)한컵코울슬로100G,2500,1+1,https://image.woodongs.com/imgsvr/item/GD_8801045018607_002.jpg,기타
GS25,오뚜기)한컵콘샐러드100G,2500,1+1,https://image.woodongs.com/imgsvr/item/GD_8801045261379_002.jpg,기타
GS25,빙그레)곤약젤리복숭아130ML,1900,1+1,https://image.woodongs.com/imgsvr/item/GD_8801104946117_002.jpg,간식류
GS25,빙그레)곤약젤리사과130ML,1900,1+1,https://image.woodongs.com/imgsvr/item/GD_8801104947930_001.jpg,간식류
GS25,빙그레)곤약젤리청포도130ML,1900,1+1,https://image.woodongs.com/imgsvr/item/GD_8801104946148_002.jpg,간식류
GS25,배스킨)블랙소르베워터젤리100ML,1800,1+1,https://image.woodongs.com/imgsvr/item/GD_8809288636039_001.jpg,간식류
GS25,배스킨)패션프루트워터젤리100ML,1800,1+1,https://image.woodongs.com/imgsvr/item/GD_8809288636046_001.jpg,간식류
GS25,쿠캣)직화무뼈닭발160G,12300,2+1,https://image.woodongs.com/imgsvr/item/GD_8809554250761_002.jpg,식사류
GS25,쿠캣)직화무뼈닭발160G(NEW),11900,2+1,https://image.woodongs.com/imgsvr/item/GD_8809925620117_001.jpg,식사류
GS25,쿠캣)실비김치만두(6입)168G,3900,2+1,https://image.woodongs.com/imgsvr/item/GD_8808198115221_002.jpg,식사류
GS25,오뚜기)골든후라이드치킨250G,9900,1+1,https://image.woodongs.com/imgsvr/item/GD_8801045610436_001.jpg,기타
GS25,오뚜기)XO슈마이고기133G,4000,1+1,https://image.woodongs.com/imgsvr/item/GD_8801045935515_002.jpg,기타
GS25,오뚜기)XO슈마이새우133G,4000,1+1,https://image.woodongs.com/imgsvr/item/GD_8801045935508_001.jpg,기타
GS25,오뚜기)버팔로봉200G,7900,2+1,https://image.woodongs.com/imgsvr/item/GD_8801045607030_001.jpg,기타
GS25,오뚜기)순후추닭강정180G,5600,2+1,https://image.woodongs.com/imgsvr/item/GD_8801045350790_001.jpg,기타
GS25,오뚜기)순후추치킨180G,5600,2+1,https://image.woodongs.com/imgsvr/item/GD_8801045273570_002.jpg,기타
GS25,오뚜기)리얼바삭한빅핫도그120G,2800,2+1,https://image.woodongs.com/imgsvr/item/GD_8801045750743_001.jpg,기타
GS25,오뚜기)새우볶음밥230G,4500,2+1,https://image.woodongs.com/imgsvr/item/GD_8801045941103_001.jpg,식사류
GS25,오뚜기)참치김치치즈볶음밥230G,4500,2+1,https://image.woodongs.com/imgsvr/item/GD_8801045931234_003.jpg,식사류
GS25,CJ)매콤달콤닭강정200G,7800,2+1,https://image.woodongs.com/imgsvr/item/GD_8801392165696_001.jpg,기타
GS25,템포)내추럴코튼탐폰라이트10P,11900,1+1,https://image.woodongs.com/imgsvr/item/GD_8806011638117_001.jpg,기타
GS25,템포레귤라10입,7900,2+1,https://image.woodongs.com/imgsvr/item/GD_8806011632856_002.jpg,기타
GS25,템포슈퍼10입,7900,2+1,https://image.woodongs.com/imgsvr/item/GD_8806011632771_775.jpg,기타
GS25,가그린)오리지널스틱10ML,900,1+1,https://image.woodongs.com/imgsvr/item/GD_8806011617365_001.jpg,기타
GS25,가그린)오리지널380ML,5500,2+1,https://image.woodongs.com/imgsvr/item/GD_8806011616078_002.jpg,기타
GS25,가그린)제로380ML,5500,2+1,https://image.woodongs.com/imgsvr/item/GD_8806011616184_004.jpg,기타
GS25,가그린)오리지널100ML,2300,2+1,https://image.woodongs.com/imgsvr/item/GD_8806011616047_003.jpg,기타
GS25,가그린)제로100ML,2300,2+1,https://image.woodongs.com/imgsvr/item/GD_8806011616153_002.jpg,기타
GS25,다슈)슈퍼매트왁스15ML,5000,2+1,https://image.woodongs.com/imgsvr/item/GD_8809372272051_003.jpg,기타
GS25,다슈)홀딩파워왁스15ML,5000,2+1,https://image.woodongs.com/imgsvr/item/GD_8809372272068_003.jpg,기타
GS25,래피젠)쇼콜라젠(임신진단키트),6000,2+1,https://image.woodongs.com/imgsvr/item/GD_8806136631239_001.jpg,기타
GS25,래피젠)KF94마스크5매(검정),5500,2+1,https://image.woodongs.com/imgsvr/item/GD_8809692181019_001.jpg,기타
GS25,래피젠)KF94마스크5매(베이지),5500,2+1,https://image.woodongs.com/imgsvr/item/GD_8809692181040_001.jpg,기타
GS25,미쟝센)데미지린스530ML,18000,1+1,https://image.woodongs.com/imgsvr/item/GD_8806403068409_411.jpg,생활/위생용품
GS25,미쟝센)데미지샴푸530ML,18000,1+1,https://image.woodongs.com/imgsvr/item/GD_8806403068379_382.jpg,생활/위생용품
GS25,"시저)홀썸볼(쇠고기,고구마)85G",5000,2+1,https://image.woodongs.com/imgsvr/item/GD_8804973307874_001.jpg,기타
GS25,"시저)홀썸볼(쇠고기,콩)85G",5000,2+1,https://image.woodongs.com/imgsvr/item/GD_8804973307904_001.jpg,기타
GS25,시저)심플리크래프티드(닭고기),3000,2+1,https://image.woodongs.com/imgsvr/item/GD_8804973305900_003.jpg,기타
GS25,시저)심플리크래프티드(쇠고기),3000,2+1,https://image.woodongs.com/imgsvr/item/GD_8804973305917_002.jpg,기타
GS25,템테이션)닭고기(고양이간식),4500,2+1,https://image.woodongs.com/imgsvr/item/GD_8851393000243_002.jpg,기타
GS25,템테이션)연어(고양이간식),4500,2+1,https://image.woodongs.com/imgsvr/item/GD_8851393000205_002.jpg,기타
GS25,템테이션)참치(고양이간식),4500,2+1,https://image.woodongs.com/imgsvr/item/GD_8851393000212_001.jpg,식사류
GS25,위카)고등어80G(고양이/성묘),1500,2+1,https://image.woodongs.com/imgsvr/item/GD_8853301550031_001.jpg,기타
GS25,위카)고등어와연어80G(성묘),1500,2+1,https://image.woodongs.com/imgsvr/item/GD_8853301550079_084.jpg,기타
GS25,위카)참치80G(고양이/성묘),1500,2+1,https://image.woodongs.com/imgsvr/item/GD_8853301550017_002.jpg,식사류
GS25,위카)참치80G(고양이/자묘),1500,2+1,https://image.woodongs.com/imgsvr/item/GD_8853301550048_049.jpg,식사류
GS25,우양)클래식치즈핫도그130G,2700,2+1,https://image.woodongs.com/imgsvr/item/GD_8805489005261_001.jpg,기타
GS25,우양)클래식핫도그130G,2500,2+1,https://image.woodongs.com/imgsvr/item/GD_8805489005025_002.jpg,기타
GS25,종가)맛김치130G,3000,2+1,https://image.woodongs.com/imgsvr/item/GD_8801024190201_203.jpg,기타
GS25,종가)열무김치80G,2100,2+1,https://image.woodongs.com/imgsvr/item/GD_8801024053674_676.jpg,기타
GS25,종가)맛김치75G,1800,2+1,https://image.woodongs.com/imgsvr/item/GD_8801024190102_104.jpg,기타
GS25,종가)맛김치80G,1800,2+1,https://image.woodongs.com/imgsvr/item/GD_8801024190218_221.jpg,기타
GS25,끼리)단호박크림치즈수프180G,3500,2+1,https://image.woodongs.com/imgsvr/item/GD_8805489005513_001.jpg,기타
GS25,끼리)양송이크림치즈수프180G,3500,2+1,https://image.woodongs.com/imgsvr/item/GD_8805489005537_001.jpg,기타
GS25,통가래떡어묵바80G,3400,1+1,https://image.woodongs.com/imgsvr/item/GD_8809447501970_002.jpg,간식류
GS25,통맛살어묵바80G,3400,1+1,https://image.woodongs.com/imgsvr/item/GD_8809447501987_001.jpg,기타
GS25,통치즈어묵바80G,3400,1+1,https://image.woodongs.com/imgsvr/item/GD_8809447501857_001.jpg,기타
GS25,효성)프로틴두부어육바80G,3700,1+1,https://image.woodongs.com/imgsvr/item/GD_8809331461007_001.jpg,기타
GS25,효성)땡초어묵바80G,3500,1+1,https://image.woodongs.com/imgsvr/item/GD_8803404003286_002.jpg,기타
GS25,효성)치즈어묵바80G,3500,1+1,https://image.woodongs.com/imgsvr/item/GD_8803404002623_002.jpg,기타
GS25,사옹원)오늘의김치전240G,9900,1+1,https://image.woodongs.com/imgsvr/item/GD_8809109110113_001.jpg,기타
GS25,사옹원)오늘의부추전240G,9900,1+1,https://image.woodongs.com/imgsvr/item/GD_8809109110120_001.jpg,기타
GS25,동원)개성한입쏙고기만두168G,4900,1+1,https://image.woodongs.com/imgsvr/item/GD_8801047307808_001.jpg,식사류
GS25,동원)개성한입쏙김치만두168G,4900,1+1,https://image.woodongs.com/imgsvr/item/GD_8801047307907_001.jpg,식사류
GS25,효성)김치어묵피만두(고단백),4900,1+1,https://image.woodongs.com/imgsvr/item/GD_8800259600165_001.jpg,식사류
GS25,효성)청양고기어묵피만두(고단백,4900,1+1,https://image.woodongs.com/imgsvr/item/GD_8800259600158_001.jpg,식사류
GS25,리얼)반반치즈핫도그80G,3000,1+1,https://image.woodongs.com/imgsvr/item/GD_8809173676577_002.jpg,기타
GS25,리얼)오리지널핫도그80G(NEW),2800,1+1,https://image.woodongs.com/imgsvr/item/GD_8809173676997_001.jpg,기타
GS25,대상)안주야직화무뼈닭발160G,9500,2+1,https://image.woodongs.com/imgsvr/item/GD_8801052043852_002.jpg,간식류
GS25,대상)안주야직화불막창160G,9500,2+1,https://image.woodongs.com/imgsvr/item/GD_8801052043845_001.jpg,간식류
GS25,대상)안주야소곱창볶음한판200G,12900,1+1,https://image.woodongs.com/imgsvr/item/GD_8801052122618_002.jpg,간식류
GS25,하림)간장닭강정220G,9900,1+1,https://image.woodongs.com/imgsvr/item/GD_8801492372482_004.jpg,기타
GS25,하림)매콤닭강정220G,9900,1+1,https://image.woodongs.com/imgsvr/item/GD_8801492372475_004.jpg,기타
GS25,에치와이)갓비움230ML,2400,2+1,https://image.woodongs.com/imgsvr/item/GD_8801128307239_001.jpg,기타
GS25,메치니코프)오곡씨리얼140ML,2300,1+1,https://image.woodongs.com/imgsvr/item/GD_8801128284875_001.jpg,기타
GS25,메치니코프)화이바애플140ML,2300,1+1,https://image.woodongs.com/imgsvr/item/GD_8801128284097_001.jpg,기타
GS25,서울우유)저지밀크파인트474ML,14900,1+1,https://image.woodongs.com/imgsvr/item/GD_8801115720539_001.jpg,간식류
GS25,통과일)리얼레몬소르베90G,4900,1+1,https://image.woodongs.com/imgsvr/item/GD_8809720822655_001.jpg,기타
GS25,에이스)아이스벅110G,4500,1+1,https://image.woodongs.com/imgsvr/item/GD_8809720822556_002.jpg,간식류
GS25,롯데)프리미엄가나말차크럼블바,3300,1+1,https://image.woodongs.com/imgsvr/item/GD_8802259024866_001.jpg,간식류
GS25,라라스윗)리얼망고쫀득바75ML,3000,1+1,https://image.woodongs.com/imgsvr/item/GD_8809599361705_001.jpg,기타
GS25,라라스윗)리얼멜론쫀득바75ML,3000,1+1,https://image.woodongs.com/imgsvr/item/GD_8809599361736_001.jpg,기타
GS25,라라스윗)피스타치오젤라또바,3000,1+1,https://image.woodongs.com/imgsvr/item/GD_8809599361392_001.jpg,기타
GS25,랩노쉬)저당프로틴멜론바90ML,3000,1+1,https://image.woodongs.com/imgsvr/item/GD_8800261383094_002.jpg,기타
GS25,랩노쉬)저당프로틴초코바90ML,3000,1+1,https://image.woodongs.com/imgsvr/item/GD_8800261383087_002.jpg,간식류
GS25,라라스윗)저당딸기요거트바70ML,2500,1+1,https://image.woodongs.com/imgsvr/item/GD_8809599361057_001.jpg,기타
GS25,라라스윗)제주감귤제로바70ML,2500,1+1,https://image.woodongs.com/imgsvr/item/GD_8809599361682_001.jpg,기타
GS25,조지아)라떼470ML,2800,2+1,https://image.woodongs.com/imgsvr/item/GD_8801094512668_007.jpg,음료
GS25,조지아)블랙470ML,2800,2+1,https://image.woodongs.com/imgsvr/item/GD_8801094502669_007.jpg,기타
GS25,조지아)스위트블랙470ML,2800,2+1,https://image.woodongs.com/imgsvr/item/GD_8801094542603_003.jpg,기타
GS25,조지아)저당라떼470ML,2800,2+1,https://image.woodongs.com/imgsvr/item/GD_8801094512613_005.jpg,음료
GS25,조지아)콜드브루블랙470ML,2800,2+1,https://image.woodongs.com/imgsvr/item/GD_8801094562601_004.jpg,음료
GS25,영진)구론산스파클링150ML,1300,2+1,https://image.woodongs.com/imgsvr/item/GD_8801105914610_003.jpg,기타
GS25,영진)구론산탄산비타액150ML,1300,1+1,https://image.woodongs.com/imgsvr/item/GD_8801105916829_002.jpg,음료
GS25,매일)상하그릭아이스플레인350ML,12900,1+1,https://image.woodongs.com/imgsvr/item/GD_8801121051412_001.jpg,간식류
GS25,매일)상하그릭아이스허니유자350,12900,1+1,https://image.woodongs.com/imgsvr/item/GD_8801121051429_001.jpg,기타
GS25,피프레도)생요거트딸기젤라또,16500,2+1,https://image.woodongs.com/imgsvr/item/GD_8809801680181_001.jpg,기타
GS25,피프레도)생초코젤라또474ML,16500,2+1,https://image.woodongs.com/imgsvr/item/GD_8809801680174_001.jpg,기타
GS25,코카콜라제로레몬캔350ML,2100,1+1,https://image.woodongs.com/imgsvr/item/GD_8801094063283_002.jpg,음료
GS25,코카콜라제로제로캔350ML,2100,1+1,https://image.woodongs.com/imgsvr/item/GD_8801094023218_001.jpg,음료
GS25,코카콜라제로캔350ML,2100,1+1,https://image.woodongs.com/imgsvr/item/GD_8801094083205_004.jpg,음료
GS25,코카)토레타500ML,2200,1+1,https://image.woodongs.com/imgsvr/item/GD_8801094412005_002.jpg,음료
GS25,코카)토레타제로500ML,2200,1+1,https://image.woodongs.com/imgsvr/item/GD_8801094412371_001.jpg,음료
GS25,빙그레)따옴바배75ML,2000,1+1,https://image.woodongs.com/imgsvr/item/GD_8801104953368_001.jpg,기타
GS25,에이스)초코맛볼을품은복숭아바,2000,1+1,https://image.woodongs.com/imgsvr/item/GD_8809720822761_001.jpg,간식류
GS25,해태)갈배사이다PET500ML,2300,1+1,https://image.woodongs.com/imgsvr/item/GD_8801105915679_003.jpg,간식류
GS25,빙그레)뽕따소다,1800,1+1,https://image.woodongs.com/imgsvr/item/GD_8801104111355_356.jpg,음료
GS25,스마일)피치팡70ML,1800,1+1,https://image.woodongs.com/imgsvr/item/GD_8809682780987_001.jpg,기타
GS25,해태)봉봉애사비소다500ML,2500,1+1,https://image.woodongs.com/imgsvr/item/GD_8801105916959_001.jpg,간식류
GS25,롯데)빵빠레소프트바스트로베리,1500,1+1,https://image.woodongs.com/imgsvr/item/GD_8802259021049_002.jpg,기타
GS25,코카)환타제로오렌지350ML,1700,1+1,https://image.woodongs.com/imgsvr/item/GD_8801094347208_002.jpg,음료
GS25,코카)환타제로파인350ML,1700,1+1,https://image.woodongs.com/imgsvr/item/GD_8801094263218_003.jpg,음료
GS25,파워에이드)스칼렛스톰600ML,2400,1+1,https://image.woodongs.com/imgsvr/item/GD_8801094602703_001.jpg,음료
GS25,파워에이드)제로라임600ML,2400,1+1,https://image.woodongs.com/imgsvr/item/GD_8801094000288_001.jpg,음료
GS25,파워에이드)퍼플스톰600ML,2400,1+1,https://image.woodongs.com/imgsvr/item/GD_8801094603700_002.jpg,음료
GS25,라벨리)아사이요거트볼180ML,4500,2+1,https://image.woodongs.com/imgsvr/item/GD_8805584224901_001.jpg,기타
GS25,서울우유)흑임자우유파르페220ML,3800,2+1,https://image.woodongs.com/imgsvr/item/GD_8801115720553_001.jpg,음료
GS25,코카콜라제로1.5L,4000,1+1,https://image.woodongs.com/imgsvr/item/GD_8801094082406_411.jpg,음료
GS25,코카)스프라이트PET500ML,2200,1+1,https://image.woodongs.com/imgsvr/item/GD_8801094202606_609.jpg,음료
GS25,코카)스프라이트제로PET500ML,2200,1+1,https://image.woodongs.com/imgsvr/item/GD_8801094962104_003.jpg,음료
GS25,코카)스프라이트제로티PET500ML,2200,1+1,https://image.woodongs.com/imgsvr/item/GD_8801094001704_001.jpg,음료
GS25,미미네국물떡볶이230G,3900,2+1,https://image.woodongs.com/imgsvr/item/GD_8809443710192_003.jpg,간식류
GS25,치즈라볶이230G,4000,2+1,https://image.woodongs.com/imgsvr/item/GD_8809443710185_001.jpg,기타
GS25,떡볶퀸)로제더블토핑떡볶이,4600,2+1,https://image.woodongs.com/imgsvr/item/GD_8809443710604_001.jpg,간식류
GS25,떡볶퀸)클래식더블토핑떡볶이,4600,2+1,https://image.woodongs.com/imgsvr/item/GD_8809443710598_001.jpg,간식류
GS25,쌈장에찍어먹는모둠순대323G,6200,2+1,https://image.woodongs.com/imgsvr/item/GD_8809266251957_002.jpg,식사류
GS25,삼립)시티델리토마토미트볼150G,4500,1+1,https://image.woodongs.com/imgsvr/item/GD_8801068924893_002.jpg,기타
GS25,예소담)특썰은김치80G,1800,1+1,https://image.woodongs.com/imgsvr/item/GD_8809414523608_001.jpg,기타
GS25,리얼)가쓰오우동213G,3900,1+1,https://image.woodongs.com/imgsvr/item/GD_8801068936544_001.jpg,기타
GS25,리얼)얼큰가쓰오우동213G,3900,1+1,https://image.woodongs.com/imgsvr/item/GD_8801068938609_001.jpg,기타
GS25,삼립)갈릭후랑크65G,2400,1+1,https://image.woodongs.com/imgsvr/item/GD_8801068940411_001.jpg,기타
GS25,추억의소시지)달콤떡갈비70G,2400,1+1,https://image.woodongs.com/imgsvr/item/GD_8809038476199_001.jpg,간식류
GS25,추억의소시지)매콤청양70G,2400,1+1,https://image.woodongs.com/imgsvr/item/GD_8809038476205_001.jpg,간식류
GS25,CJ)비비고닭가슴살김치만두168G,5900,1+1,https://image.woodongs.com/imgsvr/item/GD_8801392164934_002.jpg,식사류
GS25,CJ)비비고닭가슴살만두168G,5900,1+1,https://image.woodongs.com/imgsvr/item/GD_8801392164910_002.jpg,식사류
GS25,CJ)고메소바바치킨양념순살240G,9900,1+1,https://image.woodongs.com/imgsvr/item/GD_8801392112485_002.jpg,기타
GS25,CJ)소바바치킨레드핫240G,9900,1+1,https://image.woodongs.com/imgsvr/item/GD_8801392159084_001.jpg,기타
GS25,CJ)소바바치킨마쏘킥240G,9900,1+1,https://image.woodongs.com/imgsvr/item/GD_8801392151118_001.jpg,기타
GS25,CJ)소바바치킨소이허니순살240G,9900,1+1,https://image.woodongs.com/imgsvr/item/GD_8801392087073_002.jpg,기타
GS25,CJ)갈비만두300G,7800,1+1,https://image.woodongs.com/imgsvr/item/GD_8801007508740_003.jpg,식사류
GS25,CJ)비비고군만두315G,7800,1+1,https://image.woodongs.com/imgsvr/item/GD_8801392011528_002.jpg,식사류
GS25,CJ)비비고김치왕교자315G(NEW),7800,1+1,https://image.woodongs.com/imgsvr/item/GD_8801392011962_002.jpg,식사류
GS25,CJ)비비고왕교자315G(NEW),7800,1+1,https://image.woodongs.com/imgsvr/item/GD_8801392011887_002.jpg,식사류
GS25,CJ)비비고찰보리감자만두300G,7800,1+1,https://image.woodongs.com/imgsvr/item/GD_8801392085963_002.jpg,식사류
GS25,CJ)비비고새우왕교자315G,6500,2+1,https://image.woodongs.com/imgsvr/item/GD_8801007555676_001.jpg,식사류
GS25,CJ)수제진한고기교자327G,6500,2+1,https://image.woodongs.com/imgsvr/item/GD_8801007980683_002.jpg,기타
GS25,CJ)비비고수제만두김치200G,4900,2+1,https://image.woodongs.com/imgsvr/item/GD_8801007836270_004.jpg,식사류
GS25,CJ)비비고수제청양고기만두200G,4900,2+1,https://image.woodongs.com/imgsvr/item/GD_8801007836294_005.jpg,식사류
GS25,CJ)비비고찐만두168G,4900,2+1,https://image.woodongs.com/imgsvr/item/GD_8801007429298_003.jpg,식사류
GS25,CJ)비비고찐만두청양고추168G,4900,2+1,https://image.woodongs.com/imgsvr/item/GD_8801007537740_003.jpg,식사류
GS25,CJ)육즙불고기찐만두168G,4900,2+1,https://image.woodongs.com/imgsvr/item/GD_8801007928906_002.jpg,식사류
GS25,라벨리)LOL바닐라파르페331ML,3500,2+1,https://image.woodongs.com/imgsvr/item/GD_8805584222174_001.jpg,기타
GS25,라벨리)깨먹는티라미수컵120ML,3500,2+1,https://image.woodongs.com/imgsvr/item/GD_8805584224864_002.jpg,기타
GS25,라벨리)인절미빙수220ML,3500,2+1,https://image.woodongs.com/imgsvr/item/GD_8805584224772_002.jpg,기타
GS25,라벨리)프리미엄팥빙수230ML,3500,2+1,https://image.woodongs.com/imgsvr/item/GD_8805584224871_002.jpg,기타
GS25,마즈)스니커즈아이스바72ML,3500,2+1,https://image.woodongs.com/imgsvr/item/GD_5000159460880_001.jpg,간식류
GS25,마즈)트윅스아이스바59ML,3500,2+1,https://image.woodongs.com/imgsvr/item/GD_5000159484640_001.jpg,간식류
GS25,유어스(P)매일카페라떼파르페,3500,2+1,https://image.woodongs.com/imgsvr/item/GD_8801121044735_002.jpg,음료
GS25,진격의거인)레몬부스트500ML,2900,1+1,https://image.woodongs.com/imgsvr/item/GD_8800261389249_001.jpg,기타
GS25,진격의거인)시트러스버스트500ML,2900,1+1,https://image.woodongs.com/imgsvr/item/GD_8800261389256_001.jpg,기타
GS25,진격의거인)애플블라스트500ML,2900,1+1,https://image.woodongs.com/imgsvr/item/GD_8800261389232_001.jpg,기타
GS25,진격의거인)오렌지임팩트500ML,2900,1+1,https://image.woodongs.com/imgsvr/item/GD_8800261389263_001.jpg,기타
GS25,라라스윗)꿀고구마빵샌드180ML,3300,2+1,https://image.woodongs.com/imgsvr/item/GD_8809599360968_001.jpg,기타
GS25,라라스윗)저당고구마모나카140ML,3300,2+1,https://image.woodongs.com/imgsvr/item/GD_8809599360999_002.jpg,기타
GS25,라라스윗)저당말차초코바90ML,3300,2+1,https://image.woodongs.com/imgsvr/item/GD_8809599360593_003.jpg,간식류
GS25,라라스윗)저당바닐라초코바90ML,3300,2+1,https://image.woodongs.com/imgsvr/item/GD_8809599360470_003.jpg,간식류
GS25,라라스윗)저당초콜릿초코바90ML,3300,2+1,https://image.woodongs.com/imgsvr/item/GD_8809599360432_003.jpg,간식류
GS25,롯데)프리미엄월드콘브라우니,3300,2+1,https://image.woodongs.com/imgsvr/item/GD_8802259030614_002.jpg,간식류
GS25,롯데)프리미엄월드콘애플파이,3300,2+1,https://image.woodongs.com/imgsvr/item/GD_8802259029700_002.jpg,기타
GS25,진격의거인)이온머스캣500ML,2800,1+1,https://image.woodongs.com/imgsvr/item/GD_8800261387580_001.jpg,기타
GS25,진격의거인)이온자몽500ML,2800,1+1,https://image.woodongs.com/imgsvr/item/GD_8800261387573_001.jpg,기타
GS25,에반게리온)레몬부스트제로500,2800,1+1,https://image.woodongs.com/imgsvr/item/GD_8800261385654_001.jpg,기타
GS25,에반게리온)시트러스버스트500ML,2800,1+1,https://image.woodongs.com/imgsvr/item/GD_8800261386163_001.jpg,기타
GS25,에반게리온)애플블라스트제로500,2800,1+1,https://image.woodongs.com/imgsvr/item/GD_8800261381946_001.jpg,기타
GS25,에반게리온)오렌지임팩트500ML,2800,1+1,https://image.woodongs.com/imgsvr/item/GD_8800261386156_001.jpg,기타
GS25,빙그레)끌레도르헤이즐넛초코,3000,2+1,https://image.woodongs.com/imgsvr/item/GD_8801104952880_001.jpg,기타
GS25,서주)허쉬녹차초코바90ML,3000,2+1,https://image.woodongs.com/imgsvr/item/GD_8801206005361_001.jpg,간식류
GS25,서주)허쉬생초코바90ML,3000,2+1,https://image.woodongs.com/imgsvr/item/GD_8801206005354_001.jpg,간식류
GS25,서주)허쉬초코바90ML,3000,2+1,https://image.woodongs.com/imgsvr/item/GD_8801206004548_003.jpg,간식류
GS25,서주)허쉬초코탑콘(크리미아몬드,3000,2+1,https://image.woodongs.com/imgsvr/item/GD_8801206006238_001.jpg,간식류
GS25,서주)허쉬쿠키앤민트바90ML,3000,2+1,https://image.woodongs.com/imgsvr/item/GD_8801206006702_001.jpg,간식류
GS25,롯데)핫식스더킹제로500ML,3000,1+1,https://image.woodongs.com/imgsvr/item/GD_8801056247997_001.jpg,기타
GS25,롯데)핫식스더킹퍼플500ML,3000,1+1,https://image.woodongs.com/imgsvr/item/GD_8801056252243_001.jpg,기타
GS25,롯데)아이시스500ML,1100,2+1,https://image.woodongs.com/imgsvr/item/GD_8801056049881_002.jpg,생수
GS25,스마일)퐁당쇼콜라아이스바80ML,2500,2+1,https://image.woodongs.com/imgsvr/item/GD_8800317670147_001.jpg,간식류
GS25,태극당)우유콘150ML,2500,2+1,https://image.woodongs.com/imgsvr/item/GD_8801206007075_001.jpg,음료
GS25,롯데)아이시스2L,1950,2+1,https://image.woodongs.com/imgsvr/item/GD_8801056049904_002.jpg,생수
GS25,롯데)핫식스더킹그레이프355ML,2500,1+1,https://image.woodongs.com/imgsvr/item/GD_8801056240998_001.jpg,기타
GS25,롯데)핫식스더킹아이스피치355ML,2500,1+1,https://image.woodongs.com/imgsvr/item/GD_8801056251253_001.jpg,기타
GS25,롯데)핫식스더킹애플홀릭355ML,2500,1+1,https://image.woodongs.com/imgsvr/item/GD_8801056249212_002.jpg,기타
GS25,롯데)핫식스더킹제로355ML,2500,1+1,https://image.woodongs.com/imgsvr/item/GD_8801056228255_002.jpg,기타
GS25,롯데)핫식스더킹크러쉬피치355ML,2500,1+1,https://image.woodongs.com/imgsvr/item/GD_8801056234423_001.JPG,기타
GS25,롯데)핫식스더킹파워355ML,2500,1+1,https://image.woodongs.com/imgsvr/item/GD_8801056098834_004.jpg,기타
GS25,롯데)핫식스더킹파인버스트355ML,2500,1+1,https://image.woodongs.com/imgsvr/item/GD_8801056910693_001.jpg,기타
GS25,롯데)핫식스더킹포스355ML,2500,1+1,https://image.woodongs.com/imgsvr/item/GD_8801056171032_002.jpg,기타
GS25,롯데)핫식스글로우애플포멜로355,2500,2+1,https://image.woodongs.com/imgsvr/item/GD_8801056911171_001.jpg,기타
GS25,롯데)핫식스글로우피치살구355ML,2500,2+1,https://image.woodongs.com/imgsvr/item/GD_8801056911072_001.jpg,기타
GS25,켈로그)저당그래놀라300G,7600,2+1,https://image.woodongs.com/imgsvr/item/GD_8801083422916_001.jpg,기타
GS25,켈로그)첵스초코컵시리얼40G,2200,2+1,https://image.woodongs.com/imgsvr/item/GD_8801083323305_002.jpg,기타
GS25,켈로그)콘푸로스트40G,2200,2+1,https://image.woodongs.com/imgsvr/item/GD_8801083333304_001.jpg,기타
GS25,켈로그)후루트링컵시리얼40G,2200,2+1,https://image.woodongs.com/imgsvr/item/GD_8801083333007_002.jpg,기타
GS25,켈로그)첵스초코230G,4800,2+1,https://image.woodongs.com/imgsvr/item/GD_8801083272306_002.jpg,기타
GS25,켈로그)콘푸로스트230G,4000,2+1,https://image.woodongs.com/imgsvr/item/GD_8801083362304_002.jpg,기타
GS25,롯데)칠성사이다제로라임캔355ML,2100,1+1,https://image.woodongs.com/imgsvr/item/GD_8801056251895_001.jpg,음료
GS25,롯데)칠성사이다제로유자캔355ML,2100,1+1,https://image.woodongs.com/imgsvr/item/GD_8801056911249_001.jpg,음료
GS25,롯데)칠성사이다제로캔355ML,2100,1+1,https://image.woodongs.com/imgsvr/item/GD_8801056177645_004.jpg,음료
GS25,니베아맨)프레시킥쉐이빙폼200ML,8000,2+1,https://image.woodongs.com/imgsvr/item/GD_8806322113273_001.jpg,생활/위생용품
GS25,니베아)선로션100ML,17800,1+1,https://image.woodongs.com/imgsvr/item/GD_42467083_001.jpg,기타
GS25,니베아)퍼펙트선세럼90ML,20800,1+1,https://image.woodongs.com/imgsvr/item/GD_4005808984763_006.jpg,기타
GS25,니베아)데오드란트60ML(드라이),7900,2+1,https://image.woodongs.com/imgsvr/item/GD_4005808512829_831.jpg,기타
GS25,니베아)엑스트라화이트스프레이,7900,2+1,https://image.woodongs.com/imgsvr/item/GD_4005808512836_840.jpg,기타
GS25,니베아)데오드라이롤온50ML,10300,2+1,https://image.woodongs.com/imgsvr/item/GD_4005808725212_003.jpg,기타
GS25,니베아)데오롤온쿨킥,10300,2+1,https://image.woodongs.com/imgsvr/item/GD_4005808321858_003.jpg,기타
GS25,니베아)엑스트라화이트롤온50ML,10300,2+1,https://image.woodongs.com/imgsvr/item/GD_4005808355020_024.jpg,기타
GS25,니베아)립케어모이스춰,5500,2+1,https://image.woodongs.com/imgsvr/item/GD_4005808517572_575.jpg,기타
GS25,니베아)립케어체리,5500,2+1,https://image.woodongs.com/imgsvr/item/GD_4005808517589_590.jpg,기타
GS25,슈가버블)주방세제라임470ML,6200,1+1,https://image.woodongs.com/imgsvr/item/GD_8809107605260_001.jpg,생활/위생용품
GS25,피죤)스프레이피죤블루비앙카120,6900,1+1,https://image.woodongs.com/imgsvr/item/GD_8801101890970_001.jpg,생활/위생용품
GS25,피죤)스프레이피죤옐로미모사120,6900,1+1,https://image.woodongs.com/imgsvr/item/GD_8801101890963_001.jpg,생활/위생용품
GS25,피죤)스프레이피죤핑크로즈120ML,6900,1+1,https://image.woodongs.com/imgsvr/item/GD_8801101890956_001.jpg,생활/위생용품
GS25,피죤)스프레이미스틱레인80ML,4200,1+1,https://image.woodongs.com/imgsvr/item/GD_8801101883996_002.jpg,기타
GS25,피죤)스프레이아이스플라워80ML,4200,1+1,https://image.woodongs.com/imgsvr/item/GD_8801101884009_002.jpg,생활/위생용품
GS25,피죤)퓨어뽀드득레몬1.2L,7900,1+1,https://image.woodongs.com/imgsvr/item/GD_8801101889028_003.jpg,생활/위생용품
GS25,무균무때)곰팡이제거500ml,8500,1+1,https://image.woodongs.com/imgsvr/item/GD_8801101882654_002.jpg,기타
GS25,무균무때)뿌리는락스세제500ML,8500,1+1,https://image.woodongs.com/imgsvr/item/GD_8801101889141_002.jpg,생활/위생용품
GS25,롯데)해피즈레몬라임355ML,3000,1+1,https://image.woodongs.com/imgsvr/item/GD_8801056910716_001.jpg,기타
GS25,롯데)해피즈트로피칼믹스355ML,3000,1+1,https://image.woodongs.com/imgsvr/item/GD_8801056910723_001.jpg,기타
GS25,롯데)해피즈팝핑체리355ML,3000,1+1,https://image.woodongs.com/imgsvr/item/GD_8801056910730_001.jpg,기타
GS25,CJ)고메치즈함박스테이크152G,4500,1+1,https://image.woodongs.com/imgsvr/item/GD_8801007772493_002.jpg,기타
GS25,CJ)고메함박스테이크152G,4500,1+1,https://image.woodongs.com/imgsvr/item/GD_8801007626970_003.jpg,기타
GS25,쁘띠첼)과일젤리밀감90G,2000,2+1,https://image.woodongs.com/imgsvr/item/GD_8801007091297_299.jpg,간식류
GS25,쁘띠첼)과일젤리복숭아90G,2000,2+1,https://image.woodongs.com/imgsvr/item/GD_8801007091310_313.jpg,간식류
GS25,CJ)동치미냉면육수300G,2500,1+1,https://image.woodongs.com/imgsvr/item/GD_8801007033686_004.jpg,식사류
GS25,CJ)가쓰오우동(용기),3900,2+1,https://image.woodongs.com/imgsvr/item/GD_8801007009377_381.jpg,기타
GS25,CJ)얼큰우동221G,3900,2+1,https://image.woodongs.com/imgsvr/item/GD_8801007065946_948.jpg,기타
GS25,CJ)비비고김치볶음150G,3200,2+1,https://image.woodongs.com/imgsvr/item/GD_8801007636009_001.jpg,식사류
GS25,CJ)비비고김치200G,3500,2+1,https://image.woodongs.com/imgsvr/item/GD_8801007529301_001.jpg,식사류
GS25,CJ)비비고썰은배추김치100G,2000,2+1,https://image.woodongs.com/imgsvr/item/GD_8801007280431_433.jpg,식사류
GS25,CJ)더건강한오븐구이생선살87G,4500,2+1,https://image.woodongs.com/imgsvr/item/GD_8801392172670_002.jpg,기타
GS25,CJ)모닝두부(오곡참깨),2000,2+1,https://image.woodongs.com/imgsvr/item/GD_8801007084930_931.jpg,기타
GS25,CJ)모닝두부(클래식),2000,2+1,https://image.woodongs.com/imgsvr/item/GD_8801007069883_886.jpg,기타
GS25,CJ)맛있는콩부침용300G,1900,2+1,https://image.woodongs.com/imgsvr/item/GD_8801007112497_502.jpg,기타
GS25,CJ)맛있는콩찌개용300G,1800,2+1,https://image.woodongs.com/imgsvr/item/GD_8801007112480_485.jpg,기타
GS25,CJ)고소한촌두부300G,3900,1+1,https://image.woodongs.com/imgsvr/item/GD_8801392109645_001.jpg,기타
GS25,CJ)하루낫또(2입)91G,3900,1+1,https://image.woodongs.com/imgsvr/item/GD_8801392136122_001.jpg,기타
GS25,CJ)국산콩연두부140G,2400,1+1,https://image.woodongs.com/imgsvr/item/GD_8801007711140_002.jpg,기타
GS25,CJ)행복한콩유기농두부부침용300,3900,1+1,https://image.woodongs.com/imgsvr/item/GD_8801392082276_001.jpg,기타
GS25,CJ)행복한콩유기농두부찌개용300,3900,1+1,https://image.woodongs.com/imgsvr/item/GD_8801392082290_002.jpg,기타
GS25,CJ)닭가슴살소시지(청양)80G,2900,1+1,https://image.woodongs.com/imgsvr/item/GD_8801007951805_001.jpg,간식류
GS25,CJ)닭가슴살소시지80G,2900,1+1,https://image.woodongs.com/imgsvr/item/GD_8801007899985_001.JPG,간식류
GS25,CJ)닭가슴살스테이크100G,4500,1+1,https://image.woodongs.com/imgsvr/item/GD_8801007880402_003.jpg,기타
GS25,CJ)숯불갈비후랑크120G,3700,1+1,https://image.woodongs.com/imgsvr/item/GD_8801007034980_983.jpg,기타
GS25,CJ)숯불불닭맛후랑크120G,3700,1+1,https://image.woodongs.com/imgsvr/item/GD_8801392068911_001.jpg,기타
GS25,CJ)고소치즈후랑크65G,2400,1+1,https://image.woodongs.com/imgsvr/item/GD_8801392090516_001.jpg,기타
GS25,CJ)매콤불고기핫바65G,2400,1+1,https://image.woodongs.com/imgsvr/item/GD_8801392090530_001.jpg,간식류
GS25,CJ)맥스봉진한풍미후랑크65G,2400,1+1,https://image.woodongs.com/imgsvr/item/GD_8801392109782_001.jpg,간식류
GS25,CJ)계산대용소시지25G,1200,1+1,https://image.woodongs.com/imgsvr/item/GD_8801392059636_002.jpg,간식류
GS25,CJ)맥스봉오리지널50G,2200,1+1,https://image.woodongs.com/imgsvr/item/GD_8801007849126_001.jpg,간식류
GS25,CJ)맥스봉오리지널70G,2600,1+1,https://image.woodongs.com/imgsvr/item/GD_8801392060632_001.jpg,간식류
GS25,롯데)게토레이런600ML,2400,1+1,https://image.woodongs.com/imgsvr/item/GD_8801056911058_001.jpg,기타
GS25,롯데)게토레이제로600ML,2400,1+1,https://image.woodongs.com/imgsvr/item/GD_8801056243258_002.jpg,기타
GS25,롯데)레쓰비그란데라떼500ML,2200,2+1,https://image.woodongs.com/imgsvr/item/GD_8801056097899_006.jpg,음료
GS25,롯데)레쓰비그란데헤이즐넛500ML,2200,2+1,https://image.woodongs.com/imgsvr/item/GD_8801056174149_001.jpg,기타
GS25,롯데)칠성사이다캔355ML,2100,2+1,https://image.woodongs.com/imgsvr/item/GD_8801056040925_005.jpg,음료
GS25,삼육)100%원액두유190ML,1600,1+1,https://image.woodongs.com/imgsvr/item/GD_8801136370676_001.jpg,음료
GS25,삼육)검은콩호두와아몬드190ML,1600,1+1,https://image.woodongs.com/imgsvr/item/GD_8801136361780_001.jpg,간식류
GS25,삼립)미니약과70G,1200,2+1,https://image.woodongs.com/imgsvr/item/GD_8801068407501_001.jpg,간식류
GS25,삼립)시그니처카스테라(4입),3800,2+1,https://image.woodongs.com/imgsvr/item/GD_8801068929003_002.jpg,간식류
GS25,삼립)잼있는딸기쿠키,1300,2+1,https://image.woodongs.com/imgsvr/item/GD_8801068371208_002.jpg,간식류
GS25,삼립)잼있는사과쿠키,1300,2+1,https://image.woodongs.com/imgsvr/item/GD_8801068371192_002.jpg,간식류
GS25,삼립)초코블랑,1500,2+1,https://image.woodongs.com/imgsvr/item/GD_8801068392944_001.jpg,기타
GS25,모모즈랩)두바이쫀득쿠키,4400,2+1,https://image.woodongs.com/imgsvr/item/GD_8809984170318_001.jpg,간식류
GS25,모모즈랩)헤이즐넛쫀득쿠키,4400,2+1,https://image.woodongs.com/imgsvr/item/GD_8809984170431_001.jpg,간식류
GS25,롯데)와,2200,2+1,https://image.woodongs.com/imgsvr/item/GD_8801062435951_955.jpg,기타
GS25,쉐프엠)NEW베이컨까르보파스타,4200,2+1,https://image.woodongs.com/imgsvr/item/GD_8805684010640_001.jpg,식사류
GS25,쉐프엠)NEW투움바파스타230G,4200,2+1,https://image.woodongs.com/imgsvr/item/GD_8805684010657_001.jpg,식사류
GS25,쉐프엠)베이컨로제파스타230G,4200,2+1,https://image.woodongs.com/imgsvr/item/GD_8805684010848_002.jpg,식사류
GS25,롯데)빠삐코130ML,1800,2+1,https://image.woodongs.com/imgsvr/item/GD_8801118250996_998.jpg,기타
GS25,콘치즈어묵바80G(모짜렐라),3500,1+1,https://image.woodongs.com/imgsvr/item/GD_8800259600301_001.jpg,기타
GS25,콘치즈어묵바80G(체다치즈),3500,1+1,https://image.woodongs.com/imgsvr/item/GD_8800259600318_001.jpg,기타
GS25,동원)리얼메가랍스터70G,3500,1+1,https://image.woodongs.com/imgsvr/item/GD_8801047513704_001.jpg,기타
GS25,동원)리얼메가크랩스70G,3500,1+1,https://image.woodongs.com/imgsvr/item/GD_8801047513674_001.jpg,기타
GS25,동원)리얼관자크랩스72G,4900,1+1,https://image.woodongs.com/imgsvr/item/GD_8801047513599_002.jpg,기타
GS25,동원)리얼관자크랩스72G(버터),4900,1+1,https://image.woodongs.com/imgsvr/item/GD_8801047513605_002.jpg,기타
GS25,동원)어단백닭가슴살프로틴바70G,3500,1+1,https://image.woodongs.com/imgsvr/item/GD_8801047521013_001.jpg,간식류
GS25,동원)어단백두부프로틴바70G,3500,1+1,https://image.woodongs.com/imgsvr/item/GD_8801047521006_001.jpg,간식류
GS25,동원)그릴리닭가슴살스테이크100,4500,1+1,https://image.woodongs.com/imgsvr/item/GD_8801047569800_003.jpg,기타
GS25,직화)닭가슴살바(블랙페퍼),2900,1+1,https://image.woodongs.com/imgsvr/item/GD_8802266500735_001.jpg,기타
GS25,직화)닭가슴살바(후라이드치킨),2900,1+1,https://image.woodongs.com/imgsvr/item/GD_8802266500742_001.jpg,기타
GS25,리치)미니오팜270G,7300,1+1,https://image.woodongs.com/imgsvr/item/GD_8802266300281_001.jpg,기타
GS25,우리집)새우어묵바70G,3000,2+1,https://image.woodongs.com/imgsvr/item/GD_8800259600141_001.jpg,기타
GS25,우리집)오징어어묵바70G,3000,2+1,https://image.woodongs.com/imgsvr/item/GD_8800259600134_001.jpg,간식류
GS25,한성)돈부심후랑크바80G,3500,1+1,https://image.woodongs.com/imgsvr/item/GD_8801074010351_001.jpg,기타
GS25,한성)갈릭어니언후랑크65G,2300,1+1,https://image.woodongs.com/imgsvr/item/GD_8801074010191_001.jpg,기타
GS25,한성)숯불구이맛후랑크70G,2000,1+1,https://image.woodongs.com/imgsvr/item/GD_8801074006897_001.jpg,기타
GS25,한성)킹오브크랩150G,5300,1+1,https://image.woodongs.com/imgsvr/item/GD_8801074008860_002.jpg,기타
GS25,한성)크래미90G,3500,2+1,https://image.woodongs.com/imgsvr/item/GD_8801074255851_001.jpg,기타
GS25,리얼)크래미S90G,3500,1+1,https://image.woodongs.com/imgsvr/item/GD_8801074006521_002.jpg,기타
GS25,오뚜기)열라면맛치즈후랑크70G,2500,1+1,https://image.woodongs.com/imgsvr/item/GD_8801045428772_001.jpg,식사류
GS25,삼진)1953어묵순살바80G(매운맛),3500,2+1,https://image.woodongs.com/imgsvr/item/GD_8809872451239_002.jpg,기타
GS25,삼진)1953어묵순살바80G(야채맛),3500,2+1,https://image.woodongs.com/imgsvr/item/GD_8809872451222_002.jpg,기타
GS25,삼진)1953어묵순살바80G(오징어),3500,2+1,https://image.woodongs.com/imgsvr/item/GD_8809872451246_002.jpg,간식류
GS25,롯데)의성마늘직꾸닭100G,3200,1+1,https://image.woodongs.com/imgsvr/item/GD_8801123410347_001.jpg,기타
GS25,롯데)의성마늘직꾸닭매콤100G,3200,1+1,https://image.woodongs.com/imgsvr/item/GD_8801123410392_001.jpg,기타
GS25,롯데)의성마늘프랑크매콤땡초65G,2600,1+1,https://image.woodongs.com/imgsvr/item/GD_8801123311057_001.jpg,간식류
GS25,롯데)켄터키직화핫바65G,2500,1+1,https://image.woodongs.com/imgsvr/item/GD_8801123000586_004.jpg,간식류
GS25,롯데)의성마늘빅프랑크90G,2900,2+1,https://image.woodongs.com/imgsvr/item/GD_8801123309498_002.jpg,간식류
GS25,Y(P)의성마늘치즈프랑크70G,2600,2+1,https://image.woodongs.com/imgsvr/item/GD_8801123311019_001.JPG,간식류
GS25,롯데)에센뽀득프랑크70G,2600,2+1,https://image.woodongs.com/imgsvr/item/GD_8801123307630_001.jpg,간식류
GS25,롯데)의성마늘후랑크70G,2600,2+1,https://image.woodongs.com/imgsvr/item/GD_8801123307289_293.jpg,기타
GS25,대림)불닭숯불구이맛후랑크70G,2200,1+1,https://image.woodongs.com/imgsvr/item/GD_8801066064256_002.jpg,기타
GS25,대림)크라비아90G,3300,2+1,https://image.woodongs.com/imgsvr/item/GD_8801066310520_002.jpg,기타
GS25,사조)닭가슴살마일드100G,5000,1+1,https://image.woodongs.com/imgsvr/item/GD_8801066056428_003.jpg,기타
GS25,사조)닭가슴살블랙페퍼100G,5000,1+1,https://image.woodongs.com/imgsvr/item/GD_8801066056435_003.jpg,기타
GS25,사조)닭가슴살훈제100G,5000,1+1,https://image.woodongs.com/imgsvr/item/GD_8801066056688_003.jpg,기타
GS25,사조)직화닭가슴살마일드100G,5000,2+1,https://image.woodongs.com/imgsvr/item/GD_8801066061231_001.jpg,기타
GS25,사조)직화닭가슴살트러플100G,5000,2+1,https://image.woodongs.com/imgsvr/item/GD_8801066061248_001.jpg,기타
GS25,사조)로얄크랩100G,5000,2+1,https://image.woodongs.com/imgsvr/item/GD_8801066062986_001.JPG,기타
GS25,사조)소스에퐁닭갈릭데리130G,5500,2+1,https://image.woodongs.com/imgsvr/item/GD_8801066063969_001.jpg,기타
GS25,사조)소스에퐁닭바질크림130G,5500,2+1,https://image.woodongs.com/imgsvr/item/GD_8801066063976_001.jpg,기타
GS25,사조)소스에퐁닭양념치킨130G,5500,2+1,https://image.woodongs.com/imgsvr/item/GD_8801066063983_001.jpg,기타
GS25,사조)스노우크랩킹140G,5500,1+1,https://image.woodongs.com/imgsvr/item/GD_8801066055438_001.jpg,기타
GS25,사조)스노우크랩킹버터140G,5500,1+1,https://image.woodongs.com/imgsvr/item/GD_8801066055445_001.jpg,기타
GS25,대림)랍스터킹128G,5500,2+1,https://image.woodongs.com/imgsvr/item/GD_8801066056558_001.jpg,기타
GS25,사조)쫄깃탱탱어묵바70G,3300,1+1,https://image.woodongs.com/imgsvr/item/GD_8801066065901_001.jpg,기타
GS25,사조)화끈매콤어묵바70G,3300,1+1,https://image.woodongs.com/imgsvr/item/GD_8801066065918_001.jpg,기타
GS25,사조)로얄크랩50G,3000,2+1,https://image.woodongs.com/imgsvr/item/GD_8801066062979_001.jpg,기타
GS25,사조)구운고추맛후랑크65G,2400,1+1,https://image.woodongs.com/imgsvr/item/GD_8801066065468_001.jpg,기타
GS25,사조)구운마늘맛후랑크65G,2400,1+1,https://image.woodongs.com/imgsvr/item/GD_8801066065451_001.jpg,기타
GS25,CJ)동그란스팸160G,5500,2+1,https://image.woodongs.com/imgsvr/item/GD_8801392088230_003.jpg,기타
GS25,CJ)맥스봉소시지150G,3900,1+1,https://image.woodongs.com/imgsvr/item/GD_8801007403793_001.jpg,간식류
GS25,CJ)맥스봉치즈50G,2200,2+1,https://image.woodongs.com/imgsvr/item/GD_8801007021652_656.jpg,간식류
GS25,CJ)맥스봉치즈70G,2600,2+1,https://image.woodongs.com/imgsvr/item/GD_8801007358499_002.jpg,간식류
GS25,진주)천하장사매콤그릴후랑크70G,2400,1+1,https://image.woodongs.com/imgsvr/item/GD_8801077630709_001.jpg,간식류
GS25,진주)천하장사콰트로치즈50G,2400,1+1,https://image.woodongs.com/imgsvr/item/GD_8801077384305_002.jpg,간식류
GS25,진주)천하장사50G,2400,2+1,https://image.woodongs.com/imgsvr/item/GD_8801077285800_002.jpg,간식류
GS25,진주)천하장사콰트로치즈70G,2800,2+1,https://image.woodongs.com/imgsvr/item/GD_8801077384800_001.jpg,간식류
GS25,진주)천하장사BIG70G,2800,2+1,https://image.woodongs.com/imgsvr/item/GD_8801077308608_002.jpg,간식류
GS25,진주)천하장사28G,1500,1+1,https://image.woodongs.com/imgsvr/item/GD_8801077285701_703.jpg,간식류
GS25,동원)더킹랍스터70G,2500,2+1,https://image.woodongs.com/imgsvr/item/GD_8801047511595_001.jpg,기타
GS25,동원)더킹크랩스70G,2500,2+1,https://image.woodongs.com/imgsvr/item/GD_8801047511588_001.jpg,기타
GS25,하림)마늘후랑크(4입)70G,2400,1+1,https://image.woodongs.com/imgsvr/item/GD_8801492392961_001.jpg,기타
GS25,하림)매콤후랑크(4입)70G,2400,1+1,https://image.woodongs.com/imgsvr/item/GD_8801492392954_001.jpg,기타
GS25,하림)참맛후랑크70G,2400,1+1,https://image.woodongs.com/imgsvr/item/GD_8801492392947_001.jpg,기타
GS25,하림)돌아온매콤후랑크70G,2500,1+1,https://image.woodongs.com/imgsvr/item/GD_8801492384386_001.jpg,기타
GS25,하림)마늘후랑크70G,2500,1+1,https://image.woodongs.com/imgsvr/item/GD_8801492391995_002.jpg,기타
GS25,하림)직화갈비맛핫바65G,2500,1+1,https://image.woodongs.com/imgsvr/item/GD_8801492392589_001.jpg,간식류
GS25,하림)직화매콤갈비맛핫바65G,2500,1+1,https://image.woodongs.com/imgsvr/item/GD_8801492393395_001.jpg,간식류
GS25,하림)직화닭가슴살갈비구이100G,5000,2+1,https://image.woodongs.com/imgsvr/item/GD_8801492393647_002.jpg,기타
GS25,하림)직화닭가슴살바베큐구이100,5000,2+1,https://image.woodongs.com/imgsvr/item/GD_8801492393654_002.jpg,기타
GS25,하림)직화닭가슴살소금구이100G,5000,2+1,https://image.woodongs.com/imgsvr/item/GD_8801492393630_002.jpg,기타
GS25,하림)닭가슴살갈릭100G,5000,2+1,https://image.woodongs.com/imgsvr/item/GD_8801492373083_004.jpg,기타
GS25,하림)닭가슴살블랙페퍼100G,5000,2+1,https://image.woodongs.com/imgsvr/item/GD_8801492373090_003.jpg,기타
GS25,하림)닭가슴살훈제100G,5000,2+1,https://image.woodongs.com/imgsvr/item/GD_8801492373076_003.jpg,기타
GS25,하림)닭가슴살바베큐100G,5000,2+1,https://image.woodongs.com/imgsvr/item/GD_8801492391599_002.jpg,기타
GS25,하림)닭가슴살새우100G,5000,2+1,https://image.woodongs.com/imgsvr/item/GD_8801492392466_001.jpg,기타
GS25,하림)맛닭가슴살엽떡맛100G,5000,2+1,https://image.woodongs.com/imgsvr/item/GD_8801492392886_001.jpg,간식류
GS25,롯데)스크류바75ML,1500,2+1,https://image.woodongs.com/imgsvr/item/GD_8801062417018_021.jpg,기타
GS25,롯데)죠스바80ML,1500,2+1,https://image.woodongs.com/imgsvr/item/GD_8801062417056_058.jpg,기타
GS25,서울우유)딸기바65ML,1500,2+1,https://image.woodongs.com/imgsvr/item/GD_8801115720485_001.jpg,음료
GS25,서울우유)우유바65ML,1500,2+1,https://image.woodongs.com/imgsvr/item/GD_8801115720461_001.jpg,음료
GS25,서울우유)초코바65ML,1500,2+1,https://image.woodongs.com/imgsvr/item/GD_8801115720478_001.jpg,간식류
GS25,서주)초코바나나멜로바75ML,1500,2+1,https://image.woodongs.com/imgsvr/item/GD_8801206006696_001.jpg,간식류
GS25,훼밀리)K팝구슬떡볶이(딥치즈),3500,2+1,https://image.woodongs.com/imgsvr/item/GD_8809418081838_001.jpg,간식류
GS25,훼밀리)K팝구슬떡볶이(오리지날),3500,2+1,https://image.woodongs.com/imgsvr/item/GD_8809418081814_001.jpg,간식류
GS25,훼밀리)구슬라볶이(쌈장맛)[D2],3900,2+1,https://image.woodongs.com/imgsvr/item/GD_8809418081852_001.jpg,기타
GS25,훼밀리)S&B생와사비43G,4000,2+1,https://image.woodongs.com/imgsvr/item/GD_4901002166373_002.jpg,기타
GS25,마즈)몰티져스밀크37G,1800,2+1,https://image.woodongs.com/imgsvr/item/GD_8804973306204_003.jpg,기타
GS25,마즈)스니커즈피넛싱글51G,1800,2+1,https://image.woodongs.com/imgsvr/item/GD_93682091_003.jpg,간식류
GS25,브라더)딸기두쫀볼50G,5500,1+1,https://image.woodongs.com/imgsvr/item/GD_8809856280862_001.jpg,기타
GS25,진성)블랙트러플하몽소다크래커,6800,1+1,https://image.woodongs.com/imgsvr/item/GD_6977071121115_001.jpg,간식류
GS25,흥선)크래커야채맛43G,990,2+1,https://image.woodongs.com/imgsvr/item/GD_8809534150494_001.jpg,간식류
GS25,흥선)요거트타르트쿠키90G,2000,2+1,https://image.woodongs.com/imgsvr/item/GD_6978245500354_001.jpg,간식류
GS25,흥선)초콜릿타르트쿠키90G,2000,2+1,https://image.woodongs.com/imgsvr/item/GD_6978245500361_001.jpg,간식류
GS25,세아)달식이오징어한돈육포45G,6900,1+1,https://image.woodongs.com/imgsvr/item/GD_8809877690572_002.jpg,간식류
GS25,세아)달식이제주돈등심육포35G,6900,1+1,https://image.woodongs.com/imgsvr/item/GD_8809877690770_001.jpg,간식류
GS25,세아)육포진미채45G,6900,1+1,https://image.woodongs.com/imgsvr/item/GD_8809877690619_001.jpg,간식류
GS25,세아)한우떡갈비맛육포35G,6900,1+1,https://image.woodongs.com/imgsvr/item/GD_8809877690657_001.jpg,간식류
GS25,TDF)생생연어칩어니언30G,4500,2+1,https://image.woodongs.com/imgsvr/item/GD_8809090187828_001.jpg,기타
GS25,에이스)홋카이도저지밀크푸딩,4800,2+1,https://image.woodongs.com/imgsvr/item/GD_4995913175142_001.jpg,간식류
GS25,고단백저당)베이글(올리브피자),2800,2+1,https://image.woodongs.com/imgsvr/item/GD_8809795334671_001.jpg,간식류
GS25,고단백저당)베이글(체다치즈),2800,2+1,https://image.woodongs.com/imgsvr/item/GD_8809795333117_001.jpg,간식류
GS25,고단백저당)베이글(크랜베리호두,2800,2+1,https://image.woodongs.com/imgsvr/item/GD_8809795333148_001.jpg,간식류
GS25,고단백저당)베이글(플레인),2800,2+1,https://image.woodongs.com/imgsvr/item/GD_8809795333094_002.jpg,간식류
GS25,CC)프리미엄쿨토시(검정),7500,2+1,https://image.woodongs.com/imgsvr/item/GD_8809311493370_001.jpg,기타
GS25,CC)프리미엄쿨토시(백색),7500,2+1,https://image.woodongs.com/imgsvr/item/GD_8809311493387_001.jpg,기타
GS25,CC)자외선차단멀티마스크,8900,2+1,https://image.woodongs.com/imgsvr/item/GD_8809311493325_001.jpg,음료
GS25,CC)자외선차단멀티마스크(백색),8900,2+1,https://image.woodongs.com/imgsvr/item/GD_8809311493363_001.jpg,음료
GS25,CC)남성바닥통풍페이크삭스1+1,5500,2+1,https://image.woodongs.com/imgsvr/item/GD_8809311492472_001.jpg,기타
GS25,CC)여성바닥통풍페이크삭스1+1,5500,2+1,https://image.woodongs.com/imgsvr/item/GD_8809311492489_001.jpg,기타
GS25,ZK)휴대용수건,2900,2+1,https://image.woodongs.com/imgsvr/item/GD_8809311492038_001.jpg,기타
GS25,쏘피)쿨링프레쉬안심숙면팬티L5P,15900,1+1,https://image.woodongs.com/imgsvr/item/GD_8809709262656_001.jpg,생활/위생용품
GS25,쏘피)쿨링프레쉬안심숙면팬티M5P,15900,1+1,https://image.woodongs.com/imgsvr/item/GD_8809709262649_001.jpg,생활/위생용품
GS25,쏘피)쿨링프레쉬대형14P,11500,1+1,https://image.woodongs.com/imgsvr/item/GD_8809709263288_001.jpg,생활/위생용품
GS25,쏘피)쿨링프레쉬중형16P,11500,1+1,https://image.woodongs.com/imgsvr/item/GD_8809709263271_001.jpg,생활/위생용품
GS25,쏘피)쿨링프레쉬특대형12P,11500,1+1,https://image.woodongs.com/imgsvr/item/GD_8809709263400_001.jpg,생활/위생용품
GS25,쏘피)유기농대형14P,9500,1+1,https://image.woodongs.com/imgsvr/item/GD_8809709260249_001.jpg,생활/위생용품
GS25,쏘피)유기농중형16P,9500,1+1,https://image.woodongs.com/imgsvr/item/GD_8809709260232_001.jpg,생활/위생용품
GS25,쏘피)유기농슈퍼롱10P(오가닉),11900,1+1,https://image.woodongs.com/imgsvr/item/GD_8809299232879_003.jpg,생활/위생용품
GS25,쏘피)유기농슈퍼롱3P,4700,1+1,https://image.woodongs.com/imgsvr/item/GD_8809709262045_001.jpg,생활/위생용품
GS25,쏘피)안심숙면팬티유기농대형4P,10800,1+1,https://image.woodongs.com/imgsvr/item/GD_8809709261987_001.jpg,생활/위생용품
GS25,쏘피)안심숙면팬티유기농중형4P,10800,1+1,https://image.woodongs.com/imgsvr/item/GD_8809709261970_001.jpg,생활/위생용품
GS25,쏘피)안심숙면팬티4P(L),10500,1+1,https://image.woodongs.com/imgsvr/item/GD_8809709260898_001.jpg,생활/위생용품
GS25,쏘피)안심숙면팬티4P(M),10500,1+1,https://image.woodongs.com/imgsvr/item/GD_8809709260881_001.JPG,생활/위생용품
GS25,쏘피)유기농무표백라이너롱18P,5900,2+1,https://image.woodongs.com/imgsvr/item/GD_8809709261178_001.jpg,생활/위생용품
GS25,쏘피)유기농무표백대형4P,3900,1+1,https://image.woodongs.com/imgsvr/item/GD_8809709260201_004.jpg,생활/위생용품
GS25,쏘피)유기농무표백중형4P,3400,1+1,https://image.woodongs.com/imgsvr/item/GD_8809709260102_003.jpg,생활/위생용품
GS25,쏘피)순한면대형16P,9900,1+1,https://image.woodongs.com/imgsvr/item/GD_8809299234842_003.jpg,생활/위생용품
GS25,쏘피)순한면중형18P,9900,1+1,https://image.woodongs.com/imgsvr/item/GD_8809299234828_004.jpg,생활/위생용품
GS25,쏘피)순한면슈퍼롱3P,4500,2+1,https://image.woodongs.com/imgsvr/item/GD_8809299233883_005.jpg,생활/위생용품
GS25,쏘피)내몸에순한면대형4P,3400,1+1,https://image.woodongs.com/imgsvr/item/GD_8809299233807_004.jpg,생활/위생용품
GS25,쏘피)순한면중형4P,2800,1+1,https://image.woodongs.com/imgsvr/item/GD_8809299234811_004.jpg,생활/위생용품
GS25,바디피트수퍼롱&와이드10P,9400,1+1,https://image.woodongs.com/imgsvr/item/GD_8809299230820_006.jpg,생활/위생용품
GS25,쏘피)볼록맞춤대형16P,9400,1+1,https://image.woodongs.com/imgsvr/item/GD_8809016362056_003.jpg,생활/위생용품
GS25,쏘피)볼록맞춤중형16P,8400,1+1,https://image.woodongs.com/imgsvr/item/GD_8809299235399_003.jpg,생활/위생용품
GS25,쏘피)볼록맞춤중형4P,2000,1+1,https://image.woodongs.com/imgsvr/item/GD_8809016369048_051.jpg,생활/위생용품
GS25,퐁퐁)친환경주방세제1.2L(오렌지,6900,1+1,https://image.woodongs.com/imgsvr/item/GD_8801051039429_002.jpg,생활/위생용품
GS25,아우라)생화캡슐1L(프레시릴리),12900,1+1,https://image.woodongs.com/imgsvr/item/GD_8809949542013_001.jpg,생활/위생용품
GS25,샤프란)핑크센세이션1L,4300,2+1,https://image.woodongs.com/imgsvr/item/GD_8801051263558_561.jpg,생활/위생용품
GS25,LG)AURA섬유유연제1L윌유메리미,10900,1+1,https://image.woodongs.com/imgsvr/item/GD_8801051267730_003.jpg,생활/위생용품
GS25,테크750G,6500,2+1,https://image.woodongs.com/imgsvr/item/GD_8801051215632_639.jpg,생활/위생용품
GS25,샤프란핑크센세이션2100ML,7500,1+1,https://image.woodongs.com/imgsvr/item/GD_8801051275162_167.jpg,생활/위생용품
GS25,테크2KG(리필),13900,1+1,https://image.woodongs.com/imgsvr/item/GD_8801051215472_476.jpg,생활/위생용품
GS25,네슬레)킷캣녹차핑거,2200,2+1,https://image.woodongs.com/imgsvr/item/GD_9556001227539_002.jpg,간식류
GS25,스타벅스)카페모먼트브라이트10T,5900,2+1,https://image.woodongs.com/imgsvr/item/GD_8809415439199_001.jpg,음료
GS25,스타벅스)카페모먼트스무스10T,5900,2+1,https://image.woodongs.com/imgsvr/item/GD_8809415439205_001.jpg,음료
GS25,대상)두번달여더진한진간장200ML,2300,2+1,https://image.woodongs.com/imgsvr/item/GD_8801052036090_004.jpg,기타
GS25,대상)양조간장500ML,5800,2+1,https://image.woodongs.com/imgsvr/item/GD_8801052036212_002.jpg,기타
GS25,대상)국간장500ML,5500,2+1,https://image.woodongs.com/imgsvr/item/GD_8801052732343_344.jpg,기타
GS25,대상)진간장500ML,4000,2+1,https://image.woodongs.com/imgsvr/item/GD_8801052036151_004.jpg,기타
GS25,대상)맛선생참치액250G,5300,1+1,https://image.woodongs.com/imgsvr/item/GD_8801052040554_002.jpg,식사류
GS25,대상)맛선생코인육수(4G*15알),7900,1+1,https://image.woodongs.com/imgsvr/item/GD_8801052098913_002.jpg,기타
GS25,대상)야채국물내기한알60G[D2],7900,1+1,https://image.woodongs.com/imgsvr/item/GD_8801052098890_001.jpg,기타
GS25,대상)안주야달콤쫄깃육포30G,3900,2+1,https://image.woodongs.com/imgsvr/item/GD_8801052048710_002.jpg,간식류
GS25,대상)안주야매콤쫄깃육포30G,3900,2+1,https://image.woodongs.com/imgsvr/item/GD_8801052048697_002.jpg,간식류
GS25,대상)안주야치즈촘촘육포30G,3900,2+1,https://image.woodongs.com/imgsvr/item/GD_8801052060309_003.jpg,간식류
GS25,플레이브)군고구마츄60G,4200,2+1,https://image.woodongs.com/imgsvr/item/GD_8801052135205_002.jpg,기타
GS25,리뉴)멀티플러스120ML,3600,2+1,https://image.woodongs.com/imgsvr/item/GD_310119034965.jpg,기타
GS25,페리오휴대용치약칫솔세트,3900,2+1,https://image.woodongs.com/imgsvr/item/GD_8801051000665_667.jpg,기타
GS25,일해)와!명태다20G,2500,2+1,https://image.woodongs.com/imgsvr/item/GD_8809042199633_001.jpg,기타
GS25,카누)미니마일드10입,3800,2+1,https://image.woodongs.com/imgsvr/item/GD_8801037053425.jpg,기타
GS25,카누)미니10입(디카페인),4000,2+1,https://image.woodongs.com/imgsvr/item/GD_8801037058659_002.jpg,음료
GS25,동서)맥심모카골드제로슈거20입,7600,2+1,https://image.woodongs.com/imgsvr/item/GD_8801037015447_002.jpg,음료
GS25,맥심)슈프림골드믹스20입,6700,2+1,https://image.woodongs.com/imgsvr/item/GD_8801037003048_002.jpg,기타
GS25,동서)그래놀라크랜베리아몬드컵,2400,2+1,https://image.woodongs.com/imgsvr/item/GD_8801037097801_002.jpg,기타
GS25,동서)포스트아몬드후레이크컵35G,2400,2+1,https://image.woodongs.com/imgsvr/item/GD_8801037097795_002.jpg,기타
GS25,동서)포스트크리치오컵30G,2400,2+1,https://image.woodongs.com/imgsvr/item/GD_8801037097818_002.jpg,기타
GS25,포스트)그래놀라저당렌틸오트컵,2400,2+1,https://image.woodongs.com/imgsvr/item/GD_8801037099768_001.jpg,기타
GS25,포스트)오곡코코볼컵30G,2200,2+1,https://image.woodongs.com/imgsvr/item/GD_8801037096569_003.jpg,기타
GS25,포스트)오레오오즈컵30G,2200,2+1,https://image.woodongs.com/imgsvr/item/GD_8801037096576_003.jpg,기타
GS25,포스트)콘푸라이트컵30G,2200,2+1,https://image.woodongs.com/imgsvr/item/GD_8801037096552_003.jpg,기타
GS25,동서)단백질바50G,2100,2+1,https://image.woodongs.com/imgsvr/item/GD_8801037094701_002.jpg,간식류
GS25,동서)포스트에너지바45G(액티브),2100,2+1,https://image.woodongs.com/imgsvr/item/GD_8801037096491_002.jpg,간식류
GS25,동서)포스트에너지바50G(밸런스),2100,2+1,https://image.woodongs.com/imgsvr/item/GD_8801037096460_002.jpg,간식류
GS25,동서)포스트오곡코코볼바33G,1900,2+1,https://image.woodongs.com/imgsvr/item/GD_8801037095876_002.jpg,기타
GS25,동서)포스트오레오오즈바24G,1900,2+1,https://image.woodongs.com/imgsvr/item/GD_8801037099973_002.jpg,기타
GS25,동서)포스트오레오오즈바딥초코,1900,2+1,https://image.woodongs.com/imgsvr/item/GD_8801037099966_002.jpg,기타
GS25,동서)포스트콘푸라이트바35G,1900,2+1,https://image.woodongs.com/imgsvr/item/GD_8801037095845_002.jpg,기타
GS25,세꼼마)항균핸드워시250ML(레몬),7900,1+1,https://image.woodongs.com/imgsvr/item/GD_8801051110098_001.jpg,기타
GS25,동서)리츠샌드위치크래커(지함),2400,2+1,https://image.woodongs.com/imgsvr/item/GD_8801037091526_001.jpg,간식류
GS25,오레오)웨하스스틱초코(지함),3400,2+1,https://image.woodongs.com/imgsvr/item/GD_8801037090185_002.jpg,기타
GS25,동서)리츠크래커(지함),2000,2+1,https://image.woodongs.com/imgsvr/item/GD_8801037091519_002.jpg,간식류
GS25,동서)리츠크래커멕시칸타코73G,2000,2+1,https://image.woodongs.com/imgsvr/item/GD_8801037098921_001.jpg,간식류
GS25,동서)리츠크래커바삭김73G,2000,2+1,https://image.woodongs.com/imgsvr/item/GD_8801037097900_002.jpg,간식류
GS25,동서)리츠크래커어니언(지함),2000,2+1,https://image.woodongs.com/imgsvr/item/GD_8801037096217_003.jpg,간식류
GS25,동서)리츠크래커초코(지함),2000,2+1,https://image.woodongs.com/imgsvr/item/GD_8801037094374_001.jpg,간식류
GS25,동서)오레오딸기크림100G,2300,2+1,https://image.woodongs.com/imgsvr/item/GD_8801037088243_244.jpg,기타
GS25,오레오)민트초코(지함),2300,2+1,https://image.woodongs.com/imgsvr/item/GD_8801037094909_002.jpg,기타
GS25,오레오)시나몬번(지함),2300,2+1,https://image.woodongs.com/imgsvr/item/GD_8801037095302_002.jpg,기타
GS25,오레오)씬즈초코크림(지함),2300,2+1,https://image.woodongs.com/imgsvr/item/GD_8801037094763_001.jpg,기타
GS25,오레오)씬즈화이트크림(지함),2300,2+1,https://image.woodongs.com/imgsvr/item/GD_8801037091113_001.jpg,기타
GS25,LG)온더바디촉촉한휘핑비누90G,3000,1+1,https://image.woodongs.com/imgsvr/item/GD_8801051103632_633.jpg,생활/위생용품
GS25,비욘드)모이스춰바디워시300ML,11900,1+1,https://image.woodongs.com/imgsvr/item/GD_8801051349030_002.jpg,기타
GS25,리엔)흑모비책염색약(자연갈색),13900,1+1,https://image.woodongs.com/imgsvr/item/GD_8801051385397_003.jpg,기타
GS25,리엔)흑모비책크림염색흑갈색,13900,1+1,https://image.woodongs.com/imgsvr/item/GD_8801051385410_002.jpg,기타
GS25,히말라야핑크솔트칫솔1입,4900,1+1,https://image.woodongs.com/imgsvr/item/GD_8801051015430_004.jpg,생활/위생용품
GS25,페리오)듀얼클린칫솔(1+1기획),3500,1+1,https://image.woodongs.com/imgsvr/item/GD_8801051094466_004.jpg,생활/위생용품
GS25,페리오)토탈7미세모칫솔,4500,1+1,https://image.woodongs.com/imgsvr/item/GD_8801051097597_001.jpg,생활/위생용품
GS25,히말라야)핑크솔트치약100G,6000,1+1,https://image.woodongs.com/imgsvr/item/GD_8801051109009_001.jpg,생활/위생용품
GS25,페리오)46CM치약쿨민트100G,3900,1+1,https://image.woodongs.com/imgsvr/item/GD_8801051057577_578.jpg,생활/위생용품
GS25,페리오)덴탈쿨링마우스스프레이,4200,2+1,https://image.woodongs.com/imgsvr/item/GD_8801051053234.jpg,기타
GS25,뉴케라시스)데미지린스250ML,6000,1+1,https://image.woodongs.com/imgsvr/item/GD_8801046902073_075.jpg,생활/위생용품
GS25,뉴케라시스)데미지샴푸250ML,6000,1+1,https://image.woodongs.com/imgsvr/item/GD_8801046900932_935.jpg,생활/위생용품
GS25,유어스(P)2080하이브리드칫솔,4000,1+1,https://image.woodongs.com/imgsvr/item/GD_8801046273982_001.jpg,생활/위생용품
GS25,애경)2080진지발리스K치약120G,4400,1+1,https://image.woodongs.com/imgsvr/item/GD_8801046996799_803.jpg,생활/위생용품
GS25,덴탈크리닉2080치약125G,4400,1+1,https://image.woodongs.com/imgsvr/item/GD_8801046846087_090.jpg,생활/위생용품
GS25,덴탈크리닉2080치솔,3000,1+1,https://image.woodongs.com/imgsvr/item/GD_8801046057216_001.jpg,기타
GS25,유어스)어드밴스그랜드치약220G,6200,1+1,https://image.woodongs.com/imgsvr/item/GD_8801046272732_002.jpg,생활/위생용품
GS25,농심)VONO콘스프(3입),4400,2+1,https://image.woodongs.com/imgsvr/item/GD_4901001021994_995.jpg,기타
GS25,농심)VONO포르치니버섯스프(3입),4400,2+1,https://image.woodongs.com/imgsvr/item/GD_4901001022564_566.jpg,기타
GS25,켈)에너지바K크런치넛40G,2000,2+1,https://image.woodongs.com/imgsvr/item/GD_8852756120462_001.jpg,간식류
GS25,켈로그)콘푸로스트바35G,1700,2+1,https://image.woodongs.com/imgsvr/item/GD_8852756120363_002.jpg,기타
GS25,코주부)K육포30G,5900,2+1,https://image.woodongs.com/imgsvr/item/GD_8804888003724_001.jpg,간식류
GS25,농심)가리비관자외피살구이14G,3900,2+1,https://image.woodongs.com/imgsvr/item/GD_4902181098738_001.jpg,기타
GS25,아라움)매콤숯불맛장어구이,5900,2+1,https://image.woodongs.com/imgsvr/item/GD_8809389494163_002.jpg,기타
GS25,아라움)후라이드오징어별떡볶이,5900,2+1,https://image.woodongs.com/imgsvr/item/GD_8809389494149_001.jpg,간식류
GS25,정화)불닭쫄깃쥐포60G,5900,2+1,https://image.woodongs.com/imgsvr/item/GD_8801308490539_001.jpg,간식류
GS25,정화)NEW해오징어버터구이36G,3900,2+1,https://image.woodongs.com/imgsvr/item/GD_8801308490560_001.jpg,기타
GS25,헬로)츄츄(고양이간식/참치),800,2+1,https://image.woodongs.com/imgsvr/item/GD_8809266834143_002.jpg,간식류
GS25,퍼피아이)고구마오리100G,4500,2+1,https://image.woodongs.com/imgsvr/item/GD_8809734723795_001.jpg,기타
GS25,퍼피아이)고구마치킨100G,4500,2+1,https://image.woodongs.com/imgsvr/item/GD_8809734722705_001.jpg,기타
GS25,퍼피아이)오리육포100G,4500,2+1,https://image.woodongs.com/imgsvr/item/GD_8809734724716_001.jpg,간식류
GS25,홍선)도톰한민속육포30G,6600,1+1,https://image.woodongs.com/imgsvr/item/GD_8802456000199_001.jpg,간식류
GS25,홍선)부드러운쇠고기육포30G,6600,1+1,https://image.woodongs.com/imgsvr/item/GD_8802456000182_001.jpg,간식류
GS25,에너자이저프라이머리알카AA4,7400,2+1,https://image.woodongs.com/imgsvr/item/GD_8888021309133_001.jpg,기타
GS25,에너자이저프라이머리알카AAA4,7400,2+1,https://image.woodongs.com/imgsvr/item/GD_8888021309096_001.jpg,기타
GS25,에너자이저프라이머리알카AA2입,4400,2+1,https://image.woodongs.com/imgsvr/item/GD_8888021309119_002.jpg,기타
GS25,에너자이저프라이머리알카AAA2입,4400,2+1,https://image.woodongs.com/imgsvr/item/GD_8888021309072_002.jpg,기타
GS25,에너자이저맥스플러스AA4입,10900,2+1,https://image.woodongs.com/imgsvr/item/GD_8809175300487_002.jpg,기타
GS25,에너자이저맥스플러스AAA4입,10900,2+1,https://image.woodongs.com/imgsvr/item/GD_8809175300555_002.jpg,기타
GS25,에너자이저맥스플러스AA2입,6600,2+1,https://image.woodongs.com/imgsvr/item/GD_8809175300470_002.jpg,기타
GS25,에너자이저맥스플러스AAA2입,6600,2+1,https://image.woodongs.com/imgsvr/item/GD_8809175300548_002.jpg,기타
GS25,뉴트리플랜)라이트팝단호박,4500,2+1,https://image.woodongs.com/imgsvr/item/GD_8801047644637_001.jpg,기타
GS25,뉴트리플랜)라이트팝자색고구마,4500,2+1,https://image.woodongs.com/imgsvr/item/GD_8801047644613_001.jpg,기타
GS25,뉴트리플랜)소프트뮨닭가슴100G,2500,1+1,https://image.woodongs.com/imgsvr/item/GD_8801047648871_001.jpg,기타
GS25,뉴트리플랜)소프트뮨참치&닭가슴,2500,1+1,https://image.woodongs.com/imgsvr/item/GD_8801047648864_001.jpg,식사류
GS25,동원)애묘프로틴스틱참치&닭5입,4000,1+1,https://image.woodongs.com/imgsvr/item/GD_8801047647881_001.jpg,기타
GS25,동원)애묘프로틴스틱참치5입,4000,1+1,https://image.woodongs.com/imgsvr/item/GD_8801047647874_001.jpg,기타
GS25,뉴트리플랜)하루영양(면역/관절),2400,2+1,https://image.woodongs.com/imgsvr/item/GD_8801047646563_002.jpg,식사류
GS25,뉴트리플랜)하루영양(유리너리),2400,2+1,https://image.woodongs.com/imgsvr/item/GD_8801047646556_002.jpg,기타
GS25,뉴트리플랜)디쉬(참치&닭가슴살),3000,2+1,https://image.woodongs.com/imgsvr/item/GD_8801047646235_001.jpg,식사류
GS25,뉴트리플랜)애견홀릭(닭가슴살),3000,2+1,https://image.woodongs.com/imgsvr/item/GD_8801047646303_002.jpg,기타
GS25,뉴트리플랜)애견홀릭(흰살참치),3000,2+1,https://image.woodongs.com/imgsvr/item/GD_8801047646297_002.jpg,식사류
GS25,뉴트리스틱)참치&닭가슴살14G*4,3000,1+1,https://image.woodongs.com/imgsvr/item/GD_8801047648024_001.JPG,기타
GS25,뉴트리스틱)참치&연어14G*4,3000,1+1,https://image.woodongs.com/imgsvr/item/GD_8801047648048_001.JPG,기타
GS25,뉴트리스틱)참치14G*4,3000,1+1,https://image.woodongs.com/imgsvr/item/GD_8801047648000_001.JPG,기타
GS25,동원)애묘파우치(참치와연어)80G,1500,2+1,https://image.woodongs.com/imgsvr/item/GD_8801047643043_001.jpg,식사류
GS25,동원)뉴트리플랜참치(닭가슴살),2000,2+1,https://image.woodongs.com/imgsvr/item/GD_8801047642015_001.jpg,식사류
GS25,동원)뉴트리플랜참치(멸치),2000,2+1,https://image.woodongs.com/imgsvr/item/GD_8801047642008_002.jpg,식사류
GS25,동원)뉴트리플랜참치(치즈),2000,2+1,https://image.woodongs.com/imgsvr/item/GD_8801047642022_002.jpg,식사류
GS25,반려동물)논슬립패드10매,1900,1+1,https://image.woodongs.com/imgsvr/item/GD_8809638137162_002.jpg,기타
GS25,띵크독)소고기우유껌70G,3200,2+1,https://image.woodongs.com/imgsvr/item/GD_8809509987643_002.jpg,간식류
GS25,띵크독)연어우유껌70G,3200,2+1,https://image.woodongs.com/imgsvr/item/GD_8809509987650_002.jpg,간식류
GS25,수제의여왕)소고기슬라이스70G,3200,2+1,https://image.woodongs.com/imgsvr/item/GD_8809488873029_001.jpg,기타
GS25,수제의여왕)소고기큐브70G,3200,2+1,https://image.woodongs.com/imgsvr/item/GD_8809488873005_001.jpg,기타
GS25,온)코튼풋발을씻자여행용50ML,9900,1+1,https://image.woodongs.com/imgsvr/item/GD_8809949568570_002.jpg,기타
GS25,오가)히말라야핑크바디워시200G,5500,1+1,https://image.woodongs.com/imgsvr/item/GD_8801051298970_001.jpg,기타
GS25,오가니스트)크랜베리바디워시500,9900,1+1,https://image.woodongs.com/imgsvr/item/GD_8801051107289_002.jpg,기타
GS25,페리오)이지클리닉미세모칫솔,2200,1+1,https://image.woodongs.com/imgsvr/item/GD_8801051010367_368.jpg,생활/위생용품
GS25,LG)페리오토탈7오리지널120G,4700,1+1,https://image.woodongs.com/imgsvr/item/GD_8801051064223_225.jpg,생활/위생용품
GS25,오가)핑크솔트시카샴푸,7000,1+1,https://image.woodongs.com/imgsvr/item/GD_8801051299274_001.jpg,생활/위생용품
GS25,엘)프로틴트리트먼트200ML,12900,1+1,https://image.woodongs.com/imgsvr/item/GD_8809949543881_001.jpg,기타
GS25,엘)프로틴헤어세럼100ML,12900,1+1,https://image.woodongs.com/imgsvr/item/GD_8809949543898_001.jpg,기타
GS25,엘라스틴)프로틴볼륨샴푸480ML,12900,1+1,https://image.woodongs.com/imgsvr/item/GD_8801051307023_001.jpg,생활/위생용품
GS25,엘라스틴)프로틴샴푸480ML,12900,1+1,https://image.woodongs.com/imgsvr/item/GD_8801051292916_001.jpg,생활/위생용품
GS25,엘라스틴)퍼퓸러브미샴푸400ML,11900,1+1,https://image.woodongs.com/imgsvr/item/GD_8801051152845_846.jpg,생활/위생용품
GS25,뉴트로지나데일리립밤,5100,2+1,https://image.woodongs.com/imgsvr/item/GD_8801008004876_002.jpg,기타
GS25,리스테린)토탈케어100ML,2700,2+1,https://image.woodongs.com/imgsvr/item/GD_8801008002131_003.jpg,기타
GS25,리스테린)토탈케어마일드100ML,2700,2+1,https://image.woodongs.com/imgsvr/item/GD_8801108005803_001.jpg,기타
GS25,리스테린)그린티100ML,2400,2+1,https://image.woodongs.com/imgsvr/item/GD_8801008700389_003.jpg,기타
GS25,리스테린)쿨민트100ML,2400,2+1,https://image.woodongs.com/imgsvr/item/GD_8801008700174_175.jpg,기타
GS25,리스테린)쿨민트마일드100ML,2400,2+1,https://image.woodongs.com/imgsvr/item/GD_8801108000273_002.jpg,기타
GS25,리스테린)그린티250ML,5000,2+1,https://image.woodongs.com/imgsvr/item/GD_8801008700358_002.jpg,기타
GS25,리스테린)쿨민트250ML,5000,2+1,https://image.woodongs.com/imgsvr/item/GD_8801008700105_107.jpg,기타
GS25,리스테린)쿨민트마일드250ML,5000,2+1,https://image.woodongs.com/imgsvr/item/GD_8801008003848_003.jpg,기타
GS25,존슨즈)베이비베드타임로션100ML,6000,2+1,https://image.woodongs.com/imgsvr/item/GD_8801008006344_002.jpg,음료
GS25,존슨즈)베이비오일125ML,6000,2+1,https://image.woodongs.com/imgsvr/item/GD_8801008021200_003.jpg,기타
GS25,존슨즈베이비핑크로션100ML,6000,2+1,https://image.woodongs.com/imgsvr/item/GD_8801008002858_004.jpg,기타
GS25,오일컨트롤필름60입,5000,2+1,https://image.woodongs.com/imgsvr/item/GD_8801008200629_632.jpg,기타
GS25,봄날)소소한입군고구마20G,1500,2+1,https://image.woodongs.com/imgsvr/item/GD_8809437450462_002.jpg,기타
GS25,봄날)군고구마말랭이60G,3400,2+1,https://image.woodongs.com/imgsvr/item/GD_8809437450257_001.jpg,기타
GS25,CJ)맛밤60G*4번들,14500,1+1,https://image.woodongs.com/imgsvr/item/GD_8801007908861_003.jpg,간식류
GS25,세이면)우리쌀떡국181G,3500,2+1,https://image.woodongs.com/imgsvr/item/GD_8809393810539_002.jpg,간식류
GS25,폰타나뽀모도로파스타소스150G,4100,2+1,https://image.woodongs.com/imgsvr/item/GD_8801005961585_002.jpg,기타
GS25,크라운)빅파이3200,3200,2+1,https://image.woodongs.com/imgsvr/item/GD_8801111180481_483.jpg,간식류
GS25,크라운)쿠크다스3000,3000,2+1,https://image.woodongs.com/imgsvr/item/GD_8801111186117_119.jpg,간식류
GS25,크라운)산도(딸기)161G,2500,2+1,https://image.woodongs.com/imgsvr/item/GD_8801111917421_002.jpg,간식류
GS25,해태)프리츠발효버터(지함),1500,2+1,https://image.woodongs.com/imgsvr/item/GD_8801019317774_004.jpg,간식류
GS25,해태)프리츠토마토(지함),1500,2+1,https://image.woodongs.com/imgsvr/item/GD_8801019317767_005.jpg,간식류
GS25,해태)에이스씬솔티카라멜145G,2500,2+1,https://image.woodongs.com/imgsvr/item/GD_8801019320347_001.jpg,간식류
GS25,해태)샌드에이스연세우유크림51G,1500,2+1,https://image.woodongs.com/imgsvr/item/GD_8801019320125_001.jpg,간식류
GS25,해태)미니자유시간200G,6000,2+1,https://image.woodongs.com/imgsvr/item/GD_8801019207693_001.jpg,간식류
GS25,해태)화이트엔젤큐티슈27G,1700,2+1,https://image.woodongs.com/imgsvr/item/GD_8801019209277_001.jpg,생활/위생용품
GS25,담터)자판기우유맛한잔(원컵),1800,2+1,https://image.woodongs.com/imgsvr/item/GD_8809257335314_002.jpg,음료
GS25,담터)쌍화차(원컵),1800,2+1,https://image.woodongs.com/imgsvr/item/GD_8803284610994_002.jpg,기타
GS25,담터)포켓몬핫초코10입 [D2],7000,1+1,https://image.woodongs.com/imgsvr/item/GD_8809257334003_002.jpg,기타
GS25,샘표)우리엄마메추리알장조림,3800,2+1,https://image.woodongs.com/imgsvr/item/GD_8801005484824_825.jpg,기타
GS25,샘표)우리엄마깨끗한깻잎70G,3200,2+1,https://image.woodongs.com/imgsvr/item/GD_8801005302838_002.jpg,기타
GS25,한성)런천미트340G,5900,2+1,https://image.woodongs.com/imgsvr/item/GD_8801074259637_002.jpg,기타
GS25,한성)런천미트200G[D2],3900,2+1,https://image.woodongs.com/imgsvr/item/GD_8801074256308_001.jpg,기타
GS25,한성)고미트햄340G[D2],8200,2+1,https://image.woodongs.com/imgsvr/item/GD_8801074006385_002.jpg,기타
GS25,사조)살코기참치150G,4300,2+1,https://image.woodongs.com/imgsvr/item/GD_8801075010923_924.jpg,식사류
GS25,사조)살코기참치100G,3300,2+1,https://image.woodongs.com/imgsvr/item/GD_8801075011630_631.jpg,식사류
GS25,한성)쇠고기육포30G,5500,2+1,https://image.woodongs.com/imgsvr/item/GD_8801074008280_002.jpg,간식류
GS25,한성)일품도톰육포45G,5500,2+1,https://image.woodongs.com/imgsvr/item/GD_8801074006439_001.jpg,간식류
GS25,한성)일품쇠고기육포30G,5500,2+1,https://image.woodongs.com/imgsvr/item/GD_8801074009508_002.jpg,간식류
GS25,한성)일품실오징어30G,6600,2+1,https://image.woodongs.com/imgsvr/item/GD_8801074010207_001.jpg,간식류
GS25,한성)일품촉촉매콤스틱오징어30G,6600,2+1,https://image.woodongs.com/imgsvr/item/GD_8801074010535_001.jpg,기타
GS25,한성)일품촉촉스틱오징어30G,6600,2+1,https://image.woodongs.com/imgsvr/item/GD_8801074010528_001.jpg,기타
GS25,한성)철판구이오징어30G,6600,2+1,https://image.woodongs.com/imgsvr/item/GD_8801074007627_002.jpg,기타
GS25,샘표)질러우육포라이트30G,5400,2+1,https://image.woodongs.com/imgsvr/item/GD_8801005014281_001.jpg,간식류
GS25,샘표)질러크레이지핫육포30G,4900,2+1,https://image.woodongs.com/imgsvr/item/GD_8801005013215_001.jpg,간식류
GS25,바이오)솔티드고구마스틱90G,5900,2+1,https://image.woodongs.com/imgsvr/item/GD_8800244143929_001.jpg,기타
GS25,사조)쥐포후라이드불닭맛40G,5900,2+1,https://image.woodongs.com/imgsvr/item/GD_8801039011782_001.jpg,간식류
GS25,사조)쥐포후라이드허니소이맛40G,5900,2+1,https://image.woodongs.com/imgsvr/item/GD_8801039011775_001.jpg,간식류
GS25,CJ)맛콩검은콩50G,2900,1+1,https://image.woodongs.com/imgsvr/item/GD_8801392158353_002.jpg,기타
GS25,CJ)맛콩병아리콩50G,2900,1+1,https://image.woodongs.com/imgsvr/item/GD_8801392158278_002.jpg,기타
GS25,이모카세)김자반50G,5000,1+1,https://image.woodongs.com/imgsvr/item/GD_8809041725284_002.jpg,식사류
GS25,이모카세)도시락김(12봉),10500,1+1,https://image.woodongs.com/imgsvr/item/GD_8809041724805_003.jpg,식사류
GS25,성경)곱창김14G,2000,2+1,https://image.woodongs.com/imgsvr/item/GD_8807004004063_002.jpg,기타
GS25,성경)재래도시락김(10봉),5000,1+1,https://image.woodongs.com/imgsvr/item/GD_8807004111242_001.jpg,식사류
GS25,성경)참돌자반70G,6000,1+1,https://image.woodongs.com/imgsvr/item/GD_8807004804762_002.jpg,기타
GS25,성경)세번구운김밥김22G,5000,2+1,https://image.woodongs.com/imgsvr/item/GD_8807004000904_002.jpg,기타
GS25,CJ)햇반귀리소고기죽265G,6900,1+1,https://image.woodongs.com/imgsvr/item/GD_8801392149917_002.jpg,식사류
GS25,CJ)햇반파로녹두닭죽265G,6900,1+1,https://image.woodongs.com/imgsvr/item/GD_8801392149870_002.jpg,식사류
GS25,CJ)햇반파로통곡물죽265G,6900,1+1,https://image.woodongs.com/imgsvr/item/GD_8801392149894_002.jpg,식사류
GS25,CJ)햇반누룽지닭백숙죽267G,5500,2+1,https://image.woodongs.com/imgsvr/item/GD_8801392114519_002.jpg,식사류
GS25,CJ)햇반단호박죽267G,5500,2+1,https://image.woodongs.com/imgsvr/item/GD_8801392114458_002.jpg,식사류
GS25,CJ)햇반버섯야채죽268G,5500,2+1,https://image.woodongs.com/imgsvr/item/GD_8801392114151_002.jpg,식사류
GS25,CJ)햇반소고기죽268G,5500,2+1,https://image.woodongs.com/imgsvr/item/GD_8801392114496_002.jpg,식사류
GS25,CJ)햇반통단팥죽267G,5500,2+1,https://image.woodongs.com/imgsvr/item/GD_8801392114434_002.jpg,식사류
GS25,동원)상상육포40G(스테이크),5900,2+1,https://image.woodongs.com/imgsvr/item/GD_8801047183655_002.jpg,간식류
GS25,동원)상상육포클래식40G,5900,2+1,https://image.woodongs.com/imgsvr/item/GD_8801047182948_002.jpg,간식류
GS25,CJ)맛군밤60G,3900,2+1,https://image.woodongs.com/imgsvr/item/GD_8801007427386_002.jpg,간식류
GS25,CJ)맛밤80G,3900,2+1,https://image.woodongs.com/imgsvr/item/GD_8801007022635_639.jpg,간식류
GS25,세아)킹오쨩103G,15900,2+1,https://image.woodongs.com/imgsvr/item/GD_8809877690459_002.jpg,기타
GS25,세아)NEW바베큐조미오징어50G,6900,2+1,https://image.woodongs.com/imgsvr/item/GD_8809877690176_002.jpg,간식류
GS25,세아)매콤달콤먹태구이40G,6900,2+1,https://image.woodongs.com/imgsvr/item/GD_8809877690589_002.jpg,기타
GS25,세아)삼천포맛오징어32G,6900,2+1,https://image.woodongs.com/imgsvr/item/GD_8809877690374_003.jpg,간식류
GS25,세아)킹오쨩32G,6900,2+1,https://image.woodongs.com/imgsvr/item/GD_8809877690442_002.jpg,기타
GS25,오리온)다이제초코미니(6입),4000,2+1,https://image.woodongs.com/imgsvr/item/GD_8801117280611_001.jpg,간식류
GS25,오리온)쉘위카카오408G,6000,2+1,https://image.woodongs.com/imgsvr/item/GD_8801117561314_002.jpg,간식류
GS25,오리온)쉘위클래식408G,6000,2+1,https://image.woodongs.com/imgsvr/item/GD_8801117559519_002.jpg,간식류
GS25,오리온)카스타드276G,5400,2+1,https://image.woodongs.com/imgsvr/item/GD_8801117948511_002.jpg,간식류
GS25,오리온)마켓오한끼바40G,1500,2+1,https://image.woodongs.com/imgsvr/item/GD_8801117162306_001.jpg,간식류
GS25,오)오!그래놀라저당통보리255G,6200,2+1,https://image.woodongs.com/imgsvr/item/GD_8801117184605_002.jpg,음료
GS25,동원)참치튜나페(갈릭마요),4900,2+1,https://image.woodongs.com/imgsvr/item/GD_8801047854128_001.jpg,식사류
GS25,동원)참치튜나페(고소마요),4900,2+1,https://image.woodongs.com/imgsvr/item/GD_8801047828396_003.jpg,식사류
GS25,CJ)스팸25%라이트340G[D2],8900,2+1,https://image.woodongs.com/imgsvr/item/GD_8801007029641_007.jpg,기타
GS25,CJ)스팸340G,8900,2+1,https://image.woodongs.com/imgsvr/item/GD_8801007512235_237.jpg,기타
GS25,CJ)스팸200G,6900,2+1,https://image.woodongs.com/imgsvr/item/GD_8801007512259_262.jpg,기타
GS25,CJ)스팸120G,4700,2+1,https://image.woodongs.com/imgsvr/item/GD_8801007314891_001.jpg,기타
GS25,오뚜기)가벼운참치135G[D2],3900,2+1,https://image.woodongs.com/imgsvr/item/GD_8801045429557_002.jpg,식사류
GS25,오뚜기)마일드참치135G[D2],3900,2+1,https://image.woodongs.com/imgsvr/item/GD_8801045501895_001.jpg,식사류
GS25,오뚜기)살코기참치135G,3900,2+1,https://image.woodongs.com/imgsvr/item/GD_8801045233444_001.jpg,식사류
GS25,오리온)핫브레이크416G,10000,2+1,https://image.woodongs.com/imgsvr/item/GD_8801117498405_001.jpg,간식류
GS25,허쉬)레귤러바쿠앤크카라멜38G,2000,2+1,https://image.woodongs.com/imgsvr/item/GD_6942836725181_001.jpg,간식류
GS25,허쉬)밀크초콜릿40G,2000,2+1,https://image.woodongs.com/imgsvr/item/GD_03424005_007.jpg,간식류
GS25,허쉬)아몬드초콜릿40G,2000,2+1,https://image.woodongs.com/imgsvr/item/GD_03424102_104.jpg,간식류
GS25,허쉬)쿠키앤크림초콜릿40G,2000,2+1,https://image.woodongs.com/imgsvr/item/GD_034000239344_348.jpg,간식류
GS25,롯데)허쉬너겟밀크56G,3000,2+1,https://image.woodongs.com/imgsvr/item/GD_6942836724825_001.jpg,간식류
GS25,롯데)허쉬너겟쿠앤크56G,3000,2+1,https://image.woodongs.com/imgsvr/item/GD_6942836725082_001.jpg,간식류
GS25,롯데)키세스밀크52G,2700,2+1,https://image.woodongs.com/imgsvr/item/GD_8801062641826_003.jpg,기타
GS25,롯데)키세스아몬드52G,2700,2+1,https://image.woodongs.com/imgsvr/item/GD_8801062641895_004.jpg,기타
GS25,롯데)키세스쿠키앤크림52G,2700,2+1,https://image.woodongs.com/imgsvr/item/GD_8801062642021_004.jpg,간식류
GS25,하림)더미식경상도소고기뭇국,7500,1+1,https://image.woodongs.com/imgsvr/item/GD_8809778498710_002.jpg,기타
GS25,하림)더미식큼직한두부김치찌개,7500,1+1,https://image.woodongs.com/imgsvr/item/GD_8809778499236_001.jpg,식사류
GS25,하림)더미식큼직한두부된장찌개,7500,1+1,https://image.woodongs.com/imgsvr/item/GD_8809778499243_001.jpg,식사류
GS25,동원)양반전통김17G,2000,2+1,https://image.woodongs.com/imgsvr/item/GD_8801047222118_119.jpg,기타
GS25,동원)양반김(들기름김)4.5G,800,2+1,https://image.woodongs.com/imgsvr/item/GD_8801047224341_343.jpg,기타
GS25,동원)더바삭한양반김5G,1000,2+1,https://image.woodongs.com/imgsvr/item/GD_8801047224259_002.jpg,기타
GS25,삼양)스틱불닭소스16G(1포),700,1+1,https://image.woodongs.com/imgsvr/item/GD_8801073411517_002.jpg,기타
GS25,삼양)까르보불닭소스200G,5000,2+1,https://image.woodongs.com/imgsvr/item/GD_8801073411425_002.jpg,기타
GS25,삼양)불닭소스200G,5000,2+1,https://image.woodongs.com/imgsvr/item/GD_8801073910263_002.jpg,기타
GS25,삼양)까르보불닭떡볶이179G,3500,2+1,https://image.woodongs.com/imgsvr/item/GD_8801073310933_001.jpg,간식류
GS25,삼양)로제불닭떡볶이183G,3500,2+1,https://image.woodongs.com/imgsvr/item/GD_8801073311299_002.jpg,간식류
GS25,삼양)불닭떡볶이185G,3500,2+1,https://image.woodongs.com/imgsvr/item/GD_8801073310926_002.jpg,간식류
GS25,CJ)햇반(발아현미밥)130G(3입),5950,2+1,https://image.woodongs.com/imgsvr/item/GD_8801007281223_224.jpg,식사류
GS25,CJ)햇반(흑미밥)130G(3입),5950,2+1,https://image.woodongs.com/imgsvr/item/GD_8801007281247_248.jpg,식사류
GS25,CJ)10분쿡간장찜닭소스100G,4500,1+1,https://image.woodongs.com/imgsvr/item/GD_8801392122842_002.jpg,기타
GS25,CJ)10분쿡고등어조림소스120G,4500,1+1,https://image.woodongs.com/imgsvr/item/GD_8801392122903_002.jpg,기타
GS25,CJ)10분쿡된장보쌈소스120G,4500,1+1,https://image.woodongs.com/imgsvr/item/GD_8801392122705_002.jpg,기타
GS25,CJ)꾸덕납작누들(매콤로제),4500,2+1,https://image.woodongs.com/imgsvr/item/GD_8801392162015_002.jpg,기타
GS25,CJ)꾸덕납작누들(숯불치킨맛),4500,2+1,https://image.woodongs.com/imgsvr/item/GD_8801392158391_001.jpg,기타
GS25,CJ)비비고닭곰탕500G,5900,2+1,https://image.woodongs.com/imgsvr/item/GD_8801007556376_002.jpg,식사류
GS25,CJ)비비고설렁탕500G,5900,2+1,https://image.woodongs.com/imgsvr/item/GD_8801007560922_002.jpg,식사류
GS25,CJ)비비고소고기미역국500G,5900,2+1,https://image.woodongs.com/imgsvr/item/GD_8801007561677_002.jpg,식사류
GS25,CJ)비비고육개장500G,5900,2+1,https://image.woodongs.com/imgsvr/item/GD_8801007526515_001.jpg,식사류
GS25,CJ)햇반파로누룽지30G,2400,2+1,https://image.woodongs.com/imgsvr/item/GD_8801392154942_002.jpg,기타
GS25,CJ)햇반현미누룽지30G,2400,2+1,https://image.woodongs.com/imgsvr/item/GD_8801392154966_002.jpg,기타
GS25,CJ)비비고떡볶이컵110G,3900,2+1,https://image.woodongs.com/imgsvr/item/GD_8801392090455_003.jpg,간식류
GS25,CJ)햇반발아현미밥작은공기130G,2100,2+1,https://image.woodongs.com/imgsvr/item/GD_8801007915364_002.jpg,식사류
GS25,CJ)햇반흑미밥작은공기130G,2100,2+1,https://image.woodongs.com/imgsvr/item/GD_8801007915340_002.jpg,식사류
GS25,CJ)말차햇반150G,2800,2+1,https://image.woodongs.com/imgsvr/item/GD_8801392179099_001.jpg,음료
GS25,CJ)햇반(발아현미밥)210G,2800,2+1,https://image.woodongs.com/imgsvr/item/GD_8801007010410.jpg,식사류
GS25,CJ)햇반(찰잡곡밥)210G,2800,2+1,https://image.woodongs.com/imgsvr/item/GD_8801007818955_001.jpg,식사류
GS25,CJ)햇반매일잡곡밥210G,2800,2+1,https://image.woodongs.com/imgsvr/item/GD_8801007684543_003.jpg,식사류
GS25,CJ)큰햇반300G(3입),8300,2+1,https://image.woodongs.com/imgsvr/item/GD_8801007289649.jpg,기타
GS25,CJ)햇반작은공기130G(3입),5100,2+1,https://image.woodongs.com/imgsvr/item/GD_8801007256238_002.jpg,기타
GS25,CJ)햇반반공기130G,1700,2+1,https://image.woodongs.com/imgsvr/item/GD_8801007002989_990.jpg,기타
GS25,CJ)큰햇반300G,2900,2+1,https://image.woodongs.com/imgsvr/item/GD_8801007054186_001.jpg,기타
GS25,CJ)햇반(원형)210G,2100,2+1,https://image.woodongs.com/imgsvr/item/GD_8801007310572_573.jpg,기타
GS25,오뚜기)바몬드고형카레약매,5500,2+1,https://image.woodongs.com/imgsvr/item/GD_8801045010182_001.jpg,기타
GS25,오뚜기)컵떡볶이로제140G,3900,2+1,https://image.woodongs.com/imgsvr/item/GD_8801045906560_001.jpg,간식류
GS25,오뚜기)컵떡볶이오리지널136G,3900,2+1,https://image.woodongs.com/imgsvr/item/GD_8801045676869_001.jpg,간식류
GS25,오뚜기)이금기동파육180G,6500,1+1,https://image.woodongs.com/imgsvr/item/GD_8801045904801_002.jpg,기타
GS25,오뚜기)이금기순살사태불족발,6500,1+1,https://image.woodongs.com/imgsvr/item/GD_8801045941592_002.jpg,식사류
GS25,오뚜기)간편육수링(멸치&디포리),7900,1+1,https://image.woodongs.com/imgsvr/item/GD_8801045500973_002.jpg,기타
GS25,오뚜기)로스티드콘스프24G(3입),4400,1+1,https://image.woodongs.com/imgsvr/item/GD_8801045599533_002.jpg,기타
GS25,오뚜기)마포식차돌된장찌개500G,8500,1+1,https://image.woodongs.com/imgsvr/item/GD_8801045634630_002.jpg,식사류
GS25,오뚜기)의정부식부대찌개500G,8500,1+1,https://image.woodongs.com/imgsvr/item/GD_8801045290973_002.jpg,식사류
GS25,오뚜기)종로식도가니탕500G,10900,1+1,https://image.woodongs.com/imgsvr/item/GD_8801045290829_002.jpg,기타
GS25,오뚜기)사골곰탕500G,3000,1+1,https://image.woodongs.com/imgsvr/item/GD_8801045290102_001.jpg,식사류
GS25,오뚜기)미역국밥(컵밥),4800,1+1,https://image.woodongs.com/imgsvr/item/GD_8801045447063_002.jpg,식사류
GS25,오뚜기)사골곰탕밥(컵밥),4800,1+1,https://image.woodongs.com/imgsvr/item/GD_8801045681849_002.jpg,식사류
GS25,오뚜기)순후추돼지국밥(컵밥),4800,1+1,https://image.woodongs.com/imgsvr/item/GD_8801045897585_002.jpg,식사류
GS25,오뚜기)진짬뽕밥(컵밥),4800,1+1,https://image.woodongs.com/imgsvr/item/GD_8801045892276_002.jpg,식사류
GS25,오뚜기)계란야채죽285G,4500,1+1,https://image.woodongs.com/imgsvr/item/GD_8801045303055_003.jpg,식사류
GS25,오뚜기)단호박죽285G,4500,1+1,https://image.woodongs.com/imgsvr/item/GD_8801045303048_001.jpg,식사류
GS25,오뚜기)쇠고기죽285G,4500,1+1,https://image.woodongs.com/imgsvr/item/GD_8801045303017_003.jpg,식사류
GS25,오뚜기)영양닭죽285G,4500,1+1,https://image.woodongs.com/imgsvr/item/GD_8801045303062_001.jpg,식사류
GS25,오뚜기)통단팥죽285G,4500,1+1,https://image.woodongs.com/imgsvr/item/GD_8801045303031_001.jpg,식사류
GS25,오뚜기)전복죽285G,4500,2+1,https://image.woodongs.com/imgsvr/item/GD_8801045303000_001.jpg,식사류
GS25,농심)배홍동막국수(봉지),1700,2+1,https://image.woodongs.com/imgsvr/item/GD_8801043060127_001.jpg,기타
GS25,농심)배홍동쫄쫄면(봉지),1700,2+1,https://image.woodongs.com/imgsvr/item/GD_8801043067430_003.jpg,식사류
GS25,농심)배홍동칼빔면(봉지),1700,2+1,https://image.woodongs.com/imgsvr/item/GD_8801043029964_002.jpg,식사류
GS25,농심)배홍동비빔면(봉지),1250,2+1,https://image.woodongs.com/imgsvr/item/GD_8801043060356_001.jpg,식사류
GS25,농심)신라면로제(봉지),1500,2+1,https://image.woodongs.com/imgsvr/item/GD_8801043065368_001.jpg,식사류
GS25,농심)신라면툼바(봉지),1500,2+1,https://image.woodongs.com/imgsvr/item/GD_8801043018951_002.jpg,식사류
GS25,농심)라뽁구리큰사발면(대컵),1900,2+1,https://image.woodongs.com/imgsvr/item/GD_8801043044592_001.jpg,식사류
GS25,농심)누들핏새우탕맛(소컵),1800,2+1,https://image.woodongs.com/imgsvr/item/GD_8801043047838_001.jpg,기타
GS25,농심)누들핏육개장사발면맛,1800,2+1,https://image.woodongs.com/imgsvr/item/GD_8801043006460_002.jpg,식사류
GS25,농심)배홍동큰사발(대컵),1800,2+1,https://image.woodongs.com/imgsvr/item/GD_8801043011235_001.jpg,기타
GS25,농심)신라면건면사발(대컵),1800,2+1,https://image.woodongs.com/imgsvr/item/GD_8801043056489_002.jpg,식사류
GS25,농심)신라면로제큰사발면(대컵),1800,2+1,https://image.woodongs.com/imgsvr/item/GD_8801043062435_001.jpg,식사류
GS25,농심)신라면툼바큰사발(대컵),1800,2+1,https://image.woodongs.com/imgsvr/item/GD_8801043017022_002.jpg,식사류
GS25,농심)짜파게티더블랙사발(대컵),1800,2+1,https://image.woodongs.com/imgsvr/item/GD_8801043022262_002.jpg,기타
GS25,농심)김치큰사발(대컵),1500,2+1,https://image.woodongs.com/imgsvr/item/GD_8801043015929_931.jpg,기타
GS25,농심)사리곰탕큰사발(대컵),1500,2+1,https://image.woodongs.com/imgsvr/item/GD_8801043015943_945.jpg,식사류
GS25,농심)새우탕(소컵),1250,2+1,https://image.woodongs.com/imgsvr/item/GD_8801043015776_778.jpg,기타
GS25,농심)튀김우동(소컵),1250,2+1,https://image.woodongs.com/imgsvr/item/GD_8801043015813_001.jpg,기타
GS25,하림)장인라면담백한맛(대컵),2800,2+1,https://image.woodongs.com/imgsvr/item/GD_8801492380357_002.jpg,식사류
GS25,하림)장인라면맵싸한맛(대컵),2800,2+1,https://image.woodongs.com/imgsvr/item/GD_8809778496075_002.jpg,식사류
GS25,하림)치킨왕라면(대컵),1800,2+1,https://image.woodongs.com/imgsvr/item/GD_8800354750277_001.jpg,식사류
GS25,하림)훌라면(봉지),1600,2+1,https://image.woodongs.com/imgsvr/item/GD_8800354750161_001.jpg,식사류
GS25,삼양)맵탱김치비빔면(봉지),1400,1+1,https://image.woodongs.com/imgsvr/item/GD_8801073116856_002.jpg,식사류
GS25,삼양)맵탱마늘조개라면(봉),1500,2+1,https://image.woodongs.com/imgsvr/item/GD_8801073116269_001.jpg,식사류
GS25,삼양)맵탱청양대파라면(봉),1500,2+1,https://image.woodongs.com/imgsvr/item/GD_8801073116290_001.jpg,식사류
GS25,삼양)탱글갈릭오일파스타(봉지),2200,2+1,https://image.woodongs.com/imgsvr/item/GD_8801073116849_001.jpg,식사류
GS25,삼양)탱글머쉬룸크림파스타(봉지,2200,2+1,https://image.woodongs.com/imgsvr/item/GD_8801073116832_001.jpg,식사류
GS25,삼양)1963삼양라면(봉지),1900,2+1,https://image.woodongs.com/imgsvr/item/GD_8801073117037_001.jpg,식사류
GS25,삼양)1963우지파개장(대컵),1950,2+1,https://image.woodongs.com/imgsvr/item/GD_8801073217270_001.jpg,기타
GS25,삼양)맵탱마늘조개라면(대컵),1800,1+1,https://image.woodongs.com/imgsvr/item/GD_8801073216198_004.jpg,식사류
GS25,삼양)맵탱청양고추대파(대컵),1800,1+1,https://image.woodongs.com/imgsvr/item/GD_8801073216204_003.jpg,기타
GS25,삼양)탱글갈릭오일파스타(대컵),2500,2+1,https://image.woodongs.com/imgsvr/item/GD_8801073216570_001.jpg,식사류
GS25,삼양)탱글머쉬룸파스타(대컵),2500,2+1,https://image.woodongs.com/imgsvr/item/GD_8801073216563_001.jpg,식사류
GS25,오뚜기)진밀면(봉지),1700,2+1,https://image.woodongs.com/imgsvr/item/GD_8801045161020_001.jpg,식사류
GS25,오뚜기)짜슐랭(봉지),1200,2+1,https://image.woodongs.com/imgsvr/item/GD_8801045033181_001.jpg,기타
GS25,오뚜기)진비빔면(봉지),1250,2+1,https://image.woodongs.com/imgsvr/item/GD_8801045526294_001.jpg,식사류
GS25,오뚜기)육개장(소컵),1100,2+1,https://image.woodongs.com/imgsvr/item/GD_8801045702643_004.jpg,식사류
GS25,오뚜기)진라면약간매운맛(소컵),1100,2+1,https://image.woodongs.com/imgsvr/item/GD_8801045643359_001.jpg,식사류
GS25,오뚜기)컵누들마라탕(소컵),1800,2+1,https://image.woodongs.com/imgsvr/item/GD_8801045512518_005.jpg,기타
GS25,오뚜기)컵누들저당불닭(소컵),1800,2+1,https://image.woodongs.com/imgsvr/item/GD_8801045779959_001.jpg,기타
GS25,오뚜기)컵누들진짬뽕(소컵),1800,2+1,https://image.woodongs.com/imgsvr/item/GD_8801045315072_003.jpg,기타
GS25,오뚜기)컵누들참깨라면(소컵),1800,2+1,https://image.woodongs.com/imgsvr/item/GD_8801045684192_002.jpg,식사류
GS25,오뚜기)제주라면(대컵),2300,2+1,https://image.woodongs.com/imgsvr/item/GD_8801045833934_001.jpg,식사류
GS25,오뚜기)로제열라면(대컵),2000,2+1,https://image.woodongs.com/imgsvr/item/GD_8801045654348_001.jpg,식사류
GS25,오뚜기)진짬뽕(대컵),2000,2+1,https://image.woodongs.com/imgsvr/item/GD_8801045574585_002.jpg,기타
GS25,오뚜기)짜슐랭(대컵),2000,2+1,https://image.woodongs.com/imgsvr/item/GD_8801045167237_002.jpg,기타
GS25,오뚜기)진비빔면(대컵),1800,2+1,https://image.woodongs.com/imgsvr/item/GD_8801045431314_003.jpg,식사류
GS25,오뚜기)진라면순한맛(대컵),1400,2+1,https://image.woodongs.com/imgsvr/item/GD_8801045571362_003.jpg,식사류
GS25,오뚜기)진라면약간매운맛(대컵),1400,2+1,https://image.woodongs.com/imgsvr/item/GD_8801045823898_001.jpg,식사류
GS25,크리넥스)여행용티슈70매,1400,1+1,https://image.woodongs.com/imgsvr/item/GD_8801166029681_002.jpg,생활/위생용품
GS25,디어스킨)리얼모달대14P,8600,1+1,https://image.woodongs.com/imgsvr/item/GD_8801260420339_002.jpg,생활/위생용품
GS25,디어스킨)리얼모달중16P,8600,1+1,https://image.woodongs.com/imgsvr/item/GD_8801260420322_002.jpg,생활/위생용품
GS25,깨끗한나라)LG트윈스쿨링타올1매,1500,2+1,https://image.woodongs.com/imgsvr/item/GD_8801260611072_001.jpg,생활/위생용품
GS25,순수한면)쿨링브리즈중형4P,3600,1+1,https://image.woodongs.com/imgsvr/item/GD_8801260422210_001.jpg,기타
GS25,순수한면)실키소프트라이너20P,5800,1+1,https://image.woodongs.com/imgsvr/item/GD_8801260421930_001.jpg,기타
GS25,순수한면)실키소프트대14P,8700,1+1,https://image.woodongs.com/imgsvr/item/GD_8801260421923_001.jpg,기타
GS25,순수한면)실키소프트중16P,8700,1+1,https://image.woodongs.com/imgsvr/item/GD_8801260421916_001.jpg,기타
GS25,유어스)보솜이물티슈20매,2100,2+1,https://image.woodongs.com/imgsvr/item/GD_8801260604654_655.jpg,생활/위생용품
GS25,디어스킨)에어쿨링대형14P,8900,1+1,https://image.woodongs.com/imgsvr/item/GD_8801260421596_001.jpg,생활/위생용품
GS25,디어스킨)에어쿨링중형16P,8900,1+1,https://image.woodongs.com/imgsvr/item/GD_8801260421589_001.jpg,생활/위생용품
GS25,깨끗한나라)순수프리미엄와이드,39800,1+1,https://image.woodongs.com/imgsvr/item/GD_8801260114948_001.jpg,기타
GS25,건강한)순수한면대형14P,8900,1+1,https://image.woodongs.com/imgsvr/item/GD_8801260418602_005.jpg,기타
GS25,건강한)순수한면소형18P,8900,1+1,https://image.woodongs.com/imgsvr/item/GD_8801260418589_003.jpg,기타
GS25,건강한)순수한면중형16P,8900,1+1,https://image.woodongs.com/imgsvr/item/GD_8801260418596_003.jpg,기타
GS25,유어스)보솜이물티슈60매(캡형),6000,1+1,https://image.woodongs.com/imgsvr/item/GD_8801260603855_857.jpg,생활/위생용품
GS25,유어스)페퍼민트물티슈60매,5200,1+1,https://image.woodongs.com/imgsvr/item/GD_8801260603831_834.jpg,생활/위생용품
GS25,슈가버블)주방세제레몬민트1.2L,6900,1+1,https://image.woodongs.com/imgsvr/item/GD_8809107607684_001.jpg,생활/위생용품
GS25,슈가버블)버블원샷클린핏1.7L,8900,1+1,https://image.woodongs.com/imgsvr/item/GD_8800248540342_002.jpg,기타
GS25,라엘)순면커버대형14P,11900,1+1,https://image.woodongs.com/imgsvr/item/GD_8809641113344_001.jpg,기타
GS25,라엘)순면커버중형16P,11900,1+1,https://image.woodongs.com/imgsvr/item/GD_8809641113337_001.jpg,기타
GS25,라엘)유기농순면롱라이너18P,5900,1+1,https://image.woodongs.com/imgsvr/item/GD_859306006526_002.jpg,기타
GS25,대상)로우앤컷저당애사비(애플),12900,1+1,https://image.woodongs.com/imgsvr/item/GD_8805999612874_001.jpg,기타
GS25,대상)로우앤컷저당애사비(피치),12900,1+1,https://image.woodongs.com/imgsvr/item/GD_8805999612881_001.jpg,기타
GS25,CJ)밸런스밀바말차초코38G,2900,1+1,https://image.woodongs.com/imgsvr/item/GD_8801392154379_003.jpg,음료
GS25,CJ)밸런스밀바피넛버터34G,2900,1+1,https://image.woodongs.com/imgsvr/item/GD_8801392154393_003.jpg,기타
GS25,CJ)밸런스밀쉐이크견과45G,4500,1+1,https://image.woodongs.com/imgsvr/item/GD_8801392154577_001.jpg,간식류
GS25,CJ)밸런스밀쉐이크귀리45G,4500,1+1,https://image.woodongs.com/imgsvr/item/GD_8801392154553_001.jpg,기타
GS25,CJ)밸런스밀쉐이크카카오45G,4500,1+1,https://image.woodongs.com/imgsvr/item/GD_8801392154591_001.jpg,기타
GS25,스너글)멜로우선샤인퀵드라이150,6900,1+1,https://image.woodongs.com/imgsvr/item/GD_8801619945353_001.jpg,기타
GS25,스너글)블루스파클플러스150ML,6900,1+1,https://image.woodongs.com/imgsvr/item/GD_8801619945377_001.jpg,기타
GS25,스너글)시트러스더블소프트150ML,6900,1+1,https://image.woodongs.com/imgsvr/item/GD_8801619945292_001.jpg,기타
GS25,스너글)허거블선샤인퀵드라이150,6900,1+1,https://image.woodongs.com/imgsvr/item/GD_8801619945339_001.jpg,기타
GS25,스너글)허거블코튼더블소프트150,6900,1+1,https://image.woodongs.com/imgsvr/item/GD_8801619945278_001.jpg,기타
GS25,이너시아)더프리즘3P대형,4900,1+1,https://image.woodongs.com/imgsvr/item/GD_8809890840749_001.jpg,생활/위생용품
GS25,이너시아)더프리즘3P중형,4900,1+1,https://image.woodongs.com/imgsvr/item/GD_8809890840732_001.jpg,생활/위생용품
GS25,CJ)백설1분링(멸치디포리)40G,4900,1+1,https://image.woodongs.com/imgsvr/item/GD_8801392107542_002.jpg,기타
GS25,CJ)백설1분링(사골)40G[D2],4900,1+1,https://image.woodongs.com/imgsvr/item/GD_8801392107566_001.jpg,식사류
GS25,네이즈)블루미물티슈80매(캡),6000,1+1,https://image.woodongs.com/imgsvr/item/GD_8809848531903_001.jpg,생활/위생용품
GS25,네이즈)노블물티슈20매(캡),2800,1+1,https://image.woodongs.com/imgsvr/item/GD_8809848530388_001.jpg,생활/위생용품
GS25,백설)멸치디포리1분링80G,8900,1+1,https://image.woodongs.com/imgsvr/item/GD_8801392061622_002.jpg,기타
GS25,백설)사골가득1분링80G,8900,1+1,https://image.woodongs.com/imgsvr/item/GD_8801392061646_002.jpg,식사류
GS25,네이즈)그랑물티슈120매(캡),6500,1+1,https://image.woodongs.com/imgsvr/item/GD_8809848530401_001.jpg,생활/위생용품
GS25,나무야키친타월150매*4롤,10000,1+1,https://image.woodongs.com/imgsvr/item/GD_8809180746232_233.jpg,기타
GS25,잘풀리는집클래식9롤,15900,1+1,https://image.woodongs.com/imgsvr/item/GD_8809848530029_001.jpg,기타
GS25,CJ)비비고직화들기름김(12봉),10800,1+1,https://image.woodongs.com/imgsvr/item/GD_8801007683522_002.jpg,식사류
GS25,유어스)나무야천연3겹25M30롤,33800,1+1,https://image.woodongs.com/imgsvr/item/GD_8809848531446_001.jpg,기타
GS25,CJ)명가김자반(한식간장)20G,3200,1+1,https://image.woodongs.com/imgsvr/item/GD_8801007373218_002.jpg,기타
GS25,CJ)비비고갈비탕400G,11900,1+1,https://image.woodongs.com/imgsvr/item/GD_8801007712079_004.jpg,식사류
GS25,CJ)비비고도가니곰탕460G,11900,1+1,https://image.woodongs.com/imgsvr/item/GD_8801007923000_002.jpg,식사류
GS25,CJ)비비고추어탕460G,11900,1+1,https://image.woodongs.com/imgsvr/item/GD_8801007769868_003.jpg,식사류
GS25,좋은느낌)센서티브스킨라이너36P,8600,1+1,https://image.woodongs.com/imgsvr/item/GD_8801166093781_004.jpg,생활/위생용품
GS25,좋은느낌)센서티브스킨수퍼롱10P,10800,1+1,https://image.woodongs.com/imgsvr/item/GD_8801166094269_005.jpg,생활/위생용품
GS25,화이트)제로필라이너롱36P,8800,1+1,https://image.woodongs.com/imgsvr/item/GD_8801166095150_004.jpg,생활/위생용품
GS25,좋은느낌)썸머입오버대형4P,12000,1+1,https://image.woodongs.com/imgsvr/item/GD_8801166097765_002.jpg,생활/위생용품
GS25,좋은느낌)썸머입오버중형4P,12000,1+1,https://image.woodongs.com/imgsvr/item/GD_8801166097758_003.jpg,생활/위생용품
GS25,좋은느낌)입는오버나이트L4P,10500,1+1,https://image.woodongs.com/imgsvr/item/GD_8801166230476_003.jpg,생활/위생용품
GS25,좋은느낌)입는오버나이트M4P,10500,1+1,https://image.woodongs.com/imgsvr/item/GD_8801166230469_003.jpg,생활/위생용품
GS25,크리넥스)뽑아쓰는키친타월흑백,4000,1+1,https://image.woodongs.com/imgsvr/item/GD_8801166034609_001.jpg,기타
GS25,유어스)크리넥스쁘띠물티슈,500,1+1,https://image.woodongs.com/imgsvr/item/GD_8801166056380_001.jpg,생활/위생용품
GS25,좋은느낌)울트라날개오버14P,10900,1+1,https://image.woodongs.com/imgsvr/item/GD_8801166234221_003.jpg,생활/위생용품
GS25,화이트)제로필특대형15P,13800,1+1,https://image.woodongs.com/imgsvr/item/GD_8801166094917_002.jpg,생활/위생용품
GS25,화이트)제로필대형14P,10000,1+1,https://image.woodongs.com/imgsvr/item/GD_8801166094894_002.jpg,생활/위생용품
GS25,하기스)네이처메이드물티슈70매,5800,1+1,https://image.woodongs.com/imgsvr/item/GD_8801166389129_002.jpg,생활/위생용품
GS25,애니데이)패드중용량12P,7900,1+1,https://image.woodongs.com/imgsvr/item/GD_8801166241618_001.jpg,기타
GS25,애니데이)라이너수퍼롱21P,8800,1+1,https://image.woodongs.com/imgsvr/item/GD_8801166250856_002.jpg,생활/위생용품
GS25,그린핑거)산리오물티슈20매,2000,1+1,https://image.woodongs.com/imgsvr/item/GD_8801166406574_001.jpg,생활/위생용품
GS25,그린핑거)산리오물티슈100매,5800,1+1,https://image.woodongs.com/imgsvr/item/GD_8801166405126_001.jpg,생활/위생용품
GS25,CJ)비비고돼지고기김치찌개460G,9900,1+1,https://image.woodongs.com/imgsvr/item/GD_8801007761749_003.jpg,식사류
GS25,CJ)비비고두부듬뿍김치찌개460G,9900,1+1,https://image.woodongs.com/imgsvr/item/GD_8801007528557_002.jpg,식사류
GS25,CJ)비비고두부듬뿍된장찌개460G,9900,1+1,https://image.woodongs.com/imgsvr/item/GD_8801007528595_002.jpg,식사류
GS25,CJ)비비고두부청국장찌개460G,9900,1+1,https://image.woodongs.com/imgsvr/item/GD_8801392123405_002.jpg,식사류
GS25,CJ)비비고소고기듬뿍무국500G,9900,1+1,https://image.woodongs.com/imgsvr/item/GD_8801392114779_002.jpg,식사류
GS25,CJ)비비고소고기듬뿍미역국460G,9900,1+1,https://image.woodongs.com/imgsvr/item/GD_8801392032998_002.jpg,식사류
GS25,CJ)비비고소고기듬뿍설렁탕460G,9900,1+1,https://image.woodongs.com/imgsvr/item/GD_8801392032950_002.jpg,식사류
GS25,CJ)비비고시래기듬뿍된장국460G,9900,1+1,https://image.woodongs.com/imgsvr/item/GD_8801392123320_002.jpg,식사류
GS25,CJ)비비고시래기듬뿍장터국500G,9900,1+1,https://image.woodongs.com/imgsvr/item/GD_8801392123429_002.jpg,식사류
GS25,CJ)비비고차돌된장찌개460G,9900,1+1,https://image.woodongs.com/imgsvr/item/GD_8801007737089_003.jpg,식사류
GS25,CJ)비비고황태듬뿍해장국460G,9900,1+1,https://image.woodongs.com/imgsvr/item/GD_8801392114755_002.jpg,식사류
GS25,스카트)생분해세정티슈60매,7500,1+1,https://image.woodongs.com/imgsvr/item/GD_8801166034401_001.jpg,생활/위생용품
GS25,크리넥스)클래식소프트180매X3입,16800,1+1,https://image.woodongs.com/imgsvr/item/GD_8801166021807_002.jpg,기타
GS25,크리넥스)수앤수물티슈96매(캡),6100,1+1,https://image.woodongs.com/imgsvr/item/GD_8801166059671_003.jpg,생활/위생용품
GS25,CJ)비비고저나트륨사골곰탕500G,3200,1+1,https://image.woodongs.com/imgsvr/item/GD_8801392110733_002.jpg,식사류
GS25,CJ)비비고한우사골곰탕500G,3200,1+1,https://image.woodongs.com/imgsvr/item/GD_8801007849805_001.jpg,식사류
GS25,크리넥스)마이비데클린케어10매,1600,1+1,https://image.woodongs.com/imgsvr/item/GD_8801166055123_001.jpg,기타
GS25,크리넥스)안심물티슈10매,2000,1+1,https://image.woodongs.com/imgsvr/item/GD_8801166053365_001.JPG,생활/위생용품
GS25,CJ)비비고사골곰탕500G,2900,1+1,https://image.woodongs.com/imgsvr/item/GD_8801007526492_001.jpg,식사류
GS25,크리넥스)안심3겹키친타월150*2R,9400,1+1,https://image.woodongs.com/imgsvr/item/GD_8801166034197_001.jpg,기타
GS25,크리넥스3겹데코(12롤*35M),28800,1+1,https://image.woodongs.com/imgsvr/item/GD_8801166012126_131.jpg,기타
GS25,화이트)오마이유기농탐폰8P레귤,10900,1+1,https://image.woodongs.com/imgsvr/item/GD_8801166093200_001.jpg,기타
GS25,화이트)오마이유기농탐폰8P슈퍼,10900,1+1,https://image.woodongs.com/imgsvr/item/GD_8801166093217_001.jpg,기타
GS25,CJ)햇반(매일잡곡밥)210G(3입),7900,2+1,https://image.woodongs.com/imgsvr/item/GD_8801007684567_003.jpg,식사류
GS25,CJ)햇반(발아현미밥)210G(3입),7900,2+1,https://image.woodongs.com/imgsvr/item/GD_8801007216294_003.jpg,식사류
GS25,CJ)햇반(흑미밥)210G(3입),7900,2+1,https://image.woodongs.com/imgsvr/item/GD_8801007216317_002.jpg,식사류
GS25,좋은느낌)유기농무표백라이너27,7800,1+1,https://image.woodongs.com/imgsvr/item/GD_8801166090018_002.jpg,생활/위생용품
GS25,CJ)햇반100%현미밥130G(3입),7500,1+1,https://image.woodongs.com/imgsvr/item/GD_8801007327372_002.jpg,식사류
GS25,CJ)햇반푸키루키유기농쌀밥(3입),7500,1+1,https://image.woodongs.com/imgsvr/item/GD_8801392155710_001.jpg,식사류
GS25,화이트)드림가드수퍼롱3P,3900,1+1,https://image.woodongs.com/imgsvr/item/GD_8801166099004_002.jpg,기타
GS25,화이트)수퍼흡수드림핏수퍼롱8p,8400,1+1,https://image.woodongs.com/imgsvr/item/GD_8801166092357_001.jpg,기타
GS25,CJ)100%통곡물밥130G,2600,1+1,https://image.woodongs.com/imgsvr/item/GD_8801392101724_003.jpg,식사류
GS25,CJ)햇반100%현미밥130G,2600,1+1,https://image.woodongs.com/imgsvr/item/GD_8801392023200_002.jpg,식사류
GS25,좋은느낌)유기농순면뉴수퍼롱8P,10600,1+1,https://image.woodongs.com/imgsvr/item/GD_8801166239172_005.jpg,기타
GS25,동원)참치액진500ML,8900,1+1,https://image.woodongs.com/imgsvr/item/GD_8801047216414_002.jpg,식사류
GS25,동원)양반수라보양추어탕460G,11900,1+1,https://image.woodongs.com/imgsvr/item/GD_8801047168300_002.jpg,기타
GS25,좋은느낌)수퍼롱4P,4100,1+1,https://image.woodongs.com/imgsvr/item/GD_8801166234412_006.jpg,생활/위생용품
GS25,동원)진한사골쌀떡국151G,3900,2+1,https://image.woodongs.com/imgsvr/item/GD_8801047416395_002.jpg,간식류
GS25,좋은느낌)유기농무표백입는오버L,11200,1+1,https://image.woodongs.com/imgsvr/item/GD_8801166239912_003.jpg,생활/위생용품
GS25,좋은느낌)유기농무표백입오버M4P,11200,1+1,https://image.woodongs.com/imgsvr/item/GD_8801166239738_001.jpg,생활/위생용품
GS25,좋은느낌)입는데이팬티L4P,10900,1+1,https://image.woodongs.com/imgsvr/item/GD_8801166098991_002.jpg,생활/위생용품
GS25,좋은느낌)입는데이팬티M4P,10900,1+1,https://image.woodongs.com/imgsvr/item/GD_8801166098984_002.jpg,생활/위생용품
GS25,동원)양반나주식곰탕460G,3900,1+1,https://image.woodongs.com/imgsvr/item/GD_8801047168263_003.jpg,식사류
GS25,좋은느낌)썸머대형16P,11000,1+1,https://image.woodongs.com/imgsvr/item/GD_8801166097789_002.jpg,생활/위생용품
GS25,좋은느낌)수퍼소프트대형4P,3000,1+1,https://image.woodongs.com/imgsvr/item/GD_8801166099745_001.jpg,생활/위생용품
GS25,좋은느낌)수퍼소프트중형4P,3000,1+1,https://image.woodongs.com/imgsvr/item/GD_8801166093477_001.jpg,생활/위생용품
GS25,동원)양반쇠고기죽287G,4500,1+1,https://image.woodongs.com/imgsvr/item/GD_8801047161608_610.jpg,식사류
GS25,동원)양반야채죽287G,4500,1+1,https://image.woodongs.com/imgsvr/item/GD_8801047161646_649.jpg,식사류
GS25,화이트)스테이쿨대형3P,2600,1+1,https://image.woodongs.com/imgsvr/item/GD_8801166093156_001.jpg,생활/위생용품
GS25,동원)양반누룽지닭죽285G,4500,2+1,https://image.woodongs.com/imgsvr/item/GD_8801047161677_680.jpg,식사류
GS25,동원)양반단호박죽285G,4500,2+1,https://image.woodongs.com/imgsvr/item/GD_8801047161592_596.jpg,식사류
GS25,동원)양반밤단팥죽285G,4500,2+1,https://image.woodongs.com/imgsvr/item/GD_8801047161653_655.jpg,식사류
GS25,동원)양반전복죽287G,4500,2+1,https://image.woodongs.com/imgsvr/item/GD_8801047161578_579.jpg,식사류
GS25,동원)양반참치죽287G,4500,2+1,https://image.woodongs.com/imgsvr/item/GD_8801047161585_588.jpg,식사류
GS25,화이트)스테이쿨대형16P,12500,1+1,https://image.woodongs.com/imgsvr/item/GD_8801166099196_001.jpg,생활/위생용품
GS25,화이트)스테이쿨입는오버대형4P,12500,1+1,https://image.woodongs.com/imgsvr/item/GD_8801166099028_001.jpg,생활/위생용품
GS25,화이트)스테이쿨입는오버중형4P,12500,1+1,https://image.woodongs.com/imgsvr/item/GD_8801166099011_001.jpg,생활/위생용품
GS25,화이트)스테이쿨중형18P,12500,1+1,https://image.woodongs.com/imgsvr/item/GD_8801166099189_001.jpg,생활/위생용품
GS25,좋은느낌)유기농무표백대형4P,3900,1+1,https://image.woodongs.com/imgsvr/item/GD_8801166091244_003.jpg,생활/위생용품
GS25,좋은느낌)유기농무표백중형4P,3900,1+1,https://image.woodongs.com/imgsvr/item/GD_8801166092401_002.jpg,생활/위생용품
GS25,좋은느낌)유기농순면뉴슬날대14P,12000,1+1,https://image.woodongs.com/imgsvr/item/GD_8801166239134_004.jpg,기타
GS25,좋은느낌)유기농순면뉴슬날중14P,10300,1+1,https://image.woodongs.com/imgsvr/item/GD_8801166239110_004.jpg,기타
GS25,좋은느낌)좋은순면수퍼롱10P,10400,1+1,https://image.woodongs.com/imgsvr/item/GD_8801166234122_004.jpg,기타
GS25,좋은느낌)좋은순면울날대16P,10400,1+1,https://image.woodongs.com/imgsvr/item/GD_8801166231367_005.jpg,기타
GS25,좋은느낌)좋은순면울날중18P,10400,1+1,https://image.woodongs.com/imgsvr/item/GD_8801166234153_005.jpg,기타
GS25,좋은느낌)에어핏쿠션울날대16P,9900,1+1,https://image.woodongs.com/imgsvr/item/GD_8801166234214_004.jpg,생활/위생용품
GS25,좋은느낌)울트라날개중18P,9900,1+1,https://image.woodongs.com/imgsvr/item/GD_8801166234023_003.jpg,생활/위생용품
GS25,좋은느낌)울트라날개대4P,2800,1+1,https://image.woodongs.com/imgsvr/item/GD_8801166094054_002.jpg,생활/위생용품
GS25,좋은느낌)울트라날개중4P,2000,1+1,https://image.woodongs.com/imgsvr/item/GD_8801166234399_006.jpg,생활/위생용품
GS25,화이트)수퍼흡수대형16P,9700,1+1,https://image.woodongs.com/imgsvr/item/GD_8801166238786_002.jpg,생활/위생용품
GS25,화이트)수퍼흡수중형18P,9700,1+1,https://image.woodongs.com/imgsvr/item/GD_8801166238762_002.jpg,생활/위생용품
GS25,키다리)세이면소고기쌀국수(대컵,2600,2+1,https://image.woodongs.com/imgsvr/item/GD_8809393810584_001.jpg,식사류
GS25,키다리)세이면잔치쌀국수(대컵),2600,2+1,https://image.woodongs.com/imgsvr/item/GD_8809393810676_001.jpg,식사류
GS25,키다리)세이면중화쌀짬뽕(대컵),2600,2+1,https://image.woodongs.com/imgsvr/item/GD_8809393810683_001.jpg,식사류
GS25,온작)이영자PICK통통돈육포,5900,1+1,https://image.woodongs.com/imgsvr/item/GD_8809150679430_002.jpg,간식류
GS25,온작)이영자PICK매콤우육포,6600,1+1,https://image.woodongs.com/imgsvr/item/GD_8809150679409_002.jpg,간식류
GS25,온작)이영자PICK통통우육포,6600,1+1,https://image.woodongs.com/imgsvr/item/GD_8809150679393_002.jpg,간식류
GS25,한독)레디큐프로120ML[D2],6000,1+1,https://image.woodongs.com/imgsvr/item/GD_8806107614018_002.jpg,기타
