brand,name,price,event,img_url
CU,CJ)맥스봉치즈50g,2200,1+1,https://tqklhszfkvzk6518638.edge.naverncp.com/product/8801007021652.jpg
CU,코카)환타오렌지P600ml,2200,1+1,https://tqklhszfkvzk6518638.edge.naverncp.com/product/8801094112707.png
CU,코카)스프라이트P500ml,2200,1+1,https://tqklhszfkvzk6518638.edge.naverncp.com/product/8801094202606.png
CU,웅진)오곡누룽지P500ml,2200,1+1,https://tqklhszfkvzk6518638.edge.naverncp.com/product/8801382135036.png
CU,HK)헛개수P500ml,2500,1+1,https://tqklhszfkvzk6518638.edge.naverncp.com/product/8801007171210.jpg
CU,정식품)검은콩베지밀팩,1400,1+1,http://cdn2.bgfretail.com/bgfbrand/files/product/45C3F62F11ED46A6ABDFBC0999EF3690.jpg
CU,풀무원)액티비아업딸기,2200,1+1,https://tqklhszfkvzk6518638.edge.naverncp.com/product/8809274510893.png
CU,46cm)초극세모칫솔,3500,1+1,https://tqklhszfkvzk6518638.edge.naverncp.com/product/8801051009033.png
CU,메디안)치석케어치약,5400,1+1,https://tqklhszfkvzk6518638.edge.naverncp.com/product/8806403146473.jpg
CU,2080)칫솔,3000,1+1,https://tqklhszfkvzk6518638.edge.naverncp.com/product/8801046057216.jpg
CU,2080)치약,4400,1+1,https://tqklhszfkvzk6518638.edge.naverncp.com/product/8801046846087.jpg
CU,엘라)퍼퓸샴푸,11900,1+1,https://tqklhszfkvzk6518638.edge.naverncp.com/product/8801051152845.jpg
CU,페리오)토탈7치약,4700,1+1,https://tqklhszfkvzk6518638.edge.naverncp.com/product/8801051064223.png
CU,페리오)이지클리닉칫솔,2200,1+1,https://tqklhszfkvzk6518638.edge.naverncp.com/product/8801051010367.jpg
CU,다우니)핑크섬유1L,15000,1+1,https://tqklhszfkvzk6518638.edge.naverncp.com/product/4902430311625.png
CU,테크)세탁세제1.4L,12900,1+1,https://tqklhszfkvzk6518638.edge.naverncp.com/product/8801051203271.jpg
CU,좋은)유기농롱라이너18P,4900,1+1,https://tqklhszfkvzk6518638.edge.naverncp.com/product/8801166222587.png
CU,오랄비)후레쉬칫솔,2000,1+1,https://tqklhszfkvzk6518638.edge.naverncp.com/product/3014260844622.jpg
CU,좋은)순면프레쉬대16P,10400,1+1,https://tqklhszfkvzk6518638.edge.naverncp.com/product/8801166231367_1.png
CU,해태)레몬에이드P350ml,2100,1+1,https://tqklhszfkvzk6518638.edge.naverncp.com/product/8801105907605.jpg
CU,좋은)순면프레쉬중18P,10400,1+1,https://tqklhszfkvzk6518638.edge.naverncp.com/product/8801166234153_1.png
CU,쏘피)볼록맞춤울날중4P,2000,1+1,https://tqklhszfkvzk6518638.edge.naverncp.com/product/8809016369048.jpg
CU,귀애랑)울날오버나이트12P,9500,1+1,https://tqklhszfkvzk6518638.edge.naverncp.com/product/8809016360281.png
CU,미쟝센)데미지샴푸,18000,1+1,https://tqklhszfkvzk6518638.edge.naverncp.com/product/8806403068379.jpg
CU,미쟝센)데미지린스,18000,1+1,https://tqklhszfkvzk6518638.edge.naverncp.com/product/8806403068409.jpg
CU,쏘피)슈퍼롱와이드10P,9400,1+1,https://tqklhszfkvzk6518638.edge.naverncp.com/product/8809299230820.jpg
CU,오가니스트)샴푸200ml,7000,1+1,https://tqklhszfkvzk6518638.edge.naverncp.com/product/8801051154139.jpg
CU,오가니스트)린스200ml,7000,1+1,https://tqklhszfkvzk6518638.edge.naverncp.com/product/8801051158496.jpg
CU,아이깨끗해)순핸드워시,8900,1+1,https://tqklhszfkvzk6518638.edge.naverncp.com/product/8806325614258.png
CU,풀무원)액티비아업플레인,2200,1+1,https://tqklhszfkvzk6518638.edge.naverncp.com/product/8809274510916.png
CU,빙그레)더위사냥액티브,2200,1+1,https://tqklhszfkvzk6518638.edge.naverncp.com/product/8801104111553.jpg
CU,46cm)쿨민트치약,3900,1+1,https://tqklhszfkvzk6518638.edge.naverncp.com/product/8801051057577.png
CU,쏘피)내몸에순한면대16P,10400,1+1,https://tqklhszfkvzk6518638.edge.naverncp.com/product/8809299234842.png
CU,쏘피)내몸에순한면중18P,10400,1+1,https://tqklhszfkvzk6518638.edge.naverncp.com/product/8809299234828.png
CU,오랄비)초미세모칫솔,2900,1+1,http://cdn2.bgfretail.com/bgfbrand/files/product/D3BFF641B34E40BB92FBC7612F4C8D7B.jpg
CU,엘라)스프레이200ml,8900,1+1,https://tqklhszfkvzk6518638.edge.naverncp.com/product/8801051199970.jpg
CU,엘라)하드왁스80g,11800,1+1,https://tqklhszfkvzk6518638.edge.naverncp.com/product/8801051199987.jpg
CU,코카)스프라이트P1.5L,3700,1+1,https://tqklhszfkvzk6518638.edge.naverncp.com/product/8801094202408.png
CU,코카)토레타P500ml,2200,1+1,https://tqklhszfkvzk6518638.edge.naverncp.com/product/8801094412005.png
CU,좋은)울날중4P,2000,1+1,https://tqklhszfkvzk6518638.edge.naverncp.com/product/8801166234399.png
CU,좋은)울날대16P,9900,1+1,https://tqklhszfkvzk6518638.edge.naverncp.com/product/8801166234214.png
CU,좋은)슬날수퍼롱4P,4100,1+1,https://tqklhszfkvzk6518638.edge.naverncp.com/product/8801166234412.png
CU,좋은)울날오버나이트14P,10900,1+1,https://tqklhszfkvzk6518638.edge.naverncp.com/product/8801166234221.png
CU,동원)양반쇠고기죽,4500,1+1,https://tqklhszfkvzk6518638.edge.naverncp.com/product/8801047161608.png
CU,동원)양반야채죽,4500,1+1,https://tqklhszfkvzk6518638.edge.naverncp.com/product/8801047161646.png
CU,도루코)페이스4중면도3입,6300,1+1,https://tqklhszfkvzk6518638.edge.naverncp.com/product/8801038116471.jpg
CU,코카)코카콜라제로P500ml,2400,1+1,https://tqklhszfkvzk6518638.edge.naverncp.com/product/8801094082604.png
CU,페브리즈)포맨370ml,12000,1+1,https://tqklhszfkvzk6518638.edge.naverncp.com/product/4902430643191.png
CU,오가니스트)넛츠바디워시,5500,1+1,https://tqklhszfkvzk6518638.edge.naverncp.com/product/8801051258844.jpg
CU,오뚜기)영양닭죽285g,4500,1+1,https://tqklhszfkvzk6518638.edge.naverncp.com/product/8801045303062.png
CU,CJ)고메토마토미트볼147g,4500,1+1,https://tqklhszfkvzk6518638.edge.naverncp.com/product/8801007626994.jpg
CU,하이트)블랙보리P520ml,2500,1+1,https://tqklhszfkvzk6518638.edge.naverncp.com/product/8801001238049.png
CU,사조)스노우크랩킹140g,5500,1+1,https://tqklhszfkvzk6518638.edge.naverncp.com/product/8801066055438.jpg
CU,오뚜기)새송이쇠고기죽,4500,1+1,https://tqklhszfkvzk6518638.edge.naverncp.com/product/8801045303017.jpg
CU,풀무원)액티비아업복숭아,2200,1+1,https://tqklhszfkvzk6518638.edge.naverncp.com/product/8809274512651.png
CU,동서)심플리라떼240ml,2300,1+1,https://tqklhszfkvzk6518638.edge.naverncp.com/product/8801037092240.jpg
CU,라이프)스킨엘리트콘돔3P,7500,1+1,https://tqklhszfkvzk6518638.edge.naverncp.com/product/8850956032370_1.png
CU,쏘피)내몸에순한면중4P,2800,1+1,https://tqklhszfkvzk6518638.edge.naverncp.com/product/8809299234811.png
CU,비트)액체겸용세제1.45L,12900,1+1,https://tqklhszfkvzk6518638.edge.naverncp.com/product/8806325620686.png
CU,코카)파워에이드퍼플P600,2400,1+1,https://tqklhszfkvzk6518638.edge.naverncp.com/product/8801094603700.jpg
CU,온더바디)레몬클렌징폼,5900,1+1,https://tqklhszfkvzk6518638.edge.naverncp.com/product/8801051121599.jpg
CU,질레트)뉴마하면도기1up,16000,1+1,https://tqklhszfkvzk6518638.edge.naverncp.com/product/4902430540872.jpg
CU,CJ)맥스봉빅소시지150g,3900,1+1,https://tqklhszfkvzk6518638.edge.naverncp.com/product/8801007403793.png
CU,리엔)크림염색제흑갈색,13900,1+1,https://tqklhszfkvzk6518638.edge.naverncp.com/product/8801051385410.jpg
CU,오뚜기)단호박죽285g,4500,1+1,https://tqklhszfkvzk6518638.edge.naverncp.com/product/8801045303048.jpg
CU,맥스웰)블랙P500ml,2900,1+1,https://tqklhszfkvzk6518638.edge.naverncp.com/product/8801037093742_1.png
CU,맥스웰)라떼P500ml,2900,1+1,https://tqklhszfkvzk6518638.edge.naverncp.com/product/8801037093766_1.png
CU,하이트)블랙보리라이트520,2200,1+1,https://tqklhszfkvzk6518638.edge.naverncp.com/product/8801001238179.jpg
CU,동원)친친오리지널봉70g,2200,1+1,https://tqklhszfkvzk6518638.edge.naverncp.com/product/8801047578857.jpg
CU,HK)새싹보리P500ml,2500,1+1,https://tqklhszfkvzk6518638.edge.naverncp.com/product/8809422041125.png
CU,HK)컨디션환3g,2900,1+1,https://tqklhszfkvzk6518638.edge.naverncp.com/product/8809422041217.png
CU,해태)갈배사이다P500ml,2300,1+1,https://tqklhszfkvzk6518638.edge.naverncp.com/product/8801105915679.jpg
CU,코카)환타파인P600ml,2200,1+1,https://tqklhszfkvzk6518638.edge.naverncp.com/product/8801094132705.png
CU,오뗄)킬바사소시지200g,6700,1+1,https://tqklhszfkvzk6518638.edge.naverncp.com/product/8802266014423.jpg
CU,질레트)센서3일회용면도기,3000,1+1,https://tqklhszfkvzk6518638.edge.naverncp.com/product/4902430909303.jpg
CU,한성)배즙숙성후랑크바70g,2000,1+1,https://tqklhszfkvzk6518638.edge.naverncp.com/product/8801074254052.jpg
CU,순수한면)유기농순면중16P,8900,1+1,https://tqklhszfkvzk6518638.edge.naverncp.com/product/8801260418596.png
CU,순수한면)유기농순면대14P,8900,1+1,https://tqklhszfkvzk6518638.edge.naverncp.com/product/8801260418602.PNG
CU,웅진)티즐제로피치P500,2500,1+1,https://tqklhszfkvzk6518638.edge.naverncp.com/product/8801382148500.png
CU,롯데)마운틴듀캔355ml,1800,1+1,https://tqklhszfkvzk6518638.edge.naverncp.com/product/8801056716011.jpg
CU,HK)헛개수이엑스P500ml,3000,1+1,https://tqklhszfkvzk6518638.edge.naverncp.com/product/8809422041729.png
CU,CJ)맥스봉오리지널50g,2200,1+1,https://tqklhszfkvzk6518638.edge.naverncp.com/product/8801007849126.jpg
CU,맥스웰)스윗블랙P500ml,2900,1+1,https://tqklhszfkvzk6518638.edge.naverncp.com/product/8801037094305_1.png
CU,쏘피)무표백유기농대형4P,3900,1+1,https://tqklhszfkvzk6518638.edge.naverncp.com/product/8809709260201.png
CU,CJ)고메치즈함박152g,4500,1+1,https://tqklhszfkvzk6518638.edge.naverncp.com/product/8801007772493.png
CU,CJ)고메함박152g,4500,1+1,https://tqklhszfkvzk6518638.edge.naverncp.com/product/8801007626970.jpg
CU,CJ)비비고갈비탕400g,11900,1+1,https://tqklhszfkvzk6518638.edge.naverncp.com/product/8801007712079.png
CU,오뗄)치즈킬바사200g,6700,1+1,https://tqklhszfkvzk6518638.edge.naverncp.com/product/8802266014515.jpg
CU,동서)심플리블랙240ml,2300,1+1,https://tqklhszfkvzk6518638.edge.naverncp.com/product/8801037092264.jpg
CU,유니)벤앤쿠키도우파인,16900,1+1,https://tqklhszfkvzk6518638.edge.naverncp.com/product/0076840100583.png
CU,오뚜기)한우미역국500g,7800,1+1,https://tqklhszfkvzk6518638.edge.naverncp.com/product/8801045290843_1.png
CU,코카)코카제로P1.5L,4000,1+1,https://tqklhszfkvzk6518638.edge.naverncp.com/product/8801094082406.png
CU,2080)슈퍼클린초극세모,2200,1+1,https://tqklhszfkvzk6518638.edge.naverncp.com/product/8801046356807.png
CU,깨끗)KF94흰색대형3P,5900,1+1,https://tqklhszfkvzk6518638.edge.naverncp.com/product/8801260900121.png
CU,유니)벤앤청키몽키파인,16900,1+1,https://tqklhszfkvzk6518638.edge.naverncp.com/product/0076840100354.png
CU,미마)보건마스크블랙KF94,2000,1+1,https://tqklhszfkvzk6518638.edge.naverncp.com/product/8809734280038.jpg
CU,오뗄)속이꽉찬후랑크180g,4700,1+1,https://tqklhszfkvzk6518638.edge.naverncp.com/product/8802266014447.jpg
CU,다우니)블루섬유1L,15000,1+1,https://tqklhszfkvzk6518638.edge.naverncp.com/product/4902430311724.png
CU,롯데)펩시제로라임P500ml,2500,1+1,https://tqklhszfkvzk6518638.edge.naverncp.com/product/8801056175955.png
CU,롯데)칠성사이다제로P500,2500,1+1,https://tqklhszfkvzk6518638.edge.naverncp.com/product/8801056177584.png
CU,페리오)듀얼클린칫솔2입,3500,1+1,https://tqklhszfkvzk6518638.edge.naverncp.com/product/8801051094466.jpg
CU,오뚜기)차돌된장찌개500g,7800,1+1,https://tqklhszfkvzk6518638.edge.naverncp.com/product/8801045634630_1.png
CU,오뚜기)쇠고기육개장500g,7800,1+1,https://tqklhszfkvzk6518638.edge.naverncp.com/product/8801045600444_1.png
CU,하이)하이네켄논알콜캔330,3500,1+1,https://tqklhszfkvzk6518638.edge.naverncp.com/product/8712000055721.jpg
CU,링티)제로복숭아P500ml,2900,1+1,https://tqklhszfkvzk6518638.edge.naverncp.com/product/8809626920295.jpg
CU,하이)하이네켄논알콜캔500,4500,1+1,https://tqklhszfkvzk6518638.edge.naverncp.com/product/8712000056896.jpg
CU,코카)스프라이트제로P500,2200,1+1,https://tqklhszfkvzk6518638.edge.naverncp.com/product/8801094962104.png
CU,롯데)펩시제로라임캔355ml,2100,1+1,https://tqklhszfkvzk6518638.edge.naverncp.com/product/8801056175900.png
CU,CJ)비비고한우사골곰탕500,3200,1+1,https://tqklhszfkvzk6518638.edge.naverncp.com/product/8801007849805.png
CU,동원)복숭아제로아이스500,2500,1+1,https://tqklhszfkvzk6518638.edge.naverncp.com/product/8801047284482.png
CU,동원)레몬제로아이스티500,2500,1+1,https://tqklhszfkvzk6518638.edge.naverncp.com/product/8801047284499.png
CU,웅진)옥수수수염차500ml,2200,1+1,https://tqklhszfkvzk6518638.edge.naverncp.com/product/8801382148449.jpg
CU,CJ)닭가슴살소시지바80g,2900,1+1,https://tqklhszfkvzk6518638.edge.naverncp.com/product/8801007899985.png
CU,동원)친친콘치즈봉70g,1900,1+1,https://tqklhszfkvzk6518638.edge.naverncp.com/product/8801047578970.jpg
CU,동아)나랑드사이다P500ml,2000,1+1,https://tqklhszfkvzk6518638.edge.naverncp.com/product/8801097235014.jpg
CU,순수한면)유기농순면소18P,8900,1+1,https://tqklhszfkvzk6518638.edge.naverncp.com/product/8801260418589.png
CU,광동)헛개차골드라벨500ml,3300,1+1,https://tqklhszfkvzk6518638.edge.naverncp.com/product/8806002020334.png
CU,푸르밀)웰치사과에이드,1700,1+1,https://tqklhszfkvzk6518638.edge.naverncp.com/product/8806371309818.jpg
CU,푸르밀)웰치포도에이드,1700,1+1,https://tqklhszfkvzk6518638.edge.naverncp.com/product/8806371309771.jpg
CU,롯데)칠성사이다제로캔355,2100,1+1,https://tqklhszfkvzk6518638.edge.naverncp.com/product/8801056177645.jpg
CU,웅진)결명자차P500ml,2200,1+1,https://tqklhszfkvzk6518638.edge.naverncp.com/product/8801382145769.png
CU,코카)닥터페퍼P500ml,2200,1+1,https://tqklhszfkvzk6518638.edge.naverncp.com/product/8801094052607.jpg
CU,라엘)오가닉중형4P,3900,1+1,https://tqklhszfkvzk6518638.edge.naverncp.com/product/8809641110220.png
CU,좋은)순면수퍼롱10P,10400,1+1,https://tqklhszfkvzk6518638.edge.naverncp.com/product/8801166234122.png
CU,헤드앤숄더)쿨멘솔샴푸550,16700,1+1,https://tqklhszfkvzk6518638.edge.naverncp.com/product/4902430243070.png
CU,좋은)유기농순면슬날중14P,10300,1+1,https://tqklhszfkvzk6518638.edge.naverncp.com/product/8801166239110.png
CU,좋은)유기농순면슬날대14P,12000,1+1,https://tqklhszfkvzk6518638.edge.naverncp.com/product/8801166239134.png
CU,좋은)유기농순면롱오버8P,10600,1+1,https://tqklhszfkvzk6518638.edge.naverncp.com/product/8801166239172.png
CU,오뚜기)사골곰탕국물500ml,3000,1+1,https://tqklhszfkvzk6518638.edge.naverncp.com/product/8801045290102_1.png
CU,디어스킨)입는오버중대4P,10900,1+1,https://tqklhszfkvzk6518638.edge.naverncp.com/product/8801260419760.jpg
CU,HK)컨디션스틱그린애플18g,3900,1+1,https://tqklhszfkvzk6518638.edge.naverncp.com/product/8809422043815.png
CU,HK)컨디션스틱18g,3900,1+1,https://tqklhszfkvzk6518638.edge.naverncp.com/product/8809422043884.png
CU,템포)순면롱라이너18P,4000,1+1,https://tqklhszfkvzk6518638.edge.naverncp.com/product/8806011636748.jpg
CU,CJ)구이한판그릴스모크60g,3900,1+1,https://tqklhszfkvzk6518638.edge.naverncp.com/product/8801007918310.jpg
CU,매일)어메징오트언스위트,1500,1+1,https://tqklhszfkvzk6518638.edge.naverncp.com/product/8801121033463.jpg
CU,매일)어메징오트오리지널,1500,1+1,https://tqklhszfkvzk6518638.edge.naverncp.com/product/8801121033531.jpg
CU,라라스윗)초콜릿파인트,11900,1+1,https://tqklhszfkvzk6518638.edge.naverncp.com/product/8809599360104.png
CU,CJ)닭가슴살소시지청양80g,2900,1+1,https://tqklhszfkvzk6518638.edge.naverncp.com/product/8801007951805.png
CU,쏘피)안심숙면팬티L4P,10500,1+1,https://tqklhszfkvzk6518638.edge.naverncp.com/product/8809709260898.jpg
CU,피죤)섬유탈취아이스80mL,4200,1+1,https://tqklhszfkvzk6518638.edge.naverncp.com/product/8801101884009.jpg
CU,풀무원)요거톡초코그래놀,2200,1+1,https://tqklhszfkvzk6518638.edge.naverncp.com/product/8809274513887_1.png
CU,풀무원)요거톡스타볼,2200,1+1,https://tqklhszfkvzk6518638.edge.naverncp.com/product/8809274513948.png
CU,대진)BBQ마시멜로우225g,3500,1+1,https://tqklhszfkvzk6518638.edge.naverncp.com/product/6927262800046.png
CU,테크)실내건조세제1.4L,12900,1+1,https://tqklhszfkvzk6518638.edge.naverncp.com/product/8801051219333.jpg
CU,빙그레)뽕따소다맛,1800,1+1,https://tqklhszfkvzk6518638.edge.naverncp.com/product/8801104111355.jpg
CU,예지)모모이오가닛중형3P,2800,1+1,https://tqklhszfkvzk6518638.edge.naverncp.com/product/8809104290759_1.png
CU,오뚜기)돼지김치짜글이450,8500,1+1,https://tqklhszfkvzk6518638.edge.naverncp.com/product/8801045030098_1.png
CU,좋은)무표백유기농중형16P,12500,1+1,https://tqklhszfkvzk6518638.edge.naverncp.com/product/8801166090049.png
CU,좋은)무표백유기농대형14P,12500,1+1,https://tqklhszfkvzk6518638.edge.naverncp.com/product/8801166090056.png
CU,디어스킨)리얼모달중형16P,8600,1+1,https://tqklhszfkvzk6518638.edge.naverncp.com/product/8801260420322.jpg
CU,디어스킨)리얼모달대형14P,8600,1+1,https://tqklhszfkvzk6518638.edge.naverncp.com/product/8801260420339.jpg
CU,쏘피)무표백유기농대형16P,11500,1+1,https://tqklhszfkvzk6518638.edge.naverncp.com/product/8809709260133.png
CU,한성)와일드크래미쉬림프,5900,1+1,https://tqklhszfkvzk6518638.edge.naverncp.com/product/8801074007498.jpg
CU,가그린)초미세모칫솔,2500,1+1,https://tqklhszfkvzk6518638.edge.naverncp.com/product/8806011516446.jpg
CU,미팩토리)스팟패치75매,9900,1+1,https://tqklhszfkvzk6518638.edge.naverncp.com/product/8809510685835.jpg
CU,남양)과수원사과200ml,1800,1+1,https://tqklhszfkvzk6518638.edge.naverncp.com/product/8801069416236.jpg
CU,CJ)한뿌리홍삼대보병100ml,5000,1+1,https://tqklhszfkvzk6518638.edge.naverncp.com/product/8801007955551.jpg
CU,CJ)숯불갈비맛후랑크120g,3700,1+1,https://tqklhszfkvzk6518638.edge.naverncp.com/product/8801007034980.jpg
CU,깨끗)촉앤감프리미엄24롤,35800,1+1,https://tqklhszfkvzk6518638.edge.naverncp.com/product/8801260114474.jpg
CU,동아)나랑드파인P500ml,2000,1+1,https://tqklhszfkvzk6518638.edge.naverncp.com/product/8801097235670.jpg
CU,동원)덴마크바나바나우유,2100,1+1,https://tqklhszfkvzk6518638.edge.naverncp.com/product/8801155731830.png
CU,동원)덴마크초코초코우유,2100,1+1,https://tqklhszfkvzk6518638.edge.naverncp.com/product/8801155731625.png
CU,동원)덴마크딸기딸기우유,2100,1+1,https://tqklhszfkvzk6518638.edge.naverncp.com/product/8801155731632.png
CU,잘풀리는집)클린3겹24롤,24000,1+1,https://tqklhszfkvzk6518638.edge.naverncp.com/product/8809848530579_1.png
CU,깨끗)베리베리물티슈70매,3500,1+1,https://tqklhszfkvzk6518638.edge.naverncp.com/product/8801260610563.jpg
CU,오뚜기)XO교자고기324g,7200,1+1,https://tqklhszfkvzk6518638.edge.naverncp.com/product/8801045712987.jpg
CU,CJ)국산콩두부찌개용380g,5900,1+1,https://tqklhszfkvzk6518638.edge.naverncp.com/product/8801007009322.png
CU,CJ)국산콩두부부침용380g,5900,1+1,https://tqklhszfkvzk6518638.edge.naverncp.com/product/8801007034287.png
CU,웅진)티즐제로자몽티P500,2500,1+1,https://tqklhszfkvzk6518638.edge.naverncp.com/product/8801382149743.png
CU,하림)매콤후랑크70g,2500,1+1,https://tqklhszfkvzk6518638.edge.naverncp.com/product/8801492384386.jpg
CU,엘라)프로틴케어린스480ml,12900,1+1,https://tqklhszfkvzk6518638.edge.naverncp.com/product/8801051292909.png
CU,엘라)프로틴케어샴푸480ml,12900,1+1,https://tqklhszfkvzk6518638.edge.naverncp.com/product/8801051292916.png
CU,서울)마이픽딸기초코링,2200,1+1,https://tqklhszfkvzk6518638.edge.naverncp.com/product/8801115215851.jpg
CU,웅진)자연은말린복숭아500,2500,1+1,https://tqklhszfkvzk6518638.edge.naverncp.com/product/8801382150206.png
CU,웅진)자연은말린자몽P500,2500,1+1,https://tqklhszfkvzk6518638.edge.naverncp.com/product/8801382150220.png
CU,남양)아몬드데이오리지널,1700,1+1,https://tqklhszfkvzk6518638.edge.naverncp.com/product/8801069416441.png
CU,남양)아몬드데이언스위트,1700,1+1,https://tqklhszfkvzk6518638.edge.naverncp.com/product/8801069416458.png
CU,HK)티로그청귤녹차P500,2500,1+1,https://tqklhszfkvzk6518638.edge.naverncp.com/product/8809422044430.jpg
CU,HK)티로그복숭아홍차P500,2500,1+1,https://tqklhszfkvzk6518638.edge.naverncp.com/product/8809422044447.jpg
CU,좋은)무표백유기농대형4P,3900,1+1,https://tqklhszfkvzk6518638.edge.naverncp.com/product/8801166091244.png
CU,좋은)무표백입는오버L4P,11200,1+1,https://tqklhszfkvzk6518638.edge.naverncp.com/product/8801166239912.png
CU,링티)제로레몬라임500ml,2900,1+1,https://tqklhszfkvzk6518638.edge.naverncp.com/product/8809799270203.jpg
CU,하이트)하이트논알콜캔500,2800,1+1,https://tqklhszfkvzk6518638.edge.naverncp.com/product/8801001236434.png
CU,코카)환타파인제로캔355ml,1700,1+1,https://tqklhszfkvzk6518638.edge.naverncp.com/product/8801094263218.png
CU,연세)블루베리요거트300,2500,1+1,https://tqklhszfkvzk6518638.edge.naverncp.com/product/8801753110501.jpg
CU,쏘피)내몸에순한면대4P,3400,1+1,https://tqklhszfkvzk6518638.edge.naverncp.com/product/8809299233807.png
CU,동원)양반오미자차500ml,2200,1+1,https://tqklhszfkvzk6518638.edge.naverncp.com/product/8801047289685.jpg
CU,피죤)고농축섬유플라워1.6,12900,1+1,https://tqklhszfkvzk6518638.edge.naverncp.com/product/8801101887635.jpg
CU,피죤)건조기용시트25매,8900,1+1,https://tqklhszfkvzk6518638.edge.naverncp.com/product/8801101888694.jpg
CU,CJ)도가니곰탕460g,11900,1+1,https://tqklhszfkvzk6518638.edge.naverncp.com/product/8801007923000.png
CU,한성)바베큐직화구이바70g,2000,1+1,https://tqklhszfkvzk6518638.edge.naverncp.com/product/8801074008044.jpg
CU,CJ)한식간장김자반20g,3200,1+1,https://tqklhszfkvzk6518638.edge.naverncp.com/product/8801007373218.png
CU,웅진)빅토리아청포P500ml,1800,1+1,https://tqklhszfkvzk6518638.edge.naverncp.com/product/8801382147060.jpg
CU,웅진)빅토리아파인P500ml,1800,1+1,https://tqklhszfkvzk6518638.edge.naverncp.com/product/8801382147343.jpg
CU,페브리즈)실내건조370ml,12000,1+1,https://tqklhszfkvzk6518638.edge.naverncp.com/product/4987176165237.png
CU,좋은)입는데이팬티L4P,10900,1+1,https://tqklhszfkvzk6518638.edge.naverncp.com/product/8801166098991.png
CU,CJ)비비고추어탕460g,11900,1+1,https://tqklhszfkvzk6518638.edge.naverncp.com/product/8801007769868.png
CU,코카)코카제로레몬P500ml,2400,1+1,https://tqklhszfkvzk6518638.edge.naverncp.com/product/8801094062675.png
CU,연세)스트로베리요거트300,2500,1+1,https://tqklhszfkvzk6518638.edge.naverncp.com/product/8801753110976.jpg
CU,닥터그루트)쿨멘솔샴푸180,9900,1+1,https://tqklhszfkvzk6518638.edge.naverncp.com/product/8801051297041.png
CU,미쟝센)데미지샴푸200ml,8000,1+1,https://tqklhszfkvzk6518638.edge.naverncp.com/product/8809643064088.jpg
CU,미쟝센)데미지린스200ml,8000,1+1,https://tqklhszfkvzk6518638.edge.naverncp.com/product/8809685746973.jpg
CU,동원)복숭아제로아이스900,4000,1+1,https://tqklhszfkvzk6518638.edge.naverncp.com/product/8801047284581.jpg
CU,유시몰)무알콜가글민트90,3900,1+1,https://tqklhszfkvzk6518638.edge.naverncp.com/product/8801051218282.jpg
CU,온더)체리블라썸비누,3000,1+1,https://tqklhszfkvzk6518638.edge.naverncp.com/product/8801051103632.jpg
CU,맥스웰)헤이즐넛블랙500ml,2900,1+1,https://tqklhszfkvzk6518638.edge.naverncp.com/product/8801037096446_1.png
CU,CJ)한뿌리아르기닌병100ml,5000,1+1,https://tqklhszfkvzk6518638.edge.naverncp.com/product/8801392028014.jpg
CU,퐁퐁)친환경주방세제1.2L,6900,1+1,https://tqklhszfkvzk6518638.edge.naverncp.com/product/8801051039429.jpg
CU,테크)울드라이중성세제1.3,10900,1+1,https://tqklhszfkvzk6518638.edge.naverncp.com/product/8801051202076.jpg
CU,홈스타)살균세정티슈60매,10900,1+1,https://tqklhszfkvzk6518638.edge.naverncp.com/product/8801051299236.jpg
CU,CJ)100%현미밥130g*3입,7500,1+1,https://tqklhszfkvzk6518638.edge.naverncp.com/product/8801007327372.png
CU,CJ)맥스봉오리지널70g,2600,1+1,https://tqklhszfkvzk6518638.edge.naverncp.com/product/8801392060632.jpg
CU,연세)복숭아요거트300,2500,1+1,https://tqklhszfkvzk6518638.edge.naverncp.com/product/8801753111201.jpg
CU,동원)딤섬샤오롱바오6입,4900,1+1,https://tqklhszfkvzk6518638.edge.naverncp.com/product/8801047317302.jpg
CU,도루코)윈3쉐이빙폼210ml,5900,1+1,https://tqklhszfkvzk6518638.edge.naverncp.com/product/8801038560403.png
CU,2080)진지발리스치약,4400,1+1,https://tqklhszfkvzk6518638.edge.naverncp.com/product/8801046996799.jpg
CU,서울)마이픽플레인쿠키링,2200,1+1,https://tqklhszfkvzk6518638.edge.naverncp.com/product/8801115224143.jpg
CU,삼양)맵탱마늘조개라면컵,1800,1+1,https://tqklhszfkvzk6518638.edge.naverncp.com/product/8801073216198.jpg
CU,삼양)맵탱청양대파라면컵,1800,1+1,https://tqklhszfkvzk6518638.edge.naverncp.com/product/8801073216204.jpg
CU,아우라)섬유스모키머스크1,10900,1+1,https://tqklhszfkvzk6518638.edge.naverncp.com/product/8801051267716.jpg
CU,CJ)비비고들기름김4g,900,1+1,https://tqklhszfkvzk6518638.edge.naverncp.com/product/8801007254548.png
CU,CJ)비비고참기름김4g,900,1+1,https://tqklhszfkvzk6518638.edge.naverncp.com/product/8801007535319.png
CU,CJ)소고기듬뿍설렁탕,9900,1+1,https://tqklhszfkvzk6518638.edge.naverncp.com/product/8801392032950.png
CU,CJ)소고기듬뿍육개장,9900,1+1,https://tqklhszfkvzk6518638.edge.naverncp.com/product/8801392032974.png
CU,CJ)소고기듬뿍미역국,9900,1+1,https://tqklhszfkvzk6518638.edge.naverncp.com/product/8801392032998.png
CU,쉼)오가닉생리대중형18P,8900,1+1,https://tqklhszfkvzk6518638.edge.naverncp.com/product/8808906131949.jpg
CU,롯데)에센뽀득핫바70g,2400,1+1,https://tqklhszfkvzk6518638.edge.naverncp.com/product/8801123307630.jpg
CU,좋은)유기농탐폰레귤러8P,10900,1+1,https://tqklhszfkvzk6518638.edge.naverncp.com/product/8801166092173.png
CU,좋은)유기농탐폰슈퍼8P,10900,1+1,https://tqklhszfkvzk6518638.edge.naverncp.com/product/8801166092180.png
CU,HK)컨디션스틱망고18g,3900,1+1,https://tqklhszfkvzk6518638.edge.naverncp.com/product/8809422044904.png
CU,HK)컨디션스틱자두18g,3900,1+1,https://tqklhszfkvzk6518638.edge.naverncp.com/product/8809422044928.png
CU,오뚜기)컵밥돼지국밥,4800,1+1,https://tqklhszfkvzk6518638.edge.naverncp.com/product/8801045897585.jpg
CU,라라스윗)생우유파인트,11900,1+1,https://tqklhszfkvzk6518638.edge.naverncp.com/product/8809599360524.png
CU,동원)쿨피스에이드복숭아,2000,1+1,https://tqklhszfkvzk6518638.edge.naverncp.com/product/8801155743758.png
CU,동원)쿨피스에이드자두,2000,1+1,https://tqklhszfkvzk6518638.edge.naverncp.com/product/8801155743765.png
CU,연세)검은콩고칼슘두유,1600,1+1,https://tqklhszfkvzk6518638.edge.naverncp.com/product/8801753100298.png
CU,현대)미에로스파클링제로P,2200,1+1,https://tqklhszfkvzk6518638.edge.naverncp.com/product/8806004000587.png
CU,뉴트)멀티비타민슈퍼샷,3900,1+1,https://tqklhszfkvzk6518638.edge.naverncp.com/product/8809948522078.jpg
CU,동원)사과제로아이스티500,2500,1+1,https://tqklhszfkvzk6518638.edge.naverncp.com/product/8801047284550.png
CU,동원)샤인제로아이스티500,2500,1+1,https://tqklhszfkvzk6518638.edge.naverncp.com/product/8801047284598.png
CU,유니)벤앤피넛버터파인트,16900,1+1,https://tqklhszfkvzk6518638.edge.naverncp.com/product/0076840100811.jpg
CU,코카)토레타제로P500ml,2200,1+1,https://tqklhszfkvzk6518638.edge.naverncp.com/product/8801094412371.png
CU,연세)플레인요거트300ml,2500,1+1,https://tqklhszfkvzk6518638.edge.naverncp.com/product/8801753111966.png
CU,동화)하루한병아르긴병100,2000,1+1,https://tqklhszfkvzk6518638.edge.naverncp.com/product/8806016189010.jpg
CU,롯데)펩시제로제로캔355ml,2100,1+1,https://tqklhszfkvzk6518638.edge.naverncp.com/product/8801056241506.png
CU,일화)호박팥차P500ml,2300,1+1,https://tqklhszfkvzk6518638.edge.naverncp.com/product/8801223013202.jpg
CU,코카)환타오렌지제로캔355,1700,1+1,https://tqklhszfkvzk6518638.edge.naverncp.com/product/8801094347208.png
CU,함소아)유기농당근포도,1300,1+1,https://tqklhszfkvzk6518638.edge.naverncp.com/product/8809226406403.jpg
CU,함소아)유기농푸룬사과,1300,1+1,https://tqklhszfkvzk6518638.edge.naverncp.com/product/8809226406410.jpg
CU,아우라)생화캡슐로즈1L,12900,1+1,https://tqklhszfkvzk6518638.edge.naverncp.com/product/8809949542006.png
CU,코카)파워스칼렛스톰600P,2400,1+1,https://tqklhszfkvzk6518638.edge.naverncp.com/product/8801094602703.jpg
CU,동아)나랑드사이다캔345ml,1800,1+1,https://tqklhszfkvzk6518638.edge.naverncp.com/product/8801097135413.jpg
CU,웅진)푸룬부스터P200ml,4500,1+1,https://tqklhszfkvzk6518638.edge.naverncp.com/product/8801382150626.jpg
CU,클룹)애사비오리지널P500,2800,1+1,https://tqklhszfkvzk6518638.edge.naverncp.com/product/8809495078851.jpg
CU,롯데)게토레이제로P600ml,2400,1+1,https://tqklhszfkvzk6518638.edge.naverncp.com/product/8801056243258.png
CU,빙그레)아카페라벤티아메,3200,1+1,https://tqklhszfkvzk6518638.edge.naverncp.com/product/8801104944915.png
CU,빙그레)아카페라벤티헤이,3200,1+1,https://tqklhszfkvzk6518638.edge.naverncp.com/product/8801104944939.png
CU,웅진)유기농하늘보리P500,2500,1+1,https://tqklhszfkvzk6518638.edge.naverncp.com/product/8801382151449.png
CU,코카)코카제로체리P500ml,2400,1+1,https://tqklhszfkvzk6518638.edge.naverncp.com/product/8801094072667.jpg
CU,좋은)무표백유기농중형4P,3900,1+1,https://tqklhszfkvzk6518638.edge.naverncp.com/product/8801166092401.png
CU,좋은)울날대4P,2800,1+1,https://tqklhszfkvzk6518638.edge.naverncp.com/product/8801166094054.jpg
CU,정식품)고단백두유초코팩,1600,1+1,https://tqklhszfkvzk6518638.edge.naverncp.com/product/8801033808913.jpg
CU,CJ)숯불불닭맛후랑크120g,3700,1+1,https://tqklhszfkvzk6518638.edge.naverncp.com/product/8801392068911.jpg
CU,CJ)전통냉면사리150g,2500,1+1,https://tqklhszfkvzk6518638.edge.naverncp.com/product/8801007071497_1.png
CU,서울)내안의진짜초코280ml,2300,1+1,https://tqklhszfkvzk6518638.edge.naverncp.com/product/8801115118886.jpg
CU,서울)내안의진짜딸기280ml,2300,1+1,https://tqklhszfkvzk6518638.edge.naverncp.com/product/8801115118893.jpg
CU,서울)커피타운바닐라250ml,2600,1+1,https://tqklhszfkvzk6518638.edge.naverncp.com/product/8801115140016.png
CU,서울)커피타운모카250ml,2600,1+1,https://tqklhszfkvzk6518638.edge.naverncp.com/product/8801115140023.png
CU,CJ)맥스봉치즈후랑크65g,2400,1+1,https://tqklhszfkvzk6518638.edge.naverncp.com/product/8801392090516.png
CU,동화)하루한병밀크씨슬100,2000,1+1,https://tqklhszfkvzk6518638.edge.naverncp.com/product/8806016182615.jpg
CU,동화)하루한병마그네슘100,2000,1+1,https://tqklhszfkvzk6518638.edge.naverncp.com/product/8806016182912.jpg
CU,풀무원)그릭플레인150g,3900,1+1,https://tqklhszfkvzk6518638.edge.naverncp.com/product/8809274516215.png
CU,CJ)동치미냉면육수300g,2500,1+1,https://tqklhszfkvzk6518638.edge.naverncp.com/product/8801007033686.png
CU,CJ)두부듬뿍김치찌개460g,9900,1+1,https://tqklhszfkvzk6518638.edge.naverncp.com/product/8801007528557.jpg
CU,CJ)두부듬뿍된장찌개460g,9900,1+1,https://tqklhszfkvzk6518638.edge.naverncp.com/product/8801007528595.jpg
CU,모나리자)순수3겹데코4롤,6900,1+1,https://tqklhszfkvzk6518638.edge.naverncp.com/product/8801236213927.jpg
CU,뉴트)밀크씨슬파워샷20ml,3900,1+1,https://tqklhszfkvzk6518638.edge.naverncp.com/product/8809948523501.jpg
CU,CJ)맥스봉매콤불고기핫바,2400,1+1,https://tqklhszfkvzk6518638.edge.naverncp.com/product/8801392090530.jpg
CU,CJ)맥스봉오리지널25g,1200,1+1,https://tqklhszfkvzk6518638.edge.naverncp.com/product/8801392059636.jpg
CU,오뗄)화이트치즈소시지70g,2700,1+1,https://tqklhszfkvzk6518638.edge.naverncp.com/product/8802266500643.jpg
CU,크리)울트라클린3겹24롤,35800,1+1,https://tqklhszfkvzk6518638.edge.naverncp.com/product/8801166070744.jpg
CU,오뗄)블랙알리오소시지,2700,1+1,https://tqklhszfkvzk6518638.edge.naverncp.com/product/8802266500636.jpg
CU,비트)콤팩트캡슐세제15입,7900,1+1,https://tqklhszfkvzk6518638.edge.naverncp.com/product/8806325633556.png
CU,박대리)퇴근커피카라멜300,2600,1+1,https://tqklhszfkvzk6518638.edge.naverncp.com/product/8801104946261.jpg
CU,박대리)출근커피바닐라300,2600,1+1,https://tqklhszfkvzk6518638.edge.naverncp.com/product/8801104946285.jpg
CU,롯데)펩시제로제로P500ml,2500,1+1,https://tqklhszfkvzk6518638.edge.naverncp.com/product/8801056245085.png
CU,좋은)입는오버나이트M4P,10500,1+1,https://tqklhszfkvzk6518638.edge.naverncp.com/product/8801166230469.jpg
CU,좋은)입는오버나이트L4P,10500,1+1,https://tqklhszfkvzk6518638.edge.naverncp.com/product/8801166230476.jpg
CU,하림)마늘후랑크70g,2500,1+1,https://tqklhszfkvzk6518638.edge.naverncp.com/product/8801492391995.jpg
CU,핑크솔트)화이트닝치약,9900,1+1,https://tqklhszfkvzk6518638.edge.naverncp.com/product/8809949543034.jpg
CU,핑크솔트)화이트닝칫솔,5900,1+1,https://tqklhszfkvzk6518638.edge.naverncp.com/product/8809949544543.jpg
CU,매일)그릭파우치허니120,3400,1+1,https://tqklhszfkvzk6518638.edge.naverncp.com/product/8801121045800.jpg
CU,매일)그릭파우치플레인120,3400,1+1,https://tqklhszfkvzk6518638.edge.naverncp.com/product/8801121046081.jpg
CU,풀무원)그릭딸기베리150g,3900,1+1,https://tqklhszfkvzk6518638.edge.naverncp.com/product/8809274516277.png
CU,CJ)비비고찰보리만두300g,7800,1+1,https://tqklhszfkvzk6518638.edge.naverncp.com/product/8801392085963.jpg
CU,유한)내일N스틱20g,3900,1+1,https://tqklhszfkvzk6518638.edge.naverncp.com/product/8806006504069.jpg
CU,CJ)얼티브프로틴맛밤,2900,1+1,https://tqklhszfkvzk6518638.edge.naverncp.com/product/8801392081484.png
CU,CJ)저나트륨사골곰탕500g,3200,1+1,https://tqklhszfkvzk6518638.edge.naverncp.com/product/8801392110733.jpg
CU,슈가)주방레몬민트1.2L,6900,1+1,https://tqklhszfkvzk6518638.edge.naverncp.com/product/8809107607684.jpg
CU,링티)제로레몬라이트P500,3200,1+1,https://tqklhszfkvzk6518638.edge.naverncp.com/product/8809626921407.png
CU,퍼실)딥클린실내건조950ml,14800,1+1,https://tqklhszfkvzk6518638.edge.naverncp.com/product/8809878063351.jpg
CU,CJ)비비고썰은김치800g,17500,1+1,https://tqklhszfkvzk6518638.edge.naverncp.com/product/8801392049736.png
CU,좋은)무표백입는오버M4P,11200,1+1,https://tqklhszfkvzk6518638.edge.naverncp.com/product/8801166239738.jpg
CU,CJ)소바바양념치킨240g,9900,1+1,https://tqklhszfkvzk6518638.edge.naverncp.com/product/8801392112485.png
CU,매일)바이오그릭플레인150,3400,1+1,https://tqklhszfkvzk6518638.edge.naverncp.com/product/8801121046739.jpg
CU,종근당)멀티비타4U100ml,1800,1+1,https://tqklhszfkvzk6518638.edge.naverncp.com/product/8809097856437.jpg
CU,오뚜기)도가니탕500g,9900,1+1,https://tqklhszfkvzk6518638.edge.naverncp.com/product/8801045290829.jpg
CU,남양)맛있는두유담백190,1500,1+1,https://tqklhszfkvzk6518638.edge.naverncp.com/product/8801069421445.jpg
CU,남양)맛있는두유검은콩190,1500,1+1,https://tqklhszfkvzk6518638.edge.naverncp.com/product/8801069421476.jpg
CU,미트)매실불고기350g,9900,1+1,https://tqklhszfkvzk6518638.edge.naverncp.com/product/8809152418204.png
CU,좋은)울날소18P,9900,1+1,https://tqklhszfkvzk6518638.edge.naverncp.com/product/8801166090643.jpg
CU,동원)얼라이브망고200ml,1500,1+1,https://tqklhszfkvzk6518638.edge.naverncp.com/product/8801155735647.jpg
CU,동원)얼라이브자몽200ml,1500,1+1,https://tqklhszfkvzk6518638.edge.naverncp.com/product/8801155744762.jpg
CU,고려)제주등심육포40g,5100,1+1,https://tqklhszfkvzk6518638.edge.naverncp.com/product/8809050566298.jpg
CU,CJ)소고기듬뿍무국500g,9900,1+1,https://tqklhszfkvzk6518638.edge.naverncp.com/product/8801392114779.jpg
CU,CJ)비비고군만두315g,7800,1+1,https://tqklhszfkvzk6518638.edge.naverncp.com/product/8801392011528.jpg
CU,동원)덴마크커피커피우유,2100,1+1,https://tqklhszfkvzk6518638.edge.naverncp.com/product/8801155731847.png
CU,웅진)카무트현미차P500ml,2500,1+1,https://tqklhszfkvzk6518638.edge.naverncp.com/product/8801382151777.jpg
CU,라라스윗)딸기요거트바,2500,1+1,https://tqklhszfkvzk6518638.edge.naverncp.com/product/8809599361057.png
CU,미트)앞다리제육볶음350g,9900,1+1,https://tqklhszfkvzk6518638.edge.naverncp.com/product/8809152418198.jpg
CU,롯데)클라우드논알콜캔350,1500,1+1,https://tqklhszfkvzk6518638.edge.naverncp.com/product/8801022025086_1.png
CU,빙그레)오늘의커피라떼,2700,1+1,https://tqklhszfkvzk6518638.edge.naverncp.com/product/8801104666152.jpg
CU,빙그레)오늘의커피바닐라,2700,1+1,https://tqklhszfkvzk6518638.edge.naverncp.com/product/8801104666176.jpg
CU,풀무원)액티비아사과150g,3200,1+1,https://tqklhszfkvzk6518638.edge.naverncp.com/product/8809274516413.jpg
CU,풀무원)액티비아딸기150g,3200,1+1,https://tqklhszfkvzk6518638.edge.naverncp.com/product/8809274516420.jpg
CU,동원)소화잘되는카페라떼,2800,1+1,https://tqklhszfkvzk6518638.edge.naverncp.com/product/8801155744991.jpg
CU,동원)소화잘되는바닐라떼,2800,1+1,https://tqklhszfkvzk6518638.edge.naverncp.com/product/8801155745004.jpg
CU,연세)마카다미아초코190ml,1600,1+1,https://tqklhszfkvzk6518638.edge.naverncp.com/product/8801753114097.jpg
CU,동원)비타C자몽에이드500,2200,1+1,https://tqklhszfkvzk6518638.edge.naverncp.com/product/8801047284642.jpg
CU,박대리)맛점커피바나나300,2600,1+1,https://tqklhszfkvzk6518638.edge.naverncp.com/product/8801104948760.png
CU,크리)다용도키친타올100매,4000,1+1,https://tqklhszfkvzk6518638.edge.naverncp.com/product/8801166034609.png
CU,화이트)드림가드오버3P,3900,1+1,https://tqklhszfkvzk6518638.edge.naverncp.com/product/8801166099004.jpg
CU,인테)슈로코코제로피치340,2600,1+1,https://tqklhszfkvzk6518638.edge.naverncp.com/product/8809403539207.jpg
CU,인테)슈로코코제로요구340,2600,1+1,https://tqklhszfkvzk6518638.edge.naverncp.com/product/8809403539221.jpg
CU,동원)양반유자차P500ml,2200,1+1,https://tqklhszfkvzk6518638.edge.naverncp.com/product/8809848280085.jpg
CU,CJ)국산콩연두부140g,2400,1+1,https://tqklhszfkvzk6518638.edge.naverncp.com/product/8801007711140.jpg
CU,빙그레)오늘의커피연유,2700,1+1,https://tqklhszfkvzk6518638.edge.naverncp.com/product/8801104949187.jpg
CU,이그니스)바이탈레몬캔500,2700,1+1,https://tqklhszfkvzk6518638.edge.naverncp.com/product/8800261383179.jpg
CU,일화)레몬애사비소다캔250,1700,1+1,https://tqklhszfkvzk6518638.edge.naverncp.com/product/8801223014025_1.png
CU,하림)직화갈비맛핫바65g,2500,1+1,https://tqklhszfkvzk6518638.edge.naverncp.com/product/8801492392589.jpg
CU,오뗄)맛있는핫도그,2900,1+1,https://tqklhszfkvzk6518638.edge.naverncp.com/product/8802266602095.jpg
CU,하이트)보리누룽지P520,2200,1+1,https://tqklhszfkvzk6518638.edge.naverncp.com/product/8801001238391.png
CU,삼양)맵탱김치비빔면,1400,1+1,https://tqklhszfkvzk6518638.edge.naverncp.com/product/8801073116856.jpg
CU,풀무원)아임리얼100레몬,1800,1+1,https://tqklhszfkvzk6518638.edge.naverncp.com/product/8801114174463.jpg
CU,풀무원)아임리얼100사과,1800,1+1,https://tqklhszfkvzk6518638.edge.naverncp.com/product/8801114174487.jpg
CU,종근당)아임비타에너지샷,2300,1+1,https://tqklhszfkvzk6518638.edge.naverncp.com/product/8805915912804.jpg
CU,HK)티로그청포도홍차P500,2500,1+1,https://tqklhszfkvzk6518638.edge.naverncp.com/product/8809422045925.jpg
CU,HK)티로그자두홍차P500,2500,1+1,https://tqklhszfkvzk6518638.edge.naverncp.com/product/8809422045932.jpg
CU,오뚜기)XO새우슈마이133g,4000,1+1,https://tqklhszfkvzk6518638.edge.naverncp.com/product/8801045935508.jpg
CU,코카)파워라임제로P600,2400,1+1,https://tqklhszfkvzk6518638.edge.naverncp.com/product/8801094000288.jpg
CU,CJ)유기농부침두부300g,3900,1+1,https://tqklhszfkvzk6518638.edge.naverncp.com/product/8801392082276.jpg
CU,CJ)유기농찌개두부300g,3900,1+1,https://tqklhszfkvzk6518638.edge.naverncp.com/product/8801392082290.jpg
CU,CJ)100%통곡물밥130g,2600,1+1,https://tqklhszfkvzk6518638.edge.naverncp.com/product/8801392101724.png
CU,CJ)소바바소이허니240g,9900,1+1,https://tqklhszfkvzk6518638.edge.naverncp.com/product/8801392087073_1.png
CU,브리티시)블랙아메P500ml,2800,1+1,https://tqklhszfkvzk6518638.edge.naverncp.com/product/8808024034085.jpg
CU,브리티시)헤이즐넛P500ml,2800,1+1,https://tqklhszfkvzk6518638.edge.naverncp.com/product/8808024034092.jpg
CU,롯데)클라우드논알콜릭500,2800,1+1,https://tqklhszfkvzk6518638.edge.naverncp.com/product/8801022025048_1.png
CU,동원)한입쏙만두고기6입,4900,1+1,https://tqklhszfkvzk6518638.edge.naverncp.com/product/8801047307808.jpg
CU,동원)한입쏙만두김치6입,4900,1+1,https://tqklhszfkvzk6518638.edge.naverncp.com/product/8801047307907.jpg
CU,코카)일로하스피치P540,2500,1+1,https://tqklhszfkvzk6518638.edge.naverncp.com/product/8801094000240.jpg
CU,매일)그릭드링킹플레인190,2900,1+1,https://tqklhszfkvzk6518638.edge.naverncp.com/product/8801121048887.jpg
CU,매일)그릭드링킹바나나190,2900,1+1,https://tqklhszfkvzk6518638.edge.naverncp.com/product/8801121048900.jpg
CU,웅진)프로타민고소한250ml,3800,1+1,https://tqklhszfkvzk6518638.edge.naverncp.com/product/8801382152125.jpg
CU,웅진)프로타민초코250ml,3800,1+1,https://tqklhszfkvzk6518638.edge.naverncp.com/product/8801382152149.jpg
CU,이디야)블렌딩티유자자몽,1800,1+1,https://tqklhszfkvzk6518638.edge.naverncp.com/product/8809388466116.png
CU,이디야)블렌딩티망고피치,1800,1+1,https://tqklhszfkvzk6518638.edge.naverncp.com/product/8809388466123.png
CU,바다원)한입만어포튀각50g,4900,1+1,https://tqklhszfkvzk6518638.edge.naverncp.com/product/8809936951088.jpg
CU,정지영)디카페아메P500ml,2800,1+1,https://tqklhszfkvzk6518638.edge.naverncp.com/product/8801104950022.png
CU,정지영)아메리카노P500ml,2800,1+1,https://tqklhszfkvzk6518638.edge.naverncp.com/product/8801104950008.png
CU,동원)어단백바닭가슴살,3500,1+1,https://tqklhszfkvzk6518638.edge.naverncp.com/product/8801047521013.png
CU,동원)어단백바두부,3500,1+1,https://tqklhszfkvzk6518638.edge.naverncp.com/product/8801047521006.png
CU,라라스윗)복숭아요거트바,2500,1+1,https://tqklhszfkvzk6518638.edge.naverncp.com/product/8809599361217.png
CU,사조)불닭숯불구이후랑크,2200,1+1,https://tqklhszfkvzk6518638.edge.naverncp.com/product/8801066064256_1.png
CU,동화)배러푸룬P120g,3500,1+1,https://tqklhszfkvzk6518638.edge.naverncp.com/product/8806016185289_1.png
CU,신이어)유기농보리차P600,2500,1+1,https://tqklhszfkvzk6518638.edge.naverncp.com/product/8801104949941.png
CU,롯데)탐스오렌지캔355ml,1500,1+1,https://tqklhszfkvzk6518638.edge.naverncp.com/product/8801056248567.jpg
CU,CJ)맛밤60G*4번들,14500,1+1,https://tqklhszfkvzk6518638.edge.naverncp.com/product/8801007908861.jpg
CU,진주햄)천하매콤후랑크70g,2400,1+1,https://tqklhszfkvzk6518638.edge.naverncp.com/product/8801077630709.jpg
CU,동원)양반찰진밥130g,1700,1+1,https://tqklhszfkvzk6518638.edge.naverncp.com/product/8801047170945.jpg
CU,롯데)칠성사이다오렌지500,2500,1+1,https://tqklhszfkvzk6518638.edge.naverncp.com/product/8801056249519.jpg
CU,코카)환타멜론P600ml,2200,1+1,https://tqklhszfkvzk6518638.edge.naverncp.com/product/8801094000394.jpg
CU,푸르밀)예가체프라떼300ml,2900,1+1,https://tqklhszfkvzk6518638.edge.naverncp.com/product/8806371360352.jpg
CU,푸르밀)케냐AA라떼300ml,2900,1+1,https://tqklhszfkvzk6518638.edge.naverncp.com/product/8806371360369.jpg
CU,CJ)비비고순살가자미구이,7400,1+1,https://tqklhszfkvzk6518638.edge.naverncp.com/product/8801392109201.png
CU,CJ)비비고순살고등어구이,7400,1+1,https://tqklhszfkvzk6518638.edge.naverncp.com/product/8801007917030.png
CU,CJ)비비고고기왕교자315g,7800,1+1,https://tqklhszfkvzk6518638.edge.naverncp.com/product/8801392011887.png
CU,CJ)비비고김치왕교자315g,7800,1+1,https://tqklhszfkvzk6518638.edge.naverncp.com/product/8801392011962.png
CU,현대)미에로화이스파클500,2700,1+1,https://tqklhszfkvzk6518638.edge.naverncp.com/product/8806004000945.jpg
CU,롯데)마운틴듀제로캔355ml,1800,1+1,https://tqklhszfkvzk6518638.edge.naverncp.com/product/8801056249892.jpg
CU,쟈뎅)히비스애플오렌지500,2500,1+1,https://tqklhszfkvzk6518638.edge.naverncp.com/product/8808024034269.jpg
CU,쟈뎅)루이보스피치망고500,2500,1+1,https://tqklhszfkvzk6518638.edge.naverncp.com/product/8808024034276.jpg
CU,화이트)스테이쿨대형16입,12500,1+1,https://tqklhszfkvzk6518638.edge.naverncp.com/product/8801166099196.jpg
CU,신세계)순두부찌개450g,7900,1+1,https://tqklhszfkvzk6518638.edge.naverncp.com/product/8809901605251.jpg
CU,신세계)황태해장국450g,7900,1+1,https://tqklhszfkvzk6518638.edge.naverncp.com/product/8809901605305.jpg
CU,코카)코카콜라제로제로500,2400,1+1,https://tqklhszfkvzk6518638.edge.naverncp.com/product/8801094000554.jpg
CU,하림)맥시칸크리스피순살,9900,1+1,https://tqklhszfkvzk6518638.edge.naverncp.com/product/8809778498314_1.png
CU,CJ)비비고순살삼치구이,7400,1+1,https://tqklhszfkvzk6518638.edge.naverncp.com/product/8801007917320.jpg
CU,오뚜기)육즙가득떡갈비,6500,1+1,https://tqklhszfkvzk6518638.edge.naverncp.com/product/8801045611228.jpg
CU,오뚜기)레드칠리미트볼,6500,1+1,https://tqklhszfkvzk6518638.edge.naverncp.com/product/8801045907802.jpg
CU,롯데)레쓰비마일드230ml,1400,1+1,https://tqklhszfkvzk6518638.edge.naverncp.com/product/8801056248536.jpg
CU,롯데)오트몬드초코250ml,2900,1+1,https://tqklhszfkvzk6518638.edge.naverncp.com/product/8801056249038.jpg
CU,롯데)오트몬드쿠앤크250ml,2900,1+1,https://tqklhszfkvzk6518638.edge.naverncp.com/product/8801056249076.jpg
CU,CJ)황태듬뿍해장국460g,9900,1+1,https://tqklhszfkvzk6518638.edge.naverncp.com/product/8801392114755.jpg
CU,CJ)비비고순살임연수구이,7400,1+1,https://tqklhszfkvzk6518638.edge.naverncp.com/product/8801392080913.jpg
CU,널담)다크초코호두쿠키,2400,1+1,https://tqklhszfkvzk6518638.edge.naverncp.com/product/8809795334251.jpg
CU,널담)화이트초코마카쿠키,2400,1+1,https://tqklhszfkvzk6518638.edge.naverncp.com/product/8809795334268.jpg
CU,현대그린)카페베르나노350,2600,1+1,https://tqklhszfkvzk6518638.edge.naverncp.com/product/8800246888811.jpg
CU,CJ)하루낫또2입,3900,1+1,https://tqklhszfkvzk6518638.edge.naverncp.com/product/8801392136122.jpg
CU,동화)마그랩포스트레스25m,3900,1+1,https://tqklhszfkvzk6518638.edge.naverncp.com/product/8806129204051.jpg
CU,동화)마그랩포에너지25ml,3900,1+1,https://tqklhszfkvzk6518638.edge.naverncp.com/product/8806129204075.jpg
CU,오뚜기)컵밥진짬뽕밥,4800,1+1,https://tqklhszfkvzk6518638.edge.naverncp.com/product/8801045892276.jpg
CU,풀무원)해초미역면150g,4800,1+1,https://tqklhszfkvzk6518638.edge.naverncp.com/product/8801114157640.jpg
CU,라라스윗)말차파인트,11900,1+1,https://tqklhszfkvzk6518638.edge.naverncp.com/product/8809599360098.jpg
CU,튀김)바삭한핫도그,2800,1+1,https://tqklhszfkvzk6518638.edge.naverncp.com/product/2202000113478.png
CU,CJ)맥스봉풍미후랑크65g,2400,1+1,https://tqklhszfkvzk6518638.edge.naverncp.com/product/8801392109782.png
CU,튀김)바삭한치즈핫도그,3200,1+1,https://tqklhszfkvzk6518638.edge.naverncp.com/product/2202000122364.png
CU,클룹)애사비샤인머스켓500,2800,1+1,https://tqklhszfkvzk6518638.edge.naverncp.com/product/8800261385081_1.png
CU,영진)알부민리얼바몬드,1900,1+1,https://tqklhszfkvzk6518638.edge.naverncp.com/product/8809330479928.jpg
CU,신세계)소고기미역국480g,7900,1+1,https://tqklhszfkvzk6518638.edge.naverncp.com/product/8809486799932.jpg
CU,신세계)콩나물해장국450g,7900,1+1,https://tqklhszfkvzk6518638.edge.naverncp.com/product/8809901605244.png
CU,이그니스)바이탈자몽캔500,2700,1+1,https://tqklhszfkvzk6518638.edge.naverncp.com/product/8800261385821.jpg
CU,라라스윗)블루베리요거바,2500,1+1,https://tqklhszfkvzk6518638.edge.naverncp.com/product/8809599361286.jpg
CU,미트)마늘안창살구이350g,16900,1+1,https://tqklhszfkvzk6518638.edge.naverncp.com/product/8809152414329_1.png
CU,유앤)돈시몬토마토주스200,2400,1+1,https://tqklhszfkvzk6518638.edge.naverncp.com/product/8410261613314.jpg
CU,뉴트)애사비탱글스틱20g,2000,1+1,https://tqklhszfkvzk6518638.edge.naverncp.com/product/8809948526380.png
CU,좋은)수퍼소프트대형4P,3000,1+1,https://tqklhszfkvzk6518638.edge.naverncp.com/product/8801166099745.jpg
CU,몽뜨)말차라떼캔디,1500,1+1,https://tqklhszfkvzk6518638.edge.naverncp.com/product/8809429533722.jpg
CU,라라스윗)저당요거파인트,11900,1+1,https://tqklhszfkvzk6518638.edge.naverncp.com/product/8809599361361.jpg
CU,쏘피)유기농중형16P,9500,1+1,https://tqklhszfkvzk6518638.edge.naverncp.com/product/8809709260232.jpg
CU,쏘피)유기농대형14P,9500,1+1,https://tqklhszfkvzk6518638.edge.naverncp.com/product/8809709260249.jpg
CU,링티)애플라이트P500ml,3200,1+1,https://tqklhszfkvzk6518638.edge.naverncp.com/product/8809799270661.jpg
CU,동아)얼박사캔355ml,2300,1+1,https://tqklhszfkvzk6518638.edge.naverncp.com/product/8806011416685.jpg
CU,동아)혈행의선순환10정,5000,1+1,https://tqklhszfkvzk6518638.edge.naverncp.com/product/8806011441960.jpg
CU,동아)눈호강10정,5000,1+1,https://tqklhszfkvzk6518638.edge.naverncp.com/product/8806011441984.jpg
CU,동아)이순간10정,5000,1+1,https://tqklhszfkvzk6518638.edge.naverncp.com/product/8806011442004.jpg
CU,동아)약골탈퇴10정,5000,1+1,https://tqklhszfkvzk6518638.edge.naverncp.com/product/8806011442028.jpg
CU,동아)에너지10정,5000,1+1,https://tqklhszfkvzk6518638.edge.naverncp.com/product/8806011442042.jpg
CU,동아)괜찮아릴렉스10정,5000,1+1,https://tqklhszfkvzk6518638.edge.naverncp.com/product/8806011442066.jpg
CU,동아)관절해10정,5000,1+1,https://tqklhszfkvzk6518638.edge.naverncp.com/product/8806011442080.jpg
CU,동아)끓어올려10정,5000,1+1,https://tqklhszfkvzk6518638.edge.naverncp.com/product/8806011442103.jpg
CU,롯데)2프로레몬제로P500ml,2000,1+1,https://tqklhszfkvzk6518638.edge.naverncp.com/product/8801056251062.jpg
CU,쟈뎅)프루토프루타피치500,2500,1+1,https://tqklhszfkvzk6518638.edge.naverncp.com/product/8808024050597.jpg
CU,쟈뎅)프루토프루타레몬500,2500,1+1,https://tqklhszfkvzk6518638.edge.naverncp.com/product/8808024050603.jpg
CU,링티)굿나잇티P240ml,2900,1+1,https://tqklhszfkvzk6518638.edge.naverncp.com/product/8809799270678.jpg
CU,종근당)이너케어10정,5000,1+1,https://tqklhszfkvzk6518638.edge.naverncp.com/product/8809327865383.png
CU,종근당)혈행건강10정,5000,1+1,https://tqklhszfkvzk6518638.edge.naverncp.com/product/8800323060260.png
CU,종근당)눈건강10정,5000,1+1,https://tqklhszfkvzk6518638.edge.naverncp.com/product/8809097857168.png
CU,종근당)장건강10정,5000,1+1,https://tqklhszfkvzk6518638.edge.naverncp.com/product/8809327865369.png
CU,종근당)다이어트10정,5000,1+1,https://tqklhszfkvzk6518638.edge.naverncp.com/product/8809097857205.png
CU,종근당)뼈건강10정,5000,1+1,https://tqklhszfkvzk6518638.edge.naverncp.com/product/8809097857182.png
CU,종근당)간건강10정,5000,1+1,https://tqklhszfkvzk6518638.edge.naverncp.com/product/8800323060246.png
CU,종근당)종합건강10정,5000,1+1,https://tqklhszfkvzk6518638.edge.naverncp.com/product/8800323060192.png
CU,종근당)두뇌기억력10정,5000,1+1,https://tqklhszfkvzk6518638.edge.naverncp.com/product/8800323060178.png
CU,오뚜기)정통직화유니짜장,4800,1+1,https://tqklhszfkvzk6518638.edge.naverncp.com/product/8801045665337.jpg
CU,롯데)탐스포도캔355ml,1500,1+1,https://tqklhszfkvzk6518638.edge.naverncp.com/product/8801056248604.jpg
CU,한미)텐텐비타튼튼딸기,1600,1+1,https://tqklhszfkvzk6518638.edge.naverncp.com/product/8806124206067.jpg
CU,한미)텐텐비타튼튼베리,1600,1+1,https://tqklhszfkvzk6518638.edge.naverncp.com/product/8806124206081.jpg
CU,광동)썬키스트애사비제로,3000,1+1,https://tqklhszfkvzk6518638.edge.naverncp.com/product/8806002025346_1.png
CU,오뚜기)의정부부대찌개500,8500,1+1,https://tqklhszfkvzk6518638.edge.naverncp.com/product/8801045290973.png
CU,서울)말차에스프레소200ml,2900,1+1,https://tqklhszfkvzk6518638.edge.naverncp.com/product/8801115140207_1.png
CU,롯데)롯데햄프랑크90g,3200,1+1,https://tqklhszfkvzk6518638.edge.naverncp.com/product/8801123002177.jpg
CU,하림)맥시칸양념치킨순살,9900,1+1,https://tqklhszfkvzk6518638.edge.naverncp.com/product/8809778499403_1.png
CU,농심)멘토스필링베리굿,900,1+1,https://tqklhszfkvzk6518638.edge.naverncp.com/product/8801043039949.jpg
CU,칠갑)쌀떡국떡1인분180g,2000,1+1,https://tqklhszfkvzk6518638.edge.naverncp.com/product/8801759021276.jpg
CU,롯데)칠성사이다라임캔355,2100,1+1,https://tqklhszfkvzk6518638.edge.naverncp.com/product/8801056251895.jpg
CU,CJ)하루낫또국산약콩2입,4900,1+1,https://tqklhszfkvzk6518638.edge.naverncp.com/product/8801392157608.jpg
CU,위스트)마라곤약향라맛,1200,1+1,https://tqklhszfkvzk6518638.edge.naverncp.com/product/6971258744302.jpg
CU,위스트)마라곤약마라맛,1200,1+1,https://tqklhszfkvzk6518638.edge.naverncp.com/product/6971258744319.jpg
CU,매일)두유렌틸콩190ml,1800,1+1,https://tqklhszfkvzk6518638.edge.naverncp.com/product/8801121022375.jpg
CU,매일)고단백플레인190ml,1800,1+1,https://tqklhszfkvzk6518638.edge.naverncp.com/product/8801121032145.jpg
CU,CJ)밸런스밀바말차초코,2900,1+1,https://tqklhszfkvzk6518638.edge.naverncp.com/product/8801392154379.jpg
CU,CJ)밸런스밀바피넛버터,2900,1+1,https://tqklhszfkvzk6518638.edge.naverncp.com/product/8801392154393.jpg
CU,맥널티)호랭이커피20T,6900,1+1,https://tqklhszfkvzk6518638.edge.naverncp.com/product/8804645007781.jpg
CU,라라스윗)복숭요거파인트,11900,1+1,https://tqklhszfkvzk6518638.edge.naverncp.com/product/8809599361453.jpg
CU,CJ)소바바마쏘킥240g,9900,1+1,https://tqklhszfkvzk6518638.edge.naverncp.com/product/8801392151118_1.png
CU,CJ)소바바레드핫240g,9900,1+1,https://tqklhszfkvzk6518638.edge.naverncp.com/product/8801392159084.png
CU,클룹)애사비매실제로,2800,1+1,https://tqklhszfkvzk6518638.edge.naverncp.com/product/8800261386378.jpg
CU,광동)썬키스트애사비레몬,3000,1+1,https://tqklhszfkvzk6518638.edge.naverncp.com/product/8806002025421_1.png
CU,도성)아사이치케아15g,3900,1+1,https://tqklhszfkvzk6518638.edge.naverncp.com/product/8809531799573.png
CU,CJ)고메새우하가우135g,7800,1+1,https://tqklhszfkvzk6518638.edge.naverncp.com/product/8801392022654.jpg
CU,CJ)고메샤오롱바오141g,7800,1+1,https://tqklhszfkvzk6518638.edge.naverncp.com/product/8801392150012.jpg
CU,웅진)생차녹차500mlP,2500,1+1,https://tqklhszfkvzk6518638.edge.naverncp.com/product/8801382152798.jpg
CU,웅진)생차호지차500P,2500,1+1,https://tqklhszfkvzk6518638.edge.naverncp.com/product/8801382152811.jpg
CU,CJ)밸런스밀쉐이크귀리,4500,1+1,https://tqklhszfkvzk6518638.edge.naverncp.com/product/8801392154553.jpg
CU,CJ)밸런스밀쉐이크견과,4500,1+1,https://tqklhszfkvzk6518638.edge.naverncp.com/product/8801392154577.jpg
CU,CJ)밸런스밀쉐이크카카오,4500,1+1,https://tqklhszfkvzk6518638.edge.naverncp.com/product/8801392154591.jpg
CU,풀무원)요프로플레인150g,3900,1+1,https://tqklhszfkvzk6518638.edge.naverncp.com/product/8809274516802.jpg
CU,풀무원)요프로블루베리150,3900,1+1,https://tqklhszfkvzk6518638.edge.naverncp.com/product/8809274516840.jpg
CU,사조)구운마늘맛후랑크,2400,1+1,https://tqklhszfkvzk6518638.edge.naverncp.com/product/8801066065451.jpg
CU,사조)구운고추맛후랑크,2400,1+1,https://tqklhszfkvzk6518638.edge.naverncp.com/product/8801066065468.jpg
CU,하림)직화매콤갈비맛핫바,2500,1+1,https://tqklhszfkvzk6518638.edge.naverncp.com/product/8801492393395.jpg
CU,오뗄)붉은말발굽킬바사,6700,1+1,https://tqklhszfkvzk6518638.edge.naverncp.com/product/8802266500780.jpg
CU,CJ)얼티브프로틴피스타치,2900,1+1,https://tqklhszfkvzk6518638.edge.naverncp.com/product/8801392130045.jpg
CU,CJ)얼티브프로틴로얄밀크,2900,1+1,https://tqklhszfkvzk6518638.edge.naverncp.com/product/8801392130069.jpg
CU,CJ)맛콩 병아리콩 50G,2900,1+1,https://tqklhszfkvzk6518638.edge.naverncp.com/product/8801392158278.jpg
CU,CJ)맛콩 검은콩 50G,2900,1+1,https://tqklhszfkvzk6518638.edge.naverncp.com/product/8801392158353.jpg
CU,우양)반반크리스피핫도그,3000,1+1,https://tqklhszfkvzk6518638.edge.naverncp.com/product/8805489005858.jpg
CU,동원)한라봉제로아이스500,2500,1+1,https://tqklhszfkvzk6518638.edge.naverncp.com/product/8801047496083.jpg
CU,롯데)칠성사이다라임P500,2500,1+1,https://tqklhszfkvzk6518638.edge.naverncp.com/product/8801056251727.jpg
CU,CJ)얼티브프로틴초코,2900,1+1,https://tqklhszfkvzk6518638.edge.naverncp.com/product/8801392039225_1.png
CU,광동)비타500이온킥500ml,2900,1+1,https://tqklhszfkvzk6518638.edge.naverncp.com/product/8806002025445.jpg
CU,코카)암바사제로500P,2200,1+1,https://tqklhszfkvzk6518638.edge.naverncp.com/product/8801094000431.jpg
CU,동원)소화잘되는카라멜,2800,1+1,https://tqklhszfkvzk6518638.edge.naverncp.com/product/8801155745929.jpg
CU,뉴트)올리브레몬샷26g,3900,1+1,https://tqklhszfkvzk6518638.edge.naverncp.com/product/8809948527332.jpg
CU,서울)말차스트로베리200ml,2900,1+1,https://tqklhszfkvzk6518638.edge.naverncp.com/product/8801115140214.jpg
CU,동원)하이요구르트소다280,1700,1+1,https://tqklhszfkvzk6518638.edge.naverncp.com/product/8801155000523.jpg
CU,CJ)닭가슴살고기만두168g,5900,1+1,https://tqklhszfkvzk6518638.edge.naverncp.com/product/8801392164910.jpg
CU,CJ)닭가슴살김치만두168g,5900,1+1,https://tqklhszfkvzk6518638.edge.naverncp.com/product/8801392164934.jpg
CU,농심)인크레더블츄딸기,1200,1+1,https://tqklhszfkvzk6518638.edge.naverncp.com/product/8801043045551.jpg
CU,농심)인크레더블츄사과,1200,1+1,https://tqklhszfkvzk6518638.edge.naverncp.com/product/8801043045803.jpg
CU,오뚜기)컵밥사골곰탕밥,4800,1+1,https://tqklhszfkvzk6518638.edge.naverncp.com/product/8801045681849.jpg
CU,뉴트)알부민골드30g,2900,1+1,https://tqklhszfkvzk6518638.edge.naverncp.com/product/8809948527516.jpg
CU,한성)국산꼬마육포,3500,1+1,https://tqklhszfkvzk6518638.edge.naverncp.com/product/8801074258715.jpg
CU,해태)구론산탄산비타150ml,1300,1+1,https://tqklhszfkvzk6518638.edge.naverncp.com/product/8801105916829.jpg
CU,동원)덴마크미숫미숫우유,2100,1+1,https://tqklhszfkvzk6518638.edge.naverncp.com/product/8801155000516.jpg
CU,현대)미에로사이다캔355,2300,1+1,https://tqklhszfkvzk6518638.edge.naverncp.com/product/8806004001126.jpg
CU,풀무원)액티더블제로사과,2200,1+1,https://tqklhszfkvzk6518638.edge.naverncp.com/product/8809274517069.jpg
CU,풀무원)액티더블제로플레,2200,1+1,https://tqklhszfkvzk6518638.edge.naverncp.com/product/8809274517076.jpg
CU,대상)아르포텐쿨링업캔355,2200,1+1,https://tqklhszfkvzk6518638.edge.naverncp.com/product/8809596937644.jpg
CU,동원)양반누룽지500ml,2200,1+1,https://tqklhszfkvzk6518638.edge.naverncp.com/product/8809848280412.jpg
CU,롯데)오트몬드고소250ml,2900,1+1,https://tqklhszfkvzk6518638.edge.naverncp.com/product/8801056249052.jpg
CU,동원)생쿨피스복숭아300ml,1600,1+1,https://tqklhszfkvzk6518638.edge.naverncp.com/product/8801155000530.jpg
CU,동원)생쿨피스바나나300ml,1600,1+1,https://tqklhszfkvzk6518638.edge.naverncp.com/product/8801155000547.jpg
CU,오뚜기)계란야채죽,4500,1+1,https://tqklhszfkvzk6518638.edge.naverncp.com/product/8801045303055.jpg
CU,오뚜기)열라면치즈후랑크,2500,1+1,https://tqklhszfkvzk6518638.edge.naverncp.com/product/8801045428772.jpg
CU,오뚜기)컵밥미역국밥,4800,1+1,https://tqklhszfkvzk6518638.edge.naverncp.com/product/8801045447063.jpg
CU,동원)저당소화라떼350,3400,1+1,https://tqklhszfkvzk6518638.edge.naverncp.com/product/8801155745660.jpg
CU,동원)저당소화바닐라떼350,3400,1+1,https://tqklhszfkvzk6518638.edge.naverncp.com/product/8801155745677.jpg
CU,팔도)코코뿌요제로복숭아,1900,1+1,https://tqklhszfkvzk6518638.edge.naverncp.com/product/8809695255076.jpg
CU,팔도)코코뿌제로애플망고,1900,1+1,https://tqklhszfkvzk6518638.edge.naverncp.com/product/8809695255090.jpg
CU,롯데)펩시제로피치P500,2500,1+1,https://tqklhszfkvzk6518638.edge.naverncp.com/product/8801056911027.jpg
CU,광동)초당옥수수차500ml,2500,1+1,https://tqklhszfkvzk6518638.edge.naverncp.com/product/8806002025605.jpg
CU,한성)킹오브크랩150g,5300,1+1,https://tqklhszfkvzk6518638.edge.naverncp.com/product/8801074008860.jpg
CU,CJ)하루한알비오틴구미,3900,1+1,https://tqklhszfkvzk6518638.edge.naverncp.com/product/8801392174940.jpg
CU,CJ)하루한알비타민D아연,3900,1+1,https://tqklhszfkvzk6518638.edge.naverncp.com/product/8801392174964.jpg
CU,CJ)하루한알멀티비타구미,3900,1+1,https://tqklhszfkvzk6518638.edge.naverncp.com/product/8801392175022.jpg
CU,CJ)햇반파로누룽지차500ml,2500,1+1,https://tqklhszfkvzk6518638.edge.naverncp.com/product/8801392177118.jpg
CU,하림)참맛후랑크4입,2400,1+1,https://tqklhszfkvzk6518638.edge.naverncp.com/product/8801492392947.jpg
CU,하림)마늘후랑크4입,2400,1+1,https://tqklhszfkvzk6518638.edge.naverncp.com/product/8801492392961.jpg
CU,동아)얼박사캔제로355ml,2300,1+1,https://tqklhszfkvzk6518638.edge.naverncp.com/product/8806011416753.jpg
CU,HK)컨디션스틱초코18g,3900,1+1,https://tqklhszfkvzk6518638.edge.naverncp.com/product/8809422046953.jpg
CU,HK)티로그망고수박P500,2500,1+1,https://tqklhszfkvzk6518638.edge.naverncp.com/product/8809422046991.jpg
CU,링티)굿모닝티P240ml,2900,1+1,https://tqklhszfkvzk6518638.edge.naverncp.com/product/8809626921926.jpg
CU,하이트)테라제로350,2400,1+1,https://tqklhszfkvzk6518638.edge.naverncp.com/product/8801001237882.jpg
CU,롯데)게토레이런P600ml,2400,1+1,https://tqklhszfkvzk6518638.edge.naverncp.com/product/8801056911058.jpg
CU,롯데)칠성사이다유자캔355,2100,1+1,https://tqklhszfkvzk6518638.edge.naverncp.com/product/8801056911249.jpg
CU,광동)유기농옥수수수염차P,2500,1+1,https://tqklhszfkvzk6518638.edge.naverncp.com/product/8806002025636.jpg
CU,라라스윗)애플망고요거바,2500,1+1,https://tqklhszfkvzk6518638.edge.naverncp.com/product/8809599361606.jpg
CU,롯데)립톤제로스파클링355,1800,1+1,https://tqklhszfkvzk6518638.edge.naverncp.com/product/8801056911379.jpg
CU,HK)컨디션스틱민트초코18g,3900,1+1,https://tqklhszfkvzk6518638.edge.naverncp.com/product/8809422046977.jpg
CU,오뚜기)오늘의만두300g,6400,1+1,https://tqklhszfkvzk6518638.edge.naverncp.com/product/8801045055046.jpg
CU,CJ)유기농콩나물270g,2300,1+1,https://tqklhszfkvzk6518638.edge.naverncp.com/product/8801007613482.jpg
CU,정식품)베지밀바나나땅콩,2300,1+1,https://tqklhszfkvzk6518638.edge.naverncp.com/product/8801033812934.jpg
CU,동아)X코카스에너지캔355,2300,1+1,https://tqklhszfkvzk6518638.edge.naverncp.com/product/8801097824317.jpg
CU,신이어)유기농말차P600,2500,1+1,https://tqklhszfkvzk6518638.edge.naverncp.com/product/8801104953344.jpg
CU,경남)레모나웰레몬150ml,2500,1+1,https://tqklhszfkvzk6518638.edge.naverncp.com/product/8806102872765.jpg
CU,롯데)해피즈레몬라임캔355,3000,1+1,https://tqklhszfkvzk6518638.edge.naverncp.com/product/8801056910716.jpg
CU,롯데)해피즈트로피칼캔355,3000,1+1,https://tqklhszfkvzk6518638.edge.naverncp.com/product/8801056910723.jpg
CU,롯데)해피즈팝핑체리캔355,3000,1+1,https://tqklhszfkvzk6518638.edge.naverncp.com/product/8801056910730.jpg
CU,풀)고농도다용도두부300g,3800,1+1,https://tqklhszfkvzk6518638.edge.naverncp.com/product/8801114183427.jpg
CU,종건)아임비타비타민젤리,2800,1+1,https://tqklhszfkvzk6518638.edge.naverncp.com/product/8805915917205.jpg
CU,빙그레)따옴바샤인머스캣,2000,1+1,https://tqklhszfkvzk6518638.edge.naverncp.com/product/8801104953382.jpg
CU,매일)떠먹는바이오딸기150,3200,1+1,https://tqklhszfkvzk6518638.edge.naverncp.com/product/8801121050460.jpg
CU,매일)떠먹는바이오백도150,3200,1+1,https://tqklhszfkvzk6518638.edge.naverncp.com/product/8801121050545.jpg
CU,매일)허쉬팩초코밀크300ml,2300,1+1,https://tqklhszfkvzk6518638.edge.naverncp.com/product/8801121051320.jpg
CU,매일)허쉬팩초코너티300ml,2300,1+1,https://tqklhszfkvzk6518638.edge.naverncp.com/product/8801121051344.jpg
CU,CJ)닭스테이크오리지널100,4500,1+1,https://tqklhszfkvzk6518638.edge.naverncp.com/product/8801007880402.jpg
CU,동원)리얼관자오리지널72g,4900,1+1,https://tqklhszfkvzk6518638.edge.naverncp.com/product/8801047513599.jpg
CU,동원)리얼관자크랩버터72g,4900,1+1,https://tqklhszfkvzk6518638.edge.naverncp.com/product/8801047513605.jpg
CU,CJ)닭스테이크케이준100g,4500,1+1,https://tqklhszfkvzk6518638.edge.naverncp.com/product/8801392033223.jpg
CU,맥널티)티브루보리차10T,6600,1+1,https://tqklhszfkvzk6518638.edge.naverncp.com/product/8804645007859.jpg
CU,맥널티)티브루호박팥차10T,6600,1+1,https://tqklhszfkvzk6518638.edge.naverncp.com/product/8804645007866.jpg
CU,종건)아임비타아미노젤100,3200,1+1,https://tqklhszfkvzk6518638.edge.naverncp.com/product/8805915916703.jpg
CU,클룹)애사비콜라제로500,2800,1+1,https://tqklhszfkvzk6518638.edge.naverncp.com/product/8800261389027.jpg
CU,동원)드링킹액티브딸기,2300,1+1,https://tqklhszfkvzk6518638.edge.naverncp.com/product/8801155000615.jpg
CU,동원)드링킹액티브베리,2300,1+1,https://tqklhszfkvzk6518638.edge.naverncp.com/product/8801155000622.jpg
CU,광동)비타500이온킥1.5L,4500,1+1,https://tqklhszfkvzk6518638.edge.naverncp.com/product/8806002025469.jpg
CU,동화)부채표소다활500ml,2500,1+1,https://tqklhszfkvzk6518638.edge.naverncp.com/product/8806016186491.jpg
CU,라라스윗)딸기듬뿍바,3000,1+1,https://tqklhszfkvzk6518638.edge.naverncp.com/product/8809599361583.jpg
CU,연세)고단백프로두유240ml,2900,1+1,https://tqklhszfkvzk6518638.edge.naverncp.com/product/8801753116770.jpg
CU,라라스윗)골드키위듬뿍바,3000,1+1,https://tqklhszfkvzk6518638.edge.naverncp.com/product/8809599361637.jpg
CU,오뚜기)골든후라이드치킨,9900,1+1,https://tqklhszfkvzk6518638.edge.naverncp.com/product/8801045610436.jpg
CU,코카)스프라이트제로티500,2200,1+1,https://tqklhszfkvzk6518638.edge.naverncp.com/product/8801094001704.jpg
CU,해태)봉봉애사비소다500,2500,1+1,https://tqklhszfkvzk6518638.edge.naverncp.com/product/8801105916959.jpg
CU,매일)프로즌그릭플레인,12900,1+1,https://tqklhszfkvzk6518638.edge.naverncp.com/product/8801121051412.png
CU,매일)프로즌그릭허니유자,12900,1+1,https://tqklhszfkvzk6518638.edge.naverncp.com/product/8801121051429.png
CU,CJ)햇반루피니빈보리차500,2500,1+1,https://tqklhszfkvzk6518638.edge.naverncp.com/product/8801392183874.jpg
CU,라라스윗)골드파인제로바,2500,1+1,https://tqklhszfkvzk6518638.edge.naverncp.com/product/8809599361651.jpg
CU,라라스윗)제주감귤제로바,2500,1+1,https://tqklhszfkvzk6518638.edge.naverncp.com/product/8809599361682.jpg
CU,라라스윗)피치망고듬뿍바,3000,1+1,https://tqklhszfkvzk6518638.edge.naverncp.com/product/8809599361750.jpg
CU,리뉴)한손한끼바프마늘빵,4500,1+1,https://tqklhszfkvzk6518638.edge.naverncp.com/product/8800341680044.jpg
CU,리뉴)한손바프허니버터,4500,1+1,https://tqklhszfkvzk6518638.edge.naverncp.com/product/8800341680051.jpg
CU,삼립)갈릭후랑크65g,2400,1+1,https://tqklhszfkvzk6518638.edge.naverncp.com/product/8801068940411.jpg
CU,삼경)웨더스슈가프리42g,3000,1+1,https://tqklhszfkvzk6518638.edge.naverncp.com/product/4014400907902.jpg
CU,롯데)칠성사이다유자P500,2500,1+1,https://tqklhszfkvzk6518638.edge.naverncp.com/product/8801056911270.jpg
CU,롯데)펩시엑스트라P500,2500,1+1,https://tqklhszfkvzk6518638.edge.naverncp.com/product/8801056911782.jpg
CU,광동)썬키스트에너지망고,2300,1+1,https://tqklhszfkvzk6518638.edge.naverncp.com/product/8806002025865.jpg
CU,상쾌환)청사과제로스틱3입,11500,1+1,https://tqklhszfkvzk6518638.edge.naverncp.com/product/8801013777024.jpg
CU,상쾌환)복숭아제로스틱3입,11500,1+1,https://tqklhszfkvzk6518638.edge.naverncp.com/product/8801013777499.jpg
CU,CJ)뉴비비고고기찐만두6입,5900,1+1,https://tqklhszfkvzk6518638.edge.naverncp.com/product/8801392186967.jpg
CU,CJ)뉴비비고청양찐만두6입,5900,1+1,https://tqklhszfkvzk6518638.edge.naverncp.com/product/8801392187070.jpg
CU,CJ)뉴육즙불고기찐만두6입,5900,1+1,https://tqklhszfkvzk6518638.edge.naverncp.com/product/8801392187094.jpg
CU,롯데)롯데햄프랑크매콤90g,3200,1+1,https://tqklhszfkvzk6518638.edge.naverncp.com/product/8801123002672.jpg
CU,롯데)가나초코바땅콩,1300,2+1,https://tqklhszfkvzk6518638.edge.naverncp.com/product/8801062628773.jpg
CU,삼경)리콜라허브레몬,3300,2+1,https://tqklhszfkvzk6518638.edge.naverncp.com/product/7610700607046.jpg
CU,CJ)맛밤80g,3900,2+1,https://tqklhszfkvzk6518638.edge.naverncp.com/product/8801007022635.jpg
CU,샘표)질러직화육포45g,6500,2+1,https://tqklhszfkvzk6518638.edge.naverncp.com/product/8801005013307.jpg
CU,롯데)의성마늘핫바70g,2600,2+1,https://tqklhszfkvzk6518638.edge.naverncp.com/product/8801123307289.jpg
CU,동원)덴마크스트링치즈,1700,2+1,https://tqklhszfkvzk6518638.edge.naverncp.com/product/8801155834616.jpg
CU,동원)양반전복죽,4500,2+1,https://tqklhszfkvzk6518638.edge.naverncp.com/product/8801047161578.png
CU,오뚜기)맛있는밥210g,2000,2+1,https://tqklhszfkvzk6518638.edge.naverncp.com/product/8801045890418.jpg
CU,동원)양반호박죽,4500,2+1,https://tqklhszfkvzk6518638.edge.naverncp.com/product/8801047161592.png
CU,동원)양반누룽지닭죽,4500,2+1,https://tqklhszfkvzk6518638.edge.naverncp.com/product/8801047161677.png
CU,CJ)가쓰오우동컵,3900,2+1,https://tqklhszfkvzk6518638.edge.naverncp.com/product/8801007009377.jpg
CU,티오피)스윗아메캔275ml,2700,2+1,https://tqklhszfkvzk6518638.edge.naverncp.com/product/8801037087550_1.png
CU,티오피)더블랙캔275ml,2700,2+1,https://tqklhszfkvzk6518638.edge.naverncp.com/product/8801037087741_1.png
CU,웅진)자연은알로에P500ml,2350,2+1,https://tqklhszfkvzk6518638.edge.naverncp.com/product/8801382127789.jpg
CU,HK)컨디션헛개병,5000,2+1,https://tqklhszfkvzk6518638.edge.naverncp.com/product/8801007071046_1.png
CU,칸타타)라떼캔275ml,2800,2+1,https://tqklhszfkvzk6518638.edge.naverncp.com/product/8801056018948.png
CU,동아)데미소다애플캔250ml,1700,2+1,https://tqklhszfkvzk6518638.edge.naverncp.com/product/8801097160064.jpg
CU,롯데)펩시콜라P600ml,2500,2+1,https://tqklhszfkvzk6518638.edge.naverncp.com/product/8801056193010.png
CU,남양)17차P500ml,2200,2+1,https://tqklhszfkvzk6518638.edge.naverncp.com/product/8801069174020.jpg
CU,칸타타)카라멜캔275ml,2800,2+1,https://tqklhszfkvzk6518638.edge.naverncp.com/product/8801056051921.png
CU,광동)헛개파워병,5000,2+1,https://tqklhszfkvzk6518638.edge.naverncp.com/product/8806002010861.png
CU,매일)바리스타에스프250ml,2900,2+1,https://tqklhszfkvzk6518638.edge.naverncp.com/product/8801121106792.png
CU,티오피)마스터라떼캔275ml,2700,2+1,https://tqklhszfkvzk6518638.edge.naverncp.com/product/8801037087543_1.png
CU,일화)맥콜캔250ml,1600,2+1,https://tqklhszfkvzk6518638.edge.naverncp.com/product/8801223100254.jpg
CU,농심)웰치포도캔355ml,1500,2+1,https://tqklhszfkvzk6518638.edge.naverncp.com/product/8801043450690.jpg
CU,매일)바리스타스모키250ml,2900,2+1,https://tqklhszfkvzk6518638.edge.naverncp.com/product/8801121107935.png
CU,농심)카프리썬오렌지팩200,1100,2+1,https://tqklhszfkvzk6518638.edge.naverncp.com/product/8801043650182.jpg
CU,매일)바리스타모카250ml,2900,2+1,https://tqklhszfkvzk6518638.edge.naverncp.com/product/8801121107942.png
CU,농심)파워오투오렌지P500,2300,2+1,https://tqklhszfkvzk6518638.edge.naverncp.com/product/4005906404835.jpg
CU,농심)백산수P500ml,1000,2+1,https://tqklhszfkvzk6518638.edge.naverncp.com/product/8801043022781.png
CU,HK)컨디션레이디병,5000,2+1,https://tqklhszfkvzk6518638.edge.naverncp.com/product/8801007178233_1.png
CU,매일)커피속에모카치노,2000,2+1,https://tqklhszfkvzk6518638.edge.naverncp.com/product/8801121130568.png
CU,리스테린)쿨민트250ml,5000,2+1,https://tqklhszfkvzk6518638.edge.naverncp.com/product/8801008700105.jpg
CU,샤프란)섬유유연제1L,4950,2+1,https://tqklhszfkvzk6518638.edge.naverncp.com/product/8801051263558.jpg
CU,롯데)아이시스8.0P500ml,1100,2+1,https://tqklhszfkvzk6518638.edge.naverncp.com/product/8801056049881.png
CU,광동)옥수수수염P500ml,2200,2+1,https://tqklhszfkvzk6518638.edge.naverncp.com/product/8806002006437_1.png
CU,CJ)햇반흑미밥210g,2800,2+1,https://tqklhszfkvzk6518638.edge.naverncp.com/product/8801007038780.jpg
CU,CJ)햇반발아현미밥210g,2800,2+1,https://tqklhszfkvzk6518638.edge.naverncp.com/product/8801007010410.jpg
CU,크라운)마이쮸포도,800,2+1,https://tqklhszfkvzk6518638.edge.naverncp.com/product/8801111187893.jpg
CU,농심)짜파게티범벅소컵,1000,2+1,https://tqklhszfkvzk6518638.edge.naverncp.com/product/8801043015608.jpg
CU,칸타타)아메캔275ml,2800,2+1,https://tqklhszfkvzk6518638.edge.naverncp.com/product/8801056018900.png
CU,오리온)통아몬드캔디,2000,2+1,https://tqklhszfkvzk6518638.edge.naverncp.com/product/8801117331009.jpg
CU,진주햄)천하장사50g,2400,2+1,https://tqklhszfkvzk6518638.edge.naverncp.com/product/8801077285800.jpg
CU,CJ)햇반작은공기130g,1700,2+1,https://tqklhszfkvzk6518638.edge.naverncp.com/product/8801007002989.jpg
CU,농심)새우탕큰사발컵,1500,2+1,https://tqklhszfkvzk6518638.edge.naverncp.com/product/8801043015967.jpg
CU,티오피)더블랙캔380ml,3300,2+1,https://tqklhszfkvzk6518638.edge.naverncp.com/product/8801037057867_1.png
CU,티오피)스윗아메캔380ml,3300,2+1,https://tqklhszfkvzk6518638.edge.naverncp.com/product/8801037057843_1.png
CU,농심)오징어짬뽕소컵,1250,2+1,https://tqklhszfkvzk6518638.edge.naverncp.com/product/8801043015745.jpg
CU,테크)가루세제750g,6500,2+1,https://tqklhszfkvzk6518638.edge.naverncp.com/product/8801051215632.jpg
CU,롯데)허쉬쿠앤크초콜릿40g,2000,2+1,https://tqklhszfkvzk6518638.edge.naverncp.com/product/0003400023934.jpg
CU,롯데)가나초코바아몬드,1300,2+1,https://tqklhszfkvzk6518638.edge.naverncp.com/product/8801062278053.jpg
CU,롯데)허쉬아몬드초콜릿40g,2000,2+1,https://tqklhszfkvzk6518638.edge.naverncp.com/product/0000000342410.jpg
CU,동아)데자와밀크티캔240ml,1600,2+1,https://tqklhszfkvzk6518638.edge.naverncp.com/product/8801097481015.jpg
CU,롯데)콜드오렌지250ml,1600,2+1,https://tqklhszfkvzk6518638.edge.naverncp.com/product/8801056623012.png
CU,롯데)콜드포도250ml,1600,2+1,https://tqklhszfkvzk6518638.edge.naverncp.com/product/8801056624019.png
CU,리스테린)그린티100ml,2400,2+1,https://tqklhszfkvzk6518638.edge.naverncp.com/product/8801008700389.jpg
CU,CJ)햇반210g,2100,2+1,https://tqklhszfkvzk6518638.edge.naverncp.com/product/8801007310572.jpg
CU,리스테린)쿨민트100ml,2400,2+1,https://tqklhszfkvzk6518638.edge.naverncp.com/product/8801008700174.jpg
CU,삼양사)상쾌환,2900,2+1,https://tqklhszfkvzk6518638.edge.naverncp.com/product/8801013770087.png
CU,동아)오로나민C병120ml,1500,2+1,https://tqklhszfkvzk6518638.edge.naverncp.com/product/8801097280014.png
CU,진주햄)천하장사28g,1500,2+1,https://tqklhszfkvzk6518638.edge.naverncp.com/product/8801077285701.jpg
CU,CJ)큰햇반300g,2900,2+1,https://tqklhszfkvzk6518638.edge.naverncp.com/product/8801007054186.jpg
CU,CJ)모닝두부오리엔탈150g,2000,2+1,https://tqklhszfkvzk6518638.edge.naverncp.com/product/8801007069883_1.png
CU,남양)초코에몽250ml,1900,2+1,https://tqklhszfkvzk6518638.edge.naverncp.com/product/8801069185194.jpg
CU,템포)탐폰레귤라10P,7900,2+1,https://tqklhszfkvzk6518638.edge.naverncp.com/product/8806011632856.jpg
CU,템포)탐폰슈퍼10P,7900,2+1,https://tqklhszfkvzk6518638.edge.naverncp.com/product/8806011632771.jpg
CU,가그린)오리지널100ml,2300,2+1,https://tqklhszfkvzk6518638.edge.naverncp.com/product/8806011616047.png
CU,제니코)스트링치즈,1800,2+1,https://tqklhszfkvzk6518638.edge.naverncp.com/product/0003090001099.png
CU,갸스비)스파이키왁스80g,9800,2+1,https://tqklhszfkvzk6518638.edge.naverncp.com/product/4902806125337.jpg
CU,갸스비)그란지매트왁스80g,9800,2+1,https://tqklhszfkvzk6518638.edge.naverncp.com/product/4902806125894.jpg
CU,네슬레)프루팁스젤리70g,3000,2+1,https://tqklhszfkvzk6518638.edge.naverncp.com/product/6917878047201.jpg
CU,롯데)키세스밀크52g,2700,2+1,https://tqklhszfkvzk6518638.edge.naverncp.com/product/8801062641826.jpg
CU,롯데)키세스쿠앤크52g,2700,2+1,https://tqklhszfkvzk6518638.edge.naverncp.com/product/8801062642021.jpg
CU,정식품)베지밀B검은콩병,2000,2+1,https://tqklhszfkvzk6518638.edge.naverncp.com/product/8801033799075.jpg
CU,오뚜기)진라면순한컵,1400,2+1,https://tqklhszfkvzk6518638.edge.naverncp.com/product/8801045571362_1.png
CU,서울)꿀딴지초코우유180ml,1700,2+1,https://tqklhszfkvzk6518638.edge.naverncp.com/product/8801115384007.jpg
CU,CJ)맥스봉치즈70g,2600,2+1,https://tqklhszfkvzk6518638.edge.naverncp.com/product/8801007358499.jpg
CU,매일)바이오드링킹딸기,2400,2+1,https://tqklhszfkvzk6518638.edge.naverncp.com/product/8801121767139.png
CU,매일)바이오드링킹플레,2400,2+1,https://tqklhszfkvzk6518638.edge.naverncp.com/product/8801121767122.png
CU,가그린)제로100ml,2300,2+1,https://tqklhszfkvzk6518638.edge.naverncp.com/product/8806011616153.png
CU,오뚜기)새우볶음밥230g,4500,2+1,https://tqklhszfkvzk6518638.edge.naverncp.com/product/8801045941103.jpg
CU,갸스비)스파이키왁스15g,4000,2+1,https://tqklhszfkvzk6518638.edge.naverncp.com/product/4902806125962.jpg
CU,티오피)마스터라떼캔380ml,3300,2+1,https://tqklhszfkvzk6518638.edge.naverncp.com/product/8801037064346_1.png
CU,쏘피)순한면슈퍼롱3P,4500,2+1,https://tqklhszfkvzk6518638.edge.naverncp.com/product/8809299233883.png
CU,매일)바리스드립라떼325ml,3500,2+1,https://tqklhszfkvzk6518638.edge.naverncp.com/product/8801121768167.png
CU,매일)바리스타블랙325ml,3500,2+1,https://tqklhszfkvzk6518638.edge.naverncp.com/product/8801121768174.png
CU,농심)백산수P2L,1900,2+1,https://tqklhszfkvzk6518638.edge.naverncp.com/product/8801043020473.png
CU,맥스웰)라떼캔240ml,1600,2+1,https://tqklhszfkvzk6518638.edge.naverncp.com/product/8801037091397_1.png
CU,맥스웰)스윗아메캔240ml,1600,2+1,https://tqklhszfkvzk6518638.edge.naverncp.com/product/8801037091410_1.png
CU,바른생각)에어핏3입,5500,2+1,https://tqklhszfkvzk6518638.edge.naverncp.com/product/8802550062284.jpg
CU,일신)쥬시드랍팝캔디,3500,2+1,https://tqklhszfkvzk6518638.edge.naverncp.com/product/5011053013591.jpg
CU,동원)야채참치150g,4400,2+1,https://tqklhszfkvzk6518638.edge.naverncp.com/product/8801047121350.jpg
CU,동서)카누미니다크아메10T,3800,2+1,https://tqklhszfkvzk6518638.edge.naverncp.com/product/8801037053401.jpg
CU,동서)카누미니마일아메10T,3800,2+1,https://tqklhszfkvzk6518638.edge.naverncp.com/product/8801037053425.jpg
CU,동원)얼라이브자몽250ml,1700,2+1,https://tqklhszfkvzk6518638.edge.naverncp.com/product/8801155735074.png
CU,동원)얼라이브망고250ml,1700,2+1,https://tqklhszfkvzk6518638.edge.naverncp.com/product/8801155735081.png
CU,쏘피)순한면라이너일반28P,5900,2+1,https://tqklhszfkvzk6518638.edge.naverncp.com/product/8809299236839.jpg
CU,오뚜기)컵밥제육덮밥,5400,2+1,https://tqklhszfkvzk6518638.edge.naverncp.com/product/8801045892214.png
CU,오뚜기)맛있는밥4입,7200,2+1,https://tqklhszfkvzk6518638.edge.naverncp.com/product/8801045892085.png
CU,매일)바이오드링킹블루,2400,2+1,https://tqklhszfkvzk6518638.edge.naverncp.com/product/8801121770757.png
CU,매일)바리스타바닐라325ml,3500,2+1,https://tqklhszfkvzk6518638.edge.naverncp.com/product/8801121771402.png
CU,동원)고추참치150g,4400,2+1,https://tqklhszfkvzk6518638.edge.naverncp.com/product/8801047123750.jpg
CU,동원)양반참치죽,4500,2+1,https://tqklhszfkvzk6518638.edge.naverncp.com/product/8801047161585.png
CU,바슈롬)리뉴여행용세트,6400,2+1,https://tqklhszfkvzk6518638.edge.naverncp.com/product/8806128400416.jpg
CU,동원)리챔200g,6200,2+1,https://tqklhszfkvzk6518638.edge.naverncp.com/product/8801047181040.jpg
CU,빙그레)아카페라UP아메리,2600,2+1,https://tqklhszfkvzk6518638.edge.naverncp.com/product/8801104304023.png
CU,빙그레)아카페라UP라떼,2600,2+1,https://tqklhszfkvzk6518638.edge.naverncp.com/product/8801104304047.png
CU,오뚜기)맛있는큰밥300g,2800,2+1,https://tqklhszfkvzk6518638.edge.naverncp.com/product/8801045890432.jpg
CU,돌)복숭아피치컵198g,3200,2+1,https://tqklhszfkvzk6518638.edge.naverncp.com/product/8809069304034.jpg
CU,돌)망고컵198g,3200,2+1,https://tqklhszfkvzk6518638.edge.naverncp.com/product/8809069304812.jpg
CU,동서)리츠크래커,2000,2+1,https://tqklhszfkvzk6518638.edge.naverncp.com/product/8801037091519.jpg
CU,크라운)카라멜콘땅콩72g,1500,2+1,https://tqklhszfkvzk6518638.edge.naverncp.com/product/8801111180986.jpg
CU,동서)오레오씬즈티라미수,2300,2+1,https://tqklhszfkvzk6518638.edge.naverncp.com/product/8801037091106.jpg
CU,동서)오레오씬즈화이트,2300,2+1,https://tqklhszfkvzk6518638.edge.naverncp.com/product/8801037091113.jpg
CU,크라운)산도딸기,2500,2+1,https://tqklhszfkvzk6518638.edge.naverncp.com/product/8801111917421.jpg
CU,크라운)참크래커,1200,2+1,https://tqklhszfkvzk6518638.edge.naverncp.com/product/8801111186582.jpg
CU,크라운)못말리는신짱,1500,2+1,https://tqklhszfkvzk6518638.edge.naverncp.com/product/8801111185066.jpg
CU,해태)후렌치파이딸기,4200,2+1,https://tqklhszfkvzk6518638.edge.naverncp.com/product/8801019307133.jpg
CU,롯데)치토스스모키바베큐,1700,2+1,https://tqklhszfkvzk6518638.edge.naverncp.com/product/8801062289936.jpg
CU,해태)구운감자,4000,2+1,https://tqklhszfkvzk6518638.edge.naverncp.com/product/8801019602504.jpg
CU,동서)리츠샌드치즈,2400,2+1,https://tqklhszfkvzk6518638.edge.naverncp.com/product/8801037091526.jpg
CU,오리온)참붕어빵6입,4500,2+1,https://tqklhszfkvzk6518638.edge.naverncp.com/product/8801117530815.jpg
CU,크라운)쿠크다스크림,3000,2+1,https://tqklhszfkvzk6518638.edge.naverncp.com/product/8801111186117.jpg
CU,롯데)치토스매콤달콤한맛,1700,2+1,https://tqklhszfkvzk6518638.edge.naverncp.com/product/8801062380015.jpg
CU,농심)닭다리후라이드66g,1700,2+1,https://tqklhszfkvzk6518638.edge.naverncp.com/product/8801043036535.jpg
CU,해태)에이스,1700,2+1,https://tqklhszfkvzk6518638.edge.naverncp.com/product/8801019306907.jpg
CU,매일)바리스타카라멜250ml,2900,2+1,https://tqklhszfkvzk6518638.edge.naverncp.com/product/8801121755679.png
CU,듀라셀)디럭스2A4입,10800,2+1,https://tqklhszfkvzk6518638.edge.naverncp.com/product/5000394123588.png
CU,듀라셀)디럭스3A4입,10800,2+1,https://tqklhszfkvzk6518638.edge.naverncp.com/product/5000394123618.png
CU,매일)아몬드브리즈초콜릿,1500,2+1,https://tqklhszfkvzk6518638.edge.naverncp.com/product/8801121768068_1.png
CU,동원)양반밤단팥죽,4500,2+1,https://tqklhszfkvzk6518638.edge.naverncp.com/product/8801047161653.png
CU,동화)부채표미인활75ml,1200,2+1,https://tqklhszfkvzk6518638.edge.naverncp.com/product/8806016311015.jpg
CU,오리온)마이구미복숭아,1000,2+1,https://tqklhszfkvzk6518638.edge.naverncp.com/product/8801117342104.png
CU,오뚜기)컵밥톡톡김치알밥,5400,2+1,https://tqklhszfkvzk6518638.edge.naverncp.com/product/8801045892344.png
CU,HK)컨디션CEO병,10000,2+1,https://tqklhszfkvzk6518638.edge.naverncp.com/product/8809422040876.png
CU,CJ)비비고소고기미역국500,5900,2+1,https://tqklhszfkvzk6518638.edge.naverncp.com/product/8801007561677.png
CU,CJ)비비고육개장500g,5900,2+1,https://tqklhszfkvzk6518638.edge.naverncp.com/product/8801007526515.png
CU,매일)두유오리지널팩190ml,1400,2+1,https://tqklhszfkvzk6518638.edge.naverncp.com/product/8801121768464.jpg
CU,매일)두유99.9팩190ml,1400,2+1,https://tqklhszfkvzk6518638.edge.naverncp.com/product/8801121768440.jpg
CU,서울)아침에주스포도210ml,2300,2+1,https://tqklhszfkvzk6518638.edge.naverncp.com/product/8801115336150.png
CU,사조)숯불후랑크꼬치바70g,2200,2+1,https://tqklhszfkvzk6518638.edge.naverncp.com/product/8801066019447.png
CU,CJ)비비고설렁탕500g,5900,2+1,https://tqklhszfkvzk6518638.edge.naverncp.com/product/8801007560922.png
CU,CJ)스팸340g,8900,2+1,https://tqklhszfkvzk6518638.edge.naverncp.com/product/8801007512235.jpg
CU,CJ)스팸200g,6900,2+1,https://tqklhszfkvzk6518638.edge.naverncp.com/product/8801007512259.jpg
CU,썬푸드)슬라이스오징어35g,7500,2+1,https://tqklhszfkvzk6518638.edge.naverncp.com/product/8801149401152.png
CU,오뚜기)컵밥돌솥비빔밥,5400,2+1,https://tqklhszfkvzk6518638.edge.naverncp.com/product/8801045892627.png
CU,OKF)알로에베라P500ml,2500,2+1,https://tqklhszfkvzk6518638.edge.naverncp.com/product/8809041427065.png
CU,롯데)허쉬밀크초콜릿40g,2000,2+1,https://tqklhszfkvzk6518638.edge.naverncp.com/product/0000000342400.jpg
CU,서울)아침에주스오렌210ml,2300,2+1,https://tqklhszfkvzk6518638.edge.naverncp.com/product/8801115336143.jpg
CU,CJ)햇반잡곡밥210g,2800,2+1,https://tqklhszfkvzk6518638.edge.naverncp.com/product/8801007684543.jpg
CU,비페스타)클렌징시트10매,3800,2+1,https://tqklhszfkvzk6518638.edge.naverncp.com/product/4902806421552.png
CU,오뚜기)컵밥참치마요덮밥,5400,2+1,https://tqklhszfkvzk6518638.edge.naverncp.com/product/8801045892641.png
CU,켈로그)콘푸로스트,4000,2+1,https://tqklhszfkvzk6518638.edge.naverncp.com/product/8801083362304.jpg
CU,광동)비타500병180ml,1900,2+1,https://tqklhszfkvzk6518638.edge.naverncp.com/product/8806002007298_1.png
CU,콘트라)블랙P500ml,2700,2+1,https://tqklhszfkvzk6518638.edge.naverncp.com/product/8801056094591.jpg
CU,일신)푸쉬팝트리플캔디,3500,2+1,http://cdn2.bgfretail.com/bgfbrand/files/product/4B8586AFDFCE42DAA0B039D099A5E49C.jpg
CU,대상)안주야매콤육포30g,3900,2+1,https://tqklhszfkvzk6518638.edge.naverncp.com/product/8801052048697.jpg
CU,대상)안주야달콤육포30g,3900,2+1,https://tqklhszfkvzk6518638.edge.naverncp.com/product/8801052048710.jpg
CU,크라운)땅콩카라멜봉지,2000,2+1,https://tqklhszfkvzk6518638.edge.naverncp.com/product/8801111912075.jpg
CU,갸스비)슈퍼헤어젤200g,6500,2+1,https://tqklhszfkvzk6518638.edge.naverncp.com/product/4902806583779.jpg
CU,CJ)햇반200g*3입,5700,2+1,https://tqklhszfkvzk6518638.edge.naverncp.com/product/8801007066271.jpg
CU,바슈롬)바이오트루여행용,4400,2+1,https://tqklhszfkvzk6518638.edge.naverncp.com/product/8809291670150.jpg
CU,갸스비)매트스프레이200ml,9500,2+1,https://tqklhszfkvzk6518638.edge.naverncp.com/product/4902806100259.jpg
CU,삼립)잼있는사과쿠키,1300,2+1,https://tqklhszfkvzk6518638.edge.naverncp.com/product/8801068371192.png
CU,삼립)잼있는딸기쿠키,1300,2+1,https://tqklhszfkvzk6518638.edge.naverncp.com/product/8801068371208.png
CU,콘트라)라떼P500ml,2900,2+1,https://tqklhszfkvzk6518638.edge.naverncp.com/product/8801056096052.jpg
CU,롯데)꼬깔콘군옥수수134g,3400,2+1,https://tqklhszfkvzk6518638.edge.naverncp.com/product/8801062011315.jpg
CU,삼양사)상쾌환3입기획팩,8500,2+1,https://tqklhszfkvzk6518638.edge.naverncp.com/product/8801013770155.png
CU,서울)초코우유300ml,2100,2+1,https://tqklhszfkvzk6518638.edge.naverncp.com/product/8801115134220_1.png
CU,서울)딸기우유300ml,2100,2+1,https://tqklhszfkvzk6518638.edge.naverncp.com/product/8801115134213_1.png
CU,서울)커피우유300ml,2100,2+1,https://tqklhszfkvzk6518638.edge.naverncp.com/product/8801115135708_1.png
CU,담터)호두아몬드율무원컵,1800,2+1,https://tqklhszfkvzk6518638.edge.naverncp.com/product/8803284610475.jpg
CU,동서)티오피트리플에스프,2900,2+1,https://tqklhszfkvzk6518638.edge.naverncp.com/product/8801115384212_1.png
CU,동서)티오피마일드에스프,2900,2+1,https://tqklhszfkvzk6518638.edge.naverncp.com/product/8801115381754_1.png
CU,동서)티오피볼드에스프,2900,2+1,https://tqklhszfkvzk6518638.edge.naverncp.com/product/8801115381761_1.png
CU,서울)꿀딴지딸기우유180ml,1700,2+1,https://tqklhszfkvzk6518638.edge.naverncp.com/product/8801115384014.jpg
CU,롯데)펩시콜라캔355ml,2100,2+1,https://tqklhszfkvzk6518638.edge.naverncp.com/product/8801056150013.png
CU,삼양)까르보불닭떡볶이,3500,2+1,https://tqklhszfkvzk6518638.edge.naverncp.com/product/8801073310933.png
CU,롯데)도리토스나쵸치즈,1700,2+1,https://tqklhszfkvzk6518638.edge.naverncp.com/product/8801062381814.jpg
CU,동원)양반참기름김,2000,2+1,https://tqklhszfkvzk6518638.edge.naverncp.com/product/8801047222118.jpg
CU,서울)비요뜨초코링,2300,2+1,https://tqklhszfkvzk6518638.edge.naverncp.com/product/8801115212713.jpg
CU,동원)얼라이브오렌지250ml,1700,2+1,https://tqklhszfkvzk6518638.edge.naverncp.com/product/8801155735135.png
CU,리스테린)쿨민트마일드100,2400,2+1,https://tqklhszfkvzk6518638.edge.naverncp.com/product/8801108000273.jpg
CU,동아)박카스젤리,1700,2+1,https://tqklhszfkvzk6518638.edge.naverncp.com/product/8806011435631_2.png
CU,매크로)하이츄사워레몬맛,1200,2+1,https://tqklhszfkvzk6518638.edge.naverncp.com/product/4902888971389.jpg
CU,매일)바리스타로슈거250ml,2900,2+1,https://tqklhszfkvzk6518638.edge.naverncp.com/product/8801121761823.png
CU,삼립)초코블랑,1500,2+1,https://tqklhszfkvzk6518638.edge.naverncp.com/product/8801068374261.jpg
CU,삼양)불닭소스200g,5000,2+1,https://tqklhszfkvzk6518638.edge.naverncp.com/product/8801073910263_1.png
CU,롯데)칠성사이다캔355ml,2100,2+1,https://tqklhszfkvzk6518638.edge.naverncp.com/product/8801056040925.jpg
CU,CJ)햇반210g*8입,14500,2+1,https://tqklhszfkvzk6518638.edge.naverncp.com/product/8801007295312.jpg
CU,진주햄)천하장사빅70g,2800,2+1,https://tqklhszfkvzk6518638.edge.naverncp.com/product/8801077308608.jpg
CU,존슨즈)베이비로션,6000,2+1,https://tqklhszfkvzk6518638.edge.naverncp.com/product/8801108000297_1.png
CU,롯데)의성마늘핫바빅90g,2900,2+1,https://tqklhszfkvzk6518638.edge.naverncp.com/product/8801123309498.jpg
CU,코카)조지아블랙P470ml,2800,2+1,https://tqklhszfkvzk6518638.edge.naverncp.com/product/8801094502669.png
CU,코카)조지아라떼P470ml,2800,2+1,https://tqklhszfkvzk6518638.edge.naverncp.com/product/8801094512668.png
CU,동원)양반들기름김,800,2+1,https://tqklhszfkvzk6518638.edge.naverncp.com/product/8801047224341.jpg
CU,하림)닭가슴블랙페퍼100g,5000,2+1,https://tqklhszfkvzk6518638.edge.naverncp.com/product/8801492373090_1.png
CU,롯데)치토스매콤달콤164g,3400,2+1,https://tqklhszfkvzk6518638.edge.naverncp.com/product/8801062383436.jpg
CU,하림)닭가슴살갈릭100g,5000,2+1,https://tqklhszfkvzk6518638.edge.naverncp.com/product/8801492373083_1.png
CU,서울)비요뜨쿠키앤크림,2300,2+1,https://tqklhszfkvzk6518638.edge.naverncp.com/product/8801115213604.png
CU,매일)엔요280ml,1700,2+1,https://tqklhszfkvzk6518638.edge.naverncp.com/product/8801121024737.jpg
CU,세나개)칭찬스틱소고기,2800,2+1,https://tqklhszfkvzk6518638.edge.naverncp.com/product/8809297977420.jpg
CU,오뚜기)맛있는밥150g,1700,2+1,https://tqklhszfkvzk6518638.edge.naverncp.com/product/8801045890692.jpg
CU,켈로그)첵스초코,4800,2+1,https://tqklhszfkvzk6518638.edge.naverncp.com/product/8801083272306.jpg
CU,오뚜기)컵밥김치참치덮밥,5400,2+1,https://tqklhszfkvzk6518638.edge.naverncp.com/product/8801045892207.png
CU,삼양)불닭마요네즈250g,5000,2+1,https://tqklhszfkvzk6518638.edge.naverncp.com/product/8801073411494_1.png
CU,CJ)비비고배추김치200g,3500,2+1,https://tqklhszfkvzk6518638.edge.naverncp.com/product/8801007529301.png
CU,동원)덴마크라이트스트링,1700,2+1,https://tqklhszfkvzk6518638.edge.naverncp.com/product/8801155834708.png
CU,빙그레)닥터캡슐플레인,2300,2+1,https://tqklhszfkvzk6518638.edge.naverncp.com/product/8801104302739.jpg
CU,빙그레)닥터캡슐사과,2300,2+1,https://tqklhszfkvzk6518638.edge.naverncp.com/product/8801104665421.jpg
CU,빙그레)아카페라UP바닐라,2600,2+1,https://tqklhszfkvzk6518638.edge.naverncp.com/product/8801104306591.png
CU,CJ)청양고기만두4입,4900,2+1,https://tqklhszfkvzk6518638.edge.naverncp.com/product/8801007836294.png
CU,CJ)진한김치만두4입,4900,2+1,https://tqklhszfkvzk6518638.edge.naverncp.com/product/8801007836270.png
CU,매일)검은콩두유팩190ml,1400,2+1,https://tqklhszfkvzk6518638.edge.naverncp.com/product/8801121025710.png
CU,마즈)몰티져스밀크싱글37g,1800,2+1,https://tqklhszfkvzk6518638.edge.naverncp.com/product/8804973306204.jpg
CU,삼양)사또밥67g,1500,2+1,https://tqklhszfkvzk6518638.edge.naverncp.com/product/8801073310711.jpg
CU,해태)구론산스파클병150ml,1200,2+1,https://tqklhszfkvzk6518638.edge.naverncp.com/product/8801105914610.png
CU,마즈)몰티져스다크싱글37g,1800,2+1,https://tqklhszfkvzk6518638.edge.naverncp.com/product/8804973306198.jpg
CU,청우)쫀득초코칩90g,2000,2+1,https://tqklhszfkvzk6518638.edge.naverncp.com/product/8801204008708.jpg
CU,삼양사)상쾌환스틱망고,3900,2+1,https://tqklhszfkvzk6518638.edge.naverncp.com/product/8801013776034.png
CU,세나개)칭찬스틱오리,2800,2+1,https://tqklhszfkvzk6518638.edge.naverncp.com/product/8809297977734.jpg
CU,세나개)칭찬스틱연어,2800,2+1,https://tqklhszfkvzk6518638.edge.naverncp.com/product/8809297977741.jpg
CU,사조)살코기참치150g,4300,2+1,https://tqklhszfkvzk6518638.edge.naverncp.com/product/8801075010923.jpg
CU,오뚜기)맛있는밥6입,10200,2+1,https://tqklhszfkvzk6518638.edge.naverncp.com/product/8801045891439.jpg
CU,태경)핑크퐁짜장떡볶이,3600,2+1,https://tqklhszfkvzk6518638.edge.naverncp.com/product/8809061671493.jpg
CU,CJ)맥스봉직화꼬치바BIG,2700,2+1,https://tqklhszfkvzk6518638.edge.naverncp.com/product/8801007835396.png
CU,레쓰비)그란데라떼P500ml,2200,2+1,https://tqklhszfkvzk6518638.edge.naverncp.com/product/8801056097899.jpg
CU,매일)바리스타디카페325ml,3500,2+1,https://tqklhszfkvzk6518638.edge.naverncp.com/product/8801121027523.png
CU,빙그레)통모짜스트링치즈,1600,2+1,https://tqklhszfkvzk6518638.edge.naverncp.com/product/8801104666428_1.png
CU,서울)바나나우유300ml,2100,2+1,https://tqklhszfkvzk6518638.edge.naverncp.com/product/8801115137290_1.png
CU,오뚜기)진비빔면,1250,2+1,https://tqklhszfkvzk6518638.edge.naverncp.com/product/8801045526294.png
CU,오리온)예감볶은양파,1500,2+1,https://tqklhszfkvzk6518638.edge.naverncp.com/product/8801117139001.jpg
CU,서울FB)뽀로로바나나우유,1300,2+1,https://tqklhszfkvzk6518638.edge.naverncp.com/product/8809350881077.jpg
CU,서울FB)뽀로로딸기우유,1300,2+1,https://tqklhszfkvzk6518638.edge.naverncp.com/product/8809350881091.jpg
CU,동서)티오피너티카라멜,2900,2+1,https://tqklhszfkvzk6518638.edge.naverncp.com/product/8801115384250_1.png
CU,홈스타)곰팡이싹750ml,6900,2+1,https://tqklhszfkvzk6518638.edge.naverncp.com/product/8801051270648.png
CU,웅진)자연은토마토P1.5L,4400,2+1,https://tqklhszfkvzk6518638.edge.naverncp.com/product/8801382148654.jpg
CU,웅진)자연은망고1.5L,4900,2+1,https://tqklhszfkvzk6518638.edge.naverncp.com/product/8801382137900.jpg
CU,오뚜기)리얼바삭빅핫도그,2800,2+1,https://tqklhszfkvzk6518638.edge.naverncp.com/product/8801045750743.jpg
CU,오뚜기)모짜소떡핫도그,2800,2+1,https://tqklhszfkvzk6518638.edge.naverncp.com/product/8801045750750.jpg
CU,서울)강릉커피라떼컵250ml,2800,2+1,https://tqklhszfkvzk6518638.edge.naverncp.com/product/8801115139836.png
CU,사조)랍스터킹128g,5500,2+1,https://tqklhszfkvzk6518638.edge.naverncp.com/product/8801066056558.jpg
CU,삼양)짱구115g,1500,2+1,https://tqklhszfkvzk6518638.edge.naverncp.com/product/8801073310698.jpg
CU,CJ)햇반찰잡곡밥210g,2800,2+1,https://tqklhszfkvzk6518638.edge.naverncp.com/product/8801007818955.jpg
CU,빙그레)닥터캡슐베리,2300,2+1,https://tqklhszfkvzk6518638.edge.naverncp.com/product/8801104669283.jpg
CU,동원)얼라이브청포도250ml,1700,2+1,https://tqklhszfkvzk6518638.edge.naverncp.com/product/8801155732769.png
CU,레쓰비)그란데헤이즐넛500,2200,2+1,https://tqklhszfkvzk6518638.edge.naverncp.com/product/8801056174149.jpg
CU,동서)리츠샌드초코,2000,2+1,https://tqklhszfkvzk6518638.edge.naverncp.com/product/8801037094374.jpg
CU,플래니)장&유리너리,2000,2+1,https://tqklhszfkvzk6518638.edge.naverncp.com/product/8801047645207.png
CU,플래니)면역&유리너리,2000,2+1,https://tqklhszfkvzk6518638.edge.naverncp.com/product/8801047645238.png
CU,동아)박카스사워젤리,1700,2+1,https://tqklhszfkvzk6518638.edge.naverncp.com/product/8806011435679_2.png
CU,SCD)히츨러수수깡젤리사워,2900,2+1,https://tqklhszfkvzk6518638.edge.naverncp.com/product/4100250052418.png
CU,블루나)황사마스크KF94대,2000,2+1,https://tqklhszfkvzk6518638.edge.naverncp.com/product/8806147079037.jpg
CU,시저)심플리쇠고기닭고기,3000,2+1,https://tqklhszfkvzk6518638.edge.naverncp.com/product/8804973305917.jpg
CU,시저)심플리닭고기고구마,3000,2+1,https://tqklhszfkvzk6518638.edge.naverncp.com/product/8804973305900.jpg
CU,바프)허니버터아몬드40g,2500,2+1,https://tqklhszfkvzk6518638.edge.naverncp.com/product/8809617945092_1.png
CU,바프)와사비맛아몬드40g,2500,2+1,https://tqklhszfkvzk6518638.edge.naverncp.com/product/8809617945115_1.png
CU,바프)군옥수수아몬드40g,2500,2+1,https://tqklhszfkvzk6518638.edge.naverncp.com/product/8809617945122_1.png
CU,바프)마늘빵아몬드40g,2500,2+1,https://tqklhszfkvzk6518638.edge.naverncp.com/product/8809617945160_1.png
CU,빙그레)올데이아메리카노,4200,2+1,https://tqklhszfkvzk6518638.edge.naverncp.com/product/8801104669658.png
CU,빙그레)올데이헤이즐넛1L,4200,2+1,https://tqklhszfkvzk6518638.edge.naverncp.com/product/8801104669672.png
CU,롯데)델몬트오렌지P400ml,2200,2+1,https://tqklhszfkvzk6518638.edge.naverncp.com/product/8801056071226.png
CU,동서)오레오웨하스초코,3400,2+1,https://tqklhszfkvzk6518638.edge.naverncp.com/product/8801037090185.jpg
CU,칠갑)들깨수제비컵,3900,2+1,https://tqklhszfkvzk6518638.edge.naverncp.com/product/8801759018733.jpg
CU,대상)종가집열무김치80g,2100,2+1,https://tqklhszfkvzk6518638.edge.naverncp.com/product/8801024053674.png
CU,크리)스타일블랙대형3P,3500,2+1,https://tqklhszfkvzk6518638.edge.naverncp.com/product/8801166137942.jpg
CU,CJ)맥스봉꼬치바청양BIG,2700,2+1,https://tqklhszfkvzk6518638.edge.naverncp.com/product/8801007880303.png
CU,농심)배홍동비빔면,1250,2+1,https://tqklhszfkvzk6518638.edge.naverncp.com/product/8801043060356.jpg
CU,CJ)비비고배추김치100g,2000,2+1,https://tqklhszfkvzk6518638.edge.naverncp.com/product/8801007280431_2.png
CU,우양)점보모짜핫도그,2200,2+1,https://tqklhszfkvzk6518638.edge.naverncp.com/product/8805489001102.jpg
CU,해태)김치고향만두,5300,2+1,https://tqklhszfkvzk6518638.edge.naverncp.com/product/8801019901171.jpg
CU,CJ)스팸라이트200g,6900,2+1,https://tqklhszfkvzk6518638.edge.naverncp.com/product/8801007029658.jpg
CU,가그린)오리지널250ml,4500,2+1,https://tqklhszfkvzk6518638.edge.naverncp.com/product/8806011616054.jpg
CU,가그린)제로250ml,4500,2+1,https://tqklhszfkvzk6518638.edge.naverncp.com/product/8806011616160.jpg
CU,CJ)비비고새우왕교자315g,6500,2+1,https://tqklhszfkvzk6518638.edge.naverncp.com/product/8801007555676.png
CU,빙그레)더단백초코드링크,2900,2+1,https://tqklhszfkvzk6518638.edge.naverncp.com/product/8801104670876.png
CU,오뚜기)육개장사발면,1100,2+1,https://tqklhszfkvzk6518638.edge.naverncp.com/product/8801045702643.jpg
CU,동서)오레오씬즈초코무스,2300,2+1,https://tqklhszfkvzk6518638.edge.naverncp.com/product/8801037094763.jpg
CU,동서)포스트단백질바,2100,2+1,https://tqklhszfkvzk6518638.edge.naverncp.com/product/8801037094701.png
CU,매일)바리스타쇼콜라325ml,3500,2+1,https://tqklhszfkvzk6518638.edge.naverncp.com/product/8801121771396.png
CU,서울FB)뽀로로초코우유,1300,2+1,https://tqklhszfkvzk6518638.edge.naverncp.com/product/8809350881244.jpg
CU,크리)쿨비말흰색대형3P,2100,2+1,https://tqklhszfkvzk6518638.edge.naverncp.com/product/8801166131841.jpg
CU,쏘피)무표백롱라이너18P,5900,2+1,https://tqklhszfkvzk6518638.edge.naverncp.com/product/8809709261178.jpg
CU,종근당)헛개땡큐골드병,5000,2+1,https://tqklhszfkvzk6518638.edge.naverncp.com/product/8809125061857.jpg
CU,삼양)로제불닭떡볶이,3500,2+1,https://tqklhszfkvzk6518638.edge.naverncp.com/product/8801073311299.png
CU,비알)배스킨라빈민트초코,1500,2+1,https://tqklhszfkvzk6518638.edge.naverncp.com/product/8809288633038.png
CU,비알)배스킨라빈스베리,1500,2+1,https://tqklhszfkvzk6518638.edge.naverncp.com/product/8809288633045.png
CU,비알)배스킨라빈스쿠앤크,1500,2+1,https://tqklhszfkvzk6518638.edge.naverncp.com/product/8809288633052.png
CU,CJ)햄스빌아침베이컨70g,3900,2+1,https://tqklhszfkvzk6518638.edge.naverncp.com/product/8801007033976.png
CU,사조)숯불후랑크꼬치바2입,4000,2+1,https://tqklhszfkvzk6518638.edge.naverncp.com/product/8801066060517.png
CU,크라운)쿠크다스커피,3000,2+1,https://tqklhszfkvzk6518638.edge.naverncp.com/product/8801111186087.jpg
CU,뉴트로지나)데일리립밤,5100,2+1,https://tqklhszfkvzk6518638.edge.naverncp.com/product/8801008004876.jpg
CU,하림)미식장인라면얼큰컵,2800,2+1,https://tqklhszfkvzk6518638.edge.naverncp.com/product/8801492380333.jpg
CU,삼양사)상쾌환청사과제로,3900,2+1,https://tqklhszfkvzk6518638.edge.naverncp.com/product/8801013776829.png
CU,삼립)하이면명인우동,3800,2+1,https://tqklhszfkvzk6518638.edge.naverncp.com/product/8801068399141.jpg
CU,웅진)하늘보리1.5L,3200,2+1,https://tqklhszfkvzk6518638.edge.naverncp.com/product/8801382131038.jpg
CU,삼립)하이면장칼국수,3800,2+1,https://tqklhszfkvzk6518638.edge.naverncp.com/product/8801068399165.jpg
CU,SCD)사우어드라헨구미125g,4900,2+1,https://tqklhszfkvzk6518638.edge.naverncp.com/product/4003840008843.png
CU,마즈)엠앤엠블록밀크,1800,2+1,https://tqklhszfkvzk6518638.edge.naverncp.com/product/9300682051507.jpg
CU,마즈)엠앤엠블록크리스피,1800,2+1,https://tqklhszfkvzk6518638.edge.naverncp.com/product/9300682053761.jpg
CU,크리)KF94검정대형1P,1800,2+1,https://tqklhszfkvzk6518638.edge.naverncp.com/product/8801166131476.jpg
CU,CJ)얼큰우동컵,3900,2+1,https://tqklhszfkvzk6518638.edge.naverncp.com/product/8801007065946.jpg
CU,오리온)포도알맹이67g,1200,2+1,https://tqklhszfkvzk6518638.edge.naverncp.com/product/8801117359607.png
CU,정화)세가지맛오징어42g,5900,2+1,https://tqklhszfkvzk6518638.edge.naverncp.com/product/8801308460532.png
CU,웅진)초록매실P500ml,2350,2+1,https://tqklhszfkvzk6518638.edge.naverncp.com/product/8801382126560.jpg
CU,웅진)아침햇살P500ml,2350,2+1,https://tqklhszfkvzk6518638.edge.naverncp.com/product/8801382124528.jpg
CU,웅진)자연은토마토P500ml,2350,2+1,https://tqklhszfkvzk6518638.edge.naverncp.com/product/8801382130314.jpg
CU,웅진)자연은제주감귤500m,2350,2+1,https://tqklhszfkvzk6518638.edge.naverncp.com/product/8801382137917.jpg
CU,동원)양반김부각오리지널,4200,2+1,https://tqklhszfkvzk6518638.edge.naverncp.com/product/8801047228394.jpg
CU,고래사)야채어묵바65g,2700,2+1,https://tqklhszfkvzk6518638.edge.naverncp.com/product/8809265021896.jpg
CU,농심)츄파춥스사워벨트1M,1800,2+1,https://tqklhszfkvzk6518638.edge.naverncp.com/product/8935001714774.jpg
CU,대상)안주야청양데리먹태,5900,2+1,https://tqklhszfkvzk6518638.edge.naverncp.com/product/8801052094007.jpg
CU,빙그레)더단백커피드링크,2900,2+1,https://tqklhszfkvzk6518638.edge.naverncp.com/product/8801104673211.png
CU,고래사)치즈빵빵80g,4000,2+1,https://tqklhszfkvzk6518638.edge.naverncp.com/product/8809265021803.jpg
CU,오뚜기)짜슐랭,1200,2+1,https://tqklhszfkvzk6518638.edge.naverncp.com/product/8801045033181.jpg
CU,빙그레)프로틴스트링치즈,1600,2+1,https://tqklhszfkvzk6518638.edge.naverncp.com/product/8801104674027_1.png
CU,CJ)큰햇반300g*3입,8300,2+1,https://tqklhszfkvzk6518638.edge.naverncp.com/product/8801007289649.jpg
CU,농심)웰치제로포도캔355,1500,2+1,https://tqklhszfkvzk6518638.edge.naverncp.com/product/8801043064088.jpg
CU,오뚜기)참기름김치볶음밥,5400,2+1,https://tqklhszfkvzk6518638.edge.naverncp.com/product/8801045875538.jpg
CU,서울)아침에주스ABC210ml,2300,2+1,https://tqklhszfkvzk6518638.edge.naverncp.com/product/8801115338840.jpg
CU,초코)짱구21곡초코바,700,2+1,https://tqklhszfkvzk6518638.edge.naverncp.com/product/8809037840892.jpg
CU,태경)핑크퐁크림떡볶이,3600,2+1,https://tqklhszfkvzk6518638.edge.naverncp.com/product/8809832940254.jpg
CU,OKF)옐로스무디P350ml,2500,2+1,https://tqklhszfkvzk6518638.edge.naverncp.com/product/8809041429120.png
CU,정식품)고단백두유팩190,1600,2+1,https://tqklhszfkvzk6518638.edge.naverncp.com/product/8801033807893.jpg
CU,서울)올데이프룻오렌250ml,1800,2+1,https://tqklhszfkvzk6518638.edge.naverncp.com/product/8801115334095_1.png
CU,서울)올데이프룻자두250ml,1800,2+1,https://tqklhszfkvzk6518638.edge.naverncp.com/product/8801115334101.jpg
CU,CJ)스팸라이트340g,8900,2+1,https://tqklhszfkvzk6518638.edge.naverncp.com/product/8801007029641.jpg
CU,남양)테이크핏프로틴곡물,2900,2+1,https://tqklhszfkvzk6518638.edge.naverncp.com/product/8801069415833.png
CU,남양)테이크핏프로틴초코,2900,2+1,https://tqklhszfkvzk6518638.edge.naverncp.com/product/8801069416007.png
CU,웅진)자연은샤인머스캣500,2350,2+1,https://tqklhszfkvzk6518638.edge.naverncp.com/product/8801382149866.jpg
CU,인테)곤약젤리복숭아,1900,2+1,https://tqklhszfkvzk6518638.edge.naverncp.com/product/8809403535193.jpg
CU,인테)곤약젤리청포도,1900,2+1,https://tqklhszfkvzk6518638.edge.naverncp.com/product/8809403535216.jpg
CU,홈스타)락스와펑펑2L,7900,2+1,https://tqklhszfkvzk6518638.edge.naverncp.com/product/8801051190007.jpg
CU,비알)배스킨라빈스솜사탕,1500,2+1,https://tqklhszfkvzk6518638.edge.naverncp.com/product/8809288633595.png
CU,바프)메이플믹스넛30g,2500,2+1,https://tqklhszfkvzk6518638.edge.naverncp.com/product/8809617946471.png
CU,행복)계란꼬치햄치즈맛,2500,2+1,https://tqklhszfkvzk6518638.edge.naverncp.com/product/8801898163318.jpg
CU,오뚜기)컵밥카레밥,5400,2+1,https://tqklhszfkvzk6518638.edge.naverncp.com/product/8801045725529.jpg
CU,어니)뽀로로한입꿀약과,2000,2+1,https://tqklhszfkvzk6518638.edge.naverncp.com/product/8809380344597.jpg
CU,즉석빵)옥수수크림샌드N,1500,2+1,https://tqklhszfkvzk6518638.edge.naverncp.com/product/2202000005391.jpg
CU,즉석빵)맛있는단팥빵N,1400,2+1,https://tqklhszfkvzk6518638.edge.naverncp.com/product/2202000005407.jpg
CU,즉석빵)맛있는슈크림빵N,1400,2+1,https://tqklhszfkvzk6518638.edge.naverncp.com/product/2202000005438.jpg
CU,시저)홀썸볼쇠고기고구마,5000,2+1,https://tqklhszfkvzk6518638.edge.naverncp.com/product/8804973307874.jpg
CU,시저)홀썸볼쇠고기보리,5000,2+1,https://tqklhszfkvzk6518638.edge.naverncp.com/product/8804973307904.jpg
CU,오뚜기)진라면볶음밥230g,4500,2+1,https://tqklhszfkvzk6518638.edge.naverncp.com/product/8801045146980.jpg
CU,동원)덴마크딸기275ml,2400,2+1,https://tqklhszfkvzk6518638.edge.naverncp.com/product/8801155741822.png
CU,동원)덴마크베리믹스275ml,2400,2+1,https://tqklhszfkvzk6518638.edge.naverncp.com/product/8801155741846.png
CU,동원)덴마크플레인275ml,2400,2+1,https://tqklhszfkvzk6518638.edge.naverncp.com/product/8801155741853.png
CU,동원)덴마크복숭아275ml,2400,2+1,https://tqklhszfkvzk6518638.edge.naverncp.com/product/8801155741877.png
CU,경남)레모나산10입,3500,2+1,https://tqklhszfkvzk6518638.edge.naverncp.com/product/8806102878101.png
CU,고래사)오징어버터바65g,2700,2+1,https://tqklhszfkvzk6518638.edge.naverncp.com/product/8809265024743.jpg
CU,칸타타)콜드브루캔275ml,2800,2+1,https://tqklhszfkvzk6518638.edge.naverncp.com/product/8801056032159.png
CU,바프)와사비맛땅콩120g,3900,2+1,https://tqklhszfkvzk6518638.edge.naverncp.com/product/8809617944842.png
CU,CJ)맛군밤60g,3900,2+1,https://tqklhszfkvzk6518638.edge.naverncp.com/product/8801007427386.jpg
CU,바프)허니로스티드땅콩,3900,2+1,https://tqklhszfkvzk6518638.edge.naverncp.com/product/8809617947010.png
CU,바프)로스티드솔티드땅콩,3900,2+1,https://tqklhszfkvzk6518638.edge.naverncp.com/product/8809617947034.png
CU,즉석빵)우유크림샌드N,1600,2+1,https://tqklhszfkvzk6518638.edge.naverncp.com/product/2202000034353.jpg
CU,즉석빵)땅콩크림샌드N,1600,2+1,https://tqklhszfkvzk6518638.edge.naverncp.com/product/2202000034360.jpg
CU,즉석빵)우유크림소보로N,1800,2+1,https://tqklhszfkvzk6518638.edge.naverncp.com/product/2202000034377.jpg
CU,삼립)신선가득꿀호떡,2300,2+1,https://tqklhszfkvzk6518638.edge.naverncp.com/product/8801068406832.png
CU,CJ)닭가슴살통살페퍼100g,4500,2+1,https://tqklhszfkvzk6518638.edge.naverncp.com/product/8801007966724.png
CU,하이뮨)프로틴액티브초코,2900,2+1,https://tqklhszfkvzk6518638.edge.naverncp.com/product/8801157470928.png
CU,하이뮨)프로틴액티브밀크,2900,2+1,https://tqklhszfkvzk6518638.edge.naverncp.com/product/8801157470959.png
CU,한성)크래미90g,3500,2+1,https://tqklhszfkvzk6518638.edge.naverncp.com/product/8801074255851.jpg
CU,동서)콘푸라이트바35g,1900,2+1,https://tqklhszfkvzk6518638.edge.naverncp.com/product/8801037095845.jpg
CU,동서)오곡코코볼바33g,1900,2+1,https://tqklhszfkvzk6518638.edge.naverncp.com/product/8801037095876.jpg
CU,사조)스노우크랩킹70g,3000,2+1,https://tqklhszfkvzk6518638.edge.naverncp.com/product/8801066056169.jpg
CU,하림)닭가슴바블랙페퍼80g,2900,2+1,https://tqklhszfkvzk6518638.edge.naverncp.com/product/8801492377654.png
CU,바프)오리지널믹스넛30g,2500,2+1,https://tqklhszfkvzk6518638.edge.naverncp.com/product/8809617947331.png
CU,바프)군옥수수콘프라이즈,3900,2+1,https://tqklhszfkvzk6518638.edge.naverncp.com/product/8809617947355.png
CU,튀김)바삭순살치킨꼬치N,2200,2+1,https://tqklhszfkvzk6518638.edge.naverncp.com/product/2201148677330.jpg
CU,튀김)바삭매콤순살꼬치N,2200,2+1,https://tqklhszfkvzk6518638.edge.naverncp.com/product/2201148677323.jpg
CU,삼양사)상쾌환부스터100ml,5000,2+1,https://tqklhszfkvzk6518638.edge.naverncp.com/product/8801013777260.png
CU,이디야)트리플아메리카노,2700,2+1,https://tqklhszfkvzk6518638.edge.naverncp.com/product/8809388465034.png
CU,이디야)트리플스위트아메,2700,2+1,https://tqklhszfkvzk6518638.edge.naverncp.com/product/8809388465041.png
CU,이디야)트리플바닐라라떼,2700,2+1,https://tqklhszfkvzk6518638.edge.naverncp.com/product/8809388465058.png
CU,농심)배홍동쫄쫄면,1700,2+1,https://tqklhszfkvzk6518638.edge.naverncp.com/product/8801043067430.jpg
CU,동원)상상비프치즈30g,4600,2+1,https://tqklhszfkvzk6518638.edge.naverncp.com/product/8801047183860.PNG
CU,동원)상상육포안심30g,4600,2+1,https://tqklhszfkvzk6518638.edge.naverncp.com/product/8801047183877.jpg
CU,동원)상상페퍼솔트30g,4600,2+1,https://tqklhszfkvzk6518638.edge.naverncp.com/product/8801047183891.jpg
CU,매크로)하이츄복숭아맛,1200,2+1,https://tqklhszfkvzk6518638.edge.naverncp.com/product/8859623800397.jpg
CU,롯데)꼬깔콘고소한맛134g,3400,2+1,https://tqklhszfkvzk6518638.edge.naverncp.com/product/8801062010578.jpg
CU,롯데)치토스바베큐맛164g,3400,2+1,https://tqklhszfkvzk6518638.edge.naverncp.com/product/8801062383450.jpg
CU,남양)테이크핏프로틴바나,2900,2+1,https://tqklhszfkvzk6518638.edge.naverncp.com/product/8801069417554.png
CU,코카)조지아로우라떼P470,2800,2+1,https://tqklhszfkvzk6518638.edge.naverncp.com/product/8801094512613.png
CU,서울)강릉커피바닐라250ml,2800,2+1,https://tqklhszfkvzk6518638.edge.naverncp.com/product/8801115139904.png
CU,매일)바리스타돌체325ml,3500,2+1,https://tqklhszfkvzk6518638.edge.naverncp.com/product/8801121040416.png
CU,콘트라)블랙샷P500ml,2900,2+1,https://tqklhszfkvzk6518638.edge.naverncp.com/product/8801056234027.jpg
CU,쟈뎅)시그니처블랙P900ml,4200,2+1,https://tqklhszfkvzk6518638.edge.naverncp.com/product/8808024031916.png
CU,쟈뎅)로얄헤이즐넛P900ml,4200,2+1,https://tqklhszfkvzk6518638.edge.naverncp.com/product/8808024031909.png
CU,OKF)워터멜론P500ml,2500,2+1,https://tqklhszfkvzk6518638.edge.naverncp.com/product/8809041429649.png
CU,빙그레)아카페라UP연유,2600,2+1,https://tqklhszfkvzk6518638.edge.naverncp.com/product/8801104940931.png
CU,튀김)뉴자이언트지파이N,3400,2+1,https://tqklhszfkvzk6518638.edge.naverncp.com/product/2202000041474.png
CU,일신)쥬시드랍딥퍼즈,5000,2+1,https://tqklhszfkvzk6518638.edge.naverncp.com/product/5011053025921.png
CU,오뚜기)전복죽285g,4500,2+1,https://tqklhszfkvzk6518638.edge.naverncp.com/product/8801045303000.png
CU,오뚜기)양송이크림스프,3800,2+1,https://tqklhszfkvzk6518638.edge.naverncp.com/product/8801045415888.jpg
CU,남양)불가리스사과150ml,2000,2+1,https://tqklhszfkvzk6518638.edge.naverncp.com/product/8801069175942.jpg
CU,남양)불가리스딸기150ml,2000,2+1,https://tqklhszfkvzk6518638.edge.naverncp.com/product/8801069175959.jpg
CU,동원)매운고추참치90g,3300,2+1,https://tqklhszfkvzk6518638.edge.naverncp.com/product/8801047119395.jpg
CU,동원)야채참치90g,3300,2+1,https://tqklhszfkvzk6518638.edge.naverncp.com/product/8801047121312.jpg
CU,동원)얼라이브망고P500ml,2500,2+1,https://tqklhszfkvzk6518638.edge.naverncp.com/product/8801155740061.png
CU,티오피)스모키라떼캔200ml,1500,2+1,https://tqklhszfkvzk6518638.edge.naverncp.com/product/8801037009026_1.png
CU,오뚜기)차돌강된장보리밥,5400,2+1,https://tqklhszfkvzk6518638.edge.naverncp.com/product/8801045892351.png
CU,마즈)이클립스꿀레몬,3500,2+1,https://tqklhszfkvzk6518638.edge.naverncp.com/product/8804973308789.jpg
CU,마즈)이클립스배비파,3500,2+1,https://tqklhszfkvzk6518638.edge.naverncp.com/product/8804973308802.jpg
CU,동서)포스트밸런스바,2100,2+1,https://tqklhszfkvzk6518638.edge.naverncp.com/product/8801037096460.jpg
CU,동서)포스트액티브바,2100,2+1,https://tqklhszfkvzk6518638.edge.naverncp.com/product/8801037096491.jpg
CU,매일)상하미니치즈체다48g,2800,2+1,https://tqklhszfkvzk6518638.edge.naverncp.com/product/8801121020364_1.png
CU,매일)상하미니치즈크림48g,2800,2+1,https://tqklhszfkvzk6518638.edge.naverncp.com/product/8801121020388_1.png
CU,CJ)햇반현미쌀밥210g,2800,2+1,https://tqklhszfkvzk6518638.edge.naverncp.com/product/8801007860459.jpg
CU,해태)후렌치파이사과,4200,2+1,https://tqklhszfkvzk6518638.edge.naverncp.com/product/8801019307140.jpg
CU,몽뜨)설곤약향라맛,1200,2+1,https://tqklhszfkvzk6518638.edge.naverncp.com/product/6940434621157.jpg
CU,할리스)바닐라딜라이트,3200,2+1,https://tqklhszfkvzk6518638.edge.naverncp.com/product/8809286693706.jpg
CU,할리스)카페라떼300ml,3200,2+1,https://tqklhszfkvzk6518638.edge.naverncp.com/product/8809286693713.jpg
CU,대상)안주야치즈촘촘육포,3900,2+1,https://tqklhszfkvzk6518638.edge.naverncp.com/product/8801052060309.jpg
CU,미니언즈)프로틴액트초코,3000,2+1,https://tqklhszfkvzk6518638.edge.naverncp.com/product/8809226406564.png
CU,동서)콘푸라이트컵30g,2200,2+1,https://tqklhszfkvzk6518638.edge.naverncp.com/product/8801037096552.jpg
CU,동서)오레오오즈컵30g,2200,2+1,https://tqklhszfkvzk6518638.edge.naverncp.com/product/8801037096576.jpg
CU,오뚜기)고추참치마요덮밥,5400,2+1,https://tqklhszfkvzk6518638.edge.naverncp.com/product/8801045631301.png
CU,남양)테이크핏호박고구마,2900,2+1,https://tqklhszfkvzk6518638.edge.naverncp.com/product/8801069419619.png
CU,오뚜기)컵누들마라탕소컵,1800,2+1,https://tqklhszfkvzk6518638.edge.naverncp.com/product/8801045512518.jpg
CU,롯데)의성매콤땡초바65g,2600,2+1,https://tqklhszfkvzk6518638.edge.naverncp.com/product/8801123311057.jpg
CU,제니코)스모크스트링치즈,1800,2+1,https://tqklhszfkvzk6518638.edge.naverncp.com/product/8809136851362.png
CU,동원)더바삭한양반김,1000,2+1,https://tqklhszfkvzk6518638.edge.naverncp.com/product/8801047224259.jpg
CU,서주)마로마로젤리,2000,2+1,https://tqklhszfkvzk6518638.edge.naverncp.com/product/8801206004289.jpg
CU,에쓰)살라미&고다치즈,6000,2+1,https://tqklhszfkvzk6518638.edge.naverncp.com/product/8809861814373.jpg
CU,삼양사)상쾌환스틱샤인,3900,2+1,https://tqklhszfkvzk6518638.edge.naverncp.com/product/8801013777376.png
CU,삼양사)상쾌환복숭아제로,3900,2+1,https://tqklhszfkvzk6518638.edge.naverncp.com/product/8801013777390.png
CU,삼양사)상쾌환부스터제로,5000,2+1,https://tqklhszfkvzk6518638.edge.naverncp.com/product/8801013777468.png
CU,빙그레)더단백딸기드링크,2900,2+1,https://tqklhszfkvzk6518638.edge.naverncp.com/product/8801104942935.png
CU,오뚜기)콘크림스프팝콘55g,1800,2+1,https://tqklhszfkvzk6518638.edge.naverncp.com/product/8801045851945.jpg
CU,삼립)트리플치즈부리또,3500,2+1,https://tqklhszfkvzk6518638.edge.naverncp.com/product/8801068921403.jpg
CU,동원)덴마크사과275ml,2400,2+1,https://tqklhszfkvzk6518638.edge.naverncp.com/product/8801155741839.png
CU,매일)셀렉스프로핏모카250,2900,2+1,https://tqklhszfkvzk6518638.edge.naverncp.com/product/8809846900886.jpg
CU,매일)셀렉스프로핏밀크250,2900,2+1,https://tqklhszfkvzk6518638.edge.naverncp.com/product/8809846900893.jpg
CU,농심)카리야포크카레,4000,2+1,https://tqklhszfkvzk6518638.edge.naverncp.com/product/0077377912670.jpg
CU,CJ)비비고김치볶음150g,3200,2+1,https://tqklhszfkvzk6518638.edge.naverncp.com/product/8801007636009.png
CU,CJ)햇반흑미밥작은공기,2100,2+1,https://tqklhszfkvzk6518638.edge.naverncp.com/product/8801007915340.jpg
CU,CJ)햇반발아현미작은공기,2100,2+1,https://tqklhszfkvzk6518638.edge.naverncp.com/product/8801007915364.jpg
CU,정화)말랑버터구이오징어,5900,2+1,https://tqklhszfkvzk6518638.edge.naverncp.com/product/8801308480097.jpg
CU,농심)누들핏육개장사발면,1800,2+1,https://tqklhszfkvzk6518638.edge.naverncp.com/product/8801043006460.jpg
CU,농심)누들핏김치사발면,1800,2+1,https://tqklhszfkvzk6518638.edge.naverncp.com/product/8801043006538.jpg
CU,롯데)제로캔디레몬민트,3500,2+1,https://tqklhszfkvzk6518638.edge.naverncp.com/product/8801062857982.jpg
CU,사조)로얄크랩100g,5000,2+1,https://tqklhszfkvzk6518638.edge.naverncp.com/product/8801066062986.jpg
CU,hy)갓비움230ml,2400,2+1,https://tqklhszfkvzk6518638.edge.naverncp.com/product/8801128307239.jpg
CU,종근)멀티비타부스터20ml,3800,2+1,https://tqklhszfkvzk6518638.edge.naverncp.com/product/8809097855324.png
CU,비알)엄마는외계인밀키컵,2900,2+1,https://tqklhszfkvzk6518638.edge.naverncp.com/product/8809288635377.jpg
CU,비알)아몬드봉봉밀키컵300,2900,2+1,https://tqklhszfkvzk6518638.edge.naverncp.com/product/8809288635384.jpg
CU,오비)카스레몬논알콜캔330,2000,2+1,https://tqklhszfkvzk6518638.edge.naverncp.com/product/8801858047399.png
CU,오뚜기)진비빔면컵,1800,2+1,https://tqklhszfkvzk6518638.edge.naverncp.com/product/8801045431314.png
CU,마즈)비카인드씨솔트견과,2500,2+1,https://tqklhszfkvzk6518638.edge.naverncp.com/product/8804973308451.jpg
CU,마즈)비카인드아몬드단백,2500,2+1,https://tqklhszfkvzk6518638.edge.naverncp.com/product/8804973309267.png
CU,MDS)라구파스타,4200,2+1,https://tqklhszfkvzk6518638.edge.naverncp.com/product/8805684010633.png
CU,MDS)베이컨크림파스타N,4200,2+1,https://tqklhszfkvzk6518638.edge.naverncp.com/product/8805684010640.jpg
CU,MDS)투움바파스타N,4200,2+1,https://tqklhszfkvzk6518638.edge.naverncp.com/product/8805684010657.jpg
CU,대상)멸치쌀국수소컵58g,2000,2+1,https://tqklhszfkvzk6518638.edge.naverncp.com/product/8801052115283.jpg
CU,유한)내일N숙취해소100ml,5000,2+1,https://tqklhszfkvzk6518638.edge.naverncp.com/product/8806006500771.jpg
CU,할리스)카라멜마끼아또,3200,2+1,https://tqklhszfkvzk6518638.edge.naverncp.com/product/8809286694192.jpg
CU,삼양)맵탱마늘조개라면,1500,2+1,https://tqklhszfkvzk6518638.edge.naverncp.com/product/8801073116269.jpg
CU,삼양)맵탱고추대파라면,1500,2+1,https://tqklhszfkvzk6518638.edge.naverncp.com/product/8801073116290.jpg
CU,웅진)헛개차캔340ml,1500,2+1,https://tqklhszfkvzk6518638.edge.naverncp.com/product/8801382151395.png
CU,오뚜기)컵밥골드치킨마요,5400,2+1,https://tqklhszfkvzk6518638.edge.naverncp.com/product/8801045835211.jpg
CU,사조)로얄크랩50g,3000,2+1,https://tqklhszfkvzk6518638.edge.naverncp.com/product/8801066062979.jpg
CU,일신)캇예스베러버니,2800,2+1,https://tqklhszfkvzk6518638.edge.naverncp.com/product/4037400715872.jpg
CU,CJ)햇반서리태흑미밥210g,2800,2+1,https://tqklhszfkvzk6518638.edge.naverncp.com/product/8801392076251.png
CU,동원)하이요구르트280ml,1700,2+1,https://tqklhszfkvzk6518638.edge.naverncp.com/product/8801155744502.jpg
CU,네슬레)킷캣녹차4핑거,2200,2+1,https://tqklhszfkvzk6518638.edge.naverncp.com/product/9556001227539.jpg
CU,오뚜기)베트남쌀국수소컵,1800,2+1,https://tqklhszfkvzk6518638.edge.naverncp.com/product/8801045574097.jpg
CU,인테)곤약젤리망고,1900,2+1,https://tqklhszfkvzk6518638.edge.naverncp.com/product/8809403535223.jpg
CU,존슨즈)베드타임로션100ml,6000,2+1,https://tqklhszfkvzk6518638.edge.naverncp.com/product/8801008006344_1.png
CU,CJ)비비고컵떡볶이,3900,2+1,https://tqklhszfkvzk6518638.edge.naverncp.com/product/8801392090455.png
CU,크라운)콘칩초당옥수수70g,1700,2+1,https://tqklhszfkvzk6518638.edge.naverncp.com/product/8801111955454.jpg
CU,퓨리나)팬시피스트참치1입,2400,2+1,https://tqklhszfkvzk6518638.edge.naverncp.com/product/8850011075984.png
CU,MDS)베이컨로제파스타,4200,2+1,https://tqklhszfkvzk6518638.edge.naverncp.com/product/8805684010848.jpg
CU,동아)모닝케어간솔루션15g,3200,2+1,https://tqklhszfkvzk6518638.edge.naverncp.com/product/8806011416289.jpg
CU,CJ)비비고치즈컵떡볶이,3900,2+1,https://tqklhszfkvzk6518638.edge.naverncp.com/product/8801392089541.png
CU,하림)맛닭가슴살바베큐,5000,2+1,https://tqklhszfkvzk6518638.edge.naverncp.com/product/8801492391599_1.png
CU,농심)까망베르치즈타라,3900,2+1,https://tqklhszfkvzk6518638.edge.naverncp.com/product/4902181081327.jpg
CU,농심)치즈타라24g,3900,2+1,https://tqklhszfkvzk6518638.edge.naverncp.com/product/4902181097373.jpg
CU,동원)양반김부각마늘50g,4200,2+1,https://tqklhszfkvzk6518638.edge.naverncp.com/product/8801047228455.png
CU,하이트)진로토닉워터600ml,2900,2+1,https://tqklhszfkvzk6518638.edge.naverncp.com/product/8801001236199.jpg
CU,엘에스)화깨수20g,3800,2+1,https://tqklhszfkvzk6518638.edge.naverncp.com/product/8809661080176.png
CU,동서)아몬드후레이크컵,2400,2+1,https://tqklhszfkvzk6518638.edge.naverncp.com/product/8801037097795.jpg
CU,동서)크리치오컵30g,2400,2+1,https://tqklhszfkvzk6518638.edge.naverncp.com/product/8801037097818.jpg
CU,크라운)고소한땅콩샌드,1600,2+1,https://tqklhszfkvzk6518638.edge.naverncp.com/product/8801111954877.jpg
CU,정관장)아미노활기력샷20m,3500,2+1,https://tqklhszfkvzk6518638.edge.naverncp.com/product/8800255101239.jpg
CU,정관장)에너지활기력샷20m,3500,2+1,https://tqklhszfkvzk6518638.edge.naverncp.com/product/8800255102687.jpg
CU,빙그레)더단백멜론드링크,2900,2+1,https://tqklhszfkvzk6518638.edge.naverncp.com/product/8801104946179.png
CU,매일)바리스타무가당바닐,3500,2+1,https://tqklhszfkvzk6518638.edge.naverncp.com/product/8801121045893.png
CU,매일)바리스타무가당에스,3500,2+1,https://tqklhszfkvzk6518638.edge.naverncp.com/product/8801121046012.png
CU,매일)로쉐바밀크90g,5500,2+1,https://tqklhszfkvzk6518638.edge.naverncp.com/product/8801121044070.jpg
CU,매일)로쉐바다크90g,5500,2+1,https://tqklhszfkvzk6518638.edge.naverncp.com/product/8801121044087.jpg
CU,매일)로쉐바화이트90g,5500,2+1,https://tqklhszfkvzk6518638.edge.naverncp.com/product/8801121044094.jpg
CU,동원)상상스테이크마블40g,5900,2+1,https://tqklhszfkvzk6518638.edge.naverncp.com/product/8801047183655.jpg
CU,동원)소화잘되는초코190ml,1500,2+1,https://tqklhszfkvzk6518638.edge.naverncp.com/product/8801155743789.jpg
CU,네슬레)프루팁스하와이안,3000,2+1,https://tqklhszfkvzk6518638.edge.naverncp.com/product/8809415439069.jpg
CU,매일)셀렉스프로핏바나250,2900,2+1,https://tqklhszfkvzk6518638.edge.naverncp.com/product/8809846901548.jpg
CU,대상)뉴케어올프로틴바나,3300,2+1,https://tqklhszfkvzk6518638.edge.naverncp.com/product/8809345610835.png
CU,대상)뉴케어올프로틴초코,3300,2+1,https://tqklhszfkvzk6518638.edge.naverncp.com/product/8809345610842.png
CU,대상)뉴케어올프로틴곡물,3300,2+1,https://tqklhszfkvzk6518638.edge.naverncp.com/product/8809345610859.png
CU,오뚜기)중앙해장라면컵,2300,2+1,https://tqklhszfkvzk6518638.edge.naverncp.com/product/8801045202181.jpg
CU,머거본)커피땅콩헤이즐넛,3000,2+1,https://tqklhszfkvzk6518638.edge.naverncp.com/product/8801133011763.jpg
CU,머거본)맛땅콩100g,3000,2+1,https://tqklhszfkvzk6518638.edge.naverncp.com/product/8801133012067.jpg
CU,해태)고기손만두330g,5300,2+1,https://tqklhszfkvzk6518638.edge.naverncp.com/product/880101950177.png
CU,켈로그)콘푸로스트바35g,1700,2+1,https://tqklhszfkvzk6518638.edge.naverncp.com/product/8852756120363.jpg
CU,바프)카라멜치즈팝콘80g,1700,2+1,https://tqklhszfkvzk6518638.edge.naverncp.com/product/8800279450290.jpg
CU,오뚜기)스위트콘나쵸60g,1800,2+1,https://tqklhszfkvzk6518638.edge.naverncp.com/product/8801045314556.jpg
CU,삼양)맵탱청양대파소컵,1300,2+1,https://tqklhszfkvzk6518638.edge.naverncp.com/product/8801073216426.jpg
CU,삼양)맵탱마늘조개소컵,1300,2+1,https://tqklhszfkvzk6518638.edge.naverncp.com/product/8801073216495.jpg
CU,유한)비컴플아르기닌25ml,3900,2+1,https://tqklhszfkvzk6518638.edge.naverncp.com/product/8806006501761.jpg
CU,유한)비컴플마그네슘25ml,3900,2+1,https://tqklhszfkvzk6518638.edge.naverncp.com/product/8806006501778.jpg
CU,농심)신라면툼바봉지,1500,2+1,https://tqklhszfkvzk6518638.edge.naverncp.com/product/8801043018951.jpg
CU,유앤)스웨디시스타일젤리,2500,2+1,https://tqklhszfkvzk6518638.edge.naverncp.com/product/8809714123591.jpg
CU,MDS)명란마요파스타,4200,2+1,https://tqklhszfkvzk6518638.edge.naverncp.com/product/8805684011531.jpg
CU,하림)맛닭가슴살새우,5000,2+1,https://tqklhszfkvzk6518638.edge.naverncp.com/product/8801492392466_1.png
CU,칠갑)들깨떡국컵,3900,2+1,https://tqklhszfkvzk6518638.edge.naverncp.com/product/8801759019013.jpg
CU,동아)써큐란아르기닌20g,3200,2+1,https://tqklhszfkvzk6518638.edge.naverncp.com/product/8806011440970.png
CU,뉴트)비비랩유기농레몬즙,1500,2+1,https://tqklhszfkvzk6518638.edge.naverncp.com/product/8809948524720.jpg
CU,오뚜기)순후추팝콘55g,1800,2+1,https://tqklhszfkvzk6518638.edge.naverncp.com/product/8801045652573.jpg
CU,서울)멸균우유200ml,1200,2+1,https://tqklhszfkvzk6518638.edge.naverncp.com/product/8801115115113.jpg
CU,하림)오늘단백바카라멜,2900,2+1,https://tqklhszfkvzk6518638.edge.naverncp.com/product/8801492392398.jpg
CU,하림)오늘단백바피스타치,2900,2+1,https://tqklhszfkvzk6518638.edge.naverncp.com/product/8801492392411.jpg
CU,오뚜기)컵누들짬뽕맛소컵,1800,2+1,https://tqklhszfkvzk6518638.edge.naverncp.com/product/8801045315072.jpg
CU,동화)까스명수골드병75ml,1200,2+1,https://tqklhszfkvzk6518638.edge.naverncp.com/product/8806102400265.png
CU,요즘)그릭그래놀라,4900,2+1,https://tqklhszfkvzk6518638.edge.naverncp.com/product/8809520490856.png
CU,튀김)18cm통새우꼬치,2200,2+1,https://tqklhszfkvzk6518638.edge.naverncp.com/product/2202000102755.png
CU,튀김)18cm매콤통김말이,1500,2+1,https://tqklhszfkvzk6518638.edge.naverncp.com/product/2202000101093.png
CU,CJ)모닝두부오곡참깨150g,2000,2+1,https://tqklhszfkvzk6518638.edge.naverncp.com/product/8801007084930.jpg
CU,CJ)컵반차돌된장찌개밥,5400,2+1,https://tqklhszfkvzk6518638.edge.naverncp.com/product/8801392119392.jpg
CU,롯데)제로캔디피치민트,3500,2+1,https://tqklhszfkvzk6518638.edge.naverncp.com/product/8802259020721.jpg
CU,오뚜기)컵누들참깨소컵,1800,2+1,https://tqklhszfkvzk6518638.edge.naverncp.com/product/8801045684192.jpg
CU,빙그레)왕실초코190ml,1600,2+1,https://tqklhszfkvzk6518638.edge.naverncp.com/product/8801104947190.jpg
CU,CJ)햇반버섯야채죽,5500,2+1,https://tqklhszfkvzk6518638.edge.naverncp.com/product/8801392114151.jpg
CU,CJ)햇반소고기죽,5500,2+1,https://tqklhszfkvzk6518638.edge.naverncp.com/product/8801392114496.jpg
CU,CJ)누룽지닭백숙죽,5500,2+1,https://tqklhszfkvzk6518638.edge.naverncp.com/product/8801392114519.jpg
CU,튀김)18cm오징어튀김,1900,2+1,https://tqklhszfkvzk6518638.edge.naverncp.com/product/2202000103240.png
CU,동아)모닝케어프레스온H병,6000,2+1,https://tqklhszfkvzk6518638.edge.naverncp.com/product/8806011416562.png
CU,동아)모닝케어프레스온G병,6000,2+1,https://tqklhszfkvzk6518638.edge.naverncp.com/product/8806011416579.png
CU,오츠카)소이조이치즈,1700,2+1,https://tqklhszfkvzk6518638.edge.naverncp.com/product/4987035682714.jpg
CU,농심)누들핏튀김우동맛,1800,2+1,https://tqklhszfkvzk6518638.edge.naverncp.com/product/8801043028448.jpg
CU,삼립)볼케이노BBQ치킨누들,8900,2+1,https://tqklhszfkvzk6518638.edge.naverncp.com/product/8801068930672.jpg
CU,일신)쥬시드랍구미,4000,2+1,https://tqklhszfkvzk6518638.edge.naverncp.com/product/5011053027475.jpg
CU,동서)맥심모카제로슈거20T,7600,2+1,https://tqklhszfkvzk6518638.edge.naverncp.com/product/8801037015447.jpg
CU,뉴트리)참치닭가슴살용기,2500,2+1,https://tqklhszfkvzk6518638.edge.naverncp.com/product/8801047648864.jpg
CU,뉴트리)닭가슴살용기,2500,2+1,https://tqklhszfkvzk6518638.edge.naverncp.com/product/8801047648871.jpg
CU,삼립)블랙소이BBQ치킨누들,8900,2+1,https://tqklhszfkvzk6518638.edge.naverncp.com/product/8801068930665.jpg
CU,한성)일품도톰육포45g,5500,2+1,https://tqklhszfkvzk6518638.edge.naverncp.com/product/8801074006439.jpg
CU,한성)일품쇠고기육포30g,5500,2+1,https://tqklhszfkvzk6518638.edge.naverncp.com/product/8801074009508.jpg
CU,동아)데미레드애플캔350ml,1900,2+1,https://tqklhszfkvzk6518638.edge.naverncp.com/product/8801097168909.jpg
CU,돌)알로코코컵198g,3200,2+1,https://tqklhszfkvzk6518638.edge.naverncp.com/product/8809654956396.jpg
CU,농심)배홍동칼빔면봉지,1700,2+1,https://tqklhszfkvzk6518638.edge.naverncp.com/product/8801043029964.jpg
CU,서울)강릉아인슈페너250ml,2800,2+1,https://tqklhszfkvzk6518638.edge.naverncp.com/product/8801115140047.png
CU,hy)갓비움애사비마일드,2400,2+1,https://tqklhszfkvzk6518638.edge.naverncp.com/product/8801128283472.jpg
CU,서주)마로마로레몬,2000,2+1,https://tqklhszfkvzk6518638.edge.naverncp.com/product/8801206005415.jpg
CU,정관장)비타민활기력샷20m,3500,2+1,https://tqklhszfkvzk6518638.edge.naverncp.com/product/8800255104605.jpg
CU,해태)구운고구마108g,4000,2+1,https://tqklhszfkvzk6518638.edge.naverncp.com/product/8801019319358.jpg
CU,오뚜기)맛있는큰밥4입,10300,2+1,https://tqklhszfkvzk6518638.edge.naverncp.com/product/8801045890340.jpg
CU,빙그레)아카페라UP디카페,2600,2+1,https://tqklhszfkvzk6518638.edge.naverncp.com/product/8801104948005.png
CU,CJ)햇반12곡밥210g,2800,2+1,https://tqklhszfkvzk6518638.edge.naverncp.com/product/8801392112713.png
CU,명인)찹쌀연근부각30g,3500,2+1,https://tqklhszfkvzk6518638.edge.naverncp.com/product/8809277335363.jpg
CU,명인)찹쌀고구마부각30g,3500,2+1,https://tqklhszfkvzk6518638.edge.naverncp.com/product/8809277335387.jpg
CU,어니)뽀로로까르보떡볶이,3200,2+1,https://tqklhszfkvzk6518638.edge.naverncp.com/product/8809380345136.jpg
CU,어니)뽀로로짜장떡볶이,3200,2+1,https://tqklhszfkvzk6518638.edge.naverncp.com/product/8809380345143.jpg
CU,해태)자가비허니버터맛,2000,2+1,https://tqklhszfkvzk6518638.edge.naverncp.com/product/8801019613050.jpg
CU,오뚜기)콘크림크리스피롤,1800,2+1,https://tqklhszfkvzk6518638.edge.naverncp.com/product/8801045913704.jpg
CU,서영)모닝이즈백레몬20g,3600,2+1,https://tqklhszfkvzk6518638.edge.naverncp.com/product/8809556567546.png
CU,서영)모닝이즈백그린20g,3600,2+1,https://tqklhszfkvzk6518638.edge.naverncp.com/product/8809556567461.png
CU,삼립)뉴슈프림치즈부리또,3500,2+1,https://tqklhszfkvzk6518638.edge.naverncp.com/product/8801068932157.png
CU,삼립)뉴불고기치즈부리또,3500,2+1,https://tqklhszfkvzk6518638.edge.naverncp.com/product/8801068932164.png
CU,명인)찹쌀황태껍질부각30g,3500,2+1,https://tqklhszfkvzk6518638.edge.naverncp.com/product/8809277335394.jpg
CU,진주햄)천하장사치즈50g,2400,2+1,https://tqklhszfkvzk6518638.edge.naverncp.com/product/8801077384305.jpg
CU,진주햄)천하장사치즈70g,2800,2+1,https://tqklhszfkvzk6518638.edge.naverncp.com/product/8801077384800.jpg
CU,hy)야쿠르트제로190ml,1200,2+1,https://tqklhszfkvzk6518638.edge.naverncp.com/product/8801128308076.jpg
CU,CJ)동그란스팸160g,5500,2+1,https://tqklhszfkvzk6518638.edge.naverncp.com/product/8801392088230.jpg
CU,서영)모닝이즈백병100ml,5000,2+1,https://tqklhszfkvzk6518638.edge.naverncp.com/product/8809556567485.jpg
CU,오리온)포카칩페퍼60g,1700,2+1,https://tqklhszfkvzk6518638.edge.naverncp.com/product/8801117655204.jpg
CU,일화)맥콜P500ml,2200,2+1,https://tqklhszfkvzk6518638.edge.naverncp.com/product/8801223100261.png
CU,동원)상상불닭육포36g,4600,2+1,https://tqklhszfkvzk6518638.edge.naverncp.com/product/8801047183884.jpg
CU,오비)카스레몬논알콜캔473,2800,2+1,https://tqklhszfkvzk6518638.edge.naverncp.com/product/8801858048259.jpg
CU,마즈)스키틀즈젤리후르츠,2000,2+1,https://tqklhszfkvzk6518638.edge.naverncp.com/product/8804973311161.jpg
CU,마즈)스키틀즈젤리요거트,2000,2+1,https://tqklhszfkvzk6518638.edge.naverncp.com/product/8804973311185.jpg
CU,고래사)통새우말이90g,4300,2+1,https://tqklhszfkvzk6518638.edge.naverncp.com/product/8809265021780.jpg
CU,HK)새싹보리블랙P500ml,2500,2+1,https://tqklhszfkvzk6518638.edge.naverncp.com/product/8809422046106.jpg
CU,푸드)ㅋㅇㅋ샌드64g,1200,2+1,https://tqklhszfkvzk6518638.edge.naverncp.com/product/9556439894426.jpg
CU,한삼인)멀티비타G홍삼샷,4400,2+1,https://tqklhszfkvzk6518638.edge.naverncp.com/product/8808340888690.jpg
CU,유한)내일N숙취해소병100,5000,2+1,https://tqklhszfkvzk6518638.edge.naverncp.com/product/8806006507572.png
CU,HK)컨디션탄산제로병100ml,5000,2+1,https://tqklhszfkvzk6518638.edge.naverncp.com/product/8809422046045.png
CU,종근당)신깨노니배사과맛,3900,2+1,https://tqklhszfkvzk6518638.edge.naverncp.com/product/8809807288992.jpg
CU,롯데)깨수깡캔160ml,5000,2+1,https://tqklhszfkvzk6518638.edge.naverncp.com/product/8801056248451.png
CU,할리스)시그니처아메P550,3200,2+1,https://tqklhszfkvzk6518638.edge.naverncp.com/product/8809286695106.jpg
CU,할리스)블랙아리아아메550,3200,2+1,https://tqklhszfkvzk6518638.edge.naverncp.com/product/8809286695113.jpg
CU,할리스)바닐라딜라이트450,3200,2+1,https://tqklhszfkvzk6518638.edge.naverncp.com/product/8809286695120.jpg
CU,목우촌)닭가슴살생생육포,3900,2+1,https://tqklhszfkvzk6518638.edge.naverncp.com/product/8803712144985.jpg
CU,한삼인)잠잠30ml,4400,2+1,https://tqklhszfkvzk6518638.edge.naverncp.com/product/8808340888720.jpg
CU,3990)맥반석오징어27g,3990,2+1,https://tqklhszfkvzk6518638.edge.naverncp.com/product/8801308490034.jpg
CU,대상)저당홍초레몬라임500,8900,2+1,https://tqklhszfkvzk6518638.edge.naverncp.com/product/8801052129402.jpg
CU,3990)매콤맥반석오징어,3990,2+1,https://tqklhszfkvzk6518638.edge.naverncp.com/product/8801308490041.jpg
CU,리뉴)신한손한끼곡물40g,3900,2+1,https://tqklhszfkvzk6518638.edge.naverncp.com/product/8809120447137.jpg
CU,리뉴)신한손쁘띠말차40g,3900,2+1,https://tqklhszfkvzk6518638.edge.naverncp.com/product/8809120447175.jpg
CU,리뉴)신한손스위트콘40g,3900,2+1,https://tqklhszfkvzk6518638.edge.naverncp.com/product/8809120447199.jpg
CU,리뉴)신한손한끼초코40g,3900,2+1,https://tqklhszfkvzk6518638.edge.naverncp.com/product/8809120447212.jpg
CU,리뉴)신한손피스타치오40g,3900,2+1,https://tqklhszfkvzk6518638.edge.naverncp.com/product/8809120447236.jpg
CU,오뚜기)카레크리스피롤,1800,2+1,https://tqklhszfkvzk6518638.edge.naverncp.com/product/8801045108254.jpg
CU,삼립)미각우유카스테라롤,2500,2+1,https://tqklhszfkvzk6518638.edge.naverncp.com/product/8801068933840.jpg
CU,리뉴)신한손한끼딸기40g,3900,2+1,https://tqklhszfkvzk6518638.edge.naverncp.com/product/8809120447151.jpg
CU,동아)모닝케어위솔루션15g,3200,2+1,https://tqklhszfkvzk6518638.edge.naverncp.com/product/8806011416678.png
CU,빙그레)요플레그릭180g,2200,2+1,https://tqklhszfkvzk6518638.edge.naverncp.com/product/8801104950787.jpg
CU,프링글스)캐리비안치킨110,4200,2+1,https://tqklhszfkvzk6518638.edge.naverncp.com/product/8886467128820.jpg
CU,프링글스)닭강정100g,4200,2+1,https://tqklhszfkvzk6518638.edge.naverncp.com/product/8886467128837.jpg
CU,리앤웰)비말키즈마스크5P,2500,2+1,https://tqklhszfkvzk6518638.edge.naverncp.com/product/8809810802956.jpg
CU,오뚜기)참치김치볶음밥230,4500,2+1,https://tqklhszfkvzk6518638.edge.naverncp.com/product/8801045931234.jpg
CU,샘표)질러클래식육포30g,4200,2+1,https://tqklhszfkvzk6518638.edge.naverncp.com/product/8801005014335.jpg
CU,정식품)고단백플레인팩,1600,2+1,https://tqklhszfkvzk6518638.edge.naverncp.com/product/8801033811357.jpg
CU,3990)매콤유자전갱이25g,3990,2+1,https://tqklhszfkvzk6518638.edge.naverncp.com/product/8809389493739.jpg
CU,종건)락토핏골드20g,5300,2+1,https://tqklhszfkvzk6518638.edge.naverncp.com/product/8805915807919.jpg
CU,종건)아임비타멀티비타20m,4700,2+1,https://tqklhszfkvzk6518638.edge.naverncp.com/product/8805915808114.jpg
CU,수미)파티스마트저당2입,3900,2+1,https://tqklhszfkvzk6518638.edge.naverncp.com/product/8901138011390.png
CU,도성)알디콤A15ml,3900,2+1,https://tqklhszfkvzk6518638.edge.naverncp.com/product/8809868290064.png
CU,도성)알디콤V20ml,4800,2+1,https://tqklhszfkvzk6518638.edge.naverncp.com/product/8800309770046.png
CU,도성)알디콤Plus21ml,4800,2+1,https://tqklhszfkvzk6518638.edge.naverncp.com/product/8809868292242.png
CU,오뚜기)버팔로봉200g,7900,2+1,https://tqklhszfkvzk6518638.edge.naverncp.com/product/8801045607030.jpg
CU,펄세스)마일드스테비아20T,8900,2+1,https://tqklhszfkvzk6518638.edge.naverncp.com/product/8809526500948.jpg
CU,펄세스)디카프스테비아20T,10900,2+1,https://tqklhszfkvzk6518638.edge.naverncp.com/product/8809526501228.jpg
CU,동서)오레오딸기크림,2300,2+1,https://tqklhszfkvzk6518638.edge.naverncp.com/product/8801037088243.png
CU,종건)아임비타글루타치31g,3500,2+1,https://tqklhszfkvzk6518638.edge.naverncp.com/product/8805915913405.png
CU,종건)아임비타아르기닌31g,3500,2+1,https://tqklhszfkvzk6518638.edge.naverncp.com/product/8805915913207.png
CU,해동)숯불갈비맛강정꼬치,2400,2+1,https://tqklhszfkvzk6518638.edge.naverncp.com/product/2202000113836.png
CU,농심)카프리오렌지망고,1100,2+1,https://tqklhszfkvzk6518638.edge.naverncp.com/product/8801043650311.jpg
CU,코카)조지아스윗블랙470ml,2800,2+1,https://tqklhszfkvzk6518638.edge.naverncp.com/product/8801094542603.jpg
CU,동아)오란씨파인캔350ml,1800,2+1,https://tqklhszfkvzk6518638.edge.naverncp.com/product/8801097334212.jpg
CU,피자알볼로)고르곤졸라,4200,2+1,https://tqklhszfkvzk6518638.edge.naverncp.com/product/8809287901145.jpg
CU,인테)곤약젤리복숭아자두,2000,2+1,https://tqklhszfkvzk6518638.edge.naverncp.com/product/8809403539375.jpg
CU,hy)쿠퍼스깨곰,5000,2+1,https://tqklhszfkvzk6518638.edge.naverncp.com/product/8801128283595.jpg
CU,유앤)돈시몬오렌지주스200,2500,2+1,https://tqklhszfkvzk6518638.edge.naverncp.com/product/8410261608303.jpg
CU,오뚜기)살코기참치135g,3900,2+1,https://tqklhszfkvzk6518638.edge.naverncp.com/product/8801045233444.jpg
CU,오뚜기)마일드참치135g,3900,2+1,https://tqklhszfkvzk6518638.edge.naverncp.com/product/8801045501895.jpg
CU,한양)숏다리mix35g,4200,2+1,https://tqklhszfkvzk6518638.edge.naverncp.com/product/8803622102518.jpg
CU,한양)숏다리mix매운맛35g,4200,2+1,https://tqklhszfkvzk6518638.edge.naverncp.com/product/8803622102525.jpg
CU,켈로그)더커진크런치넛40G,2000,2+1,https://tqklhszfkvzk6518638.edge.naverncp.com/product/8852756120462.jpg
CU,뉴트)비비유기농레몬자몽,1500,2+1,https://tqklhszfkvzk6518638.edge.naverncp.com/product/8809948525703.png
CU,켈로그)첵스쿠앤크컵,2500,2+1,https://tqklhszfkvzk6518638.edge.naverncp.com/product/8801083422824.jpg
CU,수미)파티스마트저당망고2입,3900,2+1,https://tqklhszfkvzk6518638.edge.naverncp.com/product/8901138011413.png
CU,CJ)햇반발아현미밥210g*3,7900,2+1,https://tqklhszfkvzk6518638.edge.naverncp.com/product/8801007216294.png
CU,CJ)햇반잡곡밥210g*3입,7900,2+1,https://tqklhszfkvzk6518638.edge.naverncp.com/product/8801007684567.png
CU,CJ)햇반흑미밥210g*3입,7900,2+1,https://tqklhszfkvzk6518638.edge.naverncp.com/product/8801007216317.png
CU,오뚜기)뿌셔불고기맛팝콘,2000,2+1,https://tqklhszfkvzk6518638.edge.naverncp.com/product/8801045387802.jpg
CU,오뚜기)뿌셔뿌셔리얼치즈,1500,2+1,https://tqklhszfkvzk6518638.edge.naverncp.com/product/8801045484969.jpg
CU,오뚜기)유니짜장2인,9900,2+1,https://tqklhszfkvzk6518638.edge.naverncp.com/product/8801045512815.jpg
CU,오뚜기)얼큰짬뽕2인,9900,2+1,https://tqklhszfkvzk6518638.edge.naverncp.com/product/8801045513102.jpg
CU,머거본)카라멜땅콩믹스넛,2900,2+1,https://tqklhszfkvzk6518638.edge.naverncp.com/product/8801133013170.jpg
CU,머거본)츄러스믹스넛,2900,2+1,https://tqklhszfkvzk6518638.edge.naverncp.com/product/8801133013187.jpg
CU,유한)내일N스파클링100ml,5000,2+1,https://tqklhszfkvzk6518638.edge.naverncp.com/product/8806006506162.jpg
CU,코이)돈코츠어묵탕컵,4900,2+1,https://tqklhszfkvzk6518638.edge.naverncp.com/product/8809265027126.jpg
CU,농심)보노콘스프3입,4400,2+1,https://tqklhszfkvzk6518638.edge.naverncp.com/product/4901001021994.png
CU,하림)오늘단백바제주말차,2900,2+1,https://tqklhszfkvzk6518638.edge.naverncp.com/product/8801492393432.jpg
CU,호정)군고구마도나스,1200,2+1,https://tqklhszfkvzk6518638.edge.naverncp.com/product/8804624073530.jpg
CU,끼리)단호박크림수프,3500,2+1,https://tqklhszfkvzk6518638.edge.naverncp.com/product/8805489005513.jpg
CU,끼리)양송이크림수프,3500,2+1,https://tqklhszfkvzk6518638.edge.naverncp.com/product/8805489005537.jpg
CU,동아)올리브오일10g,2000,2+1,https://tqklhszfkvzk6518638.edge.naverncp.com/product/8806011441878.jpg
CU,에이스)훗카이도저지푸딩,4800,2+1,https://tqklhszfkvzk6518638.edge.naverncp.com/product/4995913175142.jpg
CU,삼양)삼양1963,1900,2+1,https://tqklhszfkvzk6518638.edge.naverncp.com/product/8801073117037.jpg
CU,켈로그)제로슈거컵시리얼,2500,2+1,https://tqklhszfkvzk6518638.edge.naverncp.com/product/8801083422831.jpg
CU,빙그레)닥터캡슐복숭아,2300,2+1,https://tqklhszfkvzk6518638.edge.naverncp.com/product/8801104951302.png
CU,에쓰)트러플스트링치즈,1700,2+1,https://tqklhszfkvzk6518638.edge.naverncp.com/product/8809861817473.jpg
CU,오뚜기)뿌셔뿌셔구운양파,1500,2+1,https://tqklhszfkvzk6518638.edge.naverncp.com/product/8801045366227.jpg
CU,머거본)꿀꽈배기믹스정과,2900,2+1,https://tqklhszfkvzk6518638.edge.naverncp.com/product/8801133013231.jpg
CU,CJ)햇반파로누룽지용기,2400,2+1,https://tqklhszfkvzk6518638.edge.naverncp.com/product/8801392154942.jpg
CU,CJ)햇반현미누룽지용기,2400,2+1,https://tqklhszfkvzk6518638.edge.naverncp.com/product/8801392154966.jpg
CU,동아)육식파키위효소3g,2000,2+1,https://tqklhszfkvzk6518638.edge.naverncp.com/product/8806011442158.jpg
CU,리뉴)한손한끼밤라떼40g,3900,2+1,https://tqklhszfkvzk6518638.edge.naverncp.com/product/8809120447755.jpg
CU,고래사)불오징어바65g,2900,2+1,https://tqklhszfkvzk6518638.edge.naverncp.com/product/8809265026884.jpg
CU,농심)누들핏새우탕맛,1800,2+1,https://tqklhszfkvzk6518638.edge.naverncp.com/product/8801043047838.jpg
CU,빙그레)무설탕딸기우유,1500,2+1,https://tqklhszfkvzk6518638.edge.naverncp.com/product/8801104948128.jpg
CU,빙그레)무설탕초코우유,1500,2+1,https://tqklhszfkvzk6518638.edge.naverncp.com/product/8801104948142.jpg
CU,담터)생강차플러스원컵,1800,2+1,https://tqklhszfkvzk6518638.edge.naverncp.com/product/8803284611151.jpg
CU,서주)젤리의연금술,2000,2+1,https://tqklhszfkvzk6518638.edge.naverncp.com/product/8809592641866.jpg
CU,한성)일품철판오징어,6600,2+1,https://tqklhszfkvzk6518638.edge.naverncp.com/product/8801074007627.jpg
CU,한성)일품실오징어30g,6600,2+1,https://tqklhszfkvzk6518638.edge.naverncp.com/product/8801074010207.jpg
CU,서울)저지방멸균우유200ml,1200,2+1,https://tqklhszfkvzk6518638.edge.naverncp.com/product/8801115115809.jpg
CU,오뗄)프렌치미트볼트러플,4900,2+1,https://tqklhszfkvzk6518638.edge.naverncp.com/product/8802266710103.jpg
CU,요즘)그릭저당푸룬,4900,2+1,https://tqklhszfkvzk6518638.edge.naverncp.com/product/8809520491532.jpg
CU,CJ)비비고김치팝콘80g,1900,2+1,https://tqklhszfkvzk6518638.edge.naverncp.com/product/8801392155307.jpg
CU,CJ)저당닭가슴살데리야끼,4900,2+1,https://tqklhszfkvzk6518638.edge.naverncp.com/product/8801392135903.jpg
CU,CJ)저당닭가슴살숯불치킨,4900,2+1,https://tqklhszfkvzk6518638.edge.naverncp.com/product/8801392135927.jpg
CU,목우촌)닭가슴살레드페퍼,3900,2+1,https://tqklhszfkvzk6518638.edge.naverncp.com/product/8803712145067.jpg
CU,서울우유)흰우유미니컵,3900,2+1,https://tqklhszfkvzk6518638.edge.naverncp.com/product/8801115720454.jpg
CU,서울우유)초코우유미니컵,3900,2+1,https://tqklhszfkvzk6518638.edge.naverncp.com/product/8801115720492.jpg
CU,에이원)오리지널도나쓰,1200,2+1,https://tqklhszfkvzk6518638.edge.naverncp.com/product/8800247140031.jpg
CU,삼립)하이면얼큰온면,3800,2+1,https://tqklhszfkvzk6518638.edge.naverncp.com/product/8801068937022.jpg
CU,MDS)청양크림파스타,4200,2+1,https://tqklhszfkvzk6518638.edge.naverncp.com/product/8805684012217.jpg
CU,HK)컨디션메론소다제로병,5000,2+1,https://tqklhszfkvzk6518638.edge.naverncp.com/product/8809422046762.jpg
CU,CJ)닭강정200g,7800,2+1,https://tqklhszfkvzk6518638.edge.naverncp.com/product/8801392165696.jpg
CU,서울)비요뜨베리콩포트,2300,2+1,https://tqklhszfkvzk6518638.edge.naverncp.com/product/8801115224709.jpg
CU,고래사)피자어묵바75g,3400,2+1,https://tqklhszfkvzk6518638.edge.naverncp.com/product/8809265027171.jpg
CU,오뚜기)컵누들불닭맛소컵,1800,2+1,https://tqklhszfkvzk6518638.edge.naverncp.com/product/8801045779959.jpg
CU,목우촌)닭가슴살육포마라,3900,2+1,https://tqklhszfkvzk6518638.edge.naverncp.com/product/8803712145098.jpg
CU,피자알볼로)콤비네이션,4200,2+1,https://tqklhszfkvzk6518638.edge.naverncp.com/product/8809287901251.jpg
CU,노티드)케이크바아몬드,2200,2+1,https://tqklhszfkvzk6518638.edge.naverncp.com/product/8809786883553.jpg
CU,동원)먹는샘물무P500ml,1000,2+1,https://tqklhszfkvzk6518638.edge.naverncp.com/product/8801047287957.png
CU,오뚜기)돼지김치찌개컵밥,5400,2+1,https://tqklhszfkvzk6518638.edge.naverncp.com/product/8801045709192.jpg
CU,앰지)홀스비타C딸기향,1200,2+1,https://tqklhszfkvzk6518638.edge.naverncp.com/product/7622202364471.jpg
CU,랩노쉬)N프로틴초코P350,3800,2+1,https://tqklhszfkvzk6518638.edge.naverncp.com/product/8800261387450.jpg
CU,랩노쉬)N프로틴그레인P350,3800,2+1,https://tqklhszfkvzk6518638.edge.naverncp.com/product/8800261387467.png
CU,랩노쉬)N프로틴바나나P350,3800,2+1,https://tqklhszfkvzk6518638.edge.naverncp.com/product/8800261387474.jpg
CU,정식품)베지밀저당두유190,1400,2+1,https://tqklhszfkvzk6518638.edge.naverncp.com/product/8801033812439.jpg
CU,농심)라뽁구리큰사발,1900,2+1,https://tqklhszfkvzk6518638.edge.naverncp.com/product/8801043044592.jpg
CU,CJ)꾸덕납당떡볶이기본맛,4500,2+1,https://tqklhszfkvzk6518638.edge.naverncp.com/product/8801392167317_1.png
CU,CJ)꾸덕납당볶이마라로제,4500,2+1,https://tqklhszfkvzk6518638.edge.naverncp.com/product/8801392167591_1.png
CU,하림)단백바스트로베리,2900,2+1,https://tqklhszfkvzk6518638.edge.naverncp.com/product/8801492393517.jpg
CU,하림)단백바치즈케이크,2900,2+1,https://tqklhszfkvzk6518638.edge.naverncp.com/product/8801492393531.jpg
CU,CJ)바삭팝콘스팸맛,1900,2+1,https://tqklhszfkvzk6518638.edge.naverncp.com/product/8801392158940.jpg
CU,CJ)바삭팝콘허브솔트,1900,2+1,https://tqklhszfkvzk6518638.edge.naverncp.com/product/8801392158964.jpg
CU,삼립)멕시칸치킨부리또,3500,2+1,https://tqklhszfkvzk6518638.edge.naverncp.com/product/8801068938692_1.png
CU,빙그레)요플레그릭바나나,2200,2+1,https://tqklhszfkvzk6518638.edge.naverncp.com/product/8801104952699.jpg
CU,에쓰)들기름비빔꼬단면,4900,2+1,https://tqklhszfkvzk6518638.edge.naverncp.com/product/8809861819026.jpg
CU,에쓰)토마토바질꼬단면,4900,2+1,https://tqklhszfkvzk6518638.edge.naverncp.com/product/8809861819033.jpg
CU,서주)헬로키티베리에이스,2000,2+1,https://tqklhszfkvzk6518638.edge.naverncp.com/product/8809592641927.jpg
CU,리꼼)마이크로샷패치,4000,2+1,https://tqklhszfkvzk6518638.edge.naverncp.com/product/8809950130179.jpg
CU,크라운)치즈샌드리치,1200,2+1,https://tqklhszfkvzk6518638.edge.naverncp.com/product/8801111955645.jpg
CU,도성)한우수제육포,3800,2+1,https://tqklhszfkvzk6518638.edge.naverncp.com/product/8809752690512.jpg
CU,도성)바베큐수제육포,3800,2+1,https://tqklhszfkvzk6518638.edge.naverncp.com/product/8809752690529.jpg
CU,오리온)오감자버터갈릭64g,1700,2+1,https://tqklhszfkvzk6518638.edge.naverncp.com/product/8801117164904.jpg
CU,바프)스누피페퍼로니팝콘,1700,2+1,https://tqklhszfkvzk6518638.edge.naverncp.com/product/8800279452959.jpg
CU,농심)배홍동막국수봉지,1700,2+1,https://tqklhszfkvzk6518638.edge.naverncp.com/product/8801043060127.jpg
CU,보배반점)짬뽕어묵탕컵,5000,2+1,https://tqklhszfkvzk6518638.edge.naverncp.com/product/8809265027270.jpg
CU,유피)팔각도매콤닭목살,4500,2+1,https://tqklhszfkvzk6518638.edge.naverncp.com/product/8809977010904.jpg
CU,유피)팔각도직화닭갈비,4500,2+1,https://tqklhszfkvzk6518638.edge.naverncp.com/product/8809977010928.jpg
CU,오뚜기)뿌셔양념치킨팝콘,2000,2+1,https://tqklhszfkvzk6518638.edge.naverncp.com/product/8801045258218.jpg
CU,알렉스)눈꽃생초코밀크,1500,2+1,https://tqklhszfkvzk6518638.edge.naverncp.com/product/8809682781335.jpg
CU,리뉴)한손한끼홍삼40g,4500,2+1,https://tqklhszfkvzk6518638.edge.naverncp.com/product/8800341680013.jpg
CU,CJ)꾸덕납작누들숯불치킨,4500,2+1,https://tqklhszfkvzk6518638.edge.naverncp.com/product/8801392158391.jpg
CU,CJ)꾸덕납작누들매콤로제,4500,2+1,https://tqklhszfkvzk6518638.edge.naverncp.com/product/8801392162015.jpg
CU,하림)직화닭가슴살소금,5000,2+1,https://tqklhszfkvzk6518638.edge.naverncp.com/product/8801492393630.jpg
CU,세이면)잔치쌀국수컵,2600,2+1,https://tqklhszfkvzk6518638.edge.naverncp.com/product/8809393810676.jpg
CU,인테)곤약젤리리치,1900,2+1,https://tqklhszfkvzk6518638.edge.naverncp.com/product/8809403536190.jpg
CU,유피)팔각도매콤닭연골,4500,2+1,https://tqklhszfkvzk6518638.edge.naverncp.com/product/8809977010911.jpg
CU,해외)캐슈넛크런치,2900,2+1,https://tqklhszfkvzk6518638.edge.naverncp.com/product/6971455842627.jpg
CU,동서)리츠멕시칸타코맛,2000,2+1,https://tqklhszfkvzk6518638.edge.naverncp.com/product/8801037098921.jpg
CU,오뚜기)진밀면,1700,2+1,https://tqklhszfkvzk6518638.edge.naverncp.com/product/8801045161020.jpg
CU,하림)직화닭가슴살바베큐,5000,2+1,https://tqklhszfkvzk6518638.edge.naverncp.com/product/8801492393654.jpg
CU,RU21)웨이크업샷20ml,4900,2+1,https://tqklhszfkvzk6518638.edge.naverncp.com/product/8809553622828.jpg
CU,서주)레모넬로43g,2000,2+1,https://tqklhszfkvzk6518638.edge.naverncp.com/product/8809592642207.jpg
CU,농심)야키호타테카이히모,3900,2+1,https://tqklhszfkvzk6518638.edge.naverncp.com/product/4902181098738.jpg
CU,매크로)하이츄그린애플,1200,2+1,https://tqklhszfkvzk6518638.edge.naverncp.com/product/6933545800016.jpg
CU,하림)치킨왕라면,1800,2+1,https://tqklhszfkvzk6518638.edge.naverncp.com/product/8800354750277.jpg
CU,삼립)미각커피카스테라롤,2500,2+1,https://tqklhszfkvzk6518638.edge.naverncp.com/product/8801068940329.jpg
CU,삼양)탱글크림파스타봉지,2200,2+1,https://tqklhszfkvzk6518638.edge.naverncp.com/product/8801073116832.jpg
CU,삼양)탱글오일파스타봉지,2200,2+1,https://tqklhszfkvzk6518638.edge.naverncp.com/product/8801073116849.jpg
CU,매일)아몬드브리즈커피190,1500,2+1,https://tqklhszfkvzk6518638.edge.naverncp.com/product/8801121046142.jpg
CU,매일)프로틴스트링치즈20g,1600,2+1,https://tqklhszfkvzk6518638.edge.naverncp.com/product/8801121050903.jpg
CU,하림)직화닭가슴살갈비,5000,2+1,https://tqklhszfkvzk6518638.edge.naverncp.com/product/8801492393647.jpg
CU,동아)얼박오리지널230ml,1800,2+1,https://tqklhszfkvzk6518638.edge.naverncp.com/product/8806011416111.jpg
CU,동아)얼박복숭아230ml,1800,2+1,https://tqklhszfkvzk6518638.edge.naverncp.com/product/8806011416241.jpg
CU,광동)제주삼다수그린1L,1500,2+1,https://tqklhszfkvzk6518638.edge.naverncp.com/product/8808244101130.jpg
CU,SCD)수수깡코리아젤리,2900,2+1,https://tqklhszfkvzk6518638.edge.naverncp.com/product/8809522040868.jpg
CU,오뚜기)열라면프레첼,1700,2+1,https://tqklhszfkvzk6518638.edge.naverncp.com/product/8801045768014.jpg
CU,삼립)미각우유브리오슈,2500,2+1,https://tqklhszfkvzk6518638.edge.naverncp.com/product/8801068940299.jpg
CU,빙그레)왕실말차190ml,1600,2+1,https://tqklhszfkvzk6518638.edge.naverncp.com/product/8801104952910.jpg
CU,오리온)한끼바치즈맛40g,1500,2+1,https://tqklhszfkvzk6518638.edge.naverncp.com/product/8801117162306.jpg
CU,마즈)비카인드아몬드코코,2200,2+1,https://tqklhszfkvzk6518638.edge.naverncp.com/product/8804973312335.jpg
CU,인터)분다버그레몬250ml,2100,2+1,https://tqklhszfkvzk6518638.edge.naverncp.com/product/9311493007836.jpg
CU,인터)분다버그핑크자몽250,2100,2+1,https://tqklhszfkvzk6518638.edge.naverncp.com/product/9311493007843.jpg
CU,CJ)닭가슴살통살구이100g,4500,2+1,https://tqklhszfkvzk6518638.edge.naverncp.com/product/8801007880440.jpg
CU,라라스윗)토피넛콘,1900,2+1,https://tqklhszfkvzk6518638.edge.naverncp.com/product/8809143450268.jpg
CU,오뚜기)제주똣똣라면컵,2300,2+1,https://tqklhszfkvzk6518638.edge.naverncp.com/product/8801045833934.jpg
CU,라라스윗)저당초코웨하스,2400,2+1,https://tqklhszfkvzk6518638.edge.naverncp.com/product/8804433103831.jpg
CU,인테)곤약젤리골드키위,1900,2+1,https://tqklhszfkvzk6518638.edge.naverncp.com/product/8809403539184.jpg
CU,하림)훌라면봉지,1600,2+1,https://tqklhszfkvzk6518638.edge.naverncp.com/product/8800354750161.jpg
CU,남양)불가리스플레인저당,2000,2+1,https://tqklhszfkvzk6518638.edge.naverncp.com/product/8801069422237.jpg
CU,세이면)중화쌀짬뽕컵,2600,2+1,https://tqklhszfkvzk6518638.edge.naverncp.com/product/8809393810683.jpg
CU,종근당)깨노니쿨병100ml,5000,2+1,https://tqklhszfkvzk6518638.edge.naverncp.com/product/8800323061984.jpg
CU,해태)버터링딥민트초코,3400,2+1,https://tqklhszfkvzk6518638.edge.naverncp.com/product/8801019320415.jpg
CU,켈로그)저당그래놀라300g,7600,2+1,https://tqklhszfkvzk6518638.edge.naverncp.com/product/8801083422916.jpg
CU,할리스)디카페인아메450,3200,2+1,https://tqklhszfkvzk6518638.edge.naverncp.com/product/8809286695731.jpg
CU,해태)신당동떡볶이X우할매,2000,2+1,https://tqklhszfkvzk6518638.edge.naverncp.com/product/8801019613647.jpg
CU,농심)빵부장솔티꽈배기55g,1700,2+1,https://tqklhszfkvzk6518638.edge.naverncp.com/product/8801043062107.jpg
CU,크라운)카라멜콘크로아상,1700,2+1,https://tqklhszfkvzk6518638.edge.naverncp.com/product/8801111961806.jpg
CU,오뚜기)데이프로틴바나나,2900,2+1,https://tqklhszfkvzk6518638.edge.naverncp.com/product/8801045254913.jpg
CU,오뚜기)데이프로틴초코,2900,2+1,https://tqklhszfkvzk6518638.edge.naverncp.com/product/8801045487717.jpg
CU,오뚜기)데이프로틴오곡,2900,2+1,https://tqklhszfkvzk6518638.edge.naverncp.com/product/8801045552132.jpg
CU,아침)김치볶음밥200g,3200,2+1,https://tqklhszfkvzk6518638.edge.naverncp.com/product/8809492083254.jpg
CU,미스티)한입바나나쿠키60g,2500,2+1,https://tqklhszfkvzk6518638.edge.naverncp.com/product/8809788013699.jpg
CU,PBICK)한끼옥수수220g,2500,2+1,https://tqklhszfkvzk6518638.edge.naverncp.com/product/6957911792330.jpg
CU,조흥)고구마스트링치즈,1200,2+1,https://tqklhszfkvzk6518638.edge.naverncp.com/product/8800296373039.jpg
CU,동서)그래놀라저당렌틸컵,2400,2+1,https://tqklhszfkvzk6518638.edge.naverncp.com/product/8801037099768.jpg
CU,사조)쥐포후라이드허니,5900,2+1,https://tqklhszfkvzk6518638.edge.naverncp.com/product/8801039011775.jpg
CU,사조)쥐포후라이드불닭,5900,2+1,https://tqklhszfkvzk6518638.edge.naverncp.com/product/8801039011782.jpg
CU,서주)솔티버터와플55g,2000,2+1,https://tqklhszfkvzk6518638.edge.naverncp.com/product/8809592642399.jpg
CU,갸스비)바디페이퍼10매,4800,2+1,https://tqklhszfkvzk6518638.edge.naverncp.com/product/4902806112726.jpg
CU,삼립)로스트치킨불닭양념,8900,2+1,https://tqklhszfkvzk6518638.edge.naverncp.com/product/8801068939859.jpg
CU,삼립)로스트치킨소금구이,8900,2+1,https://tqklhszfkvzk6518638.edge.naverncp.com/product/8801068939866.jpg
CU,따우전드)블루베리잼쿠키,2800,2+1,https://tqklhszfkvzk6518638.edge.naverncp.com/product/8809477910841.jpg
CU,농심)망고킥60g,1700,2+1,https://tqklhszfkvzk6518638.edge.naverncp.com/product/8801043064767.jpg
CU,랩노쉬)N프로틴쿠앤크P350,3800,2+1,https://tqklhszfkvzk6518638.edge.naverncp.com/product/8800261388594.jpg
CU,CJ)비비고닭곰탕500g,5900,2+1,https://tqklhszfkvzk6518638.edge.naverncp.com/product/8801007556376.jpg
CU,오뚜기)진라면약매큰컵,1400,2+1,https://tqklhszfkvzk6518638.edge.naverncp.com/product/8801045823898.jpg
CU,사조)로얄크랩디핑100g,5500,2+1,https://tqklhszfkvzk6518638.edge.naverncp.com/product/8801066065826.jpg
CU,삼립)딥치즈소시지부리또,3500,2+1,https://tqklhszfkvzk6518638.edge.naverncp.com/product/8801068941746.jpg
CU,CJ)오븐생선살레몬올리브,4500,2+1,https://tqklhszfkvzk6518638.edge.naverncp.com/product/8801392172670.jpg
CU,해태)자가비멕시칸타코맛,2000,2+1,https://tqklhszfkvzk6518638.edge.naverncp.com/product/8801019613692.jpg
CU,해태)감자칩멕시칸타코맛,2000,2+1,https://tqklhszfkvzk6518638.edge.naverncp.com/product/8801019613715.jpg
CU,오뚜기)진라면약매소컵,1100,2+1,https://tqklhszfkvzk6518638.edge.naverncp.com/product/8801045643359.jpg
CU,삼립)그레이비해쉬부리또,3500,2+1,https://tqklhszfkvzk6518638.edge.naverncp.com/product/8801068941739.jpg
CU,CJ)들기름햇반200g,2900,2+1,https://tqklhszfkvzk6518638.edge.naverncp.com/product/8801392179136.jpg
CU,서울FB)우베딥라떼250,2800,2+1,https://tqklhszfkvzk6518638.edge.naverncp.com/product/8809350889271.jpg
CU,농심)자갈치141g,3200,2+1,https://tqklhszfkvzk6518638.edge.naverncp.com/product/8801043036276.jpg
CU,농심)바나나킥118g,3200,2+1,https://tqklhszfkvzk6518638.edge.naverncp.com/product/8801043036658.jpg
CU,마즈)스니커즈아이스바,3500,2+1,https://tqklhszfkvzk6518638.edge.naverncp.com/product/5000159460880.jpg
CU,마즈)트윅스아이스바,3500,2+1,https://tqklhszfkvzk6518638.edge.naverncp.com/product/5000159484640.jpg
CU,해태)구운나초104g,4000,2+1,https://tqklhszfkvzk6518638.edge.naverncp.com/product/8801019320538.jpg
CU,동서)오레오오즈바딥초코,1900,2+1,https://tqklhszfkvzk6518638.edge.naverncp.com/product/8801037099966.jpg
CU,동서)오레오오즈바,1900,2+1,https://tqklhszfkvzk6518638.edge.naverncp.com/product/8801037099973.jpg
CU,농심)신라면로제봉지,1500,2+1,https://tqklhszfkvzk6518638.edge.naverncp.com/product/8801043065368.jpg
CU,오뚜기)컵떡볶이오리지널,3900,2+1,https://tqklhszfkvzk6518638.edge.naverncp.com/product/8801045676869.jpg
CU,오뚜기)컵떡볶이로제맛,3900,2+1,https://tqklhszfkvzk6518638.edge.naverncp.com/product/8801045906560.jpg
CU,한성)일품촉촉스틱오징어,6600,2+1,https://tqklhszfkvzk6518638.edge.naverncp.com/product/8801074010528.jpg
CU,한성)일품촉촉스틱매콤,6600,2+1,https://tqklhszfkvzk6518638.edge.naverncp.com/product/8801074010535.jpg
CU,SG)마이프로틴초콜릿P350,3800,2+1,https://tqklhszfkvzk6518638.edge.naverncp.com/product/8809540092955.jpg
CU,SG)마이프로틴밀크티P350,3800,2+1,https://tqklhszfkvzk6518638.edge.naverncp.com/product/8809540092962.jpg
CU,농심)포테토칩양념치킨86g,3200,2+1,https://tqklhszfkvzk6518638.edge.naverncp.com/product/8801043047272.jpg
CU,농심)포테토칩교촌치킨95g,3200,2+1,https://tqklhszfkvzk6518638.edge.naverncp.com/product/8801043060073.jpg
CU,오뚜기)컵누들저당로제맛,1800,2+1,https://tqklhszfkvzk6518638.edge.naverncp.com/product/8801045335612.jpg
CU,라라스윗)저당바닐라웨하,2400,2+1,https://tqklhszfkvzk6518638.edge.naverncp.com/product/8804433103893.jpg
CU,RU21)웨이크업스틱사과맛,3900,2+1,https://tqklhszfkvzk6518638.edge.naverncp.com/product/8809123170049.jpg
CU,RU21)웨이크업스틱꿀배맛,3900,2+1,https://tqklhszfkvzk6518638.edge.naverncp.com/product/8809123170070.jpg
CU,고래사)더블치즈할라피뇨,4000,2+1,https://tqklhszfkvzk6518638.edge.naverncp.com/product/8809265027386.jpg
CU,더본)빽짜장컵,2000,2+1,https://tqklhszfkvzk6518638.edge.naverncp.com/product/8801045245980.jpg
CU,더본)빽라면컵,1800,2+1,https://tqklhszfkvzk6518638.edge.naverncp.com/product/8801045922959.jpg
CU,아침)계란게살볶음밥200g,3200,2+1,https://tqklhszfkvzk6518638.edge.naverncp.com/product/8809492083247.jpg
CU,농심)포테토칩엽떡로제55g,1700,2+1,https://tqklhszfkvzk6518638.edge.naverncp.com/product/8801043067799.jpg
