brand,name,price,event,img_url
emart24,하이트)제로(무알콜)캔500ml,2800,1 + 1,https://msave.emart24.co.kr/cmsbo/upload/nHq/plu_image/500x500/8801001236434.JPG
emart24,하이트)테라제로캔350ml,2400,1 + 1,https://msave.emart24.co.kr/cmsbo/upload/nHq/plu_image/500x500/8801001237882.JPG
emart24,하이트)블랙보리펫520ml,2500,1 + 1,https://msave.emart24.co.kr/cmsbo/upload/nHq/plu_image/500x500/8801001238049.JPG
emart24,하이트)블랙보리라이트펫520ml,2200,1 + 1,https://msave.emart24.co.kr/cmsbo/upload/nHq/plu_image/500x500/8801001238179.JPG
emart24,하이트)블랙보리누룽지펫520ml,2200,1 + 1,https://msave.emart24.co.kr/cmsbo/upload/nHq/plu_image/500x500/8801001238391.JPG
emart24,HK)헛개수펫500ml,2500,1 + 1,https://msave.emart24.co.kr/cmsbo/upload/nHq/plu_image/500x500/8801007171210.JPG
emart24,CJ)한뿌리홍삼대보병100ml,5000,1 + 1,https://msave.emart24.co.kr/cmsbo/upload/nHq/plu_image/500x500/8801007955551.JPG
emart24,삼양사)상쾌환부스터병100ml,5000,1 + 1,https://msave.emart24.co.kr/cmsbo/upload/nHq/plu_image/500x500/8801013777260.JPG
emart24,삼양사)상쾌환부스터제로병100ml,5000,1 + 1,https://msave.emart24.co.kr/cmsbo/upload/nHq/plu_image/500x500/8801013777468.JPG
emart24,오뚜기)컵밥전주식콩나물국밥,5400,1 + 1,https://msave.emart24.co.kr/cmsbo/upload/nHq/plu_image/500x500/8801045349473.JPG
emart24,동원)보성홍차복숭아제로아이스티펫500ml,2500,1 + 1,https://msave.emart24.co.kr/cmsbo/upload/nHq/plu_image/500x500/8801047284482.JPG
emart24,동원)보성홍차레몬제로아이스티펫500ml,2500,1 + 1,https://msave.emart24.co.kr/cmsbo/upload/nHq/plu_image/500x500/8801047284499.JPG
emart24,동원)보성홍차애플제로아이스티펫500ml,2500,1 + 1,https://msave.emart24.co.kr/cmsbo/upload/nHq/plu_image/500x500/8801047284550.JPG
emart24,동원)보성홍차샤인머스캣제로아이스티펫500ml,2500,1 + 1,https://msave.emart24.co.kr/cmsbo/upload/nHq/plu_image/500x500/8801047284598.JPG
emart24,동원)비타C자몽에이드제로펫500ml,2200,1 + 1,https://msave.emart24.co.kr/cmsbo/upload/nHq/plu_image/500x500/8801047284642.JPG
emart24,동원)샘물펫500ml(QR),1000,1 + 1,https://msave.emart24.co.kr/cmsbo/upload/nHq/plu_image/500x500/8801047287957.JPG
emart24,동원)샘물펫2L(QR),1600,1 + 1,https://msave.emart24.co.kr/cmsbo/upload/nHq/plu_image/500x500/8801047287964.JPG
emart24,동원)샘물펫500ml,1000,1 + 1,https://msave.emart24.co.kr/cmsbo/upload/nHq/plu_image/500x500/8801047288114.JPG
emart24,동원)샘물펫2L,1600,1 + 1,https://msave.emart24.co.kr/cmsbo/upload/nHq/plu_image/500x500/8801047288213.JPG
emart24,동원)오미자차펫500ml,2200,1 + 1,https://msave.emart24.co.kr/cmsbo/upload/nHq/plu_image/500x500/8801047289685.JPG
emart24,동원)보성말차펫500ml,2200,1 + 1,https://msave.emart24.co.kr/cmsbo/upload/nHq/plu_image/500x500/8801047289852.JPG
emart24,동원)양반매실차펫500ml,2200,1 + 1,https://msave.emart24.co.kr/cmsbo/upload/nHq/plu_image/500x500/8801047291282.JPG
emart24,동원)보성홍차한라봉제로아이스티펫500ml,2500,1 + 1,https://msave.emart24.co.kr/cmsbo/upload/nHq/plu_image/500x500/8801047496083.JPG
emart24,롯데)2%복숭아제로펫500ml,2000,1 + 1,https://msave.emart24.co.kr/cmsbo/upload/nHq/plu_image/500x500/8801056002725.JPG
emart24,롯데)밀키스캔340ml,1800,1 + 1,https://msave.emart24.co.kr/cmsbo/upload/nHq/plu_image/500x500/8801056043551.JPG
emart24,롯데)핫식스더킹파워캔355ml,2500,1 + 1,https://msave.emart24.co.kr/cmsbo/upload/nHq/plu_image/500x500/8801056098834.JPG
emart24,롯데)핫식스더킹포스캔355ml,2500,1 + 1,https://msave.emart24.co.kr/cmsbo/upload/nHq/plu_image/500x500/8801056171032.JPG
emart24,롯데)펩시콜라제로펫500ml,2500,1 + 1,https://msave.emart24.co.kr/cmsbo/upload/nHq/plu_image/500x500/8801056175955.JPG
emart24,롯데)칠성사이다제로펫1.5L,4200,1 + 1,https://msave.emart24.co.kr/cmsbo/upload/nHq/plu_image/500x500/8801056177553.JPG
emart24,롯데)칠성사이다제로펫500ml,2500,1 + 1,https://msave.emart24.co.kr/cmsbo/upload/nHq/plu_image/500x500/8801056177584.JPG
emart24,롯데)핫식스더킹러쉬캔355ml,2500,1 + 1,https://msave.emart24.co.kr/cmsbo/upload/nHq/plu_image/500x500/8801056178925.JPG
emart24,롯데)펩시콜라펫600ml,2500,1 + 1,https://msave.emart24.co.kr/cmsbo/upload/nHq/plu_image/500x500/8801056193010.JPG
emart24,롯데)펩시콜라제로펫1.5L,4200,1 + 1,https://msave.emart24.co.kr/cmsbo/upload/nHq/plu_image/500x500/8801056226459.JPG
emart24,롯데)핫식스더킹제로캔355ml,2500,1 + 1,https://msave.emart24.co.kr/cmsbo/upload/nHq/plu_image/500x500/8801056228255.JPG
emart24,롯데)탐스제로파인애플캔355ml,1500,1 + 1,https://msave.emart24.co.kr/cmsbo/upload/nHq/plu_image/500x500/8801056231682.JPG
emart24,롯데)핫식스더킹크러쉬피치캔355ml,2500,1 + 1,https://msave.emart24.co.kr/cmsbo/upload/nHq/plu_image/500x500/8801056234423.JPG
emart24,롯데)핫식스더킹퍼플그레이프캔355ml,2500,1 + 1,https://msave.emart24.co.kr/cmsbo/upload/nHq/plu_image/500x500/8801056240998.JPG
emart24,롯데)펩시콜라제로카페인펫500ml,2500,1 + 1,https://msave.emart24.co.kr/cmsbo/upload/nHq/plu_image/500x500/8801056245085.JPG
emart24,롯데)핫식스더킹애플캔355ml,2500,1 + 1,https://msave.emart24.co.kr/cmsbo/upload/nHq/plu_image/500x500/8801056249212.JPG
emart24,롯데)마운틴듀제로캔355ml,1800,1 + 1,https://msave.emart24.co.kr/cmsbo/upload/nHq/plu_image/500x500/8801056249892.JPG
emart24,롯데)2%레몬라임펫500ml,2000,1 + 1,https://msave.emart24.co.kr/cmsbo/upload/nHq/plu_image/500x500/8801056251062.JPG
emart24,롯데)핫식스더킹아이스피치제로캔355ml,2500,1 + 1,https://msave.emart24.co.kr/cmsbo/upload/nHq/plu_image/500x500/8801056251253.JPG
emart24,롯데)칠성사이다제로라임펫500ml,2500,1 + 1,https://msave.emart24.co.kr/cmsbo/upload/nHq/plu_image/500x500/8801056251727.JPG
emart24,롯데)더하다파로귀리펫500ml,2000,1 + 1,https://msave.emart24.co.kr/cmsbo/upload/nHq/plu_image/500x500/8801056252731.JPG
emart24,롯데)마운틴듀캔355ml,1800,1 + 1,https://msave.emart24.co.kr/cmsbo/upload/nHq/plu_image/500x500/8801056716011.JPG
emart24,롯데)핫식스더킹파인버스트캔355ml,2500,1 + 1,https://msave.emart24.co.kr/cmsbo/upload/nHq/plu_image/500x500/8801056910693.JPG
emart24,롯데)해피즈레몬라임캔355ml,3000,1 + 1,https://msave.emart24.co.kr/cmsbo/upload/nHq/plu_image/500x500/8801056910716.JPG
emart24,롯데)해피즈트로피칼캔355ml,3000,1 + 1,https://msave.emart24.co.kr/cmsbo/upload/nHq/plu_image/500x500/8801056910723.JPG
emart24,롯데)해피즈팝핑체리캔355ml,3000,1 + 1,https://msave.emart24.co.kr/cmsbo/upload/nHq/plu_image/500x500/8801056910730.JPG
emart24,롯데)펩시제로피치펫500ml,2500,1 + 1,https://msave.emart24.co.kr/cmsbo/upload/nHq/plu_image/500x500/8801056911027.JPG
emart24,롯데)핫식스글로우피치살구캔355ml,2500,1 + 1,https://msave.emart24.co.kr/cmsbo/upload/nHq/plu_image/500x500/8801056911072.JPG
emart24,롯데)핫식스글로우사과포멜로캔355ml,2500,1 + 1,https://msave.emart24.co.kr/cmsbo/upload/nHq/plu_image/500x500/8801056911171.JPG
emart24,롯데)칠성사이다제로유자펫500ml,2500,1 + 1,https://msave.emart24.co.kr/cmsbo/upload/nHq/plu_image/500x500/8801056911270.JPG
emart24,롯데)립톤스파클링제로캔355ml,1800,1 + 1,https://msave.emart24.co.kr/cmsbo/upload/nHq/plu_image/500x500/8801056911379.JPG
emart24,롯데)펩시엑스트라피즈펫500ml,2500,1 + 1,https://msave.emart24.co.kr/cmsbo/upload/nHq/plu_image/500x500/8801056911782.JPG
emart24,코카)파워에이드제로라임펫600ml,2400,1 + 1,https://msave.emart24.co.kr/cmsbo/upload/nHq/plu_image/500x500/8801094000288.JPG
emart24,코카)콜라제로제로펫500ml,2400,1 + 1,https://msave.emart24.co.kr/cmsbo/upload/nHq/plu_image/500x500/8801094000554.JPG
emart24,코카)스프라이트제로위드티펫500ml,2200,1 + 1,https://msave.emart24.co.kr/cmsbo/upload/nHq/plu_image/500x500/8801094001704.JPG
emart24,코카)콜라제로레몬펫500ml,2400,1 + 1,https://msave.emart24.co.kr/cmsbo/upload/nHq/plu_image/500x500/8801094062675.JPG
emart24,코카)콜라체리제로펫500ml,2400,1 + 1,https://msave.emart24.co.kr/cmsbo/upload/nHq/plu_image/500x500/8801094072667.JPG
emart24,코카)콜라제로펫1.5L,4000,1 + 1,https://msave.emart24.co.kr/cmsbo/upload/nHq/plu_image/500x500/8801094082406.JPG
emart24,코카)스프라이트펫500ml,2200,1 + 1,https://msave.emart24.co.kr/cmsbo/upload/nHq/plu_image/500x500/8801094202606.JPG
emart24,코카)스프라이트캔350ml,1900,1 + 1,https://msave.emart24.co.kr/cmsbo/upload/nHq/plu_image/500x500/8801094203207.JPG
emart24,코카)환타제로파인캔350ml,1700,1 + 1,https://msave.emart24.co.kr/cmsbo/upload/nHq/plu_image/500x500/8801094263218.JPG
emart24,코카)환타제로오렌지캔350ml,1700,1 + 1,https://msave.emart24.co.kr/cmsbo/upload/nHq/plu_image/500x500/8801094347208.JPG
emart24,코카)토레타펫500ml,2200,1 + 1,https://msave.emart24.co.kr/cmsbo/upload/nHq/plu_image/500x500/8801094412005.JPG
emart24,코카)토레타제로펫500ml,2200,1 + 1,https://msave.emart24.co.kr/cmsbo/upload/nHq/plu_image/500x500/8801094412371.JPG
emart24,코카)파워에이드스칼렛스톰펫600ml,2400,1 + 1,https://msave.emart24.co.kr/cmsbo/upload/nHq/plu_image/500x500/8801094602703.JPG
emart24,코카)파워에이드퍼플스톰펫600ml,2400,1 + 1,https://msave.emart24.co.kr/cmsbo/upload/nHq/plu_image/500x500/8801094603700.JPG
emart24,코카)스프라이트제로펫500ml,2200,1 + 1,https://msave.emart24.co.kr/cmsbo/upload/nHq/plu_image/500x500/8801094962104.JPG
emart24,코카)스프라이트제로캔350ml,1900,1 + 1,https://msave.emart24.co.kr/cmsbo/upload/nHq/plu_image/500x500/8801094963200.JPG
emart24,동아)나랑드사이다제로캔245ml,1500,1 + 1,https://msave.emart24.co.kr/cmsbo/upload/nHq/plu_image/500x500/8801097135215.JPG
emart24,동아)나랑드사이다제로파인캔245ml,1500,1 + 1,https://msave.emart24.co.kr/cmsbo/upload/nHq/plu_image/500x500/8801097136618.JPG
emart24,동아)나랑드사이다제로펫500ml,2000,1 + 1,https://msave.emart24.co.kr/cmsbo/upload/nHq/plu_image/500x500/8801097235014.JPG
emart24,동아)엑스코카스에너지캔355ml,2300,1 + 1,https://msave.emart24.co.kr/cmsbo/upload/nHq/plu_image/500x500/8801097824317.JPG
emart24,코카)갈배사이다펫500ml,2300,1 + 1,https://msave.emart24.co.kr/cmsbo/upload/nHq/plu_image/500x500/8801105915679.JPG
emart24,코카)봉봉애사비소다펫500ml,2500,1 + 1,https://msave.emart24.co.kr/cmsbo/upload/nHq/plu_image/500x500/8801105916959.JPG
emart24,오리온)닥터유제주용암수펫530ml,1000,1 + 1,https://msave.emart24.co.kr/cmsbo/upload/nHq/plu_image/500x500/8801117070007.JPG
emart24,덴마크)테이크얼라이브스위티자몽제로펫500ml,2500,1 + 1,https://msave.emart24.co.kr/cmsbo/upload/nHq/plu_image/500x500/8801155740054.JPG
emart24,덴마크)테이크얼라이브망고제로펫500ml,2500,1 + 1,https://msave.emart24.co.kr/cmsbo/upload/nHq/plu_image/500x500/8801155740061.JPG
emart24,웅진)오곡누룽지펫500ml,2200,1 + 1,https://msave.emart24.co.kr/cmsbo/upload/nHq/plu_image/500x500/8801382135036.JPG
emart24,웅진)빅토리아레몬펫500ml,1800,1 + 1,https://msave.emart24.co.kr/cmsbo/upload/nHq/plu_image/500x500/8801382145080.JPG
emart24,웅진)광명찾은결명자차펫500ml,2200,1 + 1,https://msave.emart24.co.kr/cmsbo/upload/nHq/plu_image/500x500/8801382145769.JPG
emart24,웅진)빅토리아청포도펫500ml,1800,1 + 1,https://msave.emart24.co.kr/cmsbo/upload/nHq/plu_image/500x500/8801382147060.JPG
emart24,웅진)옥수수수염차펫500ml,2200,1 + 1,https://msave.emart24.co.kr/cmsbo/upload/nHq/plu_image/500x500/8801382148449.JPG
emart24,웅진)티즐제로피치우롱티펫500ml,2500,1 + 1,https://msave.emart24.co.kr/cmsbo/upload/nHq/plu_image/500x500/8801382148500.JPG
emart24,웅진)티즐제로유자그린티펫500ml,2500,1 + 1,https://msave.emart24.co.kr/cmsbo/upload/nHq/plu_image/500x500/8801382148524.JPG
emart24,웅진)티즐제로자몽블랙티펫500ml,2500,1 + 1,https://msave.emart24.co.kr/cmsbo/upload/nHq/plu_image/500x500/8801382149743.JPG
emart24,웅진)자연은더말린복숭아제로펫500ml,2500,1 + 1,https://msave.emart24.co.kr/cmsbo/upload/nHq/plu_image/500x500/8801382150206.JPG
emart24,웅진)자연은더말린자몽제로펫500ml,2500,1 + 1,https://msave.emart24.co.kr/cmsbo/upload/nHq/plu_image/500x500/8801382150220.JPG
emart24,웅진)푸룬부스터펫200ml,4500,1 + 1,https://msave.emart24.co.kr/cmsbo/upload/nHq/plu_image/500x500/8801382150626.JPG
emart24,웅진)유기농하늘보리펫500ml,2500,1 + 1,https://msave.emart24.co.kr/cmsbo/upload/nHq/plu_image/500x500/8801382151449.JPG
emart24,웅진)카무트현미차펫500ml,2500,1 + 1,https://msave.emart24.co.kr/cmsbo/upload/nHq/plu_image/500x500/8801382151777.JPG
emart24,옐로우)프루티리치캐모마일제로펫500ml,2300,1 + 1,https://msave.emart24.co.kr/cmsbo/upload/nHq/plu_image/500x500/8801382152392.JPG
emart24,옐로우)프루티매실그린제로펫500ml,2300,1 + 1,https://msave.emart24.co.kr/cmsbo/upload/nHq/plu_image/500x500/8801382152408.JPG
emart24,옐로우)프루티유자민트제로펫500ml,2300,1 + 1,https://msave.emart24.co.kr/cmsbo/upload/nHq/plu_image/500x500/8801382152415.JPG
emart24,옐로우)소프트워터청포도제로500ml,2500,1 + 1,https://msave.emart24.co.kr/cmsbo/upload/nHq/plu_image/500x500/8801382152699.JPG
emart24,옐로우)소프트워터복숭아제로500ml,2500,1 + 1,https://msave.emart24.co.kr/cmsbo/upload/nHq/plu_image/500x500/8801382152712.JPG
emart24,옐로우)에너지워터블루레몬제로500ml,2500,1 + 1,https://msave.emart24.co.kr/cmsbo/upload/nHq/plu_image/500x500/8801382152736.JPG
emart24,웅진)생차녹차500ml,2500,1 + 1,https://msave.emart24.co.kr/cmsbo/upload/nHq/plu_image/500x500/8801382152798.JPG
emart24,웅진)생차호지차500ml,2500,1 + 1,https://msave.emart24.co.kr/cmsbo/upload/nHq/plu_image/500x500/8801382152811.JPG
emart24,옐로우)프루티망고우롱제로펫500ml,2300,1 + 1,https://msave.emart24.co.kr/cmsbo/upload/nHq/plu_image/500x500/8801382153146.JPG
emart24,CJ)햇반파로누룽지차펫500ml,2500,1 + 1,https://msave.emart24.co.kr/cmsbo/upload/nHq/plu_image/500x500/8801392177118.JPG
emart24,CJ)햇반루피니빈보리차펫500ml,2500,1 + 1,https://msave.emart24.co.kr/cmsbo/upload/nHq/plu_image/500x500/8801392183874.JPG
emart24,CJ)햇반레드빈호박차펫500ml,2500,1 + 1,https://msave.emart24.co.kr/cmsbo/upload/nHq/plu_image/500x500/8801392186400.JPG
emart24,연세)블루이글포커스캔355ml,2300,1 + 1,https://msave.emart24.co.kr/cmsbo/upload/nHq/plu_image/500x500/8801753116848.JPG
emart24,연세)블루이글밸런스캔355ml,2300,1 + 1,https://msave.emart24.co.kr/cmsbo/upload/nHq/plu_image/500x500/8801753116862.JPG
emart24,청정)몽베스트펫500ml(QR),1100,1 + 1,https://msave.emart24.co.kr/cmsbo/upload/nHq/plu_image/500x500/8803186000992.JPG
emart24,종근당건강)아임비타에너지샷병100ml,1500,1 + 1,https://msave.emart24.co.kr/cmsbo/upload/nHq/plu_image/500x500/8805915916901.JPG
emart24,광동)헛개파워병100ml,5000,1 + 1,https://msave.emart24.co.kr/cmsbo/upload/nHq/plu_image/500x500/8806002010861.JPG
emart24,광동)밀싹보리차펫500ml,2200,1 + 1,https://msave.emart24.co.kr/cmsbo/upload/nHq/plu_image/500x500/8806002020174.JPG
emart24,광동)더진한헛개차골드라벨펫500ml,3300,1 + 1,https://msave.emart24.co.kr/cmsbo/upload/nHq/plu_image/500x500/8806002020334.JPG
emart24,광동)비타500이온킥제로펫1.5L,4500,1 + 1,https://msave.emart24.co.kr/cmsbo/upload/nHq/plu_image/500x500/8806002025469.JPG
emart24,광동)유기농옥수수수염차펫500ml,2500,1 + 1,https://msave.emart24.co.kr/cmsbo/upload/nHq/plu_image/500x500/8806002025636.JPG
emart24,동화)배러푸룬펫120g,3500,1 + 1,https://msave.emart24.co.kr/cmsbo/upload/nHq/plu_image/500x500/8806016185289.JPG
emart24,동화)부채표소다활펫500ml,2500,1 + 1,https://msave.emart24.co.kr/cmsbo/upload/nHq/plu_image/500x500/8806016186491.JPG
emart24,쟈뎅)제주청보리차펫500ml,2200,1 + 1,https://msave.emart24.co.kr/cmsbo/upload/nHq/plu_image/500x500/8808024030803.JPG
emart24,풀무원)샘물펫500ml(QR),1000,1 + 1,https://msave.emart24.co.kr/cmsbo/upload/nHq/plu_image/500x500/8809169710179.JPG
emart24,풀무원)곡물차하루귀리펫500ml,2500,1 + 1,https://msave.emart24.co.kr/cmsbo/upload/nHq/plu_image/500x500/8809169710872.JPG
emart24,풀무원)샘물펫2L(QR),1950,1 + 1,https://msave.emart24.co.kr/cmsbo/upload/nHq/plu_image/500x500/8809169711138.JPG
emart24,테일러)블루베리주스펫180ml,3500,1 + 1,https://msave.emart24.co.kr/cmsbo/upload/nHq/plu_image/500x500/8809170540352.JPG
emart24,딥스)춘식이해양심층수펫500ml,1500,1 + 1,https://msave.emart24.co.kr/cmsbo/upload/nHq/plu_image/500x500/8809309399936.JPG
emart24,천지개벽)병100ml(NEW),5000,1 + 1,https://msave.emart24.co.kr/cmsbo/upload/nHq/plu_image/500x500/8809329050541.JPG
emart24,HK)새싹보리펫500ml,2500,1 + 1,https://msave.emart24.co.kr/cmsbo/upload/nHq/plu_image/500x500/8809422041125.JPG
emart24,HK)헛개수EX펫500ml,3000,1 + 1,https://msave.emart24.co.kr/cmsbo/upload/nHq/plu_image/500x500/8809422041729.JPG
emart24,HK)티로그청귤아이스티제로펫500ml,2500,1 + 1,https://msave.emart24.co.kr/cmsbo/upload/nHq/plu_image/500x500/8809422044430.JPG
emart24,HK)티로그복숭아아이스티제로펫500ml,2500,1 + 1,https://msave.emart24.co.kr/cmsbo/upload/nHq/plu_image/500x500/8809422044447.JPG
emart24,HK)티로그애플청포도아이스티제로펫500ml,2500,1 + 1,https://msave.emart24.co.kr/cmsbo/upload/nHq/plu_image/500x500/8809422045925.JPG
emart24,HK)티로그자두아이스티제로펫500ml,2500,1 + 1,https://msave.emart24.co.kr/cmsbo/upload/nHq/plu_image/500x500/8809422045932.JPG
emart24,HK)컨디션스파클링자몽제로병100ml,5000,1 + 1,https://msave.emart24.co.kr/cmsbo/upload/nHq/plu_image/500x500/8809422046045.JPG
emart24,HK)새싹보리블랙펫500ml,2500,1 + 1,https://msave.emart24.co.kr/cmsbo/upload/nHq/plu_image/500x500/8809422046106.JPG
emart24,HK)컨디션제로스파클링메론소다병100ml,5000,1 + 1,https://msave.emart24.co.kr/cmsbo/upload/nHq/plu_image/500x500/8809422046762.JPG
emart24,HK)티로그망고수박아이스티제로펫500ml,2500,1 + 1,https://msave.emart24.co.kr/cmsbo/upload/nHq/plu_image/500x500/8809422046991.JPG
emart24,코아)캐치티니핑워터젤리복숭아110ml,1800,1 + 1,https://msave.emart24.co.kr/cmsbo/upload/nHq/plu_image/500x500/8809456260646.JPG
emart24,코아)캐치티니핑하루키즈포도100ml,1800,1 + 1,https://msave.emart24.co.kr/cmsbo/upload/nHq/plu_image/500x500/8809456260783.JPG
emart24,코아)캐치티니핑하루키즈소다100ml,1800,1 + 1,https://msave.emart24.co.kr/cmsbo/upload/nHq/plu_image/500x500/8809456260806.JPG
emart24,링티)제로복숭아펫500ml,2900,1 + 1,https://msave.emart24.co.kr/cmsbo/upload/nHq/plu_image/500x500/8809626920295.JPG
emart24,링티)레몬라이트제로펫500ml,3200,1 + 1,https://msave.emart24.co.kr/cmsbo/upload/nHq/plu_image/500x500/8809626921407.JPG
emart24,링티)리커버리기어샤인머스켓라임펫500ml,2900,1 + 1,https://msave.emart24.co.kr/cmsbo/upload/nHq/plu_image/500x500/8809799270500.JPG
emart24,링티)리커버리기어자몽오렌지펫500ml,2900,1 + 1,https://msave.emart24.co.kr/cmsbo/upload/nHq/plu_image/500x500/8809799270531.JPG
emart24,동원)양반유자제로펫500ml,2200,1 + 1,https://msave.emart24.co.kr/cmsbo/upload/nHq/plu_image/500x500/8809848280085.JPG
emart24,동원)양반누룽지펫500ml,2200,1 + 1,https://msave.emart24.co.kr/cmsbo/upload/nHq/plu_image/500x500/8809848280412.JPG
emart24,말차310)통딸기말차모찌70g(냉동),2900,1 + 1,https://msave.emart24.co.kr/cmsbo/upload/nHq/plu_image/500x500/8800244010559.JPG
emart24,자망요)자망요크림모찌60g(냉동),2900,1 + 1,https://msave.emart24.co.kr/cmsbo/upload/nHq/plu_image/500x500/8800244010689.JPG
emart24,CJ)맥스봉치즈50g,2200,1 + 1,https://msave.emart24.co.kr/cmsbo/upload/nHq/plu_image/500x500/8801007021652.JPG
emart24,CJ)동치미냉면육수300g,2500,1 + 1,https://msave.emart24.co.kr/cmsbo/upload/nHq/plu_image/500x500/8801007033686.JPG
emart24,CJ)백설햄숯불갈비후랑크120g,3700,1 + 1,https://msave.emart24.co.kr/cmsbo/upload/nHq/plu_image/500x500/8801007034980.JPG
emart24,CJ)전통냉면사리150g,2500,1 + 1,https://msave.emart24.co.kr/cmsbo/upload/nHq/plu_image/500x500/8801007071497.JPG
emart24,CJ)맥스봉청양고추후랑크80g,2700,1 + 1,https://msave.emart24.co.kr/cmsbo/upload/nHq/plu_image/500x500/8801007348308.JPG
emart24,CJ)맥스봉치즈70g,2600,1 + 1,https://msave.emart24.co.kr/cmsbo/upload/nHq/plu_image/500x500/8801007358499.JPG
emart24,CJ)맥스봉빅소시지150g,3900,1 + 1,https://msave.emart24.co.kr/cmsbo/upload/nHq/plu_image/500x500/8801007403793.JPG
emart24,CJ)맥스봉구운마늘후랑크80g,2700,1 + 1,https://msave.emart24.co.kr/cmsbo/upload/nHq/plu_image/500x500/8801007618807.JPG
emart24,CJ)맥스봉오리지널50g,2200,1 + 1,https://msave.emart24.co.kr/cmsbo/upload/nHq/plu_image/500x500/8801007849126.JPG
emart24,CJ)닭가슴살직화스테이크100g,4500,1 + 1,https://msave.emart24.co.kr/cmsbo/upload/nHq/plu_image/500x500/8801007880402.JPG
emart24,CJ)닭가슴살소시지핫바80g,2900,1 + 1,https://msave.emart24.co.kr/cmsbo/upload/nHq/plu_image/500x500/8801007899985.JPG
emart24,CJ)닭가슴살청양고추핫바80g,2900,1 + 1,https://msave.emart24.co.kr/cmsbo/upload/nHq/plu_image/500x500/8801007951805.JPG
emart24,CJ)닭가슴살샐러드톡톡96g,4500,1 + 1,https://msave.emart24.co.kr/cmsbo/upload/nHq/plu_image/500x500/8801007966878.JPG
emart24,오뚜기)오늘의만두300g,6400,1 + 1,https://msave.emart24.co.kr/cmsbo/upload/nHq/plu_image/500x500/8801045055046.JPG
emart24,오뚜기)순후추찐만두180g,4900,1 + 1,https://msave.emart24.co.kr/cmsbo/upload/nHq/plu_image/500x500/8801045196329.JPG
emart24,오뚜기)UNO페퍼로니피자180g,6500,1 + 1,https://msave.emart24.co.kr/cmsbo/upload/nHq/plu_image/500x500/8801045435169.JPG
emart24,오뚜기)UNO콤비네이션피자195g,6500,1 + 1,https://msave.emart24.co.kr/cmsbo/upload/nHq/plu_image/500x500/8801045751238.JPG
emart24,오뚜기)참깨찐만두180g,4900,1 + 1,https://msave.emart24.co.kr/cmsbo/upload/nHq/plu_image/500x500/8801045902340.JPG
emart24,동원)개성고기한입쏙만두168g,4900,1 + 1,https://msave.emart24.co.kr/cmsbo/upload/nHq/plu_image/500x500/8801047307808.JPG
emart24,동원)개성김치한입쏙만두168g,4900,1 + 1,https://msave.emart24.co.kr/cmsbo/upload/nHq/plu_image/500x500/8801047307907.JPG
emart24,동원)딤섬샤오롱바오168g,4900,1 + 1,https://msave.emart24.co.kr/cmsbo/upload/nHq/plu_image/500x500/8801047317302.JPG
emart24,동원)리얼관자크랩스오리지널72g,4900,1 + 1,https://msave.emart24.co.kr/cmsbo/upload/nHq/plu_image/500x500/8801047513599.JPG
emart24,동원)리얼관자크랩스버터72g,4900,1 + 1,https://msave.emart24.co.kr/cmsbo/upload/nHq/plu_image/500x500/8801047513605.JPG
emart24,동원)어단백프로틴바두부70g,3500,1 + 1,https://msave.emart24.co.kr/cmsbo/upload/nHq/plu_image/500x500/8801047521006.JPG
emart24,동원)어단백프로틴바닭가슴살70g,3500,1 + 1,https://msave.emart24.co.kr/cmsbo/upload/nHq/plu_image/500x500/8801047521013.JPG
emart24,동원)그릴리직화닭가슴살스테이크100g,4500,1 + 1,https://msave.emart24.co.kr/cmsbo/upload/nHq/plu_image/500x500/8801047569800.JPG
emart24,사조)스노우크랩킹140g,5500,1 + 1,https://msave.emart24.co.kr/cmsbo/upload/nHq/plu_image/500x500/8801066055438.JPG
emart24,사조)스노우크랩킹버터갈릭140g,5500,1 + 1,https://msave.emart24.co.kr/cmsbo/upload/nHq/plu_image/500x500/8801066055445.JPG
emart24,사조)구운마늘맛후랑크65g,2400,1 + 1,https://msave.emart24.co.kr/cmsbo/upload/nHq/plu_image/500x500/8801066065451.JPG
emart24,사조)구운고추맛후랑크65g,2400,1 + 1,https://msave.emart24.co.kr/cmsbo/upload/nHq/plu_image/500x500/8801066065468.JPG
emart24,사조)쫄깃탱탱어묵바70g,3300,1 + 1,https://msave.emart24.co.kr/cmsbo/upload/nHq/plu_image/500x500/8801066065901.JPG
emart24,사조)화끈매콤어묵바70g,3300,1 + 1,https://msave.emart24.co.kr/cmsbo/upload/nHq/plu_image/500x500/8801066065918.JPG
emart24,탕화쿵푸)마라직화구이65g,2400,1 + 1,https://msave.emart24.co.kr/cmsbo/upload/nHq/plu_image/500x500/8801074010269.JPG
emart24,진주햄)천하장사28g,1500,1 + 1,https://msave.emart24.co.kr/cmsbo/upload/nHq/plu_image/500x500/8801077285701.JPG
emart24,진주햄)천하장사콰트로치즈70g,2800,1 + 1,https://msave.emart24.co.kr/cmsbo/upload/nHq/plu_image/500x500/8801077384800.JPG
emart24,롯데)롯데햄프랑크90g,3200,1 + 1,https://msave.emart24.co.kr/cmsbo/upload/nHq/plu_image/500x500/8801123002177.JPG
emart24,롯데)롯데햄프랑크매콤90g,3200,1 + 1,https://msave.emart24.co.kr/cmsbo/upload/nHq/plu_image/500x500/8801123002672.JPG
emart24,롯데)에센뽀득프랑크70g,2600,1 + 1,https://msave.emart24.co.kr/cmsbo/upload/nHq/plu_image/500x500/8801123307630.JPG
emart24,롯데)의성마늘직꾸닭100g,3200,1 + 1,https://msave.emart24.co.kr/cmsbo/upload/nHq/plu_image/500x500/8801123410347.JPG
emart24,롯데)의성마늘직꾸닭매콤레드100g,3200,1 + 1,https://msave.emart24.co.kr/cmsbo/upload/nHq/plu_image/500x500/8801123410392.JPG
emart24,CJ)비비고군만두315g,7800,1 + 1,https://msave.emart24.co.kr/cmsbo/upload/nHq/plu_image/500x500/8801392011528.JPG
emart24,CJ)비비고왕교자315g,7800,1 + 1,https://msave.emart24.co.kr/cmsbo/upload/nHq/plu_image/500x500/8801392011887.JPG
emart24,CJ)비비고김치왕교자315g,7800,1 + 1,https://msave.emart24.co.kr/cmsbo/upload/nHq/plu_image/500x500/8801392011962.JPG
emart24,CJ)정지선새우하가우135g,7800,1 + 1,https://msave.emart24.co.kr/cmsbo/upload/nHq/plu_image/500x500/8801392022654.JPG
emart24,CJ)닭가슴살스테이크케이준100g,4500,1 + 1,https://msave.emart24.co.kr/cmsbo/upload/nHq/plu_image/500x500/8801392033223.JPG
emart24,CJ)비비고썰은김치800g,17500,1 + 1,https://msave.emart24.co.kr/cmsbo/upload/nHq/plu_image/500x500/8801392049736.JPG
emart24,CJ)맥스봉오리지널25g,1200,1 + 1,https://msave.emart24.co.kr/cmsbo/upload/nHq/plu_image/500x500/8801392059636.JPG
emart24,CJ)맥스봉오리지널70g,2600,1 + 1,https://msave.emart24.co.kr/cmsbo/upload/nHq/plu_image/500x500/8801392060632.JPG
emart24,CJ)비비고찰보리감자만두300g,7800,1 + 1,https://msave.emart24.co.kr/cmsbo/upload/nHq/plu_image/500x500/8801392085963.JPG
emart24,CJ)고메소바바순살치킨240g,9900,1 + 1,https://msave.emart24.co.kr/cmsbo/upload/nHq/plu_image/500x500/8801392087073.JPG
emart24,CJ)동그란스팸160g,5500,1 + 1,https://msave.emart24.co.kr/cmsbo/upload/nHq/plu_image/500x500/8801392088230.JPG
emart24,CJ)맥스봉고소한치즈후랑크65g,2400,1 + 1,https://msave.emart24.co.kr/cmsbo/upload/nHq/plu_image/500x500/8801392090516.JPG
emart24,CJ)맥스봉매콤불고기핫바65g,2400,1 + 1,https://msave.emart24.co.kr/cmsbo/upload/nHq/plu_image/500x500/8801392090530.JPG
emart24,CJ)진한풍미후랑크65g,2400,1 + 1,https://msave.emart24.co.kr/cmsbo/upload/nHq/plu_image/500x500/8801392109782.JPG
emart24,CJ)고메소바바양념치킨240g,9900,1 + 1,https://msave.emart24.co.kr/cmsbo/upload/nHq/plu_image/500x500/8801392112485.JPG
emart24,CJ)하루낫또2입,3900,1 + 1,https://msave.emart24.co.kr/cmsbo/upload/nHq/plu_image/500x500/8801392136122.JPG
emart24,CJ)비비고말차호떡210g,10900,1 + 1,https://msave.emart24.co.kr/cmsbo/upload/nHq/plu_image/500x500/8801392146114.JPG
emart24,CJ)정지선샤오롱바오141g,7800,1 + 1,https://msave.emart24.co.kr/cmsbo/upload/nHq/plu_image/500x500/8801392150012.JPG
emart24,CJ)소바바마쏘킥치킨240g,9900,1 + 1,https://msave.emart24.co.kr/cmsbo/upload/nHq/plu_image/500x500/8801392151118.JPG
emart24,CJ)비비고말차붕어빵240g,10900,1 + 1,https://msave.emart24.co.kr/cmsbo/upload/nHq/plu_image/500x500/8801392152443.JPG
emart24,CJ)소바바레드핫치킨240g,9900,1 + 1,https://msave.emart24.co.kr/cmsbo/upload/nHq/plu_image/500x500/8801392159084.JPG
emart24,CJ)닭가슴살만두168g,5900,1 + 1,https://msave.emart24.co.kr/cmsbo/upload/nHq/plu_image/500x500/8801392164910.JPG
emart24,CJ)닭가슴살김치만두168g,5900,1 + 1,https://msave.emart24.co.kr/cmsbo/upload/nHq/plu_image/500x500/8801392164934.JPG
emart24,하림)돌아온매콤후랑크70g,2500,1 + 1,https://msave.emart24.co.kr/cmsbo/upload/nHq/plu_image/500x500/8801492384386.JPG
emart24,하림)직화갈비맛핫바65g,2500,1 + 1,https://msave.emart24.co.kr/cmsbo/upload/nHq/plu_image/500x500/8801492392589.JPG
emart24,오뗄)그릴철판닭가슴살100g,4500,1 + 1,https://msave.emart24.co.kr/cmsbo/upload/nHq/plu_image/500x500/8802266200192.JPG
emart24,오뗄)직화닭가슴살바페퍼&트러플향,2900,1 + 1,https://msave.emart24.co.kr/cmsbo/upload/nHq/plu_image/500x500/8802266500735.JPG
emart24,오뗄)직화닭가슴살바후라이드치킨맛,2900,1 + 1,https://msave.emart24.co.kr/cmsbo/upload/nHq/plu_image/500x500/8802266500742.JPG
emart24,오뗄)불고기맛후랑크65g,2500,1 + 1,https://msave.emart24.co.kr/cmsbo/upload/nHq/plu_image/500x500/8802266500810.JPG
emart24,오뗄)마늘맛후랑크65g,2500,1 + 1,https://msave.emart24.co.kr/cmsbo/upload/nHq/plu_image/500x500/8802266500827.JPG
emart24,미야오캣)곤약젤리복숭아130g,2000,1 + 1,https://msave.emart24.co.kr/cmsbo/upload/nHq/plu_image/500x500/8809293682472.JPG
emart24,미야오캣)곤약젤리포도130g,2000,1 + 1,https://msave.emart24.co.kr/cmsbo/upload/nHq/plu_image/500x500/8809293682489.JPG
emart24,알엔디)몬트락그릴후랑크200g,6600,1 + 1,https://msave.emart24.co.kr/cmsbo/upload/nHq/plu_image/500x500/8809641771001.JPG
emart24,하림)맥시칸허니버터순살200g,9900,1 + 1,https://msave.emart24.co.kr/cmsbo/upload/nHq/plu_image/500x500/8809778497737.JPG
emart24,하림)맥시칸갈릭앙념순살200g,9900,1 + 1,https://msave.emart24.co.kr/cmsbo/upload/nHq/plu_image/500x500/8809778497799.JPG
emart24,하림)맥시칸크리스피순살250g,9900,1 + 1,https://msave.emart24.co.kr/cmsbo/upload/nHq/plu_image/500x500/8809778498314.JPG
emart24,하림)맥시칸핫크리스피순살250g,9900,1 + 1,https://msave.emart24.co.kr/cmsbo/upload/nHq/plu_image/500x500/8809778498321.JPG
emart24,하림)맥시칸양념치킨순살200g,9900,1 + 1,https://msave.emart24.co.kr/cmsbo/upload/nHq/plu_image/500x500/8809778499403.JPG
emart24,오븐)숯불통다리(판매용),4800,1 + 1,https://msave.emart24.co.kr/cmsbo/upload/nHq/plu_image/500x500/1500000159023.JPG
emart24,다우니퍼퓸)블랙미스티크향1L,16200,1 + 1,https://msave.emart24.co.kr/cmsbo/upload/nHq/plu_image/500x500/4902430507332.JPG
emart24,질레트)마하3클래식면도기,16000,1 + 1,https://msave.emart24.co.kr/cmsbo/upload/nHq/plu_image/500x500/4902430540872.JPG
emart24,페브리즈)포맨용기370ml,12000,1 + 1,https://msave.emart24.co.kr/cmsbo/upload/nHq/plu_image/500x500/4902430643191.JPG
emart24,페브리즈)다우니향용기370ml(New),12000,1 + 1,https://msave.emart24.co.kr/cmsbo/upload/nHq/plu_image/500x500/4902430741880.JPG
emart24,다우니)실내건조1L,16200,1 + 1,https://msave.emart24.co.kr/cmsbo/upload/nHq/plu_image/500x500/4902430850322.JPG
emart24,헤이와도)레몬슈가도넛쿠키70g,2800,1 + 1,https://msave.emart24.co.kr/cmsbo/upload/nHq/plu_image/500x500/4902477170537.JPG
emart24,헤이와도)미니초코칩스콘쿠키50g,2800,1 + 1,https://msave.emart24.co.kr/cmsbo/upload/nHq/plu_image/500x500/4902477170575.JPG
emart24,헤이와도)구운우유도넛쿠키58g,2800,1 + 1,https://msave.emart24.co.kr/cmsbo/upload/nHq/plu_image/500x500/4902477170582.JPG
emart24,헤이와도)구운고구마도넛쿠키45g,2800,1 + 1,https://msave.emart24.co.kr/cmsbo/upload/nHq/plu_image/500x500/4902477170599.JPG
emart24,헤이와도)메론빵쿠키43g,2800,1 + 1,https://msave.emart24.co.kr/cmsbo/upload/nHq/plu_image/500x500/4902477170605.JPG
emart24,헤이와도)초코브라우니쿠키40g,2800,1 + 1,https://msave.emart24.co.kr/cmsbo/upload/nHq/plu_image/500x500/4902477800205.JPG
emart24,페브리즈)미스티크향용기370ml,12000,1 + 1,https://msave.emart24.co.kr/cmsbo/upload/nHq/plu_image/500x500/4987176228109.JPG
emart24,옐로우)맛있는군밤80g(S),3500,1 + 1,https://msave.emart24.co.kr/cmsbo/upload/nHq/plu_image/500x500/6930343451235.JPG
emart24,아임이)맛있는군밤80g(S)new,3500,1 + 1,https://msave.emart24.co.kr/cmsbo/upload/nHq/plu_image/500x500/6930343479819.JPG
emart24,호올스)제로슈가민트수박향15.4g,2000,1 + 1,https://msave.emart24.co.kr/cmsbo/upload/nHq/plu_image/500x500/7622202342103.JPG
emart24,호올스)제로슈가민트민트향15.4g,2000,1 + 1,https://msave.emart24.co.kr/cmsbo/upload/nHq/plu_image/500x500/7622202342134.JPG
emart24,후버)사과주스200ml(S),1400,1 + 1,https://msave.emart24.co.kr/cmsbo/upload/nHq/plu_image/500x500/8410707007479.JPG
emart24,후버)파인애플&사과&포도주스200ml(S),1400,1 + 1,https://msave.emart24.co.kr/cmsbo/upload/nHq/plu_image/500x500/8410707007486.JPG
emart24,후버)오렌지주스200ml(S),1400,1 + 1,https://msave.emart24.co.kr/cmsbo/upload/nHq/plu_image/500x500/8410707007493.JPG
emart24,후버)복숭아&포도주스200ml(S),1400,1 + 1,https://msave.emart24.co.kr/cmsbo/upload/nHq/plu_image/500x500/8410707007509.JPG
emart24,하이네켄)넌알콜330ml,3500,1 + 1,https://msave.emart24.co.kr/cmsbo/upload/nHq/plu_image/500x500/8712000055721.JPG
emart24,하이네켄)넌알콜500ml,4500,1 + 1,https://msave.emart24.co.kr/cmsbo/upload/nHq/plu_image/500x500/8712000056896.JPG
emart24,에스엠)소보로도넛골드치즈40g,1800,1 + 1,https://msave.emart24.co.kr/cmsbo/upload/nHq/plu_image/500x500/8800263690237.JPG
emart24,에스엠)소보로도넛코코넛40g,1800,1 + 1,https://msave.emart24.co.kr/cmsbo/upload/nHq/plu_image/500x500/8800263690268.JPG
emart24,에스엠)소보로도넛블루베리40g,1800,1 + 1,https://msave.emart24.co.kr/cmsbo/upload/nHq/plu_image/500x500/8800263690275.JPG
emart24,알디콤)숙취해소제V,4800,1 + 1,https://msave.emart24.co.kr/cmsbo/upload/nHq/plu_image/500x500/8800309770046.JPG
emart24,크레이지)핫라밥,3500,1 + 1,https://msave.emart24.co.kr/cmsbo/upload/nHq/plu_image/500x500/8800342850026.JPG
emart24,크레이지)핫까르보라밥,3500,1 + 1,https://msave.emart24.co.kr/cmsbo/upload/nHq/plu_image/500x500/8800342850033.JPG
emart24,CJ)국산콩두부찌개용380G,5900,1 + 1,https://msave.emart24.co.kr/cmsbo/upload/nHq/plu_image/500x500/8801007009322.JPG
emart24,CJ)햇반발아현미밥210g(36),2900,1 + 1,https://msave.emart24.co.kr/cmsbo/upload/nHq/plu_image/500x500/8801007010410.JPG
emart24,CJ)국산콩두부부침용380G,5900,1 + 1,https://msave.emart24.co.kr/cmsbo/upload/nHq/plu_image/500x500/8801007034287.JPG
emart24,CJ)햇반흑미밥210g(36),2900,1 + 1,https://msave.emart24.co.kr/cmsbo/upload/nHq/plu_image/500x500/8801007038780.JPG
emart24,CJ)행복한콩찌개두부300g,1800,1 + 1,https://msave.emart24.co.kr/cmsbo/upload/nHq/plu_image/500x500/8801007112480.JPG
emart24,CJ)행복한콩부침두부300g,1800,1 + 1,https://msave.emart24.co.kr/cmsbo/upload/nHq/plu_image/500x500/8801007112497.JPG
emart24,CJ)스팸싱글클래식80g,3900,1 + 1,https://msave.emart24.co.kr/cmsbo/upload/nHq/plu_image/500x500/8801007117515.JPG
emart24,CJ)행복한콩순두부350G,1800,1 + 1,https://msave.emart24.co.kr/cmsbo/upload/nHq/plu_image/500x500/8801007121680.JPG
emart24,CJ) 행복한콩찌개두부380G,2900,1 + 1,https://msave.emart24.co.kr/cmsbo/upload/nHq/plu_image/500x500/8801007354125.JPG
emart24,CJ) 행복한콩부침두부380G,2900,1 + 1,https://msave.emart24.co.kr/cmsbo/upload/nHq/plu_image/500x500/8801007354163.JPG
emart24,CJ)비비고사골곰탕500g,2900,1 + 1,https://msave.emart24.co.kr/cmsbo/upload/nHq/plu_image/500x500/8801007526492.JPG
emart24,CJ)안심아삭콩나물380g,3900,1 + 1,https://msave.emart24.co.kr/cmsbo/upload/nHq/plu_image/500x500/8801007565309.JPG
emart24,CJ)비비고직화참기름김12봉,10800,1 + 1,https://msave.emart24.co.kr/cmsbo/upload/nHq/plu_image/500x500/8801007625058.JPG
emart24,CJ)비비고직화들기름김12봉,10800,1 + 1,https://msave.emart24.co.kr/cmsbo/upload/nHq/plu_image/500x500/8801007683522.JPG
emart24,CJ)행복한콩국산콩연두부140g,2400,1 + 1,https://msave.emart24.co.kr/cmsbo/upload/nHq/plu_image/500x500/8801007711140.JPG
emart24,CJ)비비고갈비탕400G,11900,1 + 1,https://msave.emart24.co.kr/cmsbo/upload/nHq/plu_image/500x500/8801007712079.JPG
emart24,CJ)비비고차돌된장찌개460G,9900,1 + 1,https://msave.emart24.co.kr/cmsbo/upload/nHq/plu_image/500x500/8801007737089.JPG
emart24,CJ)오리지널김스낵40g,4900,1 + 1,https://msave.emart24.co.kr/cmsbo/upload/nHq/plu_image/500x500/8801007761503.JPG
emart24,CJ)비비고돼지고기김치찌개460G,9900,1 + 1,https://msave.emart24.co.kr/cmsbo/upload/nHq/plu_image/500x500/8801007761749.JPG
emart24,CJ)비비고한우사골곰탕500g,3200,1 + 1,https://msave.emart24.co.kr/cmsbo/upload/nHq/plu_image/500x500/8801007849805.JPG
emart24,CJ)맛밤60g*4입,14500,1 + 1,https://msave.emart24.co.kr/cmsbo/upload/nHq/plu_image/500x500/8801007908861.JPG
emart24,큐원)상쾌환스틱ZERO(청사과맛)3입,11500,1 + 1,https://msave.emart24.co.kr/cmsbo/upload/nHq/plu_image/500x500/8801013777024.JPG
emart24,큐원)상쾌환스틱ZERO(복숭아맛)3입,11500,1 + 1,https://msave.emart24.co.kr/cmsbo/upload/nHq/plu_image/500x500/8801013777499.JPG
emart24,오비)버드와이저제로캔500ml,4500,1 + 1,https://msave.emart24.co.kr/cmsbo/upload/nHq/plu_image/500x500/8801021229423.JPG
emart24,롯데)클라우드논알콜릭캔500ml,2800,1 + 1,https://msave.emart24.co.kr/cmsbo/upload/nHq/plu_image/500x500/8801022025048.JPG
emart24,롯데)클라우드논알콜릭캔350ml,1500,1 + 1,https://msave.emart24.co.kr/cmsbo/upload/nHq/plu_image/500x500/8801022025086.JPG
emart24,정식품)베지밀고단백두유초코팩190ml,1600,1 + 1,https://msave.emart24.co.kr/cmsbo/upload/nHq/plu_image/500x500/8801033808913.JPG
emart24,정식품)베지밀고단백두유플레인팩190ml,1600,1 + 1,https://msave.emart24.co.kr/cmsbo/upload/nHq/plu_image/500x500/8801033811357.JPG
emart24,정식품)베지밀바나나땅콩버터쉐이크240ml,2300,1 + 1,https://msave.emart24.co.kr/cmsbo/upload/nHq/plu_image/500x500/8801033812934.JPG
emart24,동서)티오피심플리스무스라떼240ml,2300,1 + 1,https://msave.emart24.co.kr/cmsbo/upload/nHq/plu_image/500x500/8801037092240.JPG
emart24,동서)티오피심플리스무스블랙240ml,2300,1 + 1,https://msave.emart24.co.kr/cmsbo/upload/nHq/plu_image/500x500/8801037092264.JPG
emart24,동서)포스트콘푸라이트컵시리얼,2200,1 + 1,https://msave.emart24.co.kr/cmsbo/upload/nHq/plu_image/500x500/8801037096552.JPG
emart24,동서)포스트오곡코코볼컵시리얼,2200,1 + 1,https://msave.emart24.co.kr/cmsbo/upload/nHq/plu_image/500x500/8801037096569.JPG
emart24,동서)포스트오레오오즈컵시리얼,2200,1 + 1,https://msave.emart24.co.kr/cmsbo/upload/nHq/plu_image/500x500/8801037096576.JPG
emart24,도루코)PACE6휴대용3입,8600,1 + 1,https://msave.emart24.co.kr/cmsbo/upload/nHq/plu_image/500x500/8801038116204.JPG
emart24,도루코)PACE4면도기1P(1입),2500,1 + 1,https://msave.emart24.co.kr/cmsbo/upload/nHq/plu_image/500x500/8801038116228.JPG
emart24,농심)멘토스필링베리굿,900,1 + 1,https://msave.emart24.co.kr/cmsbo/upload/nHq/plu_image/500x500/8801043039949.JPG
emart24,츄파춥스)인크레더블츄딸기맛45g,1200,1 + 1,https://msave.emart24.co.kr/cmsbo/upload/nHq/plu_image/500x500/8801043045551.JPG
emart24,츄파춥스)인크레더블츄사과맛45g,1200,1 + 1,https://msave.emart24.co.kr/cmsbo/upload/nHq/plu_image/500x500/8801043045803.JPG
emart24,오뚜기)청주식돼지김치짜글이450G,8500,1 + 1,https://msave.emart24.co.kr/cmsbo/upload/nHq/plu_image/500x500/8801045030098.JPG
emart24,오뚜기)옛날사골곰탕500g,3000,1 + 1,https://msave.emart24.co.kr/cmsbo/upload/nHq/plu_image/500x500/8801045290102.JPG
emart24,오뚜기)종로식도가니탕500G,10900,1 + 1,https://msave.emart24.co.kr/cmsbo/upload/nHq/plu_image/500x500/8801045290829.JPG
emart24,오뚜기)전복죽285g,4500,1 + 1,https://msave.emart24.co.kr/cmsbo/upload/nHq/plu_image/500x500/8801045303000.JPG
emart24,오뚜기)계란야채죽285g,4500,1 + 1,https://msave.emart24.co.kr/cmsbo/upload/nHq/plu_image/500x500/8801045303055.JPG
emart24,오뚜기)프레스코양송이크림스프180g,3800,1 + 1,https://msave.emart24.co.kr/cmsbo/upload/nHq/plu_image/500x500/8801045415888.JPG
emart24,오뚜기)마포식차돌된장찌개500G,8500,1 + 1,https://msave.emart24.co.kr/cmsbo/upload/nHq/plu_image/500x500/8801045634630.JPG
emart24,오뚜기)컵밥숙성돼지고기김치찌개밥,5400,1 + 1,https://msave.emart24.co.kr/cmsbo/upload/nHq/plu_image/500x500/8801045709192.JPG
emart24,오뚜기)컵밥참기름김치볶음밥259g,5400,1 + 1,https://msave.emart24.co.kr/cmsbo/upload/nHq/plu_image/500x500/8801045875538.JPG
emart24,오뚜기)컵밥김치참치덮밥,5400,1 + 1,https://msave.emart24.co.kr/cmsbo/upload/nHq/plu_image/500x500/8801045892207.JPG
emart24,오뚜기)컵밥김치알밥,5400,1 + 1,https://msave.emart24.co.kr/cmsbo/upload/nHq/plu_image/500x500/8801045892344.JPG
emart24,오뚜기)컵밥얼큰순후추돼지국밥,4800,1 + 1,https://msave.emart24.co.kr/cmsbo/upload/nHq/plu_image/500x500/8801045897585.JPG
emart24,트리오)녹차1.2L리필(F),5400,1 + 1,https://msave.emart24.co.kr/cmsbo/upload/nHq/plu_image/500x500/8801046355039.JPG
emart24,스파크)카톤1kg(N),6400,1 + 1,https://msave.emart24.co.kr/cmsbo/upload/nHq/plu_image/500x500/8801046391693.JPG
emart24,동원)양반쇠고기죽287.5g,4500,1 + 1,https://msave.emart24.co.kr/cmsbo/upload/nHq/plu_image/500x500/8801047161608.JPG
emart24,동원)양반야채죽285g,4500,1 + 1,https://msave.emart24.co.kr/cmsbo/upload/nHq/plu_image/500x500/8801047161646.JPG
emart24,동원)동원참치액진500g,8900,1 + 1,https://msave.emart24.co.kr/cmsbo/upload/nHq/plu_image/500x500/8801047216414.JPG
emart24,동원)매콤달콤떡볶이160g,3900,1 + 1,https://msave.emart24.co.kr/cmsbo/upload/nHq/plu_image/500x500/8801047416906.JPG
emart24,동원)고소한치즈컵떡볶이160g,3900,1 + 1,https://msave.emart24.co.kr/cmsbo/upload/nHq/plu_image/500x500/8801047416913.JPG
emart24,동원)더매운컵떡볶이160g,3900,1 + 1,https://msave.emart24.co.kr/cmsbo/upload/nHq/plu_image/500x500/8801047416920.JPG
emart24,동원)양반볶음김치160g,3400,1 + 1,https://msave.emart24.co.kr/cmsbo/upload/nHq/plu_image/500x500/8801047583554.JPG
emart24,동원)양반썰은김치160g,3400,1 + 1,https://msave.emart24.co.kr/cmsbo/upload/nHq/plu_image/500x500/8801047583585.JPG
emart24,동원)뉴트리스틱참치56g*4입,3000,1 + 1,https://msave.emart24.co.kr/cmsbo/upload/nHq/plu_image/500x500/8801047648000.JPG
emart24,동원)뉴트리스틱참치&닭가슴살56g*4입,3000,1 + 1,https://msave.emart24.co.kr/cmsbo/upload/nHq/plu_image/500x500/8801047648024.JPG
emart24,동원)뉴트리스틱참치&연어56g*4입,3000,1 + 1,https://msave.emart24.co.kr/cmsbo/upload/nHq/plu_image/500x500/8801047648048.JPG
emart24,엘라스틴)간편염색(자연갈색),10900,1 + 1,https://msave.emart24.co.kr/cmsbo/upload/nHq/plu_image/500x500/8801051017366.JPG
emart24,엘라스틴)간편염색(흑갈색),10900,1 + 1,https://msave.emart24.co.kr/cmsbo/upload/nHq/plu_image/500x500/8801051017380.JPG
emart24,테크)베이킹소다액체세제1.4L(겸용),12900,1 + 1,https://msave.emart24.co.kr/cmsbo/upload/nHq/plu_image/500x500/8801051020014.JPG
emart24,온)더내추럴클렌징폼레몬200G(F),8900,1 + 1,https://msave.emart24.co.kr/cmsbo/upload/nHq/plu_image/500x500/8801051025453.JPG
emart24,온)더내추럴클렌징폼아보카도200G(F),8900,1 + 1,https://msave.emart24.co.kr/cmsbo/upload/nHq/plu_image/500x500/8801051025477.JPG
emart24,퐁퐁)주방세제오렌지(1.2L),5300,1 + 1,https://msave.emart24.co.kr/cmsbo/upload/nHq/plu_image/500x500/8801051039429.JPG
emart24,비누)온더바디촉촉,3000,1 + 1,https://msave.emart24.co.kr/cmsbo/upload/nHq/plu_image/500x500/8801051103632.JPG
emart24,테크)간편시트20매_로맨틱플라워,10900,1 + 1,https://msave.emart24.co.kr/cmsbo/upload/nHq/plu_image/500x500/8801051202793.JPG
emart24,테크)일반리필2.0kg,13900,1 + 1,https://msave.emart24.co.kr/cmsbo/upload/nHq/plu_image/500x500/8801051215472.JPG
emart24,테크)실내건조1.4L(겸용),12900,1 + 1,https://msave.emart24.co.kr/cmsbo/upload/nHq/plu_image/500x500/8801051219333.JPG
emart24,뉴퐁퐁)주방세제400g,3700,1 + 1,https://msave.emart24.co.kr/cmsbo/upload/nHq/plu_image/500x500/8801051231038.JPG
emart24,홈스타)뿌리는곰팡이싹900ml,9900,1 + 1,https://msave.emart24.co.kr/cmsbo/upload/nHq/plu_image/500x500/8801051265309.JPG
emart24,홈스타)욕실용세정제900ml,9900,1 + 1,https://msave.emart24.co.kr/cmsbo/upload/nHq/plu_image/500x500/8801051265804.JPG
emart24,샤프란)핑크리필2100ml,7500,1 + 1,https://msave.emart24.co.kr/cmsbo/upload/nHq/plu_image/500x500/8801051275162.JPG
emart24,샤프란)아로마리필2100ml(F),7500,1 + 1,https://msave.emart24.co.kr/cmsbo/upload/nHq/plu_image/500x500/8801051275179.JPG
emart24,남양)프로바이오틱사과130ml,1200,1 + 1,https://msave.emart24.co.kr/cmsbo/upload/nHq/plu_image/500x500/8801069183565.JPG
emart24,남양)맛있는두유담백한맛190ml,1500,1 + 1,https://msave.emart24.co.kr/cmsbo/upload/nHq/plu_image/500x500/8801069421445.JPG
emart24,남양)맛있는두유검은콩깨190ml,1500,1 + 1,https://msave.emart24.co.kr/cmsbo/upload/nHq/plu_image/500x500/8801069421476.JPG
emart24,삼양)맵탱김치비빔면봉지,1400,1 + 1,https://msave.emart24.co.kr/cmsbo/upload/nHq/plu_image/500x500/8801073116856.JPG
emart24,삼양)맵탱김치비빔면봉지*4입,5600,1 + 1,https://msave.emart24.co.kr/cmsbo/upload/nHq/plu_image/500x500/8801073144873.JPG
emart24,삼양)맵탱마늘조개라면큰컵,1800,1 + 1,https://msave.emart24.co.kr/cmsbo/upload/nHq/plu_image/500x500/8801073216198.JPG
emart24,삼양)맵탱청양고추대파라면큰컵,1800,1 + 1,https://msave.emart24.co.kr/cmsbo/upload/nHq/plu_image/500x500/8801073216204.JPG
emart24,삼양)맹구짱구85g(12),1700,1 + 1,https://msave.emart24.co.kr/cmsbo/upload/nHq/plu_image/500x500/8801073313064.JPG
emart24,액츠)데오후레쉬플러스1.4L(겸용),14900,1 + 1,https://msave.emart24.co.kr/cmsbo/upload/nHq/plu_image/500x500/8801101161537.JPG
emart24,피죤)섬유유연제1600ml_핑크,7900,1 + 1,https://msave.emart24.co.kr/cmsbo/upload/nHq/plu_image/500x500/8801101883804.JPG
emart24,피죤)섬유유연제1600ml_블루,7900,1 + 1,https://msave.emart24.co.kr/cmsbo/upload/nHq/plu_image/500x500/8801101883828.JPG
emart24,피죤)스프레이시그니처80ml_플라워페스티벌,4200,1 + 1,https://msave.emart24.co.kr/cmsbo/upload/nHq/plu_image/500x500/8801101883989.JPG
emart24,피죤)스프레이시그니처80ml_미스틱레인,4200,1 + 1,https://msave.emart24.co.kr/cmsbo/upload/nHq/plu_image/500x500/8801101883996.JPG
emart24,피죤)스프레이시그니처80ml_아이스플라워,4200,1 + 1,https://msave.emart24.co.kr/cmsbo/upload/nHq/plu_image/500x500/8801101884009.JPG
emart24,액츠)세탁실내건조리필(1.5L),18500,1 + 1,https://msave.emart24.co.kr/cmsbo/upload/nHq/plu_image/500x500/8801101888595.JPG
emart24,피죤)섬유건조기미스틱레인25매,8900,1 + 1,https://msave.emart24.co.kr/cmsbo/upload/nHq/plu_image/500x500/8801101888694.JPG
emart24,피죤)주방뽀드득리필레몬향1200ml,7900,1 + 1,https://msave.emart24.co.kr/cmsbo/upload/nHq/plu_image/500x500/8801101889028.JPG
emart24,피죤)세탁액츠딥클린겸용1.4L,14900,1 + 1,https://msave.emart24.co.kr/cmsbo/upload/nHq/plu_image/500x500/8801101889363.JPG
emart24,피죤)초고농축미스틱레인(1.3L),13900,1 + 1,https://msave.emart24.co.kr/cmsbo/upload/nHq/plu_image/500x500/8801101890994.JPG
emart24,피죤)초고농축자몽프레시(1.3L),13900,1 + 1,https://msave.emart24.co.kr/cmsbo/upload/nHq/plu_image/500x500/8801101891380.JPG
emart24,빙그레)초코타임200ml,1200,1 + 1,https://msave.emart24.co.kr/cmsbo/upload/nHq/plu_image/500x500/8801104220125.JPG
emart24,빙그레)딸기타임200ml,1200,1 + 1,https://msave.emart24.co.kr/cmsbo/upload/nHq/plu_image/500x500/8801104220200.JPG
emart24,빙그레)오늘의커피카페라떼250ml,2700,1 + 1,https://msave.emart24.co.kr/cmsbo/upload/nHq/plu_image/500x500/8801104666152.JPG
emart24,빙그레)오늘의커피바닐라라떼250ml,2700,1 + 1,https://msave.emart24.co.kr/cmsbo/upload/nHq/plu_image/500x500/8801104666176.JPG
emart24,빙그레)오늘의커피연유라떼250ml,2700,1 + 1,https://msave.emart24.co.kr/cmsbo/upload/nHq/plu_image/500x500/8801104949187.JPG
emart24,풀무원)국산콩부침두부210g,4000,1 + 1,https://msave.emart24.co.kr/cmsbo/upload/nHq/plu_image/500x500/8801114111154.JPG
emart24,풀무원)국산콩찌개두부210g,4000,1 + 1,https://msave.emart24.co.kr/cmsbo/upload/nHq/plu_image/500x500/8801114111161.JPG
emart24,풀무원)리얼해초미역면150g,4800,1 + 1,https://msave.emart24.co.kr/cmsbo/upload/nHq/plu_image/500x500/8801114157640.JPG
emart24,풀무원)고농도진한두부300g,3800,1 + 1,https://msave.emart24.co.kr/cmsbo/upload/nHq/plu_image/500x500/8801114183427.JPG
emart24,서울)커피타운화이트바닐라250ml,2600,1 + 1,https://msave.emart24.co.kr/cmsbo/upload/nHq/plu_image/500x500/8801115140016.JPG
emart24,서울)커피타운딥브라운모카250ml,2600,1 + 1,https://msave.emart24.co.kr/cmsbo/upload/nHq/plu_image/500x500/8801115140023.JPG
emart24,서울)커피타운헤이즐넛250ml,2600,1 + 1,https://msave.emart24.co.kr/cmsbo/upload/nHq/plu_image/500x500/8801115140054.JPG
emart24,서울)킹말차에스프레소200ml,2900,1 + 1,https://msave.emart24.co.kr/cmsbo/upload/nHq/plu_image/500x500/8801115140207.JPG
emart24,서울)킹말차스트로베리200ml,2900,1 + 1,https://msave.emart24.co.kr/cmsbo/upload/nHq/plu_image/500x500/8801115140214.JPG
emart24,서울)마이픽딸기초코링120g,2200,1 + 1,https://msave.emart24.co.kr/cmsbo/upload/nHq/plu_image/500x500/8801115215851.JPG
emart24,서울)마이픽플레인쿠키링131g,2200,1 + 1,https://msave.emart24.co.kr/cmsbo/upload/nHq/plu_image/500x500/8801115224143.JPG
emart24,매일)매일두유렌틸콩190ml,1800,1 + 1,https://msave.emart24.co.kr/cmsbo/upload/nHq/plu_image/500x500/8801121022375.JPG
emart24,매일)매일두유고단백190ml,1800,1 + 1,https://msave.emart24.co.kr/cmsbo/upload/nHq/plu_image/500x500/8801121032145.JPG
emart24,매일)바이오그릭파우치허니120g,3400,1 + 1,https://msave.emart24.co.kr/cmsbo/upload/nHq/plu_image/500x500/8801121045800.JPG
emart24,매일)바이오그릭파우치플레인120g,3400,1 + 1,https://msave.emart24.co.kr/cmsbo/upload/nHq/plu_image/500x500/8801121046081.JPG
emart24,매일)바이오그릭요거트플레인150g,3400,1 + 1,https://msave.emart24.co.kr/cmsbo/upload/nHq/plu_image/500x500/8801121046739.JPG
emart24,매일)바이오그릭드링크플레인190ml,2900,1 + 1,https://msave.emart24.co.kr/cmsbo/upload/nHq/plu_image/500x500/8801121048887.JPG
emart24,매일)바이오그릭드링크바나나190ml,2900,1 + 1,https://msave.emart24.co.kr/cmsbo/upload/nHq/plu_image/500x500/8801121048900.JPG
emart24,매일)허쉬초콜릿드링크밀크300ml,2300,1 + 1,https://msave.emart24.co.kr/cmsbo/upload/nHq/plu_image/500x500/8801121051320.JPG
emart24,매일)허쉬초콜릿드링크너티300ml,2300,1 + 1,https://msave.emart24.co.kr/cmsbo/upload/nHq/plu_image/500x500/8801121051344.JPG
emart24,동원)덴마크미숫미숫우유300ml,2100,1 + 1,https://msave.emart24.co.kr/cmsbo/upload/nHq/plu_image/500x500/8801155000516.JPG
emart24,덴마크)하이요구르트소다280ml,1700,1 + 1,https://msave.emart24.co.kr/cmsbo/upload/nHq/plu_image/500x500/8801155000523.JPG
emart24,동원)쿨피스생복숭아300ml,1600,1 + 1,https://msave.emart24.co.kr/cmsbo/upload/nHq/plu_image/500x500/8801155000530.JPG
emart24,동원)쿨피스생바나나300ml,1600,1 + 1,https://msave.emart24.co.kr/cmsbo/upload/nHq/plu_image/500x500/8801155000547.JPG
emart24,덴마크)드링킹요구르트액티브딸기210ml,2300,1 + 1,https://msave.emart24.co.kr/cmsbo/upload/nHq/plu_image/500x500/8801155000615.JPG
emart24,덴마크)드링킹요구르트액티브베리믹스210ml,2300,1 + 1,https://msave.emart24.co.kr/cmsbo/upload/nHq/plu_image/500x500/8801155000622.JPG
emart24,동원)덴마크초코초코우유300ml,2100,1 + 1,https://msave.emart24.co.kr/cmsbo/upload/nHq/plu_image/500x500/8801155731625.JPG
emart24,동원)덴마크딸기딸기우유300ml,2100,1 + 1,https://msave.emart24.co.kr/cmsbo/upload/nHq/plu_image/500x500/8801155731632.JPG
emart24,동원)덴마크바나바나우유300ml,2100,1 + 1,https://msave.emart24.co.kr/cmsbo/upload/nHq/plu_image/500x500/8801155731830.JPG
emart24,동원)덴마크커피커피우유300ml,2100,1 + 1,https://msave.emart24.co.kr/cmsbo/upload/nHq/plu_image/500x500/8801155731847.JPG
emart24,덴마크)테이크얼라이브망고팩200ml,1500,1 + 1,https://msave.emart24.co.kr/cmsbo/upload/nHq/plu_image/500x500/8801155735647.JPG
emart24,소와나무)쿨피스에이드복숭아300ml,2000,1 + 1,https://msave.emart24.co.kr/cmsbo/upload/nHq/plu_image/500x500/8801155743758.JPG
emart24,소와나무)쿨피스에이드자두300ml,2000,1 + 1,https://msave.emart24.co.kr/cmsbo/upload/nHq/plu_image/500x500/8801155743765.JPG
emart24,덴마크)테이크얼라이브스위트자몽팩200ml,1500,1 + 1,https://msave.emart24.co.kr/cmsbo/upload/nHq/plu_image/500x500/8801155744762.JPG
emart24,동원)소화가잘되는우유로만든카페라떼250mL,2800,1 + 1,https://msave.emart24.co.kr/cmsbo/upload/nHq/plu_image/500x500/8801155744991.JPG
emart24,동원)소화가잘되는우유로만든바닐라라떼250mL,2800,1 + 1,https://msave.emart24.co.kr/cmsbo/upload/nHq/plu_image/500x500/8801155745004.JPG
emart24,동원)소잘우유시그니처라떼펫350ml,3400,1 + 1,https://msave.emart24.co.kr/cmsbo/upload/nHq/plu_image/500x500/8801155745660.JPG
emart24,동원)소잘우유바닐라빈라떼펫350ml,3400,1 + 1,https://msave.emart24.co.kr/cmsbo/upload/nHq/plu_image/500x500/8801155745677.JPG
emart24,동원)소화가잘되는카라멜라떼250ml,2800,1 + 1,https://msave.emart24.co.kr/cmsbo/upload/nHq/plu_image/500x500/8801155745929.JPG
emart24,크리넥스)칼로리라이트키친타월55매*3롤,13000,1 + 1,https://msave.emart24.co.kr/cmsbo/upload/nHq/plu_image/500x500/8801166032421.JPG
emart24,크리넥스)마이비데클린케어10매,1600,1 + 1,https://msave.emart24.co.kr/cmsbo/upload/nHq/plu_image/500x500/8801166055123.JPG
emart24,좋은느낌)오리지널울날18입(소),9900,1 + 1,https://msave.emart24.co.kr/cmsbo/upload/nHq/plu_image/500x500/8801166090643.JPG
emart24,좋은느낌)유기농무표백4입(대),3900,1 + 1,https://msave.emart24.co.kr/cmsbo/upload/nHq/plu_image/500x500/8801166091244.JPG
emart24,좋은느낌)유기농탐폰레귤러8입,10900,1 + 1,https://msave.emart24.co.kr/cmsbo/upload/nHq/plu_image/500x500/8801166092173.JPG
emart24,좋은느낌)유기농탐폰슈퍼8입,10900,1 + 1,https://msave.emart24.co.kr/cmsbo/upload/nHq/plu_image/500x500/8801166092180.JPG
emart24,좋은느낌)유기농무표백4입(중),3900,1 + 1,https://msave.emart24.co.kr/cmsbo/upload/nHq/plu_image/500x500/8801166092401.JPG
emart24,좋은느낌)수퍼소프트울날4입(중),3000,1 + 1,https://msave.emart24.co.kr/cmsbo/upload/nHq/plu_image/500x500/8801166093477.JPG
emart24,좋은느낌)오리지널울날4P(대),2800,1 + 1,https://msave.emart24.co.kr/cmsbo/upload/nHq/plu_image/500x500/8801166094054.JPG
emart24,좋은느낌)센서티브스킨18입(중),10200,1 + 1,https://msave.emart24.co.kr/cmsbo/upload/nHq/plu_image/500x500/8801166094214.JPG
emart24,좋은느낌)센서티브스킨16입(대),10200,1 + 1,https://msave.emart24.co.kr/cmsbo/upload/nHq/plu_image/500x500/8801166094221.JPG
emart24,좋은느낌)유기농순면울날18입(소),12200,1 + 1,https://msave.emart24.co.kr/cmsbo/upload/nHq/plu_image/500x500/8801166098267.JPG
emart24,좋은느낌)유기농순면울날18입(중),13400,1 + 1,https://msave.emart24.co.kr/cmsbo/upload/nHq/plu_image/500x500/8801166098281.JPG
emart24,화이트)라이너코튼쿠션20입(롱),4300,1 + 1,https://msave.emart24.co.kr/cmsbo/upload/nHq/plu_image/500x500/8801166222426.JPG
emart24,좋은느낌)라이너오가닉18입(롱),4900,1 + 1,https://msave.emart24.co.kr/cmsbo/upload/nHq/plu_image/500x500/8801166222587.JPG
emart24,좋은느낌)입는오버나이트4P(중),10500,1 + 1,https://msave.emart24.co.kr/cmsbo/upload/nHq/plu_image/500x500/8801166230469.JPG
emart24,좋은느낌)입는오버나이트4P(대),10500,1 + 1,https://msave.emart24.co.kr/cmsbo/upload/nHq/plu_image/500x500/8801166230476.JPG
emart24,좋은느낌)순면프레쉬16입(대),10400,1 + 1,https://msave.emart24.co.kr/cmsbo/upload/nHq/plu_image/500x500/8801166231367.JPG
emart24,좋은느낌)라이너순면프레쉬18입(롱),4500,1 + 1,https://msave.emart24.co.kr/cmsbo/upload/nHq/plu_image/500x500/8801166233408.JPG
emart24,좋은느낌)오리지널울날18P(중),9900,1 + 1,https://msave.emart24.co.kr/cmsbo/upload/nHq/plu_image/500x500/8801166234023.JPG
emart24,좋은느낌)순면프레쉬10입(수퍼롱),10400,1 + 1,https://msave.emart24.co.kr/cmsbo/upload/nHq/plu_image/500x500/8801166234122.JPG
emart24,좋은느낌)순면프레쉬18입(중),10400,1 + 1,https://msave.emart24.co.kr/cmsbo/upload/nHq/plu_image/500x500/8801166234153.JPG
emart24,좋은느낌)오리지널울날16P(대),9900,1 + 1,https://msave.emart24.co.kr/cmsbo/upload/nHq/plu_image/500x500/8801166234214.JPG
emart24,좋은느낌)오리지널14P(오버),10900,1 + 1,https://msave.emart24.co.kr/cmsbo/upload/nHq/plu_image/500x500/8801166234221.JPG
emart24,좋은느낌)오리지널울날4P(중),2000,1 + 1,https://msave.emart24.co.kr/cmsbo/upload/nHq/plu_image/500x500/8801166234399.JPG
emart24,좋은느낌)오리지널4P(수퍼롱),4100,1 + 1,https://msave.emart24.co.kr/cmsbo/upload/nHq/plu_image/500x500/8801166234412.JPG
emart24,좋은느낌)유기농순면슬날14입(중),10300,1 + 1,https://msave.emart24.co.kr/cmsbo/upload/nHq/plu_image/500x500/8801166239110.JPG
emart24,좋은느낌)유기농순면슬날14입(대),12000,1 + 1,https://msave.emart24.co.kr/cmsbo/upload/nHq/plu_image/500x500/8801166239134.JPG
emart24,좋은느낌)유기농무표백입는오버나이트4입(중),11200,1 + 1,https://msave.emart24.co.kr/cmsbo/upload/nHq/plu_image/500x500/8801166239738.JPG
emart24,하기스)내츄럴케어물티슈(캡형)72매,6000,1 + 1,https://msave.emart24.co.kr/cmsbo/upload/nHq/plu_image/500x500/8801166386203.JPG
emart24,베리베리)블루베리크림콘72g(16),1500,1 + 1,https://msave.emart24.co.kr/cmsbo/upload/nHq/plu_image/500x500/8801204904857.JPG
emart24,깨끗한나라)순수한면제로중16P,9000,1 + 1,https://msave.emart24.co.kr/cmsbo/upload/nHq/plu_image/500x500/8801260417179.JPG
emart24,깨끗한나라)순수한면제로대14P,9000,1 + 1,https://msave.emart24.co.kr/cmsbo/upload/nHq/plu_image/500x500/8801260417186.JPG
emart24,순수한면)유기농순면커버16입(중),8900,1 + 1,https://msave.emart24.co.kr/cmsbo/upload/nHq/plu_image/500x500/8801260418596.JPG
emart24,순수한면)유기농순면커버14입(대),8900,1 + 1,https://msave.emart24.co.kr/cmsbo/upload/nHq/plu_image/500x500/8801260418602.JPG
emart24,순수한면)유기농순면탐폰레귤러(8입),10900,1 + 1,https://msave.emart24.co.kr/cmsbo/upload/nHq/plu_image/500x500/8801260419197.JPG
emart24,순수한면)유기농순면탐폰슈퍼(8입),10900,1 + 1,https://msave.emart24.co.kr/cmsbo/upload/nHq/plu_image/500x500/8801260419203.JPG
emart24,순수한면)입는오버나이트4입(중대형),10900,1 + 1,https://msave.emart24.co.kr/cmsbo/upload/nHq/plu_image/500x500/8801260419524.JPG
emart24,깨끗한나라)디어스킨에어엠보16입(중),8100,1 + 1,https://msave.emart24.co.kr/cmsbo/upload/nHq/plu_image/500x500/8801260419593.JPG
emart24,깨끗한나라)디어스킨에어엠보(대)14입,8100,1 + 1,https://msave.emart24.co.kr/cmsbo/upload/nHq/plu_image/500x500/8801260419609.JPG
emart24,디어스킨)입는오버나이트4입(중대형),10900,1 + 1,https://msave.emart24.co.kr/cmsbo/upload/nHq/plu_image/500x500/8801260419760.JPG
emart24,디어스킨)리얼모달16입(중),8600,1 + 1,https://msave.emart24.co.kr/cmsbo/upload/nHq/plu_image/500x500/8801260420322.JPG
emart24,디어스킨)리얼모달14입(대),8600,1 + 1,https://msave.emart24.co.kr/cmsbo/upload/nHq/plu_image/500x500/8801260420339.JPG
emart24,CJ)햇반100%현미밥130g,2600,1 + 1,https://msave.emart24.co.kr/cmsbo/upload/nHq/plu_image/500x500/8801392023200.JPG
emart24,CJ)안심아삭콩나물180G,1600,1 + 1,https://msave.emart24.co.kr/cmsbo/upload/nHq/plu_image/500x500/8801392026270.JPG
emart24,CJ)비비고소고기듬뿍설렁탕460g,9900,1 + 1,https://msave.emart24.co.kr/cmsbo/upload/nHq/plu_image/500x500/8801392032950.JPG
emart24,CJ)비비고소고기듬뿍미역국460g,9900,1 + 1,https://msave.emart24.co.kr/cmsbo/upload/nHq/plu_image/500x500/8801392032998.JPG
emart24,CJ)얼티브비건프로틴초코250ml,2900,1 + 1,https://msave.emart24.co.kr/cmsbo/upload/nHq/plu_image/500x500/8801392039225.JPG
emart24,CJ)얼티브프로틴맛밤맛250ml,2900,1 + 1,https://msave.emart24.co.kr/cmsbo/upload/nHq/plu_image/500x500/8801392081484.JPG
emart24,CJ)얼티브프로틴햇반쌀밥맛250ml,2900,1 + 1,https://msave.emart24.co.kr/cmsbo/upload/nHq/plu_image/500x500/8801392081507.JPG
emart24,CJ)유기농두부부침용300G,3900,1 + 1,https://msave.emart24.co.kr/cmsbo/upload/nHq/plu_image/500x500/8801392082276.JPG
emart24,CJ)유기농두부찌개용300G,3900,1 + 1,https://msave.emart24.co.kr/cmsbo/upload/nHq/plu_image/500x500/8801392082290.JPG
emart24,CJ)얼티브프로틴바나나맛250ml,2900,1 + 1,https://msave.emart24.co.kr/cmsbo/upload/nHq/plu_image/500x500/8801392092121.JPG
emart24,CJ)햇반100%통곡물밥130g,2600,1 + 1,https://msave.emart24.co.kr/cmsbo/upload/nHq/plu_image/500x500/8801392101724.JPG
emart24,CJ)백설멸치육수1분링(10입)new,4900,1 + 1,https://msave.emart24.co.kr/cmsbo/upload/nHq/plu_image/500x500/8801392107542.JPG
emart24,CJ)백설사골육수1분링(10입)new,4900,1 + 1,https://msave.emart24.co.kr/cmsbo/upload/nHq/plu_image/500x500/8801392107566.JPG
emart24,CJ)비비고황태듬뿍해장국460g,9900,1 + 1,https://msave.emart24.co.kr/cmsbo/upload/nHq/plu_image/500x500/8801392114755.JPG
emart24,CJ)비비고소고기듬뿍무국500g,9900,1 + 1,https://msave.emart24.co.kr/cmsbo/upload/nHq/plu_image/500x500/8801392114779.JPG
emart24,CJ)얼티브프로틴피스타치오250ml,2900,1 + 1,https://msave.emart24.co.kr/cmsbo/upload/nHq/plu_image/500x500/8801392130045.JPG
emart24,CJ)얼티브프로틴로얄밀크티250ml,2900,1 + 1,https://msave.emart24.co.kr/cmsbo/upload/nHq/plu_image/500x500/8801392130069.JPG
emart24,CJ)밸런스밀프로틴바말차초코38g,2900,1 + 1,https://msave.emart24.co.kr/cmsbo/upload/nHq/plu_image/500x500/8801392154379.JPG
emart24,CJ)밸런스밀프로틴바피넛버터34g,2900,1 + 1,https://msave.emart24.co.kr/cmsbo/upload/nHq/plu_image/500x500/8801392154393.JPG
emart24,CJ)밸런스밀쉐이크귀리45g,4500,1 + 1,https://msave.emart24.co.kr/cmsbo/upload/nHq/plu_image/500x500/8801392154553.JPG
emart24,CJ)밸런스밀쉐이크견과45g,4500,1 + 1,https://msave.emart24.co.kr/cmsbo/upload/nHq/plu_image/500x500/8801392154577.JPG
emart24,CJ)밸런스밀쉐이크카카오45g,4500,1 + 1,https://msave.emart24.co.kr/cmsbo/upload/nHq/plu_image/500x500/8801392154591.JPG
emart24,CJ)맛콩병아리콩50g,2900,1 + 1,https://msave.emart24.co.kr/cmsbo/upload/nHq/plu_image/500x500/8801392158278.JPG
emart24,CJ)맛콩검은콩50g,2900,1 + 1,https://msave.emart24.co.kr/cmsbo/upload/nHq/plu_image/500x500/8801392158353.JPG
emart24,CJ)풍성영양비오틴구미,3900,1 + 1,https://msave.emart24.co.kr/cmsbo/upload/nHq/plu_image/500x500/8801392174940.JPG
emart24,CJ)뼈건강비타민D&아연구미,3900,1 + 1,https://msave.emart24.co.kr/cmsbo/upload/nHq/plu_image/500x500/8801392174964.JPG
emart24,CJ)멀티비타민&미네랄구미,3900,1 + 1,https://msave.emart24.co.kr/cmsbo/upload/nHq/plu_image/500x500/8801392175022.JPG
emart24,아임이)허니얼그레이티원컵(D),1700,1 + 1,https://msave.emart24.co.kr/cmsbo/upload/nHq/plu_image/500x500/8801550004867.JPG
emart24,아임이)허니자몽블랙티원컵(D),1700,1 + 1,https://msave.emart24.co.kr/cmsbo/upload/nHq/plu_image/500x500/8801550004874.JPG
emart24,연세)고소한아몬드잣두유190ml,1600,1 + 1,https://msave.emart24.co.kr/cmsbo/upload/nHq/plu_image/500x500/8801753002622.JPG
emart24,연세)고소한검은콩고칼슘두유190ml,1600,1 + 1,https://msave.emart24.co.kr/cmsbo/upload/nHq/plu_image/500x500/8801753100298.JPG
emart24,연세)블루베리요거트300ml,2500,1 + 1,https://msave.emart24.co.kr/cmsbo/upload/nHq/plu_image/500x500/8801753110501.JPG
emart24,연세)딸기요거트300ml,2500,1 + 1,https://msave.emart24.co.kr/cmsbo/upload/nHq/plu_image/500x500/8801753110976.JPG
emart24,연세)복숭아요거트300ml,2500,1 + 1,https://msave.emart24.co.kr/cmsbo/upload/nHq/plu_image/500x500/8801753111201.JPG
emart24,말차310)말초키100g(16),1700,1 + 1,https://msave.emart24.co.kr/cmsbo/upload/nHq/plu_image/500x500/8803718103252.JPG
emart24,종근당)락토핏마시는유산균사과130ml,2200,1 + 1,https://msave.emart24.co.kr/cmsbo/upload/nHq/plu_image/500x500/8805915909712.JPG
emart24,종근당)락토핏마시는유산균저당130ml,2200,1 + 1,https://msave.emart24.co.kr/cmsbo/upload/nHq/plu_image/500x500/8805915912309.JPG
emart24,대웅)우루샷(2정),2500,1 + 1,https://msave.emart24.co.kr/cmsbo/upload/nHq/plu_image/500x500/8806000000000.JPG
emart24,대웅)간편듀얼원샷30ml,4900,1 + 1,https://msave.emart24.co.kr/cmsbo/upload/nHq/plu_image/500x500/8806000001694.JPG
emart24,대웅)베아듀얼원샷30ml,4900,1 + 1,https://msave.emart24.co.kr/cmsbo/upload/nHq/plu_image/500x500/8806000001717.JPG
emart24,광동)헛개파워스틱포도맛,3900,1 + 1,https://msave.emart24.co.kr/cmsbo/upload/nHq/plu_image/500x500/8806002024554.JPG
emart24,광동)헛개파워스틱망고맛,3900,1 + 1,https://msave.emart24.co.kr/cmsbo/upload/nHq/plu_image/500x500/8806002024578.JPG
emart24,유한양행)내일N숙취해소스틱20g,3900,1 + 1,https://msave.emart24.co.kr/cmsbo/upload/nHq/plu_image/500x500/8806006504069.JPG
emart24,템포)내추럴코튼라이트10입,11900,1 + 1,https://msave.emart24.co.kr/cmsbo/upload/nHq/plu_image/500x500/8806011638117.JPG
emart24,스파오)코튼반팔티셔츠L(검),11900,1 + 1,https://msave.emart24.co.kr/cmsbo/upload/nHq/plu_image/500x500/8806070811421.JPG
emart24,스파오)남성모달드로즈L(검),9900,1 + 1,https://msave.emart24.co.kr/cmsbo/upload/nHq/plu_image/500x500/8806070811438.JPG
emart24,스파오)코튼반팔티셔츠M(흰),11900,1 + 1,https://msave.emart24.co.kr/cmsbo/upload/nHq/plu_image/500x500/8806070811629.JPG
emart24,스파오)코튼반팔티셔츠L(흰),11900,1 + 1,https://msave.emart24.co.kr/cmsbo/upload/nHq/plu_image/500x500/8806070811636.JPG
emart24,스파오)코튼반팔티셔츠M(검),11900,1 + 1,https://msave.emart24.co.kr/cmsbo/upload/nHq/plu_image/500x500/8806070811643.JPG
emart24,스파오)남성모달드로즈XL(검),9900,1 + 1,https://msave.emart24.co.kr/cmsbo/upload/nHq/plu_image/500x500/8806070811650.JPG
emart24,스파오)여성모달팬티M(검),9900,1 + 1,https://msave.emart24.co.kr/cmsbo/upload/nHq/plu_image/500x500/8806070811667.JPG
emart24,스파오)여성모달팬티L(검),9900,1 + 1,https://msave.emart24.co.kr/cmsbo/upload/nHq/plu_image/500x500/8806070811674.JPG
emart24,동화)마그랩포스트레스25ml,3900,1 + 1,https://msave.emart24.co.kr/cmsbo/upload/nHq/plu_image/500x500/8806129204051.JPG
emart24,동화)마그랩포에너지25ml,3900,1 + 1,https://msave.emart24.co.kr/cmsbo/upload/nHq/plu_image/500x500/8806129204075.JPG
emart24,아이깨끗해)핸드워시(레몬)250ml,8900,1 + 1,https://msave.emart24.co.kr/cmsbo/upload/nHq/plu_image/500x500/8806325600961.JPG
emart24,아이깨끗해)핸드워시(순)250ml,8900,1 + 1,https://msave.emart24.co.kr/cmsbo/upload/nHq/plu_image/500x500/8806325614258.JPG
emart24,아이깨끗해)핸드워시(퍼플)250ml,8900,1 + 1,https://msave.emart24.co.kr/cmsbo/upload/nHq/plu_image/500x500/8806325622499.JPG
emart24,성수310)아메리카노300ml(컵),2900,1 + 1,https://msave.emart24.co.kr/cmsbo/upload/nHq/plu_image/500x500/8806371360406.JPG
emart24,성수310)카페라떼300ml(컵),2900,1 + 1,https://msave.emart24.co.kr/cmsbo/upload/nHq/plu_image/500x500/8806371360413.JPG
emart24,성수310)바닐라라떼300ml(컵),2900,1 + 1,https://msave.emart24.co.kr/cmsbo/upload/nHq/plu_image/500x500/8806371360420.JPG
emart24,성수310)돌체라떼300ml(컵),2900,1 + 1,https://msave.emart24.co.kr/cmsbo/upload/nHq/plu_image/500x500/8806371360437.JPG
emart24,26SS)프리미엄쿨토시(검정),7500,1 + 1,https://msave.emart24.co.kr/cmsbo/upload/nHq/plu_image/500x500/8808994280291.JPG
emart24,26SS)프리미엄쿨토시화이트,7500,1 + 1,https://msave.emart24.co.kr/cmsbo/upload/nHq/plu_image/500x500/8808994293000.JPG
emart24,바디피트)볼록맞춤12입(오버),8600,1 + 1,https://msave.emart24.co.kr/cmsbo/upload/nHq/plu_image/500x500/8809016362070.JPG
emart24,티젠)콤부차레몬10입,8000,1 + 1,https://msave.emart24.co.kr/cmsbo/upload/nHq/plu_image/500x500/8809071546552.JPG
emart24,티젠)콤부차베리10입,8000,1 + 1,https://msave.emart24.co.kr/cmsbo/upload/nHq/plu_image/500x500/8809071546569.JPG
emart24,티젠)말차라떼7입,7000,1 + 1,https://msave.emart24.co.kr/cmsbo/upload/nHq/plu_image/500x500/8809071547535.JPG
emart24,아로마빌)공주밤크림라떼원컵,2000,1 + 1,https://msave.emart24.co.kr/cmsbo/upload/nHq/plu_image/500x500/8809081562856.JPG
emart24,아로마빌)피스타치오크림라떼원컵,2000,1 + 1,https://msave.emart24.co.kr/cmsbo/upload/nHq/plu_image/500x500/8809081562863.JPG
emart24,슈가)친환경주방세제레몬470ml,6200,1 + 1,https://msave.emart24.co.kr/cmsbo/upload/nHq/plu_image/500x500/8809107601002.JPG
emart24,슈가)과탄산소다500g,7900,1 + 1,https://msave.emart24.co.kr/cmsbo/upload/nHq/plu_image/500x500/8809107602139.JPG
emart24,슈가)구연산500g,7900,1 + 1,https://msave.emart24.co.kr/cmsbo/upload/nHq/plu_image/500x500/8809107602146.JPG
emart24,슈가)베이킹소다500g(N),7900,1 + 1,https://msave.emart24.co.kr/cmsbo/upload/nHq/plu_image/500x500/8809107606762.JPG
emart24,슈가)과탄산소다500g(N),7900,1 + 1,https://msave.emart24.co.kr/cmsbo/upload/nHq/plu_image/500x500/8809107606779.JPG
emart24,성수310)우베코코넛라떼270ml,2000,1 + 1,https://msave.emart24.co.kr/cmsbo/upload/nHq/plu_image/500x500/8809117022507.JPG
emart24,성수310)우베카페라떼270ml,2000,1 + 1,https://msave.emart24.co.kr/cmsbo/upload/nHq/plu_image/500x500/8809117022514.JPG
emart24,코디)러블리베어티슈230*3입,12500,1 + 1,https://msave.emart24.co.kr/cmsbo/upload/nHq/plu_image/500x500/8809172924600.JPG
emart24,풀무원)액티비아딸기210ml,2200,1 + 1,https://msave.emart24.co.kr/cmsbo/upload/nHq/plu_image/500x500/8809274510893.JPG
emart24,풀무원)액티비아플레인210ml,2200,1 + 1,https://msave.emart24.co.kr/cmsbo/upload/nHq/plu_image/500x500/8809274510916.JPG
emart24,풀무원)액티비아복숭아210ml,2200,1 + 1,https://msave.emart24.co.kr/cmsbo/upload/nHq/plu_image/500x500/8809274512651.JPG
emart24,풀무원)요거톡초코그래놀라129g,2200,1 + 1,https://msave.emart24.co.kr/cmsbo/upload/nHq/plu_image/500x500/8809274513887.JPG
emart24,풀무원)요거톡스타볼132g,2200,1 + 1,https://msave.emart24.co.kr/cmsbo/upload/nHq/plu_image/500x500/8809274513948.JPG
emart24,풀무원)요거톡초코필로우124g,2200,1 + 1,https://msave.emart24.co.kr/cmsbo/upload/nHq/plu_image/500x500/8809274515317.JPG
emart24,풀무원)그릭시그니처플레인150g,3900,1 + 1,https://msave.emart24.co.kr/cmsbo/upload/nHq/plu_image/500x500/8809274516215.JPG
emart24,풀무원)액티비아컵사과150g,3200,1 + 1,https://msave.emart24.co.kr/cmsbo/upload/nHq/plu_image/500x500/8809274516413.JPG
emart24,풀무원)액티비아컵딸기150g,3200,1 + 1,https://msave.emart24.co.kr/cmsbo/upload/nHq/plu_image/500x500/8809274516420.JPG
emart24,풀무원)요프로컵플레인150g,3900,1 + 1,https://msave.emart24.co.kr/cmsbo/upload/nHq/plu_image/500x500/8809274516802.JPG
emart24,풀무원)요프로컵블루베리150g,3900,1 + 1,https://msave.emart24.co.kr/cmsbo/upload/nHq/plu_image/500x500/8809274516840.JPG
emart24,풀무원)액티비아제로청사과150ml,2200,1 + 1,https://msave.emart24.co.kr/cmsbo/upload/nHq/plu_image/500x500/8809274517069.JPG
emart24,풀무원)액티비아제로그린플레인150ml,2200,1 + 1,https://msave.emart24.co.kr/cmsbo/upload/nHq/plu_image/500x500/8809274517076.JPG
emart24,코코토토)프리미엄물티슈80매(캡),5900,1 + 1,https://msave.emart24.co.kr/cmsbo/upload/nHq/plu_image/500x500/8809299105012.JPG
emart24,바디피트)슈퍼롱앤와이드10입,9400,1 + 1,https://msave.emart24.co.kr/cmsbo/upload/nHq/plu_image/500x500/8809299230820.JPG
emart24,바디피트)유기농순면커버10입(오버),9900,1 + 1,https://msave.emart24.co.kr/cmsbo/upload/nHq/plu_image/500x500/8809299231032.JPG
emart24,바디피트)유기농순면커버4입(중),3100,1 + 1,https://msave.emart24.co.kr/cmsbo/upload/nHq/plu_image/500x500/8809299231162.JPG
emart24,바디피트)유기농순면커버슈퍼롱10입,11900,1 + 1,https://msave.emart24.co.kr/cmsbo/upload/nHq/plu_image/500x500/8809299232879.JPG
emart24,쏘피)한결오버나이트33cm10입,6800,1 + 1,https://msave.emart24.co.kr/cmsbo/upload/nHq/plu_image/500x500/8809299233791.JPG
emart24,쏘피)내몸에순한면4입(대),3400,1 + 1,https://msave.emart24.co.kr/cmsbo/upload/nHq/plu_image/500x500/8809299233807.JPG
emart24,쏘피)한결10입(대형),5600,1 + 1,https://msave.emart24.co.kr/cmsbo/upload/nHq/plu_image/500x500/8809299234064.JPG
emart24,쏘피)한결16입(중형),7900,1 + 1,https://msave.emart24.co.kr/cmsbo/upload/nHq/plu_image/500x500/8809299234071.JPG
emart24,바디피트)볼록맞춤33cm4입(오버),4200,1 + 1,https://msave.emart24.co.kr/cmsbo/upload/nHq/plu_image/500x500/8809299234446.JPG
emart24,바디피트)내몸에순한면4입(중),2800,1 + 1,https://msave.emart24.co.kr/cmsbo/upload/nHq/plu_image/500x500/8809299234811.JPG
emart24,바디피트)내몸에순한면18P(중),10400,1 + 1,https://msave.emart24.co.kr/cmsbo/upload/nHq/plu_image/500x500/8809299234828.JPG
emart24,바디피트)내몸에순한면16P(대),10400,1 + 1,https://msave.emart24.co.kr/cmsbo/upload/nHq/plu_image/500x500/8809299234842.JPG
emart24,바디피트)내몸에순한면라이너28입(일반),7900,1 + 1,https://msave.emart24.co.kr/cmsbo/upload/nHq/plu_image/500x500/8809299236839.JPG
emart24,위너스)망고콘80g(16),1700,1 + 1,https://msave.emart24.co.kr/cmsbo/upload/nHq/plu_image/500x500/8809304880576.JPG
emart24,성수310)딸기바나나스무디250ml,2900,1 + 1,https://msave.emart24.co.kr/cmsbo/upload/nHq/plu_image/500x500/8809350884894.JPG
emart24,성수310)피치망고스무디250ml,2900,1 + 1,https://msave.emart24.co.kr/cmsbo/upload/nHq/plu_image/500x500/8809350884900.JPG
emart24,대웅)임팩타임에너지젤45g,3500,1 + 1,https://msave.emart24.co.kr/cmsbo/upload/nHq/plu_image/500x500/8809359458256.JPG
emart24,리꼬)더플래닛머큐리10매,1000,1 + 1,https://msave.emart24.co.kr/cmsbo/upload/nHq/plu_image/500x500/8809372755639.JPG
emart24,베리베리)에브리베리씨리얼바40g,1500,1 + 1,https://msave.emart24.co.kr/cmsbo/upload/nHq/plu_image/500x500/8809387747094.JPG
emart24,이디야)카페라떼300ml,3200,1 + 1,https://msave.emart24.co.kr/cmsbo/upload/nHq/plu_image/500x500/8809388463917.JPG
emart24,이디야)토피넛시그니처라떼300ml,3200,1 + 1,https://msave.emart24.co.kr/cmsbo/upload/nHq/plu_image/500x500/8809388463924.JPG
emart24,이디야)돌체콜드브루300ml,3200,1 + 1,https://msave.emart24.co.kr/cmsbo/upload/nHq/plu_image/500x500/8809388463931.JPG
emart24,이디야)바닐라라떼300ml,3200,1 + 1,https://msave.emart24.co.kr/cmsbo/upload/nHq/plu_image/500x500/8809388464464.JPG
emart24,이디야)쇼콜라모카300ml,3200,1 + 1,https://msave.emart24.co.kr/cmsbo/upload/nHq/plu_image/500x500/8809388464471.JPG
emart24,앙블랑)아기물티슈인디핑크(캡형)72매,3500,1 + 1,https://msave.emart24.co.kr/cmsbo/upload/nHq/plu_image/500x500/8809416640181.JPG
emart24,HK)NEW컨디션환,2900,1 + 1,https://msave.emart24.co.kr/cmsbo/upload/nHq/plu_image/500x500/8809422041217.JPG
emart24,HK)NEW컨디션환3입,8500,1 + 1,https://msave.emart24.co.kr/cmsbo/upload/nHq/plu_image/500x500/8809422041293.JPG
emart24,HK)컨디션스틱(그린애플맛),3900,1 + 1,https://msave.emart24.co.kr/cmsbo/upload/nHq/plu_image/500x500/8809422043815.JPG
emart24,HK)컨디션스틱ZERO(컨디션맛),3900,1 + 1,https://msave.emart24.co.kr/cmsbo/upload/nHq/plu_image/500x500/8809422043884.JPG
emart24,HK)컨디션스틱ZERO(망고맛),3900,1 + 1,https://msave.emart24.co.kr/cmsbo/upload/nHq/plu_image/500x500/8809422044904.JPG
emart24,HK)컨디션스틱(자두맛),3900,1 + 1,https://msave.emart24.co.kr/cmsbo/upload/nHq/plu_image/500x500/8809422044928.JPG
emart24,HK)컨디션스틱(초코맛),3900,1 + 1,https://msave.emart24.co.kr/cmsbo/upload/nHq/plu_image/500x500/8809422046953.JPG
emart24,HK)컨디션스틱(민트초코맛),3900,1 + 1,https://msave.emart24.co.kr/cmsbo/upload/nHq/plu_image/500x500/8809422046977.JPG
emart24,몽뜨)말차라떼캔디27g,1500,1 + 1,https://msave.emart24.co.kr/cmsbo/upload/nHq/plu_image/500x500/8809429533722.JPG
emart24,살림백서)주방세제1L리필형청귤향1L,3900,1 + 1,https://msave.emart24.co.kr/cmsbo/upload/nHq/plu_image/500x500/8809457557523.JPG
emart24,살림백서)섬유유연제리필형한라봉향2.1L,4900,1 + 1,https://msave.emart24.co.kr/cmsbo/upload/nHq/plu_image/500x500/8809457558278.JPG
emart24,고려은단)메가도스이뮨샷,5000,1 + 1,https://msave.emart24.co.kr/cmsbo/upload/nHq/plu_image/500x500/8809497532597.JPG
emart24,슈야토야)멜라지구미30g,2200,1 + 1,https://msave.emart24.co.kr/cmsbo/upload/nHq/plu_image/500x500/8809535032751.JPG
emart24,알디콤)숙취해소제15ml,3900,1 + 1,https://msave.emart24.co.kr/cmsbo/upload/nHq/plu_image/500x500/8809594170364.JPG
emart24,라엘)유기농순면입는오버나이트(4입),10900,1 + 1,https://msave.emart24.co.kr/cmsbo/upload/nHq/plu_image/500x500/8809641111036.JPG
emart24,라엘)순면커버16개입(중),11900,1 + 1,https://msave.emart24.co.kr/cmsbo/upload/nHq/plu_image/500x500/8809641113337.JPG
emart24,화깨수)숙취해소제20g,3800,1 + 1,https://msave.emart24.co.kr/cmsbo/upload/nHq/plu_image/500x500/8809661080176.JPG
emart24,티젠)콤부차피치10입,8000,1 + 1,https://msave.emart24.co.kr/cmsbo/upload/nHq/plu_image/500x500/8809685980674.JPG
emart24,티젠)콤부차파인애플10입,8000,1 + 1,https://msave.emart24.co.kr/cmsbo/upload/nHq/plu_image/500x500/8809685980810.JPG
emart24,티젠)콤부차매실10입,8000,1 + 1,https://msave.emart24.co.kr/cmsbo/upload/nHq/plu_image/500x500/8809685982005.JPG
emart24,티젠)콤부차하이볼향10입,8000,1 + 1,https://msave.emart24.co.kr/cmsbo/upload/nHq/plu_image/500x500/8809685982432.JPG
emart24,티젠)애플사이다비니거10입,8000,1 + 1,https://msave.emart24.co.kr/cmsbo/upload/nHq/plu_image/500x500/8809685983033.JPG
emart24,티젠)콤부차요구르트10입,8000,1 + 1,https://msave.emart24.co.kr/cmsbo/upload/nHq/plu_image/500x500/8809685983088.JPG
emart24,티젠)아이스티(복숭아)10입,6000,1 + 1,https://msave.emart24.co.kr/cmsbo/upload/nHq/plu_image/500x500/8809685984191.JPG
emart24,티젠)아이스티(수박우롱티)10입,6000,1 + 1,https://msave.emart24.co.kr/cmsbo/upload/nHq/plu_image/500x500/8809685984221.JPG
emart24,티젠)오르조블렌드(10입),6000,1 + 1,https://msave.emart24.co.kr/cmsbo/upload/nHq/plu_image/500x500/8809685984429.JPG
emart24,신성)BOTD에그타르트(냉장),1900,1 + 1,https://msave.emart24.co.kr/cmsbo/upload/nHq/plu_image/500x500/8809687440213.JPG
emart24,신성)BOTD호두타르트(냉장),2200,1 + 1,https://msave.emart24.co.kr/cmsbo/upload/nHq/plu_image/500x500/8809687440220.JPG
emart24,신성)꾸덕꾸덕치즈케익30g(냉장),2700,1 + 1,https://msave.emart24.co.kr/cmsbo/upload/nHq/plu_image/500x500/8809687440343.JPG
emart24,신성)성수310크림듬뿍슈30g(냉장),1900,1 + 1,https://msave.emart24.co.kr/cmsbo/upload/nHq/plu_image/500x500/8809687440367.JPG
emart24,신성)성수310초코크림듬뿍슈30g(냉장),1900,1 + 1,https://msave.emart24.co.kr/cmsbo/upload/nHq/plu_image/500x500/8809687440503.JPG
emart24,라면꼰대x삼다수 고사롱라면컵,1900,1 + 1,https://msave.emart24.co.kr/cmsbo/upload/nHq/plu_image/500x500/8809704435161.JPG
emart24,쏘피)유기농순면커버무표백4입(대),3900,1 + 1,https://msave.emart24.co.kr/cmsbo/upload/nHq/plu_image/500x500/8809709260201.JPG
emart24,쏘피)안심숙면팬티4입(중),10500,1 + 1,https://msave.emart24.co.kr/cmsbo/upload/nHq/plu_image/500x500/8809709260881.JPG
emart24,쏘피)안심숙면팬티4입(대),10500,1 + 1,https://msave.emart24.co.kr/cmsbo/upload/nHq/plu_image/500x500/8809709260898.JPG
emart24,쏘피)유기농순면커버4P(대),3500,1 + 1,https://msave.emart24.co.kr/cmsbo/upload/nHq/plu_image/500x500/8809709262038.JPG
emart24,쏘피)네이처순면커버14입(중),11500,1 + 1,https://msave.emart24.co.kr/cmsbo/upload/nHq/plu_image/500x500/8809709262557.JPG
emart24,쏘피)네이처순면커버12입(대),11500,1 + 1,https://msave.emart24.co.kr/cmsbo/upload/nHq/plu_image/500x500/8809709262564.JPG
emart24,쏘피)네이처순면커버8입(슈퍼롱),11500,1 + 1,https://msave.emart24.co.kr/cmsbo/upload/nHq/plu_image/500x500/8809709262571.JPG
emart24,쏘피)쿨링프레쉬16입(중),11500,1 + 1,https://msave.emart24.co.kr/cmsbo/upload/nHq/plu_image/500x500/8809709263271.JPG
emart24,쏘피)쿨링프레쉬14입(대),11500,1 + 1,https://msave.emart24.co.kr/cmsbo/upload/nHq/plu_image/500x500/8809709263288.JPG
emart24,쏘피)쿨링프레쉬12입(특대),11500,1 + 1,https://msave.emart24.co.kr/cmsbo/upload/nHq/plu_image/500x500/8809709263400.JPG
emart24,신성)짭짤고소믹스넛500g,13000,1 + 1,https://msave.emart24.co.kr/cmsbo/upload/nHq/plu_image/500x500/8809742175999.JPG
emart24,신성)달콤고소믹스넛500g,14000,1 + 1,https://msave.emart24.co.kr/cmsbo/upload/nHq/plu_image/500x500/8809742177023.JPG
emart24,하림)큼직한건더기두부김치찌개350g,7500,1 + 1,https://msave.emart24.co.kr/cmsbo/upload/nHq/plu_image/500x500/8809778499236.JPG
emart24,하림)큼직한건더기두부된장찌개350g,7500,1 + 1,https://msave.emart24.co.kr/cmsbo/upload/nHq/plu_image/500x500/8809778499243.JPG
emart24,종근당)깨노니스틱(배사과맛)(D),3900,1 + 1,https://msave.emart24.co.kr/cmsbo/upload/nHq/plu_image/500x500/8809807286028.JPG
emart24,종근당)깨노니스틱(납작복숭아맛)(D),3900,1 + 1,https://msave.emart24.co.kr/cmsbo/upload/nHq/plu_image/500x500/8809807286042.JPG
emart24,종근당)깨노니땡큐샷30ml,6000,1 + 1,https://msave.emart24.co.kr/cmsbo/upload/nHq/plu_image/500x500/8809807287827.JPG
emart24,종근당)깨노니스틱(납작복숭아맛)new,3900,1 + 1,https://msave.emart24.co.kr/cmsbo/upload/nHq/plu_image/500x500/8809807288978.JPG
emart24,종근당)깨노니스틱(배사과맛)new,3900,1 + 1,https://msave.emart24.co.kr/cmsbo/upload/nHq/plu_image/500x500/8809807288992.JPG
emart24,종근당)깨노니땡큐샷30ml(new),6000,1 + 1,https://msave.emart24.co.kr/cmsbo/upload/nHq/plu_image/500x500/8809807289937.JPG
emart24,옐로우)치즈초꼬미트러플초콜릿96g,4500,1 + 1,https://msave.emart24.co.kr/cmsbo/upload/nHq/plu_image/500x500/8809812841014.JPG
emart24,옐로우)밀크초꼬미트러플초콜릿96g,4500,1 + 1,https://msave.emart24.co.kr/cmsbo/upload/nHq/plu_image/500x500/8809812841021.JPG
emart24,웰팜)냉동딸기150g,2980,1 + 1,https://msave.emart24.co.kr/cmsbo/upload/nHq/plu_image/500x500/8809815964222.JPG
emart24,웰팜)냉동스위트망고160g,2980,1 + 1,https://msave.emart24.co.kr/cmsbo/upload/nHq/plu_image/500x500/8809815964239.JPG
emart24,덴마크)테이크얼라이브아사이베리팩200ml,1500,1 + 1,https://msave.emart24.co.kr/cmsbo/upload/nHq/plu_image/500x500/8809848280436.JPG
emart24,알디콤)숙취해소제15ml(new),3900,1 + 1,https://msave.emart24.co.kr/cmsbo/upload/nHq/plu_image/500x500/8809868290064.JPG
emart24,알디콤)숙취해소제PLUS,4800,1 + 1,https://msave.emart24.co.kr/cmsbo/upload/nHq/plu_image/500x500/8809868292082.JPG
emart24,알디콤)숙취해소제Plus(new),4800,1 + 1,https://msave.emart24.co.kr/cmsbo/upload/nHq/plu_image/500x500/8809868292242.JPG
emart24,세아)바베큐조미오징어50g,6900,1 + 1,https://msave.emart24.co.kr/cmsbo/upload/nHq/plu_image/500x500/8809877690176.JPG
emart24,세아)삼천포맛오징어32g,6900,1 + 1,https://msave.emart24.co.kr/cmsbo/upload/nHq/plu_image/500x500/8809877690374.JPG
emart24,세아)킹오쨩32G,6900,1 + 1,https://msave.emart24.co.kr/cmsbo/upload/nHq/plu_image/500x500/8809877690442.JPG
emart24,세아)킹오쨩103G,15900,1 + 1,https://msave.emart24.co.kr/cmsbo/upload/nHq/plu_image/500x500/8809877690459.JPG
emart24,세아)달식이한우육포35g,6900,1 + 1,https://msave.emart24.co.kr/cmsbo/upload/nHq/plu_image/500x500/8809877690565.JPG
emart24,세아)달식이오징어한돈육포45g,6900,1 + 1,https://msave.emart24.co.kr/cmsbo/upload/nHq/plu_image/500x500/8809877690572.JPG
emart24,세아)매콤달콤먹태구이40g,6900,1 + 1,https://msave.emart24.co.kr/cmsbo/upload/nHq/plu_image/500x500/8809877690589.JPG
emart24,세아)달식이육포진미채45g,6900,1 + 1,https://msave.emart24.co.kr/cmsbo/upload/nHq/plu_image/500x500/8809877690619.JPG
emart24,세아)달식이제주돈등심육포35g,6900,1 + 1,https://msave.emart24.co.kr/cmsbo/upload/nHq/plu_image/500x500/8809877690770.JPG
emart24,살림백서)세탁세제리필실내건조2.1L,4900,1 + 1,https://msave.emart24.co.kr/cmsbo/upload/nHq/plu_image/500x500/8809881663005.JPG
emart24,테크)수퍼캡스파워딥클린캡슐(67입),19900,1 + 1,https://msave.emart24.co.kr/cmsbo/upload/nHq/plu_image/500x500/8809949567399.JPG
emart24,유니프)믹스베리주스200ml,2200,1 + 1,https://msave.emart24.co.kr/cmsbo/upload/nHq/plu_image/500x500/8850388540061.JPG
emart24,유니프)믹스그린주스200ml,2200,1 + 1,https://msave.emart24.co.kr/cmsbo/upload/nHq/plu_image/500x500/8850388541167.JPG
emart24,히말라야)파티스마트츄(2입)new,3900,1 + 1,https://msave.emart24.co.kr/cmsbo/upload/nHq/plu_image/500x500/8901138011390.JPG
emart24,히말라야)파티스마트츄망고(2입),3900,1 + 1,https://msave.emart24.co.kr/cmsbo/upload/nHq/plu_image/500x500/8901138011413.JPG
emart24,옐로우)컵버터쿠키400g(s),4300,1 + 1,https://msave.emart24.co.kr/cmsbo/upload/nHq/plu_image/500x500/8993083943239.JPG
emart24,농심)파워오투오렌지레몬펫500ml,2300,2 + 1,https://msave.emart24.co.kr/cmsbo/upload/nHq/plu_image/500x500/4005906404835.JPG
emart24,투민)유기농데일리레몬수펫500ml,2000,2 + 1,https://msave.emart24.co.kr/cmsbo/upload/nHq/plu_image/500x500/8800303660114.JPG
emart24,싱하)레몬소다제로캔355ml,2000,2 + 1,https://msave.emart24.co.kr/cmsbo/upload/nHq/plu_image/500x500/8800307632315.JPG
emart24,싱하)유자향소다제로캔355ml,2000,2 + 1,https://msave.emart24.co.kr/cmsbo/upload/nHq/plu_image/500x500/8800307632339.JPG
emart24,하이트)토닉워터펫300ml,1900,2 + 1,https://msave.emart24.co.kr/cmsbo/upload/nHq/plu_image/500x500/8801001236076.JPG
emart24,하이트)토닉워터제로펫300ml,1900,2 + 1,https://msave.emart24.co.kr/cmsbo/upload/nHq/plu_image/500x500/8801001236243.JPG
emart24,HK)컨디션병100ml,5000,2 + 1,https://msave.emart24.co.kr/cmsbo/upload/nHq/plu_image/500x500/8801007071046.JPG
emart24,HK)컨디션레이디병100ml,5000,2 + 1,https://msave.emart24.co.kr/cmsbo/upload/nHq/plu_image/500x500/8801007178233.JPG
emart24,동서)티오피스모키라떼캔275ml,2700,2 + 1,https://msave.emart24.co.kr/cmsbo/upload/nHq/plu_image/500x500/8801037001716.JPG
emart24,동서)티오피스모키블랙캔275ml,2700,2 + 1,https://msave.emart24.co.kr/cmsbo/upload/nHq/plu_image/500x500/8801037001730.JPG
emart24,동서)티오피미디엄돌체라떼캔275ml,2700,2 + 1,https://msave.emart24.co.kr/cmsbo/upload/nHq/plu_image/500x500/8801037006193.JPG
emart24,동서)티오피스모키라떼캔200ml,1500,2 + 1,https://msave.emart24.co.kr/cmsbo/upload/nHq/plu_image/500x500/8801037009026.JPG
emart24,동서)티오피배럴에이지드향마일드380ml,3300,2 + 1,https://msave.emart24.co.kr/cmsbo/upload/nHq/plu_image/500x500/8801037021981.JPG
emart24,동서)티오피배럴에이지드향볼드380ml,3300,2 + 1,https://msave.emart24.co.kr/cmsbo/upload/nHq/plu_image/500x500/8801037022056.JPG
emart24,동서)티오피아메리카노캔200ml,1500,2 + 1,https://msave.emart24.co.kr/cmsbo/upload/nHq/plu_image/500x500/8801037039993.JPG
emart24,동서)티오피마스터라떼캔200ml,1500,2 + 1,https://msave.emart24.co.kr/cmsbo/upload/nHq/plu_image/500x500/8801037040029.JPG
emart24,동서)티오피더블랙캔200ml,1500,2 + 1,https://msave.emart24.co.kr/cmsbo/upload/nHq/plu_image/500x500/8801037042863.JPG
emart24,동서)티오피아메리카노캔380ml,3300,2 + 1,https://msave.emart24.co.kr/cmsbo/upload/nHq/plu_image/500x500/8801037057843.JPG
emart24,동서)티오피더블랙캔380ml,3300,2 + 1,https://msave.emart24.co.kr/cmsbo/upload/nHq/plu_image/500x500/8801037057867.JPG
emart24,동서)티오피마스터라떼캔380ml,3300,2 + 1,https://msave.emart24.co.kr/cmsbo/upload/nHq/plu_image/500x500/8801037064346.JPG
emart24,동서)맥스웰하우스라떼캔240ml,1600,2 + 1,https://msave.emart24.co.kr/cmsbo/upload/nHq/plu_image/500x500/8801037091397.JPG
emart24,동서)맥스웰하우스아메리카노캔240ml,1600,2 + 1,https://msave.emart24.co.kr/cmsbo/upload/nHq/plu_image/500x500/8801037091410.JPG
emart24,동서)맥스웰마스터블랙캔240ml,1600,2 + 1,https://msave.emart24.co.kr/cmsbo/upload/nHq/plu_image/500x500/8801037092066.JPG
emart24,동서)맥스웰하우스블랙펫500ml,2900,2 + 1,https://msave.emart24.co.kr/cmsbo/upload/nHq/plu_image/500x500/8801037093742.JPG
emart24,동서)맥스웰하우스라떼펫500ml,2900,2 + 1,https://msave.emart24.co.kr/cmsbo/upload/nHq/plu_image/500x500/8801037093766.JPG
emart24,동서)맥스웰하우스스위트블랙펫500ml,2900,2 + 1,https://msave.emart24.co.kr/cmsbo/upload/nHq/plu_image/500x500/8801037094305.JPG
emart24,동서)맥스웰하우스헤이즐넛펫500ml,2900,2 + 1,https://msave.emart24.co.kr/cmsbo/upload/nHq/plu_image/500x500/8801037096446.JPG
emart24,농심)백산수펫2L,1900,2 + 1,https://msave.emart24.co.kr/cmsbo/upload/nHq/plu_image/500x500/8801043020473.JPG
emart24,농심)백산수펫500ml,1000,2 + 1,https://msave.emart24.co.kr/cmsbo/upload/nHq/plu_image/500x500/8801043022781.JPG
emart24,농심)웰치스포도제로캔355ml,1500,2 + 1,https://msave.emart24.co.kr/cmsbo/upload/nHq/plu_image/500x500/8801043064088.JPG
emart24,농심)웰치스제로포도펫600ml,2000,2 + 1,https://msave.emart24.co.kr/cmsbo/upload/nHq/plu_image/500x500/8801043065467.JPG
emart24,농심)웰치스포도캔355ml,1500,2 + 1,https://msave.emart24.co.kr/cmsbo/upload/nHq/plu_image/500x500/8801043450690.JPG
emart24,농심)카프리썬오렌지파우치200ml,1100,2 + 1,https://msave.emart24.co.kr/cmsbo/upload/nHq/plu_image/500x500/8801043650182.JPG
emart24,농심)카프리썬사파리파우치200ml,1100,2 + 1,https://msave.emart24.co.kr/cmsbo/upload/nHq/plu_image/500x500/8801043650199.JPG
emart24,농심)카프리썬오렌지망고파우치200ml,1100,2 + 1,https://msave.emart24.co.kr/cmsbo/upload/nHq/plu_image/500x500/8801043650311.JPG
emart24,롯데)아이시스8.0펫500ml,1100,2 + 1,https://msave.emart24.co.kr/cmsbo/upload/nHq/plu_image/500x500/8801056049881.JPG
emart24,롯데)아이시스8.0펫2L,1950,2 + 1,https://msave.emart24.co.kr/cmsbo/upload/nHq/plu_image/500x500/8801056049904.JPG
emart24,롯데)칸타타콘트라베이스펫500ml,2900,2 + 1,https://msave.emart24.co.kr/cmsbo/upload/nHq/plu_image/500x500/8801056094591.JPG
emart24,롯데)칸타타콘트라베이스저칼로리라떼펫500ml,2900,2 + 1,https://msave.emart24.co.kr/cmsbo/upload/nHq/plu_image/500x500/8801056096052.JPG
emart24,롯데)레쓰비그란데라떼펫500ml,2200,2 + 1,https://msave.emart24.co.kr/cmsbo/upload/nHq/plu_image/500x500/8801056097899.JPG
emart24,롯데)칸타타콘트라베이스스위트블랙펫500ml,2900,2 + 1,https://msave.emart24.co.kr/cmsbo/upload/nHq/plu_image/500x500/8801056102036.JPG
emart24,롯데)펩시콜라캔355ml,2100,2 + 1,https://msave.emart24.co.kr/cmsbo/upload/nHq/plu_image/500x500/8801056150013.JPG
emart24,롯데)레쓰비그란데헤이즐넛펫500ml,2200,2 + 1,https://msave.emart24.co.kr/cmsbo/upload/nHq/plu_image/500x500/8801056174149.JPG
emart24,롯데)펩시콜라제로캔355ml,2100,2 + 1,https://msave.emart24.co.kr/cmsbo/upload/nHq/plu_image/500x500/8801056175900.JPG
emart24,롯데)솔의눈펫500ml,2200,2 + 1,https://msave.emart24.co.kr/cmsbo/upload/nHq/plu_image/500x500/8801056228927.JPG
emart24,롯데)실론티제로펫500ml,2200,2 + 1,https://msave.emart24.co.kr/cmsbo/upload/nHq/plu_image/500x500/8801056231927.JPG
emart24,롯데)칸타타콘트라베이스블랙앤샷펫500ml,2900,2 + 1,https://msave.emart24.co.kr/cmsbo/upload/nHq/plu_image/500x500/8801056234027.JPG
emart24,롯데)펩시제로카페인캔355ml,2100,2 + 1,https://msave.emart24.co.kr/cmsbo/upload/nHq/plu_image/500x500/8801056241506.JPG
emart24,롯데)실론티말차라떼펫340ml,2700,2 + 1,https://msave.emart24.co.kr/cmsbo/upload/nHq/plu_image/500x500/8801056252687.JPG
emart24,롯데)칸타타돌체라떼펫340ml,2700,2 + 1,https://msave.emart24.co.kr/cmsbo/upload/nHq/plu_image/500x500/8801056910747.JPG
emart24,남양)17차펫500ml,2200,2 + 1,https://msave.emart24.co.kr/cmsbo/upload/nHq/plu_image/500x500/8801069174020.JPG
emart24,코카)조지아블랙펫470ml,2800,2 + 1,https://msave.emart24.co.kr/cmsbo/upload/nHq/plu_image/500x500/8801094502669.JPG
emart24,코카)조지아카페라떼펫470ml,2800,2 + 1,https://msave.emart24.co.kr/cmsbo/upload/nHq/plu_image/500x500/8801094512668.JPG
emart24,동아)데미소다애플캔250ml,1700,2 + 1,https://msave.emart24.co.kr/cmsbo/upload/nHq/plu_image/500x500/8801097160064.JPG
emart24,동아)데미소다복숭아캔250ml,1700,2 + 1,https://msave.emart24.co.kr/cmsbo/upload/nHq/plu_image/500x500/8801097168404.JPG
emart24,동아)데미소다레드애플캔350ml,1900,2 + 1,https://msave.emart24.co.kr/cmsbo/upload/nHq/plu_image/500x500/8801097168909.JPG
emart24,동아)오로나민C병120ml,1500,2 + 1,https://msave.emart24.co.kr/cmsbo/upload/nHq/plu_image/500x500/8801097280014.JPG
emart24,동아)데자와밀크티캔240ml,1600,2 + 1,https://msave.emart24.co.kr/cmsbo/upload/nHq/plu_image/500x500/8801097481015.JPG
emart24,동아)데자와밀크티펫500ml,2500,2 + 1,https://msave.emart24.co.kr/cmsbo/upload/nHq/plu_image/500x500/8801097481206.JPG
emart24,빙그레)아카페라AllDay아메리카노펫1L,4200,2 + 1,https://msave.emart24.co.kr/cmsbo/upload/nHq/plu_image/500x500/8801104669658.JPG
emart24,빙그레)아카페라AllDay헤이즐넛펫1L,4200,2 + 1,https://msave.emart24.co.kr/cmsbo/upload/nHq/plu_image/500x500/8801104669672.JPG
emart24,빙그레)사이즈업벤티아메리카노펫600ml,3200,2 + 1,https://msave.emart24.co.kr/cmsbo/upload/nHq/plu_image/500x500/8801104944915.JPG
emart24,빙그레)사이즈업벤티헤이즐넛펫600ml,3200,2 + 1,https://msave.emart24.co.kr/cmsbo/upload/nHq/plu_image/500x500/8801104944939.JPG
emart24,코카)영진구론산스파클링병150ml,1300,2 + 1,https://msave.emart24.co.kr/cmsbo/upload/nHq/plu_image/500x500/8801105914610.JPG
emart24,코카)영진구론산탄산비타액병150ml,1300,2 + 1,https://msave.emart24.co.kr/cmsbo/upload/nHq/plu_image/500x500/8801105916829.JPG
emart24,매일)바리스타그란데아메리카노펫475ml,2700,2 + 1,https://msave.emart24.co.kr/cmsbo/upload/nHq/plu_image/500x500/8801121031834.JPG
emart24,매일)바리스타그란데라떼펫475ml,2700,2 + 1,https://msave.emart24.co.kr/cmsbo/upload/nHq/plu_image/500x500/8801121031858.JPG
emart24,일화)천연사이다캔350ml,1400,2 + 1,https://msave.emart24.co.kr/cmsbo/upload/nHq/plu_image/500x500/8801223007478.JPG
emart24,일화)맥콜캔250ml,1600,2 + 1,https://msave.emart24.co.kr/cmsbo/upload/nHq/plu_image/500x500/8801223100254.JPG
emart24,일화)맥콜펫500ml,2200,2 + 1,https://msave.emart24.co.kr/cmsbo/upload/nHq/plu_image/500x500/8801223100261.JPG
emart24,웅진)자연은감귤펫500ml,2350,2 + 1,https://msave.emart24.co.kr/cmsbo/upload/nHq/plu_image/500x500/8801382137917.JPG
emart24,웅진)자연은샤인머스캣펫500ml,2350,2 + 1,https://msave.emart24.co.kr/cmsbo/upload/nHq/plu_image/500x500/8801382149866.JPG
emart24,광동)옥수수수염차펫500ml,2200,2 + 1,https://msave.emart24.co.kr/cmsbo/upload/nHq/plu_image/500x500/8806002006437.JPG
emart24,광동)비타500병180ml,1900,2 + 1,https://msave.emart24.co.kr/cmsbo/upload/nHq/plu_image/500x500/8806002007298.JPG
emart24,현대)미에로화이바펫350ml,2200,2 + 1,https://msave.emart24.co.kr/cmsbo/upload/nHq/plu_image/500x500/8806004407133.JPG
emart24,동화)부채표미인활병75ml,1200,2 + 1,https://msave.emart24.co.kr/cmsbo/upload/nHq/plu_image/500x500/8806016311015.JPG
emart24,동화)까스명수골드병75ml,1200,2 + 1,https://msave.emart24.co.kr/cmsbo/upload/nHq/plu_image/500x500/8806102400265.JPG
emart24,광동)삼다수펫500ml(QR),1100,2 + 1,https://msave.emart24.co.kr/cmsbo/upload/nHq/plu_image/500x500/8808244101109.JPG
emart24,광동)삼다수펫1L(QR),1500,2 + 1,https://msave.emart24.co.kr/cmsbo/upload/nHq/plu_image/500x500/8808244101130.JPG
emart24,광동)삼다수펫500ml,1100,2 + 1,https://msave.emart24.co.kr/cmsbo/upload/nHq/plu_image/500x500/8808244201014.JPG
emart24,보람)사각사각마시는파인애플150ml,2400,2 + 1,https://msave.emart24.co.kr/cmsbo/upload/nHq/plu_image/500x500/8809005020646.JPG
emart24,보람)구기자소다캔350ml,1800,2 + 1,https://msave.emart24.co.kr/cmsbo/upload/nHq/plu_image/500x500/8809005020769.JPG
emart24,보람)수박소다캔350ml,1800,2 + 1,https://msave.emart24.co.kr/cmsbo/upload/nHq/plu_image/500x500/8809005029823.JPG
emart24,할리스)시그니처아메리카노펫550ml,3200,2 + 1,https://msave.emart24.co.kr/cmsbo/upload/nHq/plu_image/500x500/8809286695106.JPG
emart24,할리스)바닐라딜라이트로우슈거펫450ml,3200,2 + 1,https://msave.emart24.co.kr/cmsbo/upload/nHq/plu_image/500x500/8809286695120.JPG
emart24,할리스)디카페인아메리카노펫450ml,3200,2 + 1,https://msave.emart24.co.kr/cmsbo/upload/nHq/plu_image/500x500/8809286695731.JPG
emart24,BR)레인보우샤베트워터펫500ml,2500,2 + 1,https://msave.emart24.co.kr/cmsbo/upload/nHq/plu_image/500x500/8809288634967.JPG
emart24,BR)피치요거트워터펫500ml,2500,2 + 1,https://msave.emart24.co.kr/cmsbo/upload/nHq/plu_image/500x500/8809288634974.JPG
emart24,BR)망고탱고워터펫500ml,2500,2 + 1,https://msave.emart24.co.kr/cmsbo/upload/nHq/plu_image/500x500/8809288635315.JPG
emart24,천지개벽)제주한라봉스파클링캔355ml,1800,2 + 1,https://msave.emart24.co.kr/cmsbo/upload/nHq/plu_image/500x500/8809329050473.JPG
emart24,이디야)아메리카노펫500ml,2700,2 + 1,https://msave.emart24.co.kr/cmsbo/upload/nHq/plu_image/500x500/8809388465034.JPG
emart24,이디야)스위트아메리카노펫500ml,2700,2 + 1,https://msave.emart24.co.kr/cmsbo/upload/nHq/plu_image/500x500/8809388465041.JPG
emart24,이디야)바닐라라떼펫500ml,2700,2 + 1,https://msave.emart24.co.kr/cmsbo/upload/nHq/plu_image/500x500/8809388465058.JPG
emart24,HK)컨디션CEO병150ml,10000,2 + 1,https://msave.emart24.co.kr/cmsbo/upload/nHq/plu_image/500x500/8809422040876.JPG
emart24,이그니스)클룹제로소다포도캔500ml,2500,2 + 1,https://msave.emart24.co.kr/cmsbo/upload/nHq/plu_image/500x500/8809495075478.JPG
emart24,이그니스)클룹제로소다레몬캔500ml,2500,2 + 1,https://msave.emart24.co.kr/cmsbo/upload/nHq/plu_image/500x500/8809495077793.JPG
emart24,하베스트)라인프렌즈요구르트스파클링펫380ml,3300,2 + 1,https://msave.emart24.co.kr/cmsbo/upload/nHq/plu_image/500x500/8809916330964.JPG
emart24,싱하)소다워터병325ml,1500,2 + 1,https://msave.emart24.co.kr/cmsbo/upload/nHq/plu_image/500x500/8850999133003.JPG
emart24,동서)레드불캔355ml,3200,2 + 1,https://msave.emart24.co.kr/cmsbo/upload/nHq/plu_image/500x500/9002490232887.JPG
emart24,CJ)비비고썰은배추김치60g,1350,2 + 1,https://msave.emart24.co.kr/cmsbo/upload/nHq/plu_image/500x500/8801007280417.JPG
emart24,CJ)비비고썰은배추김치100g,2000,2 + 1,https://msave.emart24.co.kr/cmsbo/upload/nHq/plu_image/500x500/8801007280431.JPG
emart24,CJ)햇반스팸김치볶음밥컵220g,3900,2 + 1,https://msave.emart24.co.kr/cmsbo/upload/nHq/plu_image/500x500/8801007353395.JPG
emart24,CJ)비비고찐만두168g,4900,2 + 1,https://msave.emart24.co.kr/cmsbo/upload/nHq/plu_image/500x500/8801007429298.JPG
emart24,CJ)비비고썰은배추김치200g,3500,2 + 1,https://msave.emart24.co.kr/cmsbo/upload/nHq/plu_image/500x500/8801007529301.JPG
emart24,CJ)비비고찐만두청양고추168g,4900,2 + 1,https://msave.emart24.co.kr/cmsbo/upload/nHq/plu_image/500x500/8801007537740.JPG
emart24,CJ)비비고새우왕교자315g,6500,2 + 1,https://msave.emart24.co.kr/cmsbo/upload/nHq/plu_image/500x500/8801007555676.JPG
emart24,CJ)비비고김치볶음150g,3200,2 + 1,https://msave.emart24.co.kr/cmsbo/upload/nHq/plu_image/500x500/8801007636009.JPG
emart24,CJ)맥스봉직화구이꼬치바90g,2700,2 + 1,https://msave.emart24.co.kr/cmsbo/upload/nHq/plu_image/500x500/8801007835396.JPG
emart24,CJ)비비고진한김치만두200g,4900,2 + 1,https://msave.emart24.co.kr/cmsbo/upload/nHq/plu_image/500x500/8801007836270.JPG
emart24,CJ)비비고청양고기만두200g,4900,2 + 1,https://msave.emart24.co.kr/cmsbo/upload/nHq/plu_image/500x500/8801007836294.JPG
emart24,CJ)어묵떡볶이컵346g,3900,2 + 1,https://msave.emart24.co.kr/cmsbo/upload/nHq/plu_image/500x500/8801007841113.JPG
emart24,CJ)맥스봉직화구이꼬치바청양고추90g,2700,2 + 1,https://msave.emart24.co.kr/cmsbo/upload/nHq/plu_image/500x500/8801007880303.JPG
emart24,CJ)닭가슴살통살100g,4500,2 + 1,https://msave.emart24.co.kr/cmsbo/upload/nHq/plu_image/500x500/8801007880440.JPG
emart24,CJ)비비고순살고등어구이60g,7400,2 + 1,https://msave.emart24.co.kr/cmsbo/upload/nHq/plu_image/500x500/8801007917030.JPG
emart24,CJ)비비고순살삼치구이60g,7400,2 + 1,https://msave.emart24.co.kr/cmsbo/upload/nHq/plu_image/500x500/8801007917320.JPG
emart24,CJ)비비고육즙불고기찐만두168g,4900,2 + 1,https://msave.emart24.co.kr/cmsbo/upload/nHq/plu_image/500x500/8801007928906.JPG
emart24,CJ)닭가슴살직화통살페퍼100g,4500,2 + 1,https://msave.emart24.co.kr/cmsbo/upload/nHq/plu_image/500x500/8801007966724.JPG
emart24,CJ)비비고진한고기만두327g,6500,2 + 1,https://msave.emart24.co.kr/cmsbo/upload/nHq/plu_image/500x500/8801007980683.JPG
emart24,종가)열무김치80g,2100,2 + 1,https://msave.emart24.co.kr/cmsbo/upload/nHq/plu_image/500x500/8801024053674.JPG
emart24,종가)맛김치컵75g,1800,2 + 1,https://msave.emart24.co.kr/cmsbo/upload/nHq/plu_image/500x500/8801024190102.JPG
emart24,종가)맛김치컵130g,3000,2 + 1,https://msave.emart24.co.kr/cmsbo/upload/nHq/plu_image/500x500/8801024190201.JPG
emart24,오뚜기)진라면볶음밥컵230g,4500,2 + 1,https://msave.emart24.co.kr/cmsbo/upload/nHq/plu_image/500x500/8801045146980.JPG
emart24,오뚜기)순후추치킨180g,5600,2 + 1,https://msave.emart24.co.kr/cmsbo/upload/nHq/plu_image/500x500/8801045273570.JPG
emart24,오뚜기)순후추닭강정180G,5600,2 + 1,https://msave.emart24.co.kr/cmsbo/upload/nHq/plu_image/500x500/8801045350790.JPG
emart24,오뚜기)버팔로봉200g,7900,2 + 1,https://msave.emart24.co.kr/cmsbo/upload/nHq/plu_image/500x500/8801045607030.JPG
emart24,오뚜기)콤비네이션피자415g,8900,2 + 1,https://msave.emart24.co.kr/cmsbo/upload/nHq/plu_image/500x500/8801045750088.JPG
emart24,오뚜기)불고기피자396g,8900,2 + 1,https://msave.emart24.co.kr/cmsbo/upload/nHq/plu_image/500x500/8801045750095.JPG
emart24,오뚜기)바삭한빅핫도그120g,2800,2 + 1,https://msave.emart24.co.kr/cmsbo/upload/nHq/plu_image/500x500/8801045750743.JPG
emart24,오뚜기)바삭한모짜소떡핫도그100g,2800,2 + 1,https://msave.emart24.co.kr/cmsbo/upload/nHq/plu_image/500x500/8801045750750.JPG
emart24,오뚜기)참치김치치즈볶음밥230g,4500,2 + 1,https://msave.emart24.co.kr/cmsbo/upload/nHq/plu_image/500x500/8801045931234.JPG
emart24,오뚜기)새우볶음밥컵230g,4500,2 + 1,https://msave.emart24.co.kr/cmsbo/upload/nHq/plu_image/500x500/8801045941103.JPG
emart24,대상)안주야직화불막창160g(냉동),9500,2 + 1,https://msave.emart24.co.kr/cmsbo/upload/nHq/plu_image/500x500/8801052043845.JPG
emart24,대상)안주야직화무뼈닭발160g(냉동),9500,2 + 1,https://msave.emart24.co.kr/cmsbo/upload/nHq/plu_image/500x500/8801052043852.JPG
emart24,사조)숯불구이맛후랑크70g,2200,2 + 1,https://msave.emart24.co.kr/cmsbo/upload/nHq/plu_image/500x500/8801066019447.JPG
emart24,사조)닭가슴살마일드100g,5000,2 + 1,https://msave.emart24.co.kr/cmsbo/upload/nHq/plu_image/500x500/8801066056428.JPG
emart24,사조)닭가슴살블랙페퍼100g,5000,2 + 1,https://msave.emart24.co.kr/cmsbo/upload/nHq/plu_image/500x500/8801066056435.JPG
emart24,사조)불고기피자80g,3000,2 + 1,https://msave.emart24.co.kr/cmsbo/upload/nHq/plu_image/500x500/8801066066120.JPG
emart24,삼립)명인우동211g(2편),3800,2 + 1,https://msave.emart24.co.kr/cmsbo/upload/nHq/plu_image/500x500/8801068399141.JPG
emart24,삼립)장칼국수206g(2편),3800,2 + 1,https://msave.emart24.co.kr/cmsbo/upload/nHq/plu_image/500x500/8801068399165.JPG
emart24,삼립)동치미물냉면970g(2인분),8000,2 + 1,https://msave.emart24.co.kr/cmsbo/upload/nHq/plu_image/500x500/8801068913927.JPG
emart24,삼립)홍비빔냉면422g(2인분),8000,2 + 1,https://msave.emart24.co.kr/cmsbo/upload/nHq/plu_image/500x500/8801068913934.JPG
emart24,삼립)홍쫄면462g(2인분),8000,2 + 1,https://msave.emart24.co.kr/cmsbo/upload/nHq/plu_image/500x500/8801068915419.JPG
emart24,삼립)트리플치즈부리또125g,3500,2 + 1,https://msave.emart24.co.kr/cmsbo/upload/nHq/plu_image/500x500/8801068921403.JPG
emart24,삼립)트리플미트부리또125g,3500,2 + 1,https://msave.emart24.co.kr/cmsbo/upload/nHq/plu_image/500x500/8801068921410.JPG
emart24,삼립)슈프림치즈부리또120g,3500,2 + 1,https://msave.emart24.co.kr/cmsbo/upload/nHq/plu_image/500x500/8801068932157.JPG
emart24,삼립)불고기치즈부리또115g,3500,2 + 1,https://msave.emart24.co.kr/cmsbo/upload/nHq/plu_image/500x500/8801068932164.JPG
emart24,삼립)캐네디언그레이비해쉬부리또120g,3500,2 + 1,https://msave.emart24.co.kr/cmsbo/upload/nHq/plu_image/500x500/8801068941739.JPG
emart24,삼립)아메리칸딥치즈소시지부리또120g,3500,2 + 1,https://msave.emart24.co.kr/cmsbo/upload/nHq/plu_image/500x500/8801068941746.JPG
emart24,한성)크래미90g,3500,2 + 1,https://msave.emart24.co.kr/cmsbo/upload/nHq/plu_image/500x500/8801074255851.JPG
emart24,진주햄)천하장사50g,2400,2 + 1,https://msave.emart24.co.kr/cmsbo/upload/nHq/plu_image/500x500/8801077285800.JPG
emart24,진주햄)천하장사70g,2800,2 + 1,https://msave.emart24.co.kr/cmsbo/upload/nHq/plu_image/500x500/8801077308608.JPG
emart24,롯데)의성마늘프랑크70g,2600,2 + 1,https://msave.emart24.co.kr/cmsbo/upload/nHq/plu_image/500x500/8801123307289.JPG
emart24,롯데)의성마늘프랑크빅90g,2900,2 + 1,https://msave.emart24.co.kr/cmsbo/upload/nHq/plu_image/500x500/8801123309498.JPG
emart24,롯데)의성마늘프랑크녹찐치즈65g,2600,2 + 1,https://msave.emart24.co.kr/cmsbo/upload/nHq/plu_image/500x500/8801123311026.JPG
emart24,롯데)의성마늘프랑크매콤땡초65g,2600,2 + 1,https://msave.emart24.co.kr/cmsbo/upload/nHq/plu_image/500x500/8801123311057.JPG
emart24,CJ)삼호오뎅한그릇,3900,2 + 1,https://msave.emart24.co.kr/cmsbo/upload/nHq/plu_image/500x500/8801242001716.JPG
emart24,CJ)삼호얼큰오뎅한그릇,3900,2 + 1,https://msave.emart24.co.kr/cmsbo/upload/nHq/plu_image/500x500/8801242039085.JPG
emart24,CJ)밀국물떡볶이컵330g,3900,2 + 1,https://msave.emart24.co.kr/cmsbo/upload/nHq/plu_image/500x500/8801392121357.JPG
emart24,CJ)저당닭가슴살데리야끼맛120g,4900,2 + 1,https://msave.emart24.co.kr/cmsbo/upload/nHq/plu_image/500x500/8801392135903.JPG
emart24,CJ)저당닭가슴살숯불치킨맛120g,4900,2 + 1,https://msave.emart24.co.kr/cmsbo/upload/nHq/plu_image/500x500/8801392135927.JPG
emart24,CJ)닭강정200g,7800,2 + 1,https://msave.emart24.co.kr/cmsbo/upload/nHq/plu_image/500x500/8801392165696.JPG
emart24,하림)닭가슴살갈릭100g,5000,2 + 1,https://msave.emart24.co.kr/cmsbo/upload/nHq/plu_image/500x500/8801492373083.JPG
emart24,하림)맛닭가슴살새우100g,5000,2 + 1,https://msave.emart24.co.kr/cmsbo/upload/nHq/plu_image/500x500/8801492392466.JPG
emart24,하림)맛닭가슴살엽떡맛100g,5000,2 + 1,https://msave.emart24.co.kr/cmsbo/upload/nHq/plu_image/500x500/8801492392886.JPG
emart24,오뗄)킬바사200g,6700,2 + 1,https://msave.emart24.co.kr/cmsbo/upload/nHq/plu_image/500x500/8802266014423.JPG
emart24,오뗄)치즈킬바사200g,6700,2 + 1,https://msave.emart24.co.kr/cmsbo/upload/nHq/plu_image/500x500/8802266014515.JPG
emart24,크레이지치즈)콕콕프랑크65g,2300,2 + 1,https://msave.emart24.co.kr/cmsbo/upload/nHq/plu_image/500x500/8802266500803.JPG
emart24,MDS)라구파스타230g,4200,2 + 1,https://msave.emart24.co.kr/cmsbo/upload/nHq/plu_image/500x500/8805684010633.JPG
emart24,MDS)베이컨까르보나라230g(NEW),4200,2 + 1,https://msave.emart24.co.kr/cmsbo/upload/nHq/plu_image/500x500/8805684010640.JPG
emart24,MDS)투움바파스타230g(NEW),4200,2 + 1,https://msave.emart24.co.kr/cmsbo/upload/nHq/plu_image/500x500/8805684010657.JPG
emart24,MDS)베이컨로제파스타230g,4200,2 + 1,https://msave.emart24.co.kr/cmsbo/upload/nHq/plu_image/500x500/8805684010848.JPG
emart24,옐로우)매콤닭강정300g,6400,2 + 1,https://msave.emart24.co.kr/cmsbo/upload/nHq/plu_image/500x500/8809120777401.JPG
emart24,옐로우)달콤닭강정300g,6400,2 + 1,https://msave.emart24.co.kr/cmsbo/upload/nHq/plu_image/500x500/8809120777418.JPG
emart24,슈가로로)곤약젤리복숭아150g,1900,2 + 1,https://msave.emart24.co.kr/cmsbo/upload/nHq/plu_image/500x500/8809403535193.JPG
emart24,슈가로로)곤약젤리망고150g,1900,2 + 1,https://msave.emart24.co.kr/cmsbo/upload/nHq/plu_image/500x500/8809403535223.JPG
emart24,슈가로로)곤약젤리리치150g,1900,2 + 1,https://msave.emart24.co.kr/cmsbo/upload/nHq/plu_image/500x500/8809403536190.JPG
emart24,슈가로로)곤약젤리골드키위&파인150g,1900,2 + 1,https://msave.emart24.co.kr/cmsbo/upload/nHq/plu_image/500x500/8809403539184.JPG
emart24,하림)더미식제육볶음200g,8900,2 + 1,https://msave.emart24.co.kr/cmsbo/upload/nHq/plu_image/500x500/8809778498406.JPG
emart24,하림)더미식순살닭갈비200g,8900,2 + 1,https://msave.emart24.co.kr/cmsbo/upload/nHq/plu_image/500x500/8809778498413.JPG
emart24,제니코)플레인스트링치즈24g,1800,2 + 1,https://msave.emart24.co.kr/cmsbo/upload/nHq/plu_image/500x500/030900010991.JPG
emart24,롯데)허쉬쿠키앤크림40g(냉장),2000,2 + 1,https://msave.emart24.co.kr/cmsbo/upload/nHq/plu_image/500x500/034000239344.JPG
emart24,롯데)허쉬크리미밀크40g(냉장),2000,2 + 1,https://msave.emart24.co.kr/cmsbo/upload/nHq/plu_image/500x500/03424005.JPG
emart24,롯데)허쉬크리미밀크아몬드40g(냉장),2000,2 + 1,https://msave.emart24.co.kr/cmsbo/upload/nHq/plu_image/500x500/03424102.JPG
emart24,제니코)본가드체다스틱치즈28g,1800,2 + 1,https://msave.emart24.co.kr/cmsbo/upload/nHq/plu_image/500x500/071078700000.JPG
emart24,제니코)본가드마블잭스틱치즈28g,1800,2 + 1,https://msave.emart24.co.kr/cmsbo/upload/nHq/plu_image/500x500/071078700109.JPG
emart24,니베아)엑스트라브라이트데오60ml(스프레이),7900,2 + 1,https://msave.emart24.co.kr/cmsbo/upload/nHq/plu_image/500x500/4005808512836.JPG
emart24,니베아)센서티브쉐이빙폼200ml,7700,2 + 1,https://msave.emart24.co.kr/cmsbo/upload/nHq/plu_image/500x500/4005808817207.JPG
emart24,니베아)퍼펙트선세럼90ml,20800,2 + 1,https://msave.emart24.co.kr/cmsbo/upload/nHq/plu_image/500x500/4005808984763.JPG
emart24,히츨러)히치스수수깡젤리오리지날40g(A),2900,2 + 1,https://msave.emart24.co.kr/cmsbo/upload/nHq/plu_image/500x500/4100250052401.JPG
emart24,니베아)모이스처선로션100ml,17800,2 + 1,https://msave.emart24.co.kr/cmsbo/upload/nHq/plu_image/500x500/42467083.JPG
emart24,농심)보노콘스프3입,4400,2 + 1,https://msave.emart24.co.kr/cmsbo/upload/nHq/plu_image/500x500/4901001021994.JPG
emart24,농심)보노체다치즈스프3입,4400,2 + 1,https://msave.emart24.co.kr/cmsbo/upload/nHq/plu_image/500x500/4901001123094.JPG
emart24,훼밀리)S&B생와사비43g,4000,2 + 1,https://msave.emart24.co.kr/cmsbo/upload/nHq/plu_image/500x500/4901002166373.JPG
emart24,농심)치타라24g,3900,2 + 1,https://msave.emart24.co.kr/cmsbo/upload/nHq/plu_image/500x500/4902181097373.JPG
emart24,농심)야키호타테카이히모14g(가리비덧살),3900,2 + 1,https://msave.emart24.co.kr/cmsbo/upload/nHq/plu_image/500x500/4902181098738.JPG
emart24,비페스타)미셀라클렌징시트 모이스트10매,3800,2 + 1,https://msave.emart24.co.kr/cmsbo/upload/nHq/plu_image/500x500/4902806421552.JPG
emart24,네슬레)프루팁스70g,3000,2 + 1,https://msave.emart24.co.kr/cmsbo/upload/nHq/plu_image/500x500/6917878047201.JPG
emart24,옐로우)달콤바삭쌀과자100g(S),1900,2 + 1,https://msave.emart24.co.kr/cmsbo/upload/nHq/plu_image/500x500/6926215386002.JPG
emart24,옐로우)고소바삭쌀과자100g(S),1900,2 + 1,https://msave.emart24.co.kr/cmsbo/upload/nHq/plu_image/500x500/6926215386033.JPG
emart24,시원)키즈스타검볼35g,3500,2 + 1,https://msave.emart24.co.kr/cmsbo/upload/nHq/plu_image/500x500/6933618000046.JPG
emart24,시원)럭키잭팟검볼40g,3500,2 + 1,https://msave.emart24.co.kr/cmsbo/upload/nHq/plu_image/500x500/6933618000053.JPG
emart24,시원)슬램덩크검볼19g,3500,2 + 1,https://msave.emart24.co.kr/cmsbo/upload/nHq/plu_image/500x500/6933618000091.JPG
emart24,몽뜨)설곤약향라맛30g,1200,2 + 1,https://msave.emart24.co.kr/cmsbo/upload/nHq/plu_image/500x500/6940434621157.JPG
emart24,리콜라)무설탕크랜베리,3300,2 + 1,https://msave.emart24.co.kr/cmsbo/upload/nHq/plu_image/500x500/7610700009338.JPG
emart24,리콜라)무설탕레몬,3300,2 + 1,https://msave.emart24.co.kr/cmsbo/upload/nHq/plu_image/500x500/7610700607046.JPG
emart24,호올스)스트로베리27.9g,1200,2 + 1,https://msave.emart24.co.kr/cmsbo/upload/nHq/plu_image/500x500/7622202364471.JPG
emart24,보노미)글라사떼패스츄리135g,2000,2 + 1,https://msave.emart24.co.kr/cmsbo/upload/nHq/plu_image/500x500/8002720001253.JPG
emart24,씨21)그린올리브스낵,2100,2 + 1,https://msave.emart24.co.kr/cmsbo/upload/nHq/plu_image/500x500/819340003691.JPG
emart24,씨21)스파이시올리브스낵,2100,2 + 1,https://msave.emart24.co.kr/cmsbo/upload/nHq/plu_image/500x500/819340003707.JPG
emart24,랩노쉬)프로틴퍼펙트초코350ml,3800,2 + 1,https://msave.emart24.co.kr/cmsbo/upload/nHq/plu_image/500x500/8800261387450.JPG
emart24,랩노쉬)프로틴퍼펙트그레인350ml,3800,2 + 1,https://msave.emart24.co.kr/cmsbo/upload/nHq/plu_image/500x500/8800261387467.JPG
emart24,랩노쉬)프로틴퍼펙트바나나350ml,3800,2 + 1,https://msave.emart24.co.kr/cmsbo/upload/nHq/plu_image/500x500/8800261387474.JPG
emart24,랩노쉬)프로틴퍼펙트쿠앤크350ml,3800,2 + 1,https://msave.emart24.co.kr/cmsbo/upload/nHq/plu_image/500x500/8800261388594.JPG
emart24,에스엠)달광도넛초코45g,1500,2 + 1,https://msave.emart24.co.kr/cmsbo/upload/nHq/plu_image/500x500/8800263690008.JPG
emart24,에스엠)달광도넛바나나45g,1500,2 + 1,https://msave.emart24.co.kr/cmsbo/upload/nHq/plu_image/500x500/8800263690022.JPG
emart24,에스엠)달광도넛골드치즈45g,1500,2 + 1,https://msave.emart24.co.kr/cmsbo/upload/nHq/plu_image/500x500/8800263690046.JPG
emart24,바프)와삭콘치킨맛땅콩30g,1500,2 + 1,https://msave.emart24.co.kr/cmsbo/upload/nHq/plu_image/500x500/8800279453291.JPG
emart24,에이블)더블콘솜사탕18g,1800,2 + 1,https://msave.emart24.co.kr/cmsbo/upload/nHq/plu_image/500x500/8800292950098.JPG
emart24,하림)훌라면112g,1600,2 + 1,https://msave.emart24.co.kr/cmsbo/upload/nHq/plu_image/500x500/8800354750161.JPG
emart24,하림)훌라면112g*4입,6400,2 + 1,https://msave.emart24.co.kr/cmsbo/upload/nHq/plu_image/500x500/8800354750178.JPG
emart24,하림)치킨왕라면컵102g,1800,2 + 1,https://msave.emart24.co.kr/cmsbo/upload/nHq/plu_image/500x500/8800354750277.JPG
emart24,에스엠)삼각카스테라딸기90G,2000,2 + 1,https://msave.emart24.co.kr/cmsbo/upload/nHq/plu_image/500x500/8800359560000.JPG
emart24,에스엠)삼각카스테라초코90G,2000,2 + 1,https://msave.emart24.co.kr/cmsbo/upload/nHq/plu_image/500x500/8800359560017.JPG
emart24,에스엠)삼각카스테라치즈90G,2000,2 + 1,https://msave.emart24.co.kr/cmsbo/upload/nHq/plu_image/500x500/8800359560024.JPG
emart24,질러)부드러운육포30g,4900,2 + 1,https://msave.emart24.co.kr/cmsbo/upload/nHq/plu_image/500x500/8801005013116.JPG
emart24,질러)크레이지핫육포30g,4900,2 + 1,https://msave.emart24.co.kr/cmsbo/upload/nHq/plu_image/500x500/8801005013215.JPG
emart24,샘표)우리엄마고추장고기볶음95g(new),3400,2 + 1,https://msave.emart24.co.kr/cmsbo/upload/nHq/plu_image/500x500/8801005381819.JPG
emart24,샘표)메추리알장조림,3800,2 + 1,https://msave.emart24.co.kr/cmsbo/upload/nHq/plu_image/500x500/8801005484824.JPG
emart24,CJ)햇반작은공기130g,1700,2 + 1,https://msave.emart24.co.kr/cmsbo/upload/nHq/plu_image/500x500/8801007002989.JPG
emart24,CJ)맛밤80g,3900,2 + 1,https://msave.emart24.co.kr/cmsbo/upload/nHq/plu_image/500x500/8801007022635.JPG
emart24,CJ)스팸라이트200g,6900,2 + 1,https://msave.emart24.co.kr/cmsbo/upload/nHq/plu_image/500x500/8801007029658.JPG
emart24,CJ)햇반210g*6입,11200,2 + 1,https://msave.emart24.co.kr/cmsbo/upload/nHq/plu_image/500x500/8801007037783.JPG
emart24,CJ)큰햇반300g(30),2900,2 + 1,https://msave.emart24.co.kr/cmsbo/upload/nHq/plu_image/500x500/8801007054186.JPG
emart24,CJ)햇반200g*3입,5700,2 + 1,https://msave.emart24.co.kr/cmsbo/upload/nHq/plu_image/500x500/8801007066271.JPG
emart24,CJ)행복한콩모닝두부오리엔탈150G,2200,2 + 1,https://msave.emart24.co.kr/cmsbo/upload/nHq/plu_image/500x500/8801007069883.JPG
emart24,CJ)행복한콩모닝두부참깨드레싱150G,2200,2 + 1,https://msave.emart24.co.kr/cmsbo/upload/nHq/plu_image/500x500/8801007084930.JPG
emart24,CJ)해찬들태양초골드고추장1KG,20800,2 + 1,https://msave.emart24.co.kr/cmsbo/upload/nHq/plu_image/500x500/8801007166599.JPG
emart24,CJ)햇반작은공기130G*3,5100,2 + 1,https://msave.emart24.co.kr/cmsbo/upload/nHq/plu_image/500x500/8801007256238.JPG
emart24,CJ)햇반300g*3입,8300,2 + 1,https://msave.emart24.co.kr/cmsbo/upload/nHq/plu_image/500x500/8801007289649.JPG
emart24,CJ)햇반210g(48),2100,2 + 1,https://msave.emart24.co.kr/cmsbo/upload/nHq/plu_image/500x500/8801007310572.JPG
emart24,CJ)맛군밤60g,3900,2 + 1,https://msave.emart24.co.kr/cmsbo/upload/nHq/plu_image/500x500/8801007427386.JPG
emart24,CJ)스팸클래식340g,8900,2 + 1,https://msave.emart24.co.kr/cmsbo/upload/nHq/plu_image/500x500/8801007512235.JPG
emart24,CJ)스팸클래식200g,6900,2 + 1,https://msave.emart24.co.kr/cmsbo/upload/nHq/plu_image/500x500/8801007512259.JPG
emart24,CJ)비비고육개장500g,5900,2 + 1,https://msave.emart24.co.kr/cmsbo/upload/nHq/plu_image/500x500/8801007526515.JPG
emart24,CJ)비비고미역국500g,5900,2 + 1,https://msave.emart24.co.kr/cmsbo/upload/nHq/plu_image/500x500/8801007561677.JPG
emart24,CJ)햇반매일잡곡밥210g(36),2900,2 + 1,https://msave.emart24.co.kr/cmsbo/upload/nHq/plu_image/500x500/8801007684543.JPG
emart24,CJ)햇반매일찰잡곡밥210g(36),2900,2 + 1,https://msave.emart24.co.kr/cmsbo/upload/nHq/plu_image/500x500/8801007818955.JPG
emart24,CJ)반모두부300g,1900,2 + 1,https://msave.emart24.co.kr/cmsbo/upload/nHq/plu_image/500x500/8801007822921.JPG
emart24,CJ)햇반흑미밥130g,2100,2 + 1,https://msave.emart24.co.kr/cmsbo/upload/nHq/plu_image/500x500/8801007915340.JPG
emart24,CJ)햇반발아현미밥130g,2100,2 + 1,https://msave.emart24.co.kr/cmsbo/upload/nHq/plu_image/500x500/8801007915364.JPG
emart24,존슨즈)베이비로션100ml,6000,2 + 1,https://msave.emart24.co.kr/cmsbo/upload/nHq/plu_image/500x500/8801008002858.JPG
emart24,리스테린)쿨민트마일드250ml,5000,2 + 1,https://msave.emart24.co.kr/cmsbo/upload/nHq/plu_image/500x500/8801008003848.JPG
emart24,존슨즈)베이비오일125ml,6000,2 + 1,https://msave.emart24.co.kr/cmsbo/upload/nHq/plu_image/500x500/8801008021200.JPG
emart24,리스테린)쿨민트250ml,5000,2 + 1,https://msave.emart24.co.kr/cmsbo/upload/nHq/plu_image/500x500/8801008700105.JPG
emart24,리스테린)쿨민트100ml,2400,2 + 1,https://msave.emart24.co.kr/cmsbo/upload/nHq/plu_image/500x500/8801008700174.JPG
emart24,리스테린)그린티100ml,2400,2 + 1,https://msave.emart24.co.kr/cmsbo/upload/nHq/plu_image/500x500/8801008700389.JPG
emart24,큐원)상쾌환,2900,2 + 1,https://msave.emart24.co.kr/cmsbo/upload/nHq/plu_image/500x500/8801013770087.JPG
emart24,큐원)상쾌환3입,8500,2 + 1,https://msave.emart24.co.kr/cmsbo/upload/nHq/plu_image/500x500/8801013770155.JPG
emart24,큐원)상쾌환스틱(망고맛),3900,2 + 1,https://msave.emart24.co.kr/cmsbo/upload/nHq/plu_image/500x500/8801013776034.JPG
emart24,큐원)상쾌환스틱ZERO(청사과맛),3900,2 + 1,https://msave.emart24.co.kr/cmsbo/upload/nHq/plu_image/500x500/8801013776829.JPG
emart24,큐원)상쾌환스틱(샤인머스캣맛),3900,2 + 1,https://msave.emart24.co.kr/cmsbo/upload/nHq/plu_image/500x500/8801013777376.JPG
emart24,큐원)상쾌환스틱ZERO(복숭아맛),3900,2 + 1,https://msave.emart24.co.kr/cmsbo/upload/nHq/plu_image/500x500/8801013777390.JPG
emart24,해태)연양갱,900,2 + 1,https://msave.emart24.co.kr/cmsbo/upload/nHq/plu_image/500x500/8801019005909.JPG
emart24,해태)자유시간들60g,1500,2 + 1,https://msave.emart24.co.kr/cmsbo/upload/nHq/plu_image/500x500/8801019208300.JPG
emart24,해태)에이스121g,1700,2 + 1,https://msave.emart24.co.kr/cmsbo/upload/nHq/plu_image/500x500/8801019306907.JPG
emart24,해태)아이비58g(W),1200,2 + 1,https://msave.emart24.co.kr/cmsbo/upload/nHq/plu_image/500x500/8801019307652.JPG
emart24,해태)오예스360g,6600,2 + 1,https://msave.emart24.co.kr/cmsbo/upload/nHq/plu_image/500x500/8801019313219.JPG
emart24,해태)오예스쿠키&크림360g,6600,2 + 1,https://msave.emart24.co.kr/cmsbo/upload/nHq/plu_image/500x500/8801019314667.JPG
emart24,해태)초코홈런볼128g,5000,2 + 1,https://msave.emart24.co.kr/cmsbo/upload/nHq/plu_image/500x500/8801019316098.JPG
emart24,해태)구운고구마27g(30),1000,2 + 1,https://msave.emart24.co.kr/cmsbo/upload/nHq/plu_image/500x500/8801019319334.JPG
emart24,해태)구운감자1000(30),1000,2 + 1,https://msave.emart24.co.kr/cmsbo/upload/nHq/plu_image/500x500/8801019602498.JPG
emart24,해태)맛동산165g(중)(12),3200,2 + 1,https://msave.emart24.co.kr/cmsbo/upload/nHq/plu_image/500x500/8801019603426.JPG
emart24,해태)맛동산90g(10),2000,2 + 1,https://msave.emart24.co.kr/cmsbo/upload/nHq/plu_image/500x500/8801019608766.JPG
emart24,해태)구운양파60g(16),1700,2 + 1,https://msave.emart24.co.kr/cmsbo/upload/nHq/plu_image/500x500/8801019611049.JPG
emart24,크레이지치즈)구운치즈맛55g(16),1700,2 + 1,https://msave.emart24.co.kr/cmsbo/upload/nHq/plu_image/500x500/8801019613531.JPG
emart24,정식품)달콤한B검은콩두유병190ml,2000,2 + 1,https://msave.emart24.co.kr/cmsbo/upload/nHq/plu_image/500x500/8801033799075.JPG
emart24,정식품)베지밀검은콩아몬드호두팩190ml,1400,2 + 1,https://msave.emart24.co.kr/cmsbo/upload/nHq/plu_image/500x500/8801033801891.JPG
emart24,정식품)아몬드호두병190ml,2000,2 + 1,https://msave.emart24.co.kr/cmsbo/upload/nHq/plu_image/500x500/8801033803031.JPG
emart24,정식품)베지밀데일리저당두유190ml,1400,2 + 1,https://msave.emart24.co.kr/cmsbo/upload/nHq/plu_image/500x500/8801033812439.JPG
emart24,맥심)슈프림골드커피믹스20입,6700,2 + 1,https://msave.emart24.co.kr/cmsbo/upload/nHq/plu_image/500x500/8801037003048.JPG
emart24,맥심)모카골드제로슈거20입,7600,2 + 1,https://msave.emart24.co.kr/cmsbo/upload/nHq/plu_image/500x500/8801037015447.JPG
emart24,동서)카누마일드아메리카노10입,5900,2 + 1,https://msave.emart24.co.kr/cmsbo/upload/nHq/plu_image/500x500/8801037049589.JPG
emart24,동서)카누바닐라라떼8입,7100,2 + 1,https://msave.emart24.co.kr/cmsbo/upload/nHq/plu_image/500x500/8801037075519.JPG
emart24,오레오)딸기크림100g(24),2300,2 + 1,https://msave.emart24.co.kr/cmsbo/upload/nHq/plu_image/500x500/8801037088243.JPG
emart24,동서)오레오웨하스스틱(낱개),700,2 + 1,https://msave.emart24.co.kr/cmsbo/upload/nHq/plu_image/500x500/8801037090178.JPG
emart24,오레오)씬즈화이트크림84g(24),2300,2 + 1,https://msave.emart24.co.kr/cmsbo/upload/nHq/plu_image/500x500/8801037091113.JPG
emart24,리츠)크래커80g(24),2000,2 + 1,https://msave.emart24.co.kr/cmsbo/upload/nHq/plu_image/500x500/8801037091519.JPG
emart24,리츠)치즈샌드,2400,2 + 1,https://msave.emart24.co.kr/cmsbo/upload/nHq/plu_image/500x500/8801037091526.JPG
emart24,리츠)레몬샌드96g,2400,2 + 1,https://msave.emart24.co.kr/cmsbo/upload/nHq/plu_image/500x500/8801037093452.JPG
emart24,리츠)샌드위치크래커초코77g,2000,2 + 1,https://msave.emart24.co.kr/cmsbo/upload/nHq/plu_image/500x500/8801037094374.JPG
emart24,리츠)샌드위치크래커화이트77g,2000,2 + 1,https://msave.emart24.co.kr/cmsbo/upload/nHq/plu_image/500x500/8801037094664.JPG
emart24,동서)포스트단백질바50g,2100,2 + 1,https://msave.emart24.co.kr/cmsbo/upload/nHq/plu_image/500x500/8801037094701.JPG
emart24,오레오)씬즈초코크림84g(24),2300,2 + 1,https://msave.emart24.co.kr/cmsbo/upload/nHq/plu_image/500x500/8801037094763.JPG
emart24,오레오)민트초코80g(24),2300,2 + 1,https://msave.emart24.co.kr/cmsbo/upload/nHq/plu_image/500x500/8801037094909.JPG
emart24,오레오)시나몬번80g(24),2300,2 + 1,https://msave.emart24.co.kr/cmsbo/upload/nHq/plu_image/500x500/8801037095302.JPG
emart24,동서)콘푸라이트밀크바35g,1900,2 + 1,https://msave.emart24.co.kr/cmsbo/upload/nHq/plu_image/500x500/8801037095845.JPG
emart24,동서)포스트오곡코코볼바33g,1900,2 + 1,https://msave.emart24.co.kr/cmsbo/upload/nHq/plu_image/500x500/8801037095876.JPG
emart24,리츠)어니언크래커73g,2000,2 + 1,https://msave.emart24.co.kr/cmsbo/upload/nHq/plu_image/500x500/8801037096217.JPG
emart24,동서)포스트에너지바밸런스50g,2100,2 + 1,https://msave.emart24.co.kr/cmsbo/upload/nHq/plu_image/500x500/8801037096460.JPG
emart24,동서)포스트에너지바액티브45g,2100,2 + 1,https://msave.emart24.co.kr/cmsbo/upload/nHq/plu_image/500x500/8801037096491.JPG
emart24,동서)포스트아몬드후레이크컵시리얼,2400,2 + 1,https://msave.emart24.co.kr/cmsbo/upload/nHq/plu_image/500x500/8801037097795.JPG
emart24,동서)포스트크랜베리아몬드컵시리얼,2400,2 + 1,https://msave.emart24.co.kr/cmsbo/upload/nHq/plu_image/500x500/8801037097801.JPG
emart24,포스트크리치오컵시리얼,2400,2 + 1,https://msave.emart24.co.kr/cmsbo/upload/nHq/plu_image/500x500/8801037097818.JPG
emart24,리츠)바삭김맛73g(24),2000,2 + 1,https://msave.emart24.co.kr/cmsbo/upload/nHq/plu_image/500x500/8801037097900.JPG
emart24,리츠)맥시칸타코맛73g(24),2000,2 + 1,https://msave.emart24.co.kr/cmsbo/upload/nHq/plu_image/500x500/8801037098921.JPG
emart24,동서)포스트그래놀라저당컵시리얼,2400,2 + 1,https://msave.emart24.co.kr/cmsbo/upload/nHq/plu_image/500x500/8801037099768.JPG
emart24,동서)포스트오레오오즈바딥초코26g,1900,2 + 1,https://msave.emart24.co.kr/cmsbo/upload/nHq/plu_image/500x500/8801037099966.JPG
emart24,동서)포스트오레오오즈바24g,1900,2 + 1,https://msave.emart24.co.kr/cmsbo/upload/nHq/plu_image/500x500/8801037099973.JPG
emart24,사조)쥐포후라이드허니소이맛40g,5900,2 + 1,https://msave.emart24.co.kr/cmsbo/upload/nHq/plu_image/500x500/8801039011775.JPG
emart24,사조)쥐포후라이드불닭맛40g,5900,2 + 1,https://msave.emart24.co.kr/cmsbo/upload/nHq/plu_image/500x500/8801039011782.JPG
emart24,농심)둥지비빔냉면(봉지),2250,2 + 1,https://msave.emart24.co.kr/cmsbo/upload/nHq/plu_image/500x500/8801043003964.JPG
emart24,농심)둥지동치미물냉면(봉지),2250,2 + 1,https://msave.emart24.co.kr/cmsbo/upload/nHq/plu_image/500x500/8801043003988.JPG
emart24,농심)메밀소바(봉지),1400,2 + 1,https://msave.emart24.co.kr/cmsbo/upload/nHq/plu_image/500x500/8801043004398.JPG
emart24,농심)둥지비빔냉면봉지*4입,9000,2 + 1,https://msave.emart24.co.kr/cmsbo/upload/nHq/plu_image/500x500/8801043004978.JPG
emart24,농심)둥지동치미물냉면봉지*4입,9000,2 + 1,https://msave.emart24.co.kr/cmsbo/upload/nHq/plu_image/500x500/8801043004985.JPG
emart24,농심)누들핏육개장사발면맛(소컵),1800,2 + 1,https://msave.emart24.co.kr/cmsbo/upload/nHq/plu_image/500x500/8801043006460.JPG
emart24,농심)누들핏김치사발면맛(소컵),1800,2 + 1,https://msave.emart24.co.kr/cmsbo/upload/nHq/plu_image/500x500/8801043006538.JPG
emart24,농심)배홍동큰사발(큰컵),1800,2 + 1,https://msave.emart24.co.kr/cmsbo/upload/nHq/plu_image/500x500/8801043011235.JPG
emart24,농심)누들핏짜파구리맛(소컵),1800,2 + 1,https://msave.emart24.co.kr/cmsbo/upload/nHq/plu_image/500x500/8801043012577.JPG
emart24,농심)오징어짬뽕소컵,1250,2 + 1,https://msave.emart24.co.kr/cmsbo/upload/nHq/plu_image/500x500/8801043015745.JPG
emart24,농심)너구리소컵,1250,2 + 1,https://msave.emart24.co.kr/cmsbo/upload/nHq/plu_image/500x500/8801043015837.JPG
emart24,농심)새우탕큰사발,1500,2 + 1,https://msave.emart24.co.kr/cmsbo/upload/nHq/plu_image/500x500/8801043015967.JPG
emart24,농심)신라면툼바큰사발,1800,2 + 1,https://msave.emart24.co.kr/cmsbo/upload/nHq/plu_image/500x500/8801043017022.JPG
emart24,농심)신라면툼바봉지,1500,2 + 1,https://msave.emart24.co.kr/cmsbo/upload/nHq/plu_image/500x500/8801043018951.JPG
emart24,농심)신라면툼바봉지*4입,6000,2 + 1,https://msave.emart24.co.kr/cmsbo/upload/nHq/plu_image/500x500/8801043019002.JPG
emart24,농심)짜파게티더블랙큰사발,1800,2 + 1,https://msave.emart24.co.kr/cmsbo/upload/nHq/plu_image/500x500/8801043022262.JPG
emart24,농심)메밀소바봉지면*5입,7000,2 + 1,https://msave.emart24.co.kr/cmsbo/upload/nHq/plu_image/500x500/8801043027113.JPG
emart24,농심)누들핏튀김우동맛(소컵),1800,2 + 1,https://msave.emart24.co.kr/cmsbo/upload/nHq/plu_image/500x500/8801043028448.JPG
emart24,농심)배홍동칼빔면봉지,1700,2 + 1,https://msave.emart24.co.kr/cmsbo/upload/nHq/plu_image/500x500/8801043029964.JPG
emart24,농심)배홍동칼빔면봉지*4입,6800,2 + 1,https://msave.emart24.co.kr/cmsbo/upload/nHq/plu_image/500x500/8801043029995.JPG
emart24,농심)닭다리66g(20),1700,2 + 1,https://msave.emart24.co.kr/cmsbo/upload/nHq/plu_image/500x500/8801043036535.JPG
emart24,농심)라뽁구리큰사발,1900,2 + 1,https://msave.emart24.co.kr/cmsbo/upload/nHq/plu_image/500x500/8801043044592.JPG
emart24,츄파춥스)플러피판다60g,1400,2 + 1,https://msave.emart24.co.kr/cmsbo/upload/nHq/plu_image/500x500/8801043047081.JPG
emart24,농심)감자면매운맛큰사발,1800,2 + 1,https://msave.emart24.co.kr/cmsbo/upload/nHq/plu_image/500x500/8801043047784.JPG
emart24,농심)누들핏새우탕면맛(소컵),1800,2 + 1,https://msave.emart24.co.kr/cmsbo/upload/nHq/plu_image/500x500/8801043047838.JPG
emart24,농심)신라면건면사발면,1800,2 + 1,https://msave.emart24.co.kr/cmsbo/upload/nHq/plu_image/500x500/8801043056489.JPG
emart24,농심)신라면골드봉지,1500,2 + 1,https://msave.emart24.co.kr/cmsbo/upload/nHq/plu_image/500x500/8801043056953.JPG
emart24,농심)신라면골드봉지*4입,6000,2 + 1,https://msave.emart24.co.kr/cmsbo/upload/nHq/plu_image/500x500/8801043056977.JPG
emart24,농심)배홍동막국수봉지,1700,2 + 1,https://msave.emart24.co.kr/cmsbo/upload/nHq/plu_image/500x500/8801043060127.JPG
emart24,농심)배홍동막국수봉지*4입,6800,2 + 1,https://msave.emart24.co.kr/cmsbo/upload/nHq/plu_image/500x500/8801043060158.JPG
emart24,농심)배홍동비빔면,1250,2 + 1,https://msave.emart24.co.kr/cmsbo/upload/nHq/plu_image/500x500/8801043060356.JPG
emart24,농심)배홍동비빔면*4입,5000,2 + 1,https://msave.emart24.co.kr/cmsbo/upload/nHq/plu_image/500x500/8801043060370.JPG
emart24,농심)빵부장솔티꽈배기55g(16),1700,2 + 1,https://msave.emart24.co.kr/cmsbo/upload/nHq/plu_image/500x500/8801043062107.JPG
emart24,농심)신라면로제큰사발면,1800,2 + 1,https://msave.emart24.co.kr/cmsbo/upload/nHq/plu_image/500x500/8801043062435.JPG
emart24,농심)망고킥60g(16),1700,2 + 1,https://msave.emart24.co.kr/cmsbo/upload/nHq/plu_image/500x500/8801043064767.JPG
emart24,농심)신라면로제봉지,1500,2 + 1,https://msave.emart24.co.kr/cmsbo/upload/nHq/plu_image/500x500/8801043065368.JPG
emart24,농심)신라면로제봉지(4입),6000,2 + 1,https://msave.emart24.co.kr/cmsbo/upload/nHq/plu_image/500x500/8801043065382.JPG
emart24,농심)배홍동쫄쫄면,1700,2 + 1,https://msave.emart24.co.kr/cmsbo/upload/nHq/plu_image/500x500/8801043067430.JPG
emart24,농심)배홍동쫄쫄면*4입,6800,2 + 1,https://msave.emart24.co.kr/cmsbo/upload/nHq/plu_image/500x500/8801043067454.JPG
emart24,농심)포테토칩엽떡로제맛55g(16),1700,2 + 1,https://msave.emart24.co.kr/cmsbo/upload/nHq/plu_image/500x500/8801043067799.JPG
emart24,농심)신라면더레드(봉지),1500,2 + 1,https://msave.emart24.co.kr/cmsbo/upload/nHq/plu_image/500x500/8801043069649.JPG
emart24,농심)신라면더레드봉지*4입,6000,2 + 1,https://msave.emart24.co.kr/cmsbo/upload/nHq/plu_image/500x500/8801043069663.JPG
emart24,오뚜기)짜슐랭봉지면,1200,2 + 1,https://msave.emart24.co.kr/cmsbo/upload/nHq/plu_image/500x500/8801045033181.JPG
emart24,오뚜기)진밀면,1700,2 + 1,https://msave.emart24.co.kr/cmsbo/upload/nHq/plu_image/500x500/8801045161020.JPG
emart24,오뚜기)뿌셔뿌셔양념치킨맛팝콘45g(12),2000,2 + 1,https://msave.emart24.co.kr/cmsbo/upload/nHq/plu_image/500x500/8801045258218.JPG
emart24,오뚜기)스위트콘나쵸60g(12),1800,2 + 1,https://msave.emart24.co.kr/cmsbo/upload/nHq/plu_image/500x500/8801045314556.JPG
emart24,오뚜기)컵누들진짬뽕맛소컵,1800,2 + 1,https://msave.emart24.co.kr/cmsbo/upload/nHq/plu_image/500x500/8801045315072.JPG
emart24,오뚜기)LIGHT&JOY당을줄인컵누들로제맛컵,1800,2 + 1,https://msave.emart24.co.kr/cmsbo/upload/nHq/plu_image/500x500/8801045335612.JPG
emart24,오뚜기)찍어먹는뿌셔뿌셔구운양파맛90g(24),1500,2 + 1,https://msave.emart24.co.kr/cmsbo/upload/nHq/plu_image/500x500/8801045366227.JPG
emart24,오뚜기)뿌셔뿌셔불고기맛팝콘45g(12),2000,2 + 1,https://msave.emart24.co.kr/cmsbo/upload/nHq/plu_image/500x500/8801045387802.JPG
emart24,오뚜기)진밀면(4입),6800,2 + 1,https://msave.emart24.co.kr/cmsbo/upload/nHq/plu_image/500x500/8801045402383.JPG
emart24,오뚜기)진비빔면(큰컵),1800,2 + 1,https://msave.emart24.co.kr/cmsbo/upload/nHq/plu_image/500x500/8801045431314.JPG
emart24,오뚜기)컵누들마라탕소컵,1800,2 + 1,https://msave.emart24.co.kr/cmsbo/upload/nHq/plu_image/500x500/8801045512518.JPG
emart24,오뚜기)진비빔면봉지,1250,2 + 1,https://msave.emart24.co.kr/cmsbo/upload/nHq/plu_image/500x500/8801045526294.JPG
emart24,오뚜기)진비빔면봉지*4입,5000,2 + 1,https://msave.emart24.co.kr/cmsbo/upload/nHq/plu_image/500x500/8801045526317.JPG
emart24,오뚜기)진라면순한맛큰컵,1400,2 + 1,https://msave.emart24.co.kr/cmsbo/upload/nHq/plu_image/500x500/8801045571362.JPG
emart24,오뚜기)컵누들매콤한맛소컵,1800,2 + 1,https://msave.emart24.co.kr/cmsbo/upload/nHq/plu_image/500x500/8801045571577.JPG
emart24,오뚜기)컵누들우동맛소컵,1800,2 + 1,https://msave.emart24.co.kr/cmsbo/upload/nHq/plu_image/500x500/8801045571867.JPG
emart24,오뚜기)컵누들베트남쌀국수맛소컵,1800,2 + 1,https://msave.emart24.co.kr/cmsbo/upload/nHq/plu_image/500x500/8801045574097.JPG
emart24,오뚜기)진짬뽕용기큰컵,2000,2 + 1,https://msave.emart24.co.kr/cmsbo/upload/nHq/plu_image/500x500/8801045574585.JPG
emart24,오뚜기)컵누들열라면컵35g,1800,2 + 1,https://msave.emart24.co.kr/cmsbo/upload/nHq/plu_image/500x500/8801045584669.JPG
emart24,오뚜기)진라면약간매운맛소컵,1100,2 + 1,https://msave.emart24.co.kr/cmsbo/upload/nHq/plu_image/500x500/8801045643359.JPG
emart24,오뚜기)순후추팝콘55g(12),1800,2 + 1,https://msave.emart24.co.kr/cmsbo/upload/nHq/plu_image/500x500/8801045652573.JPG
emart24,오뚜기)로열라면용기,2000,2 + 1,https://msave.emart24.co.kr/cmsbo/upload/nHq/plu_image/500x500/8801045654348.JPG
emart24,오뚜기)짜슐랭봉지면*5입,6000,2 + 1,https://msave.emart24.co.kr/cmsbo/upload/nHq/plu_image/500x500/8801045662305.JPG
emart24,오뚜기)컵떡볶이오리지널,3900,2 + 1,https://msave.emart24.co.kr/cmsbo/upload/nHq/plu_image/500x500/8801045676869.JPG
emart24,오뚜기)컵누들참깨라면맛소컵,1800,2 + 1,https://msave.emart24.co.kr/cmsbo/upload/nHq/plu_image/500x500/8801045684192.JPG
emart24,오뚜기)육개장소컵,1100,2 + 1,https://msave.emart24.co.kr/cmsbo/upload/nHq/plu_image/500x500/8801045702643.JPG
emart24,오뚜기)열라면프레첼50g(20),1700,2 + 1,https://msave.emart24.co.kr/cmsbo/upload/nHq/plu_image/500x500/8801045768014.JPG
emart24,오뚜기)저당컵누들불닭맛컵42g,1800,2 + 1,https://msave.emart24.co.kr/cmsbo/upload/nHq/plu_image/500x500/8801045779959.JPG
emart24,오뚜기)진라면약간매운맛큰컵,1400,2 + 1,https://msave.emart24.co.kr/cmsbo/upload/nHq/plu_image/500x500/8801045823898.JPG
emart24,오뚜기)제주똣똣라면100g,2300,2 + 1,https://msave.emart24.co.kr/cmsbo/upload/nHq/plu_image/500x500/8801045833934.JPG
emart24,오뚜기)컵떡볶이로제,3900,2 + 1,https://msave.emart24.co.kr/cmsbo/upload/nHq/plu_image/500x500/8801045906560.JPG
emart24,동원)매운고추참치90g,3300,2 + 1,https://msave.emart24.co.kr/cmsbo/upload/nHq/plu_image/500x500/8801047119395.JPG
emart24,동원)야채참치90g,3300,2 + 1,https://msave.emart24.co.kr/cmsbo/upload/nHq/plu_image/500x500/8801047121312.JPG
emart24,동원)야채참치150g,4400,2 + 1,https://msave.emart24.co.kr/cmsbo/upload/nHq/plu_image/500x500/8801047121350.JPG
emart24,동원)김치찌개용참치90g,3300,2 + 1,https://msave.emart24.co.kr/cmsbo/upload/nHq/plu_image/500x500/8801047121923.JPG
emart24,동원)고추참치150g,4400,2 + 1,https://msave.emart24.co.kr/cmsbo/upload/nHq/plu_image/500x500/8801047123750.JPG
emart24,동원)양반전복죽285g,4500,2 + 1,https://msave.emart24.co.kr/cmsbo/upload/nHq/plu_image/500x500/8801047161578.JPG
emart24,동원)양반참치죽287.5g,4500,2 + 1,https://msave.emart24.co.kr/cmsbo/upload/nHq/plu_image/500x500/8801047161585.JPG
emart24,동원)양반단호박죽285g,4500,2 + 1,https://msave.emart24.co.kr/cmsbo/upload/nHq/plu_image/500x500/8801047161592.JPG
emart24,동원)양반밤단팥죽285g,4500,2 + 1,https://msave.emart24.co.kr/cmsbo/upload/nHq/plu_image/500x500/8801047161653.JPG
emart24,동원)양반누룽지닭죽285g,4500,2 + 1,https://msave.emart24.co.kr/cmsbo/upload/nHq/plu_image/500x500/8801047161677.JPG
emart24,동원)리챔120g,4200,2 + 1,https://msave.emart24.co.kr/cmsbo/upload/nHq/plu_image/500x500/8801047181002.JPG
emart24,동원)리챔200g,6200,2 + 1,https://msave.emart24.co.kr/cmsbo/upload/nHq/plu_image/500x500/8801047181040.JPG
emart24,동원)상상육포스테이크40g,5900,2 + 1,https://msave.emart24.co.kr/cmsbo/upload/nHq/plu_image/500x500/8801047183655.JPG
emart24,동원)상상육포비프앤치즈30g,4600,2 + 1,https://msave.emart24.co.kr/cmsbo/upload/nHq/plu_image/500x500/8801047183860.JPG
emart24,동원)상상육포안심30g,4600,2 + 1,https://msave.emart24.co.kr/cmsbo/upload/nHq/plu_image/500x500/8801047183877.JPG
emart24,동원)상상육포불닭BBQ36g,4600,2 + 1,https://msave.emart24.co.kr/cmsbo/upload/nHq/plu_image/500x500/8801047183884.JPG
emart24,동원)상상육포페퍼앤솔트30g,4600,2 + 1,https://msave.emart24.co.kr/cmsbo/upload/nHq/plu_image/500x500/8801047183891.JPG
emart24,동원)양반참기름식탁김17g,2000,2 + 1,https://msave.emart24.co.kr/cmsbo/upload/nHq/plu_image/500x500/8801047222118.JPG
emart24,동원)양반더바삭한김5g,1000,2 + 1,https://msave.emart24.co.kr/cmsbo/upload/nHq/plu_image/500x500/8801047224259.JPG
emart24,동원)양반김부각오리지널50g,4200,2 + 1,https://msave.emart24.co.kr/cmsbo/upload/nHq/plu_image/500x500/8801047228394.JPG
emart24,동원)쌀떡국큰컵,3900,2 + 1,https://msave.emart24.co.kr/cmsbo/upload/nHq/plu_image/500x500/8801047416395.JPG
emart24,동원)뉴트리플랜흰살참치와멸치160g,2000,2 + 1,https://msave.emart24.co.kr/cmsbo/upload/nHq/plu_image/500x500/8801047642008.JPG
emart24,동원)뉴트리플랜흰살참치와닭가슴살160g,2000,2 + 1,https://msave.emart24.co.kr/cmsbo/upload/nHq/plu_image/500x500/8801047642015.JPG
emart24,동원)뉴트리플랜흰살참치와치즈160g,2000,2 + 1,https://msave.emart24.co.kr/cmsbo/upload/nHq/plu_image/500x500/8801047642022.JPG
emart24,동원)뉴트리플랜흰살참치와연어160g,2000,2 + 1,https://msave.emart24.co.kr/cmsbo/upload/nHq/plu_image/500x500/8801047642268.JPG
emart24,뉴트리플랜)라이트팝자색고구마34g,4500,2 + 1,https://msave.emart24.co.kr/cmsbo/upload/nHq/plu_image/500x500/8801047644613.JPG
emart24,뉴트리플랜)라이트팝단호박34g,4500,2 + 1,https://msave.emart24.co.kr/cmsbo/upload/nHq/plu_image/500x500/8801047644637.JPG
emart24,동원)참치튜나페고소마요129g,4900,2 + 1,https://msave.emart24.co.kr/cmsbo/upload/nHq/plu_image/500x500/8801047828396.JPG
emart24,페리오)46cm마우스스프레이6.2ml,4200,2 + 1,https://msave.emart24.co.kr/cmsbo/upload/nHq/plu_image/500x500/8801051057638.JPG
emart24,청정원)고구마츄60G,3900,2 + 1,https://msave.emart24.co.kr/cmsbo/upload/nHq/plu_image/500x500/8801052004068.JPG
emart24,청정원)순창양념쌈장190g(파우치),3300,2 + 1,https://msave.emart24.co.kr/cmsbo/upload/nHq/plu_image/500x500/8801052105031.JPG
emart24,청정원)순창청양초쌈장190g(파우치),3300,2 + 1,https://msave.emart24.co.kr/cmsbo/upload/nHq/plu_image/500x500/8801052105048.JPG
emart24,청정원)멸치컵쌀국수소컵58g,2000,2 + 1,https://msave.emart24.co.kr/cmsbo/upload/nHq/plu_image/500x500/8801052115283.JPG
emart24,롯데)오트몬드프로틴초코250ml,2900,2 + 1,https://msave.emart24.co.kr/cmsbo/upload/nHq/plu_image/500x500/8801056249038.JPG
emart24,롯데)오트몬드프로틴쿠앤크250ml,2900,2 + 1,https://msave.emart24.co.kr/cmsbo/upload/nHq/plu_image/500x500/8801056249076.JPG
emart24,롯데)콜드오렌지펫250ml,1600,2 + 1,https://msave.emart24.co.kr/cmsbo/upload/nHq/plu_image/500x500/8801056623012.JPG
emart24,롯데)콜드포도펫250ml,1600,2 + 1,https://msave.emart24.co.kr/cmsbo/upload/nHq/plu_image/500x500/8801056624019.JPG
emart24,롯데)오트몬드프로틴커피250ml,2900,2 + 1,https://msave.emart24.co.kr/cmsbo/upload/nHq/plu_image/500x500/8801056911799.JPG
emart24,롯데)꼬깔콘고소한맛134g(중)(12),3400,2 + 1,https://msave.emart24.co.kr/cmsbo/upload/nHq/plu_image/500x500/8801062010578.JPG
emart24,롯데)꼬깔콘군옥수수맛134g(중)(12),3400,2 + 1,https://msave.emart24.co.kr/cmsbo/upload/nHq/plu_image/500x500/8801062011315.JPG
emart24,롯데)꼬깔콘매콤달콤한맛134g(중)(12),3400,2 + 1,https://msave.emart24.co.kr/cmsbo/upload/nHq/plu_image/500x500/8801062011339.JPG
emart24,롯데)도리토스갈비천왕치킨맛84g(12),1700,2 + 1,https://msave.emart24.co.kr/cmsbo/upload/nHq/plu_image/500x500/8801062014002.JPG
emart24,롯데)가나초코바아몬드43g,1300,2 + 1,https://msave.emart24.co.kr/cmsbo/upload/nHq/plu_image/500x500/8801062278053.JPG
emart24,롯데)치토스스모키바베큐맛(12),1700,2 + 1,https://msave.emart24.co.kr/cmsbo/upload/nHq/plu_image/500x500/8801062289936.JPG
emart24,롯데)치토스매콤달콤한맛(12),1700,2 + 1,https://msave.emart24.co.kr/cmsbo/upload/nHq/plu_image/500x500/8801062380015.JPG
emart24,롯데)도리토스나쵸치즈84g(12),1700,2 + 1,https://msave.emart24.co.kr/cmsbo/upload/nHq/plu_image/500x500/8801062381814.JPG
emart24,롯데)가나초코바45g,1300,2 + 1,https://msave.emart24.co.kr/cmsbo/upload/nHq/plu_image/500x500/8801062628773.JPG
emart24,롯데)키세스밀크52g(냉장),2700,2 + 1,https://msave.emart24.co.kr/cmsbo/upload/nHq/plu_image/500x500/8801062641826.JPG
emart24,롯데)키세스아몬드52g(냉장),2700,2 + 1,https://msave.emart24.co.kr/cmsbo/upload/nHq/plu_image/500x500/8801062641895.JPG
emart24,롯데)키세스쿠앤크52g(냉장),2700,2 + 1,https://msave.emart24.co.kr/cmsbo/upload/nHq/plu_image/500x500/8801062642021.JPG
emart24,삼립)잼있는사과쿠키,1300,2 + 1,https://msave.emart24.co.kr/cmsbo/upload/nHq/plu_image/500x500/8801068371192.JPG
emart24,삼립)잼있는딸기쿠키,1300,2 + 1,https://msave.emart24.co.kr/cmsbo/upload/nHq/plu_image/500x500/8801068371208.JPG
emart24,삼립)초코블랑48g,1500,2 + 1,https://msave.emart24.co.kr/cmsbo/upload/nHq/plu_image/500x500/8801068392944.JPG
emart24,삼립)신선가득꿀호떡200g,2300,2 + 1,https://msave.emart24.co.kr/cmsbo/upload/nHq/plu_image/500x500/8801068406832.JPG
emart24,삼립)미각제빵소우유카스테라롤128g,2500,2 + 1,https://msave.emart24.co.kr/cmsbo/upload/nHq/plu_image/500x500/8801068933840.JPG
emart24,삼립)미각제빵소우유크림브리오슈100g,2500,2 + 1,https://msave.emart24.co.kr/cmsbo/upload/nHq/plu_image/500x500/8801068940299.JPG
emart24,삼립)미각연유커피카스테라롤128g,2500,2 + 1,https://msave.emart24.co.kr/cmsbo/upload/nHq/plu_image/500x500/8801068940329.JPG
emart24,남양)불가리스사과150ml,2000,2 + 1,https://msave.emart24.co.kr/cmsbo/upload/nHq/plu_image/500x500/8801069175942.JPG
emart24,남양)테이크핏프로틴고소한맛250ml,2900,2 + 1,https://msave.emart24.co.kr/cmsbo/upload/nHq/plu_image/500x500/8801069415833.JPG
emart24,남양)테이크핏프로틴초코250ml,2900,2 + 1,https://msave.emart24.co.kr/cmsbo/upload/nHq/plu_image/500x500/8801069416007.JPG
emart24,남양)테이크핏프로틴바나나250ml,2900,2 + 1,https://msave.emart24.co.kr/cmsbo/upload/nHq/plu_image/500x500/8801069417554.JPG
emart24,남양)테이크핏호박고구마250ml,2900,2 + 1,https://msave.emart24.co.kr/cmsbo/upload/nHq/plu_image/500x500/8801069419619.JPG
emart24,남양)불가리스설탕무첨가150ml,2000,2 + 1,https://msave.emart24.co.kr/cmsbo/upload/nHq/plu_image/500x500/8801069422237.JPG
emart24,삼양)탱글머쉬룸크림파스타,2200,2 + 1,https://msave.emart24.co.kr/cmsbo/upload/nHq/plu_image/500x500/8801073116832.JPG
emart24,삼양)탱글갈릭오일파스타봉지,2200,2 + 1,https://msave.emart24.co.kr/cmsbo/upload/nHq/plu_image/500x500/8801073116849.JPG
emart24,삼양)삼양1963봉지,1900,2 + 1,https://msave.emart24.co.kr/cmsbo/upload/nHq/plu_image/500x500/8801073117037.JPG
emart24,삼양)탱글머쉬룸크림파스타(4입),8800,2 + 1,https://msave.emart24.co.kr/cmsbo/upload/nHq/plu_image/500x500/8801073144859.JPG
emart24,삼양)탱글갈릭오일파스타(4입),8800,2 + 1,https://msave.emart24.co.kr/cmsbo/upload/nHq/plu_image/500x500/8801073144866.JPG
emart24,삼양)삼양1963봉지*4입,7600,2 + 1,https://msave.emart24.co.kr/cmsbo/upload/nHq/plu_image/500x500/8801073145085.JPG
emart24,삼양)탱글갈릭오일파스타큰컵,2500,2 + 1,https://msave.emart24.co.kr/cmsbo/upload/nHq/plu_image/500x500/8801073216570.JPG
emart24,삼양)탱글바질토마토프로틴파스타큰컵,2500,2 + 1,https://msave.emart24.co.kr/cmsbo/upload/nHq/plu_image/500x500/8801073217201.JPG
emart24,삼양)1963우지파개장큰컵,1950,2 + 1,https://msave.emart24.co.kr/cmsbo/upload/nHq/plu_image/500x500/8801073217270.JPG
emart24,삼양)탱글갈릭쉬림프프로틴파스타큰컵,2500,2 + 1,https://msave.emart24.co.kr/cmsbo/upload/nHq/plu_image/500x500/8801073217294.JPG
emart24,삼양)짱구115g,1500,2 + 1,https://msave.emart24.co.kr/cmsbo/upload/nHq/plu_image/500x500/8801073310698.JPG
emart24,삼양)불닭소스200g,5000,2 + 1,https://msave.emart24.co.kr/cmsbo/upload/nHq/plu_image/500x500/8801073910263.JPG
emart24,한성)일품도톰육포45g,5500,2 + 1,https://msave.emart24.co.kr/cmsbo/upload/nHq/plu_image/500x500/8801074006439.JPG
emart24,한성)일품쇠고기견과포35g,5500,2 + 1,https://msave.emart24.co.kr/cmsbo/upload/nHq/plu_image/500x500/8801074006873.JPG
emart24,한성)일품철판구이오징어30g,6600,2 + 1,https://msave.emart24.co.kr/cmsbo/upload/nHq/plu_image/500x500/8801074007627.JPG
emart24,한성)쇠고기육포30g,5500,2 + 1,https://msave.emart24.co.kr/cmsbo/upload/nHq/plu_image/500x500/8801074008280.JPG
emart24,한성)일품실오징어30g,6600,2 + 1,https://msave.emart24.co.kr/cmsbo/upload/nHq/plu_image/500x500/8801074010207.JPG
emart24,한성)일품촉촉스틱오징어오리지널30g,6600,2 + 1,https://msave.emart24.co.kr/cmsbo/upload/nHq/plu_image/500x500/8801074010528.JPG
emart24,한성)일품촉촉스틱오징어매콤30g,6600,2 + 1,https://msave.emart24.co.kr/cmsbo/upload/nHq/plu_image/500x500/8801074010535.JPG
emart24,농심)켈로그첵스초코컵시리얼,2200,2 + 1,https://msave.emart24.co.kr/cmsbo/upload/nHq/plu_image/500x500/8801083323305.JPG
emart24,농심)켈로그후르트링컵시리얼,2200,2 + 1,https://msave.emart24.co.kr/cmsbo/upload/nHq/plu_image/500x500/8801083333007.JPG
emart24,농심)켈로그콘푸로스트컵시리얼,2200,2 + 1,https://msave.emart24.co.kr/cmsbo/upload/nHq/plu_image/500x500/8801083333304.JPG
emart24,농심)켈로그첵스초코쿠키앤크림컵시리얼,2500,2 + 1,https://msave.emart24.co.kr/cmsbo/upload/nHq/plu_image/500x500/8801083422824.JPG
emart24,농심)켈로그프로틴그래놀라제로슈거컵시리얼,2500,2 + 1,https://msave.emart24.co.kr/cmsbo/upload/nHq/plu_image/500x500/8801083422831.JPG
emart24,빙그레)아카페라스위트아메리카노240ml,2000,2 + 1,https://msave.emart24.co.kr/cmsbo/upload/nHq/plu_image/500x500/8801104212397.JPG
emart24,빙그레)아카페라카라멜마끼아또240ml,2000,2 + 1,https://msave.emart24.co.kr/cmsbo/upload/nHq/plu_image/500x500/8801104212403.JPG
emart24,빙그레)아카페라바닐라라떼240ml,2000,2 + 1,https://msave.emart24.co.kr/cmsbo/upload/nHq/plu_image/500x500/8801104212601.JPG
emart24,빙그레)닥터캡슐플레인130ml,2300,2 + 1,https://msave.emart24.co.kr/cmsbo/upload/nHq/plu_image/500x500/8801104302739.JPG
emart24,빙그레)사이즈업아메리카노350ml,2600,2 + 1,https://msave.emart24.co.kr/cmsbo/upload/nHq/plu_image/500x500/8801104304023.JPG
emart24,빙그레)사이즈업카페라떼350ml,2600,2 + 1,https://msave.emart24.co.kr/cmsbo/upload/nHq/plu_image/500x500/8801104304047.JPG
emart24,빙그레)사이즈업바닐라라떼350ml,2600,2 + 1,https://msave.emart24.co.kr/cmsbo/upload/nHq/plu_image/500x500/8801104306591.JPG
emart24,빙그레)닥터캡슐사과130ml,2300,2 + 1,https://msave.emart24.co.kr/cmsbo/upload/nHq/plu_image/500x500/8801104665421.JPG
emart24,빙그레)통모짜스트링치즈18g,1600,2 + 1,https://msave.emart24.co.kr/cmsbo/upload/nHq/plu_image/500x500/8801104666428.JPG
emart24,빙그레)스페셜티탄자니아460ml,3000,2 + 1,https://msave.emart24.co.kr/cmsbo/upload/nHq/plu_image/500x500/8801104667029.JPG
emart24,빙그레)스페셜티예가체프460ml,3000,2 + 1,https://msave.emart24.co.kr/cmsbo/upload/nHq/plu_image/500x500/8801104667043.JPG
emart24,빙그레)닥터캡슐베리믹스130ml,2300,2 + 1,https://msave.emart24.co.kr/cmsbo/upload/nHq/plu_image/500x500/8801104669283.JPG
emart24,빙그레)더단백초코250ml,2900,2 + 1,https://msave.emart24.co.kr/cmsbo/upload/nHq/plu_image/500x500/8801104670876.JPG
emart24,빙그레)더단백카라멜250ml,2900,2 + 1,https://msave.emart24.co.kr/cmsbo/upload/nHq/plu_image/500x500/8801104673198.JPG
emart24,빙그레)더단백커피250ml,2900,2 + 1,https://msave.emart24.co.kr/cmsbo/upload/nHq/plu_image/500x500/8801104673211.JPG
emart24,빙그레)프로틴스트링치즈20g,1600,2 + 1,https://msave.emart24.co.kr/cmsbo/upload/nHq/plu_image/500x500/8801104674027.JPG
emart24,빙그레)사이즈업연유라떼350ml,2600,2 + 1,https://msave.emart24.co.kr/cmsbo/upload/nHq/plu_image/500x500/8801104940931.JPG
emart24,빙그레)더단백딸기250ml,2900,2 + 1,https://msave.emart24.co.kr/cmsbo/upload/nHq/plu_image/500x500/8801104942935.JPG
emart24,빙그레)아카페라아메리카노블랙240ml,2000,2 + 1,https://msave.emart24.co.kr/cmsbo/upload/nHq/plu_image/500x500/8801104944625.JPG
emart24,빙그레)더단백멜론250ml,2900,2 + 1,https://msave.emart24.co.kr/cmsbo/upload/nHq/plu_image/500x500/8801104946179.JPG
emart24,빙그레)사이즈업디카페인아메리카노350ml,2600,2 + 1,https://msave.emart24.co.kr/cmsbo/upload/nHq/plu_image/500x500/8801104948005.JPG
emart24,빙그레)통모짜체다스트링치즈20g,1600,2 + 1,https://msave.emart24.co.kr/cmsbo/upload/nHq/plu_image/500x500/8801104950633.JPG
emart24,빙그레)요플레그릭마일드180g,2200,2 + 1,https://msave.emart24.co.kr/cmsbo/upload/nHq/plu_image/500x500/8801104950787.JPG
emart24,빙그레)캐옴ABC200ml,1800,2 + 1,https://msave.emart24.co.kr/cmsbo/upload/nHq/plu_image/500x500/8801104950893.JPG
emart24,빙그레)닥터캡슐복숭아130ml,2300,2 + 1,https://msave.emart24.co.kr/cmsbo/upload/nHq/plu_image/500x500/8801104951302.JPG
emart24,빙그레)요플레그릭아몬드바나나180g,2200,2 + 1,https://msave.emart24.co.kr/cmsbo/upload/nHq/plu_image/500x500/8801104952699.JPG
emart24,리스테린)쿨민트마일드100ml,2400,2 + 1,https://msave.emart24.co.kr/cmsbo/upload/nHq/plu_image/500x500/8801108000273.JPG
emart24,크라운)빅파이딸기3200,3200,2 + 1,https://msave.emart24.co.kr/cmsbo/upload/nHq/plu_image/500x500/8801111180481.JPG
emart24,크라운)콘치1500(18),1500,2 + 1,https://msave.emart24.co.kr/cmsbo/upload/nHq/plu_image/500x500/8801111183062.JPG
emart24,크라운)못말리는신짱120g(16),1500,2 + 1,https://msave.emart24.co.kr/cmsbo/upload/nHq/plu_image/500x500/8801111185066.JPG
emart24,크라운)쿠크다스커피128g,3000,2 + 1,https://msave.emart24.co.kr/cmsbo/upload/nHq/plu_image/500x500/8801111186087.JPG
emart24,크라운)쿠크다스화이트128g,3000,2 + 1,https://msave.emart24.co.kr/cmsbo/upload/nHq/plu_image/500x500/8801111186117.JPG
emart24,크라운)마이쮸딸기44g,800,2 + 1,https://msave.emart24.co.kr/cmsbo/upload/nHq/plu_image/500x500/8801111187879.JPG
emart24,크라운)마이쮸포도44g,800,2 + 1,https://msave.emart24.co.kr/cmsbo/upload/nHq/plu_image/500x500/8801111187893.JPG
emart24,크라운)새콤달콤복숭아29g,500,2 + 1,https://msave.emart24.co.kr/cmsbo/upload/nHq/plu_image/500x500/8801111188036.JPG
emart24,크라운)새콤달콤블루베리소다29g,500,2 + 1,https://msave.emart24.co.kr/cmsbo/upload/nHq/plu_image/500x500/8801111932974.JPG
emart24,크라운)콘칲초당옥수수70g(16)NEW,1700,2 + 1,https://msave.emart24.co.kr/cmsbo/upload/nHq/plu_image/500x500/8801111955454.JPG
emart24,크라운)못말리는신짱가마솥누룽지맛120g(16),1700,2 + 1,https://msave.emart24.co.kr/cmsbo/upload/nHq/plu_image/500x500/8801111961677.JPG
emart24,풀무원)한끼연두부(오리엔탈)118g,2200,2 + 1,https://msave.emart24.co.kr/cmsbo/upload/nHq/plu_image/500x500/8801114144770.JPG
emart24,풀무원)찰도토리묵300g,2500,2 + 1,https://msave.emart24.co.kr/cmsbo/upload/nHq/plu_image/500x500/8801114157800.JPG
emart24,풀무원)특등급국산콩두유190ml,1900,2 + 1,https://msave.emart24.co.kr/cmsbo/upload/nHq/plu_image/500x500/8801114183137.JPG
emart24,서울)멸균우유200ml,1200,2 + 1,https://msave.emart24.co.kr/cmsbo/upload/nHq/plu_image/500x500/8801115115113.JPG
emart24,서울)저지방멸균우유200ml,1200,2 + 1,https://msave.emart24.co.kr/cmsbo/upload/nHq/plu_image/500x500/8801115115809.JPG
emart24,서울)딸기우유300ml,2100,2 + 1,https://msave.emart24.co.kr/cmsbo/upload/nHq/plu_image/500x500/8801115134213.JPG
emart24,서울)초코우유300ml,2100,2 + 1,https://msave.emart24.co.kr/cmsbo/upload/nHq/plu_image/500x500/8801115134220.JPG
emart24,서울)커피우유300ml,2100,2 + 1,https://msave.emart24.co.kr/cmsbo/upload/nHq/plu_image/500x500/8801115135708.JPG
emart24,서울)바나나우유300ml,2100,2 + 1,https://msave.emart24.co.kr/cmsbo/upload/nHq/plu_image/500x500/8801115137290.JPG
emart24,서울)강릉커피라떼250ml,2800,2 + 1,https://msave.emart24.co.kr/cmsbo/upload/nHq/plu_image/500x500/8801115139836.JPG
emart24,서울)비요뜨초코링138g,2300,2 + 1,https://msave.emart24.co.kr/cmsbo/upload/nHq/plu_image/500x500/8801115212713.JPG
emart24,서울)비요뜨쿠키앤크림131g,2300,2 + 1,https://msave.emart24.co.kr/cmsbo/upload/nHq/plu_image/500x500/8801115213604.JPG
emart24,서울)비요뜨베리콩포트165g,2300,2 + 1,https://msave.emart24.co.kr/cmsbo/upload/nHq/plu_image/500x500/8801115224709.JPG
emart24,서울)올데이프룻오렌지250ml,1800,2 + 1,https://msave.emart24.co.kr/cmsbo/upload/nHq/plu_image/500x500/8801115334095.JPG
emart24,서울)올데이프룻자두250ml,1800,2 + 1,https://msave.emart24.co.kr/cmsbo/upload/nHq/plu_image/500x500/8801115334101.JPG
emart24,서울)아침에주스오렌지210ml,2300,2 + 1,https://msave.emart24.co.kr/cmsbo/upload/nHq/plu_image/500x500/8801115336143.JPG
emart24,서울)아침에주스포도210ml,2300,2 + 1,https://msave.emart24.co.kr/cmsbo/upload/nHq/plu_image/500x500/8801115336150.JPG
emart24,서울)아침에주스사과210ml,2300,2 + 1,https://msave.emart24.co.kr/cmsbo/upload/nHq/plu_image/500x500/8801115336709.JPG
emart24,서울)아침에주스ABC210ml,2300,2 + 1,https://msave.emart24.co.kr/cmsbo/upload/nHq/plu_image/500x500/8801115338840.JPG
emart24,동서)티오피마일드라떼300ml,2900,2 + 1,https://msave.emart24.co.kr/cmsbo/upload/nHq/plu_image/500x500/8801115381754.JPG
emart24,동서)티오피볼드라떼300ml,2900,2 + 1,https://msave.emart24.co.kr/cmsbo/upload/nHq/plu_image/500x500/8801115381761.JPG
emart24,서울)초코꿀딴지180ml,1700,2 + 1,https://msave.emart24.co.kr/cmsbo/upload/nHq/plu_image/500x500/8801115384007.JPG
emart24,서울)딸기꿀딴지180ml,1700,2 + 1,https://msave.emart24.co.kr/cmsbo/upload/nHq/plu_image/500x500/8801115384014.JPG
emart24,동서)티오피트리플라떼300ml,2900,2 + 1,https://msave.emart24.co.kr/cmsbo/upload/nHq/plu_image/500x500/8801115384212.JPG
emart24,동서)티오피너티카라멜300ml,2900,2 + 1,https://msave.emart24.co.kr/cmsbo/upload/nHq/plu_image/500x500/8801115384250.JPG
emart24,오리온)한끼바치즈맛40g,1500,2 + 1,https://msave.emart24.co.kr/cmsbo/upload/nHq/plu_image/500x500/8801117162306.JPG
emart24,오리온)나샌드크림치즈77g(24),1500,2 + 1,https://msave.emart24.co.kr/cmsbo/upload/nHq/plu_image/500x500/8801117164409.JPG
emart24,오리온)다이제샌드바닐라&밀크93g(24),1500,2 + 1,https://msave.emart24.co.kr/cmsbo/upload/nHq/plu_image/500x500/8801117164508.JPG
emart24,오리온)찍먹오감자버터갈릭감자튀김맛64g(14),1700,2 + 1,https://msave.emart24.co.kr/cmsbo/upload/nHq/plu_image/500x500/8801117164904.JPG
emart24,오리온)딸기알맹이81g,1500,2 + 1,https://msave.emart24.co.kr/cmsbo/upload/nHq/plu_image/500x500/8801117348205.JPG
emart24,오리온)에너지바미니200g,6500,2 + 1,https://msave.emart24.co.kr/cmsbo/upload/nHq/plu_image/500x500/8801117442101.JPG
emart24,오리온)단백질바미니202.5g,6500,2 + 1,https://msave.emart24.co.kr/cmsbo/upload/nHq/plu_image/500x500/8801117479305.JPG
emart24,오리온)비타민마이구미72g,1500,2 + 1,https://msave.emart24.co.kr/cmsbo/upload/nHq/plu_image/500x500/8801117589509.JPG
emart24,오리온)포카칩트리플페퍼60g(20),1700,2 + 1,https://msave.emart24.co.kr/cmsbo/upload/nHq/plu_image/500x500/8801117655204.JPG
emart24,오리온)썬갈릭바게트80g(12),1700,2 + 1,https://msave.emart24.co.kr/cmsbo/upload/nHq/plu_image/500x500/8801117681807.JPG
emart24,오리온)포카칩오리지널3400(중)(12),3400,2 + 1,https://msave.emart24.co.kr/cmsbo/upload/nHq/plu_image/500x500/8801117760205.JPG
emart24,오리온)포카칩어니언3400(중)(12),3400,2 + 1,https://msave.emart24.co.kr/cmsbo/upload/nHq/plu_image/500x500/8801117760403.JPG
emart24,오리온)오징어땅콩202g(16),3200,2 + 1,https://msave.emart24.co.kr/cmsbo/upload/nHq/plu_image/500x500/8801117761004.JPG
emart24,오리온)땅콩강정147g(중)(18),2900,2 + 1,https://msave.emart24.co.kr/cmsbo/upload/nHq/plu_image/500x500/8801117796204.JPG
emart24,오리온)썬핫스파이시맛135G(중)(12),2800,2 + 1,https://msave.emart24.co.kr/cmsbo/upload/nHq/plu_image/500x500/8801117798307.JPG
emart24,매일)상하미니칼슘체다48g,2800,2 + 1,https://msave.emart24.co.kr/cmsbo/upload/nHq/plu_image/500x500/8801121020364.JPG
emart24,매일)상하미니크림치즈48g,2800,2 + 1,https://msave.emart24.co.kr/cmsbo/upload/nHq/plu_image/500x500/8801121020388.JPG
emart24,매일)엔요요구르트280ml,1700,2 + 1,https://msave.emart24.co.kr/cmsbo/upload/nHq/plu_image/500x500/8801121024737.JPG
emart24,매일)아몬드브리즈프로틴190ml,1500,2 + 1,https://msave.emart24.co.kr/cmsbo/upload/nHq/plu_image/500x500/8801121025666.JPG
emart24,매일)검은콩두유190ml,1400,2 + 1,https://msave.emart24.co.kr/cmsbo/upload/nHq/plu_image/500x500/8801121025710.JPG
emart24,매일)바리스타룰스디카페인라떼325ml,3500,2 + 1,https://msave.emart24.co.kr/cmsbo/upload/nHq/plu_image/500x500/8801121027523.JPG
emart24,매일)상하유기농주스사과오렌지케일125ml,1500,2 + 1,https://msave.emart24.co.kr/cmsbo/upload/nHq/plu_image/500x500/8801121029381.JPG
emart24,매일)상하유기농주스사과딸기케일125ml,1500,2 + 1,https://msave.emart24.co.kr/cmsbo/upload/nHq/plu_image/500x500/8801121029435.JPG
emart24,매일)어메이징오트언스위트190ml,1500,2 + 1,https://msave.emart24.co.kr/cmsbo/upload/nHq/plu_image/500x500/8801121033463.JPG
emart24,매일)어메이징오트오리지널190ml,1500,2 + 1,https://msave.emart24.co.kr/cmsbo/upload/nHq/plu_image/500x500/8801121033531.JPG
emart24,매일)상하유기농주스사과블루베리케일125ml,1500,2 + 1,https://msave.emart24.co.kr/cmsbo/upload/nHq/plu_image/500x500/8801121037744.JPG
emart24,매일)바리스타돌체라떼325ml,3500,2 + 1,https://msave.emart24.co.kr/cmsbo/upload/nHq/plu_image/500x500/8801121040416.JPG
emart24,매일)바리스타바닐라빈무가당325ml,3500,2 + 1,https://msave.emart24.co.kr/cmsbo/upload/nHq/plu_image/500x500/8801121045893.JPG
emart24,매일)바리스타에스프레소무가당325ml,3500,2 + 1,https://msave.emart24.co.kr/cmsbo/upload/nHq/plu_image/500x500/8801121046012.JPG
emart24,매일)아몬드브리즈커피190ml,1500,2 + 1,https://msave.emart24.co.kr/cmsbo/upload/nHq/plu_image/500x500/8801121046142.JPG
emart24,매일)상하프로틴스트링치즈20g,1600,2 + 1,https://msave.emart24.co.kr/cmsbo/upload/nHq/plu_image/500x500/8801121050903.JPG
emart24,매일)바리스타에스프레소라떼컵250ml,2900,2 + 1,https://msave.emart24.co.kr/cmsbo/upload/nHq/plu_image/500x500/8801121106792.JPG
emart24,매일)바리스타스모키로스팅라떼컵250ml,2900,2 + 1,https://msave.emart24.co.kr/cmsbo/upload/nHq/plu_image/500x500/8801121107935.JPG
emart24,매일)바리스타모카프레소컵250ml,2900,2 + 1,https://msave.emart24.co.kr/cmsbo/upload/nHq/plu_image/500x500/8801121107942.JPG
emart24,매일)바리스타카라멜딥프레소컵250ml,2900,2 + 1,https://msave.emart24.co.kr/cmsbo/upload/nHq/plu_image/500x500/8801121755679.JPG
emart24,매일)바리스타로어슈거에스프레소컵250ml,2900,2 + 1,https://msave.emart24.co.kr/cmsbo/upload/nHq/plu_image/500x500/8801121761823.JPG
emart24,매일)바이오드링킹플레인250ml,2400,2 + 1,https://msave.emart24.co.kr/cmsbo/upload/nHq/plu_image/500x500/8801121767122.JPG
emart24,매일)바이오드링킹딸기250ml,2400,2 + 1,https://msave.emart24.co.kr/cmsbo/upload/nHq/plu_image/500x500/8801121767139.JPG
emart24,매일)아몬드브리즈초콜릿190ml(무당),1500,2 + 1,https://msave.emart24.co.kr/cmsbo/upload/nHq/plu_image/500x500/8801121768068.JPG
emart24,매일)바리스타시그니처드립라떼325ml,3500,2 + 1,https://msave.emart24.co.kr/cmsbo/upload/nHq/plu_image/500x500/8801121768167.JPG
emart24,매일)바리스타콜드브루블랙325ml,3500,2 + 1,https://msave.emart24.co.kr/cmsbo/upload/nHq/plu_image/500x500/8801121768174.JPG
emart24,매일)99.9두유190ml,1400,2 + 1,https://msave.emart24.co.kr/cmsbo/upload/nHq/plu_image/500x500/8801121768440.JPG
emart24,매일)두유오리지널190ml,1400,2 + 1,https://msave.emart24.co.kr/cmsbo/upload/nHq/plu_image/500x500/8801121768464.JPG
emart24,매일)바이오드링킹블루베리250ml,2400,2 + 1,https://msave.emart24.co.kr/cmsbo/upload/nHq/plu_image/500x500/8801121770757.JPG
emart24,매일)바리스타쇼콜라모카325ml,3500,2 + 1,https://msave.emart24.co.kr/cmsbo/upload/nHq/plu_image/500x500/8801121771396.JPG
emart24,매일)바리스타바닐라빈라떼325ml,3500,2 + 1,https://msave.emart24.co.kr/cmsbo/upload/nHq/plu_image/500x500/8801121771402.JPG
emart24,hy)스트레스케어쉼230ml,2400,2 + 1,https://msave.emart24.co.kr/cmsbo/upload/nHq/plu_image/500x500/8801128243193.JPG
emart24,hy)원조야쿠르트280ml,1700,2 + 1,https://msave.emart24.co.kr/cmsbo/upload/nHq/plu_image/500x500/8801128282833.JPG
emart24,hy)장케어갓비움쉼230ml,2400,2 + 1,https://msave.emart24.co.kr/cmsbo/upload/nHq/plu_image/500x500/8801128307239.JPG
emart24,hy)야쿠르트제로팩190ml,1200,2 + 1,https://msave.emart24.co.kr/cmsbo/upload/nHq/plu_image/500x500/8801128308076.JPG
emart24,머거본)맛땅콩100g,3000,2 + 1,https://msave.emart24.co.kr/cmsbo/upload/nHq/plu_image/500x500/8801133012067.JPG
emart24,머거본)김스칼몬드35g,3000,2 + 1,https://msave.emart24.co.kr/cmsbo/upload/nHq/plu_image/500x500/8801133012197.JPG
emart24,머거본)김스칼몬드불맛35g,3000,2 + 1,https://msave.emart24.co.kr/cmsbo/upload/nHq/plu_image/500x500/8801133012203.JPG
emart24,썬푸드)오징어&땅콩55g,5900,2 + 1,https://msave.emart24.co.kr/cmsbo/upload/nHq/plu_image/500x500/8801149101786.JPG
emart24,썬푸드)오징어튀김오리지널80g,8900,2 + 1,https://msave.emart24.co.kr/cmsbo/upload/nHq/plu_image/500x500/8801149406324.JPG
emart24,썬푸드)오징어튀김와사비맛80g,8900,2 + 1,https://msave.emart24.co.kr/cmsbo/upload/nHq/plu_image/500x500/8801149406331.JPG
emart24,동원)덴마크테이크얼라이브머스캣청포도250ml,1700,2 + 1,https://msave.emart24.co.kr/cmsbo/upload/nHq/plu_image/500x500/8801155732769.JPG
emart24,동원)덴마크테이크얼라이브스위트자몽250ml,1700,2 + 1,https://msave.emart24.co.kr/cmsbo/upload/nHq/plu_image/500x500/8801155735074.JPG
emart24,동원)덴마크테이크얼라이브망고250ml,1700,2 + 1,https://msave.emart24.co.kr/cmsbo/upload/nHq/plu_image/500x500/8801155735081.JPG
emart24,동원)덴마크테이크얼라이브블러드오렌지250ml,1700,2 + 1,https://msave.emart24.co.kr/cmsbo/upload/nHq/plu_image/500x500/8801155735135.JPG
emart24,덴마크)하이요구르트280ml,1700,2 + 1,https://msave.emart24.co.kr/cmsbo/upload/nHq/plu_image/500x500/8801155744502.JPG
emart24,동원)덴마크인포켓치즈오리지날20g,1700,2 + 1,https://msave.emart24.co.kr/cmsbo/upload/nHq/plu_image/500x500/8801155834616.JPG
emart24,동원)덴마크인포켓치즈라이트20g,1700,2 + 1,https://msave.emart24.co.kr/cmsbo/upload/nHq/plu_image/500x500/8801155834708.JPG
emart24,하이뮨)프로틴밸런스액티브초코250ml,2900,2 + 1,https://msave.emart24.co.kr/cmsbo/upload/nHq/plu_image/500x500/8801157470928.JPG
emart24,하이뮨)프로틴밸런스액티브밀크250ml,2900,2 + 1,https://msave.emart24.co.kr/cmsbo/upload/nHq/plu_image/500x500/8801157470959.JPG
emart24,하이뮨)프로틴밸런스액티브바나나250ml,2900,2 + 1,https://msave.emart24.co.kr/cmsbo/upload/nHq/plu_image/500x500/8801157471208.JPG
emart24,파스퇴르)쾌변사과요구르트150ml,1900,2 + 1,https://msave.emart24.co.kr/cmsbo/upload/nHq/plu_image/500x500/8801207050117.JPG
emart24,파스퇴르)쾌변포도요구르트150ml,1900,2 + 1,https://msave.emart24.co.kr/cmsbo/upload/nHq/plu_image/500x500/8801207060918.JPG
emart24,롯데)유기농야채농장190ml,1800,2 + 1,https://msave.emart24.co.kr/cmsbo/upload/nHq/plu_image/500x500/8801207070368.JPG
emart24,롯데)유기농야채농장ABC190ml,1800,2 + 1,https://msave.emart24.co.kr/cmsbo/upload/nHq/plu_image/500x500/8801207157182.JPG
emart24,CJ)햇반서리태흑미밥210g,2900,2 + 1,https://msave.emart24.co.kr/cmsbo/upload/nHq/plu_image/500x500/8801392076251.JPG
emart24,CJ)비비고치즈떡볶이108G,3900,2 + 1,https://msave.emart24.co.kr/cmsbo/upload/nHq/plu_image/500x500/8801392089541.JPG
emart24,CJ)비비고오리지널떡볶이110G,3900,2 + 1,https://msave.emart24.co.kr/cmsbo/upload/nHq/plu_image/500x500/8801392090455.JPG
emart24,CJ)햇반12곡잡곡밥210g,2900,2 + 1,https://msave.emart24.co.kr/cmsbo/upload/nHq/plu_image/500x500/8801392112713.JPG
emart24,CJ)바삭칩스팸맛45g(12),1900,2 + 1,https://msave.emart24.co.kr/cmsbo/upload/nHq/plu_image/500x500/8801392149153.JPG
emart24,CJ)오쌀미X햇반파로누룽지30g,2400,2 + 1,https://msave.emart24.co.kr/cmsbo/upload/nHq/plu_image/500x500/8801392154942.JPG
emart24,CJ)오쌀미X햇반현미누룽지30g,2400,2 + 1,https://msave.emart24.co.kr/cmsbo/upload/nHq/plu_image/500x500/8801392154966.JPG
emart24,CJ)비비고오마이갓김치팝콘80g(12),1900,2 + 1,https://msave.emart24.co.kr/cmsbo/upload/nHq/plu_image/500x500/8801392155307.JPG
emart24,CJ)꾸덕납작누들숯불치킨맛,4500,2 + 1,https://msave.emart24.co.kr/cmsbo/upload/nHq/plu_image/500x500/8801392158391.JPG
emart24,CJ)바삭팝콘스팸맛55g(12),1900,2 + 1,https://msave.emart24.co.kr/cmsbo/upload/nHq/plu_image/500x500/8801392158940.JPG
emart24,CJ)바삭팝콘허브솔트맛55g(12),1900,2 + 1,https://msave.emart24.co.kr/cmsbo/upload/nHq/plu_image/500x500/8801392158964.JPG
emart24,CJ)꾸덕납작누들매콤로제맛,4500,2 + 1,https://msave.emart24.co.kr/cmsbo/upload/nHq/plu_image/500x500/8801392162015.JPG
emart24,오비)카스제로캔500ml,2800,2 + 1,https://msave.emart24.co.kr/cmsbo/upload/nHq/plu_image/500x500/8801858046149.JPG
emart24,오비)카스레몬스퀴즈제로캔473ml,2800,2 + 1,https://msave.emart24.co.kr/cmsbo/upload/nHq/plu_image/500x500/8801858048259.JPG
emart24,머거본)블랙페퍼육포40g,4000,2 + 1,https://msave.emart24.co.kr/cmsbo/upload/nHq/plu_image/500x500/8802456000151.JPG
emart24,머거본)쇠고기육포30g,4500,2 + 1,https://msave.emart24.co.kr/cmsbo/upload/nHq/plu_image/500x500/8802456000175.JPG
emart24,레트로)호박꿀맛나100g,1800,2 + 1,https://msave.emart24.co.kr/cmsbo/upload/nHq/plu_image/500x500/8802896000780.JPG
emart24,레트로)월드컵맛기차콘쫀드기84g,1800,2 + 1,https://msave.emart24.co.kr/cmsbo/upload/nHq/plu_image/500x500/8802896004320.JPG
emart24,레트로)옥수수쫀드기84g,1800,2 + 1,https://msave.emart24.co.kr/cmsbo/upload/nHq/plu_image/500x500/8802896004337.JPG
emart24,담터)호두아몬드율무차원컵,1800,2 + 1,https://msave.emart24.co.kr/cmsbo/upload/nHq/plu_image/500x500/8803284610475.JPG
emart24,담터)생강차원컵,1800,2 + 1,https://msave.emart24.co.kr/cmsbo/upload/nHq/plu_image/500x500/8803284611151.JPG
emart24,포차24)버터구이오징어30g,4900,2 + 1,https://msave.emart24.co.kr/cmsbo/upload/nHq/plu_image/500x500/8804085033203.JPG
emart24,포차24)구운쥐포채50g,4900,2 + 1,https://msave.emart24.co.kr/cmsbo/upload/nHq/plu_image/500x500/8804085033234.JPG
emart24,크레이지치즈)올치글50g(30),2200,2 + 1,https://msave.emart24.co.kr/cmsbo/upload/nHq/plu_image/500x500/8804294026522.JPG
emart24,에스엠)전통호두과자108g,2800,2 + 1,https://msave.emart24.co.kr/cmsbo/upload/nHq/plu_image/500x500/8804508201332.JPG
emart24,코주부)쪼꼬미꼬마쥐포35g,3600,2 + 1,https://msave.emart24.co.kr/cmsbo/upload/nHq/plu_image/500x500/8804888001553.JPG
emart24,마즈)몰티져스밀크37g(냉장),1800,2 + 1,https://msave.emart24.co.kr/cmsbo/upload/nHq/plu_image/500x500/8804973306204.JPG
emart24,마즈)이클립스플러스꿀&레몬향30g,3500,2 + 1,https://msave.emart24.co.kr/cmsbo/upload/nHq/plu_image/500x500/8804973308789.JPG
emart24,마즈)이클립스플러스배&비파향30g,3500,2 + 1,https://msave.emart24.co.kr/cmsbo/upload/nHq/plu_image/500x500/8804973308802.JPG
emart24,마즈)스키틀즈젤리후르츠믹스42.5g,2000,2 + 1,https://msave.emart24.co.kr/cmsbo/upload/nHq/plu_image/500x500/8804973311161.JPG
emart24,마즈)스키틀즈젤리후르츠믹스요거트향42.5g,2000,2 + 1,https://msave.emart24.co.kr/cmsbo/upload/nHq/plu_image/500x500/8804973311185.JPG
emart24,종근당건강)락토핏골드10포,5300,2 + 1,https://msave.emart24.co.kr/cmsbo/upload/nHq/plu_image/500x500/8805915807919.JPG
emart24,종근당건강)아임비타멀티비타이뮨샷,4700,2 + 1,https://msave.emart24.co.kr/cmsbo/upload/nHq/plu_image/500x500/8805915808114.JPG
emart24,유한양행)비컴플부스터샷아르기닌25ml,3900,2 + 1,https://msave.emart24.co.kr/cmsbo/upload/nHq/plu_image/500x500/8806006501761.JPG
emart24,유한양행)비컴플부스터샷마그네슘25ml,3900,2 + 1,https://msave.emart24.co.kr/cmsbo/upload/nHq/plu_image/500x500/8806006501778.JPG
emart24,동아)박카스젤리50g,1700,2 + 1,https://msave.emart24.co.kr/cmsbo/upload/nHq/plu_image/500x500/8806011435631.JPG
emart24,가그린)오리지널100ml,2300,2 + 1,https://msave.emart24.co.kr/cmsbo/upload/nHq/plu_image/500x500/8806011616047.JPG
emart24,가그린)오리지널250ml,4500,2 + 1,https://msave.emart24.co.kr/cmsbo/upload/nHq/plu_image/500x500/8806011616054.JPG
emart24,가그린)제로100ml,2300,2 + 1,https://msave.emart24.co.kr/cmsbo/upload/nHq/plu_image/500x500/8806011616153.JPG
emart24,템포)슈퍼10입,7900,2 + 1,https://msave.emart24.co.kr/cmsbo/upload/nHq/plu_image/500x500/8806011632771.JPG
emart24,템포)레귤라10입,7900,2 + 1,https://msave.emart24.co.kr/cmsbo/upload/nHq/plu_image/500x500/8806011632856.JPG
emart24,동화)편안활스트롱15g,1500,2 + 1,https://msave.emart24.co.kr/cmsbo/upload/nHq/plu_image/500x500/8806016186446.JPG
emart24,경남)상큼한비타민레모나산10포,3500,2 + 1,https://msave.emart24.co.kr/cmsbo/upload/nHq/plu_image/500x500/8806102878101.JPG
emart24,리뉴)여행용,4000,2 + 1,https://msave.emart24.co.kr/cmsbo/upload/nHq/plu_image/500x500/8806128400447.JPG
emart24,푸르밀)바나나우유225ml,1800,2 + 1,https://msave.emart24.co.kr/cmsbo/upload/nHq/plu_image/500x500/8806371300464.JPG
emart24,푸르밀)가나초코우유225ml,1800,2 + 1,https://msave.emart24.co.kr/cmsbo/upload/nHq/plu_image/500x500/8806371300488.JPG
emart24,푸르밀)커피우유225ml,1800,2 + 1,https://msave.emart24.co.kr/cmsbo/upload/nHq/plu_image/500x500/8806371360314.JPG
emart24,26SS)아쿠아엑스쿨토시(검정),7900,2 + 1,https://msave.emart24.co.kr/cmsbo/upload/nHq/plu_image/500x500/8806379940389.JPG
emart24,26SS)아쿠아엑스쿨토시(흰색),7900,2 + 1,https://msave.emart24.co.kr/cmsbo/upload/nHq/plu_image/500x500/8806379940396.JPG
emart24,26SS)아쿠아엑스쿨토시손등형(검정),8900,2 + 1,https://msave.emart24.co.kr/cmsbo/upload/nHq/plu_image/500x500/8806379940402.JPG
emart24,26SS)쿨패턴스카프(일반형),7900,2 + 1,https://msave.emart24.co.kr/cmsbo/upload/nHq/plu_image/500x500/8806379940419.JPG
emart24,26SS)쿨넥스카프,5900,2 + 1,https://msave.emart24.co.kr/cmsbo/upload/nHq/plu_image/500x500/8806379940426.JPG
emart24,영풍)요뽀끼치즈떡볶이컵120g,2700,2 + 1,https://msave.emart24.co.kr/cmsbo/upload/nHq/plu_image/500x500/8809054400192.JPG
emart24,영풍)요뽀끼짜장떡볶이컵120g,2700,2 + 1,https://msave.emart24.co.kr/cmsbo/upload/nHq/plu_image/500x500/8809054400529.JPG
emart24,영풍)요뽀끼매콤달콤떡볶이컵140g,2700,2 + 1,https://msave.emart24.co.kr/cmsbo/upload/nHq/plu_image/500x500/8809054409034.JPG
emart24,태경)아기상어고소한짜장떡볶이컵,3600,2 + 1,https://msave.emart24.co.kr/cmsbo/upload/nHq/plu_image/500x500/8809061671493.JPG
emart24,종근당)멀티비타부스터샷20ml,3800,2 + 1,https://msave.emart24.co.kr/cmsbo/upload/nHq/plu_image/500x500/8809097855324.JPG
emart24,에너자이저)맥스플러스AA2입,6600,2 + 1,https://msave.emart24.co.kr/cmsbo/upload/nHq/plu_image/500x500/8809175300470.JPG
emart24,에너자이저)맥스플러스AA4입,10900,2 + 1,https://msave.emart24.co.kr/cmsbo/upload/nHq/plu_image/500x500/8809175300487.JPG
emart24,에너자이저)맥스플러스AAA2입,6600,2 + 1,https://msave.emart24.co.kr/cmsbo/upload/nHq/plu_image/500x500/8809175300548.JPG
emart24,에너자이저)맥스플러스AAA4입,10900,2 + 1,https://msave.emart24.co.kr/cmsbo/upload/nHq/plu_image/500x500/8809175300555.JPG
emart24,다농원)우베코코넛라떼10입,7900,2 + 1,https://msave.emart24.co.kr/cmsbo/upload/nHq/plu_image/500x500/8809212551155.JPG
emart24,풀무원)그릭컵플레인90g,1200,2 + 1,https://msave.emart24.co.kr/cmsbo/upload/nHq/plu_image/500x500/8809274511210.JPG
emart24,할리스)바닐라딜라이트컵300ml,3200,2 + 1,https://msave.emart24.co.kr/cmsbo/upload/nHq/plu_image/500x500/8809286693706.JPG
emart24,할리스)카페라떼컵300ml,3200,2 + 1,https://msave.emart24.co.kr/cmsbo/upload/nHq/plu_image/500x500/8809286693713.JPG
emart24,할리스)카라멜마끼아또컵300ml,3200,2 + 1,https://msave.emart24.co.kr/cmsbo/upload/nHq/plu_image/500x500/8809286694192.JPG
emart24,BR)민트초코우유190ml,1500,2 + 1,https://msave.emart24.co.kr/cmsbo/upload/nHq/plu_image/500x500/8809288633038.JPG
emart24,BR)베리베리스트로베리우유190ml,1500,2 + 1,https://msave.emart24.co.kr/cmsbo/upload/nHq/plu_image/500x500/8809288633045.JPG
emart24,BR)쿠키앤크림우유190ml,1500,2 + 1,https://msave.emart24.co.kr/cmsbo/upload/nHq/plu_image/500x500/8809288633052.JPG
emart24,BR)이상한나라의솜사탕우유190ml,1500,2 + 1,https://msave.emart24.co.kr/cmsbo/upload/nHq/plu_image/500x500/8809288633595.JPG
emart24,BR)메롱멜론우유190ml,1500,2 + 1,https://msave.emart24.co.kr/cmsbo/upload/nHq/plu_image/500x500/8809288635001.JPG
emart24,바이오트루)렌즈세정세트60ml(여행용),4400,2 + 1,https://msave.emart24.co.kr/cmsbo/upload/nHq/plu_image/500x500/8809291670150.JPG
emart24,이디야)비니스트오리지널아메리카노10입,2700,2 + 1,https://msave.emart24.co.kr/cmsbo/upload/nHq/plu_image/500x500/8809388460220.JPG
emart24,이디야)비니스트마일드아메리카노10입,2700,2 + 1,https://msave.emart24.co.kr/cmsbo/upload/nHq/plu_image/500x500/8809388460251.JPG
emart24,아라움)오징어튀김더블치즈35g,5900,2 + 1,https://msave.emart24.co.kr/cmsbo/upload/nHq/plu_image/500x500/8809389493326.JPG
emart24,아라움)오징어튀김트러플35g,5900,2 + 1,https://msave.emart24.co.kr/cmsbo/upload/nHq/plu_image/500x500/8809389493333.JPG
emart24,포차24)블랙타이거새우머리튀김매콤간장맛30g,4900,2 + 1,https://msave.emart24.co.kr/cmsbo/upload/nHq/plu_image/500x500/8809389493982.JPG
emart24,키다리)세이면소고기쌀국수,2600,2 + 1,https://msave.emart24.co.kr/cmsbo/upload/nHq/plu_image/500x500/8809393810584.JPG
emart24,키다리)세이면잔치쌀국수,2600,2 + 1,https://msave.emart24.co.kr/cmsbo/upload/nHq/plu_image/500x500/8809393810676.JPG
emart24,키다리)세이면중화쌀짬뽕,2600,2 + 1,https://msave.emart24.co.kr/cmsbo/upload/nHq/plu_image/500x500/8809393810683.JPG
emart24,YOZM)플레인그릭요거트100g,4200,2 + 1,https://msave.emart24.co.kr/cmsbo/upload/nHq/plu_image/500x500/8809520490108.JPG
emart24,YOZM)그릭요거트블루베리130g,4900,2 + 1,https://msave.emart24.co.kr/cmsbo/upload/nHq/plu_image/500x500/8809520490634.JPG
emart24,YOZM)소프트그릭요거트100g,3800,2 + 1,https://msave.emart24.co.kr/cmsbo/upload/nHq/plu_image/500x500/8809520490771.JPG
emart24,YOZM)그릭요거트푸룬콩포트130g,4900,2 + 1,https://msave.emart24.co.kr/cmsbo/upload/nHq/plu_image/500x500/8809520491532.JPG
emart24,히치스)수수깡젤리코리아에디션40g,2900,2 + 1,https://msave.emart24.co.kr/cmsbo/upload/nHq/plu_image/500x500/8809522040868.JPG
emart24,하림)밥이보약하루양갱(애견)관절56g,4800,2 + 1,https://msave.emart24.co.kr/cmsbo/upload/nHq/plu_image/500x500/8809551064262.JPG
emart24,서주)헬로키티베리에이스42g,2000,2 + 1,https://msave.emart24.co.kr/cmsbo/upload/nHq/plu_image/500x500/8809592641927.JPG
emart24,서주)레모넬로43g,2000,2 + 1,https://msave.emart24.co.kr/cmsbo/upload/nHq/plu_image/500x500/8809592642207.JPG
emart24,서주)앤디스민트웨하스45g,2200,2 + 1,https://msave.emart24.co.kr/cmsbo/upload/nHq/plu_image/500x500/8809592642245.JPG
emart24,바프)허니버터아몬드40g,2500,2 + 1,https://msave.emart24.co.kr/cmsbo/upload/nHq/plu_image/500x500/8809617945092.JPG
emart24,바프)와사비맛아몬드40g,2500,2 + 1,https://msave.emart24.co.kr/cmsbo/upload/nHq/plu_image/500x500/8809617945115.JPG
emart24,바프)군옥수수맛아몬드40g,2500,2 + 1,https://msave.emart24.co.kr/cmsbo/upload/nHq/plu_image/500x500/8809617945122.JPG
emart24,바프)카라멜솔티드아몬드앤프레첼40g,2500,2 + 1,https://msave.emart24.co.kr/cmsbo/upload/nHq/plu_image/500x500/8809617945146.JPG
emart24,바프)마늘빵아몬드40g,2500,2 + 1,https://msave.emart24.co.kr/cmsbo/upload/nHq/plu_image/500x500/8809617945160.JPG
emart24,바프)로스티드&솔티드땅콩120g,3900,2 + 1,https://msave.emart24.co.kr/cmsbo/upload/nHq/plu_image/500x500/8809617947034.JPG
emart24,시원)무지개줄자젤리35g,2000,2 + 1,https://msave.emart24.co.kr/cmsbo/upload/nHq/plu_image/500x500/8809648260966.JPG
emart24,시원)스피너팝13g,2500,2 + 1,https://msave.emart24.co.kr/cmsbo/upload/nHq/plu_image/500x500/8809648261765.JPG
emart24,시원)자두야핸드폰캔디12g,3500,2 + 1,https://msave.emart24.co.kr/cmsbo/upload/nHq/plu_image/500x500/8809648262106.JPG
emart24,팔도)모던누들간장버터큰컵,2200,2 + 1,https://msave.emart24.co.kr/cmsbo/upload/nHq/plu_image/500x500/8809695257544.JPG
emart24,팔도)모던누들흑후추라볶이큰컵,2200,2 + 1,https://msave.emart24.co.kr/cmsbo/upload/nHq/plu_image/500x500/8809695257568.JPG
emart24,팔도)모던누들김볶음면오리지널큰컵,2200,2 + 1,https://msave.emart24.co.kr/cmsbo/upload/nHq/plu_image/500x500/8809695257582.JPG
emart24,팔도)모던누들김볶음면매운맛큰컵,2200,2 + 1,https://msave.emart24.co.kr/cmsbo/upload/nHq/plu_image/500x500/8809695257605.JPG
emart24,팔도)모던누들봉골레큰컵,2200,2 + 1,https://msave.emart24.co.kr/cmsbo/upload/nHq/plu_image/500x500/8809695257629.JPG
emart24,팔도)모던누들고추장버터큰컵,2200,2 + 1,https://msave.emart24.co.kr/cmsbo/upload/nHq/plu_image/500x500/8809695257643.JPG
emart24,팔도)모던누들트러플불고기큰컵,2200,2 + 1,https://msave.emart24.co.kr/cmsbo/upload/nHq/plu_image/500x500/8809695257667.JPG
emart24,에이스)한입미니도나스18g,600,2 + 1,https://msave.emart24.co.kr/cmsbo/upload/nHq/plu_image/500x500/8809720821801.JPG
emart24,에이스)한입초코미니도나스20g,600,2 + 1,https://msave.emart24.co.kr/cmsbo/upload/nHq/plu_image/500x500/8809720822099.JPG
emart24,태경)아기상어크림떡볶이컵,3600,2 + 1,https://msave.emart24.co.kr/cmsbo/upload/nHq/plu_image/500x500/8809832940254.JPG
emart24,매일)셀렉스프로핏모카초코250ml,2900,2 + 1,https://msave.emart24.co.kr/cmsbo/upload/nHq/plu_image/500x500/8809846900886.JPG
emart24,매일)셀렉스프로핏밀크바닐라250ml,2900,2 + 1,https://msave.emart24.co.kr/cmsbo/upload/nHq/plu_image/500x500/8809846900893.JPG
emart24,매일)셀렉스프로핏바나나250ml,2900,2 + 1,https://msave.emart24.co.kr/cmsbo/upload/nHq/plu_image/500x500/8809846901548.JPG
emart24,선우)얼려먹는젤리1탄72g,2000,2 + 1,https://msave.emart24.co.kr/cmsbo/upload/nHq/plu_image/500x500/8809963484191.JPG
emart24,선우)얼려먹는젤리2탄72g,2000,2 + 1,https://msave.emart24.co.kr/cmsbo/upload/nHq/plu_image/500x500/8809963484221.JPG
emart24,농심)켈로그에너지바K레드베리35g,2000,2 + 1,https://msave.emart24.co.kr/cmsbo/upload/nHq/plu_image/500x500/8852756120431.JPG
emart24,농심)켈로그에너지바K크런치넛40g,2000,2 + 1,https://msave.emart24.co.kr/cmsbo/upload/nHq/plu_image/500x500/8852756120462.JPG
emart24,프링글스)치즈맛110g(12),4200,2 + 1,https://msave.emart24.co.kr/cmsbo/upload/nHq/plu_image/500x500/8886467100031.JPG
emart24,프링글스)매운맛110g(12),4200,2 + 1,https://msave.emart24.co.kr/cmsbo/upload/nHq/plu_image/500x500/8886467100055.JPG
emart24,프링글스)버터카라멜맛110g(12),4200,2 + 1,https://msave.emart24.co.kr/cmsbo/upload/nHq/plu_image/500x500/8886467104725.JPG
emart24,츄파춥스)사워벨트1M젤리55g,1800,2 + 1,https://msave.emart24.co.kr/cmsbo/upload/nHq/plu_image/500x500/8935001714774.JPG
emart24,위스트)후지야컨트리맘초코쿠키,1800,2 + 1,https://msave.emart24.co.kr/cmsbo/upload/nHq/plu_image/500x500/8936235440156.JPG
emart24,위스트)후지야컨트리맘딸기쿠키,1800,2 + 1,https://msave.emart24.co.kr/cmsbo/upload/nHq/plu_image/500x500/8936235440163.JPG
emart24,비페스타)미셀라클렌징워터60ml,3800,2 + 1,https://msave.emart24.co.kr/cmsbo/upload/nHq/plu_image/500x500/8992222330039.JPG
emart24,마즈)엠앤엠즈블록밀크46g(냉장),1800,2 + 1,https://msave.emart24.co.kr/cmsbo/upload/nHq/plu_image/500x500/9300682051507.JPG
emart24,마즈)엠앤엠즈블록크리스피44g(냉장),1800,2 + 1,https://msave.emart24.co.kr/cmsbo/upload/nHq/plu_image/500x500/9300682053761.JPG
emart24,마즈)스니커즈땅콩싱글,1800,2 + 1,https://msave.emart24.co.kr/cmsbo/upload/nHq/plu_image/500x500/93682091.JPG
emart24,잭링크스)비프져키오리지널38g(S),5900,2 + 1,https://msave.emart24.co.kr/cmsbo/upload/nHq/plu_image/500x500/9421013448510.JPG
emart24,잭링크스)비프져키페퍼드38g(S),5900,2 + 1,https://msave.emart24.co.kr/cmsbo/upload/nHq/plu_image/500x500/9421013448527.JPG
emart24,잭링크스)비프스테이크바50g(S),5900,2 + 1,https://msave.emart24.co.kr/cmsbo/upload/nHq/plu_image/500x500/9421013448534.JPG
emart24,네슬레)킷캣녹차4핑거35g,2200,2 + 1,https://msave.emart24.co.kr/cmsbo/upload/nHq/plu_image/500x500/9556001227539.JPG
emart24,오뚜기)진라면약간매운맛봉지,1000,3 + 1,https://msave.emart24.co.kr/cmsbo/upload/nHq/plu_image/500x500/8801045014869.JPG
emart24,오뚜기)진라면약간매운맛*5입,5000,3 + 1,https://msave.emart24.co.kr/cmsbo/upload/nHq/plu_image/500x500/8801045152479.JPG
emart24,오뚜기)진라면순한맛봉지,1000,3 + 1,https://msave.emart24.co.kr/cmsbo/upload/nHq/plu_image/500x500/8801045520117.JPG
emart24,오뚜기)진라면매운맛봉지,1000,3 + 1,https://msave.emart24.co.kr/cmsbo/upload/nHq/plu_image/500x500/8801045520124.JPG
emart24,오뚜기)진라면순한맛봉지*5입,5000,3 + 1,https://msave.emart24.co.kr/cmsbo/upload/nHq/plu_image/500x500/8801045522234.JPG
emart24,오뚜기)진라면매운맛봉지*5입,5000,3 + 1,https://msave.emart24.co.kr/cmsbo/upload/nHq/plu_image/500x500/8801045522265.JPG
emart24,웨이샹)충칭마라탕면,2700,3 + 1,https://msave.emart24.co.kr/cmsbo/upload/nHq/plu_image/500x500/8809990947508.JPG
emart24,웨이샹)충칭마라탕면(5입),13500,3 + 1,https://msave.emart24.co.kr/cmsbo/upload/nHq/plu_image/500x500/8809990947515.JPG
