brand,name,price,event,img_url
GS25,락컴퍼니)비빔파스타254G,3900,덤증정,https://image.woodongs.com/imgsvr/item/GD_8809077051883_001.jpg
GS25,본고장)가쓰오냉소바184G,4200,덤증정,https://image.woodongs.com/imgsvr/item/GD_8801085884255_001.jpg
GS25,썬퓨어)1000원커피헤이즐넛M,1000,덤증정,https://image.woodongs.com/imgsvr/item/GD_8809046594618_001.jpg
GS25,이영자)묵은지들기름막국수176G,4900,덤증정,https://image.woodongs.com/imgsvr/item/GD_8801085885269_001.jpg
GS25,쟈뎅)1000원아메리카노블랙M,1000,덤증정,https://image.woodongs.com/imgsvr/item/GD_8808024050511_001.jpg
GS25,쟈뎅)1000원아메리카노스위트M,1000,덤증정,https://image.woodongs.com/imgsvr/item/GD_8808024050535_001.jpg
GS25,쟈뎅)1300원카페라떼M,1300,덤증정,https://image.woodongs.com/imgsvr/item/GD_8808024050863_001.jpg
GS25,종가)열무김치말이국수1편,4900,덤증정,https://image.woodongs.com/imgsvr/item/GD_2700038882262_002.jpg
GS25,칠갑)3900얼음찬물냉면130G,3500,덤증정,https://image.woodongs.com/imgsvr/item/GD_8801759021085_001.jpg
GS25,한일)비빔냉쫄면190G,3900,덤증정,https://image.woodongs.com/imgsvr/item/GD_8801085885320_001.jpg
GS25,태원)트위스트드링크와일드베리,1700,2+1,https://image.woodongs.com/imgsvr/item/GD_90153433_001.jpg
GS25,태원)트위스트앤드링크사과,1700,2+1,https://image.woodongs.com/imgsvr/item/GD_90153426_003.jpg
GS25,Dole)딸기팝(62ml*8개),8000,1+1,https://image.woodongs.com/imgsvr/item/GD_8809654956471_001.jpg
GS25,Dole)망고팝(62ml*8개),8000,1+1,https://image.woodongs.com/imgsvr/item/GD_8809069306489_001.jpg
GS25,Dole)오렌지팝(62ml*8개),8000,1+1,https://image.woodongs.com/imgsvr/item/GD_8809069306441_001.jpg
GS25,Dole)파인애플팝(62ml*8개),8000,1+1,https://image.woodongs.com/imgsvr/item/GD_8809069306502_001.jpg
GS25,Dole)피치팝(62ml*8개),8000,1+1,https://image.woodongs.com/imgsvr/item/GD_8809654955146_001.jpg
GS25,냉동딸기(150G),4000,1+1,https://image.woodongs.com/imgsvr/item/GD_8809815962990_002.jpg
GS25,냉동스위트망고(150G),4000,1+1,https://image.woodongs.com/imgsvr/item/GD_8809815962983_002.jpg
GS25,동원)미네마인탄산수500ML,1800,1+1,https://image.woodongs.com/imgsvr/item/GD_8801047496687_002.jpg
GS25,ARIH)레드루비소다355ML,2500,2+1,https://image.woodongs.com/imgsvr/item/GD_8801128284646_001.jpg
GS25,ARIH)클리어레몬소다355ML,2500,2+1,https://image.woodongs.com/imgsvr/item/GD_8801128284523_001.jpg
GS25,ARIH)피치망고소다355ML,2500,2+1,https://image.woodongs.com/imgsvr/item/GD_8801128284516_001.jpg
GS25,ARIH)레몬크레스트355ML,2200,2+1,https://image.woodongs.com/imgsvr/item/GD_8809695255656_001.jpg
GS25,ARIH)블러시베리355ML,2200,2+1,https://image.woodongs.com/imgsvr/item/GD_8809695255533_001.jpg
GS25,ARIH)트로피칼웨이브355ML,2200,2+1,https://image.woodongs.com/imgsvr/item/GD_8809695255625_001.jpg
GS25,페리오)키즈어린이치약(피카츄),3900,1+1,https://image.woodongs.com/imgsvr/item/GD_8801051055269_271.jpg
GS25,페리오)어린이칫솔(피카츄)3단계,4900,1+1,https://image.woodongs.com/imgsvr/item/GD_8801051003819_820.jpg
GS25,사조)쟌슨빌베다위드체다200G,6900,2+1,https://image.woodongs.com/imgsvr/item/GD_8801039012086_001.jpg
GS25,먹태를찍먹30G,8900,1+1,https://image.woodongs.com/imgsvr/item/GD_8809193858250_004.jpg
GS25,정식품)고단백두유플레인190ML,1600,2+1,https://image.woodongs.com/imgsvr/item/GD_8801033811357_001.jpg
GS25,정식품)베지밀고단백초코190ML,1600,2+1,https://image.woodongs.com/imgsvr/item/GD_8801033808913_001.jpg
GS25,오뚜기)컵누들저당로제(소컵),1800,2+1,https://image.woodongs.com/imgsvr/item/GD_8801045335612_001.jpg
GS25,진성)참깨맛꽈배기510G,9500,1+1,https://image.woodongs.com/imgsvr/item/GD_6970293329062_001.jpg
GS25,102)훈제오리슬라이스(200G),7500,1+1,https://image.woodongs.com/imgsvr/item/GD_8809377690805_002.jpg
GS25,녹차녹차돌자반55G,4900,1+1,https://image.woodongs.com/imgsvr/item/GD_8809186873710_001.jpg
GS25,파래파래돌자반55G,4900,1+1,https://image.woodongs.com/imgsvr/item/GD_8809186873703_001.jpg
GS25,더납딱한오다리25G,4800,2+1,https://image.woodongs.com/imgsvr/item/GD_8809677723203_002.jpg
GS25,더도톰한오징어25G,4800,2+1,https://image.woodongs.com/imgsvr/item/GD_8809677723210_002.jpg
GS25,곱창파는청년들)소스지190G/냉동,12800,1+1,https://image.woodongs.com/imgsvr/item/GD_8809729950144_001.jpg
GS25,안동간고등어100G(순살/냉동),5000,1+1,https://image.woodongs.com/imgsvr/item/GD_8809093441002_002.jpg
GS25,CJ)비비고가자미구이(순살/60G),6900,1+1,https://image.woodongs.com/imgsvr/item/GD_8801392109201_001.jpg
GS25,CJ)비비고갈치구이(70G),6900,1+1,https://image.woodongs.com/imgsvr/item/GD_8801007917429_002.jpg
GS25,CJ)비비고고등어구이(순살/60G),6900,1+1,https://image.woodongs.com/imgsvr/item/GD_8801007917030_003.jpg
GS25,CJ)비비고삼치구이(순살/60G),6900,1+1,https://image.woodongs.com/imgsvr/item/GD_8801007917320_003.jpg
GS25,CJ)비비고연어스테이크(60G),9900,1+1,https://image.woodongs.com/imgsvr/item/GD_8801392162671_001.jpg
GS25,CJ)비비고틸라피아스테이크70g,9900,1+1,https://image.woodongs.com/imgsvr/item/GD_8801392172571_001.jpg
GS25,피치)까먹는바나나모양바60G,1500,1+1,https://image.woodongs.com/imgsvr/item/GD_8809971932707_001.jpg
GS25,라벨리)디요거트허니유자180ML,2000,1+1,https://image.woodongs.com/imgsvr/item/GD_8805584224741_002.jpg
GS25,정화)아망추망고빅볼200G,2500,1+1,https://image.woodongs.com/imgsvr/item/GD_8801308480684_002.jpg
GS25,이무라야)골든파인애플아이스,3000,1+1,https://image.woodongs.com/imgsvr/item/GD_4901006221283_001.jpg
GS25,바나나킥)헤이즐넛라떼파르페,3500,1+1,https://image.woodongs.com/imgsvr/item/GD_8807203002877_002.jpg
GS25,이무라야)말차모찌아이스빙수,4000,1+1,https://image.woodongs.com/imgsvr/item/GD_4901006221214_001.jpg
GS25,피치)프로즌넛츠소르베믹스80G,4900,1+1,https://image.woodongs.com/imgsvr/item/GD_8809971932882_001.jpg
GS25,프루타프루타)아사이볼오리지널,5500,1+1,https://image.woodongs.com/imgsvr/item/GD_4582199731461_001.jpg
GS25,피치)프로즌팝소르베믹스80G,5900,1+1,https://image.woodongs.com/imgsvr/item/GD_8809971932691_001.jpg
GS25,올리)아이스컵봉지얼음180G,600,1+1,https://image.woodongs.com/imgsvr/item/GD_8809197844303_001.jpg
GS25,파티세리)망고무스케이크75G,6900,1+1,https://image.woodongs.com/imgsvr/item/GD_8809971932820_001.jpg
GS25,파티세리)피치무스케이크80G,6900,1+1,https://image.woodongs.com/imgsvr/item/GD_8809971932837_001.jpg
GS25,하리보)골드바렌100G,2500,1+1,https://image.woodongs.com/imgsvr/item/GD_4001686301555_002.jpg
GS25,하리보)골드베어사우어80G,2500,1+1,https://image.woodongs.com/imgsvr/item/GD_8691216099579_006.jpg
GS25,하리보)스타믹스100G,2500,1+1,https://image.woodongs.com/imgsvr/item/GD_5012035901738_001.jpg
GS25,스윗콘(100G/봉),2000,2+1,https://image.woodongs.com/imgsvr/item/GD_8809405270979_001.jpg
GS25,미이랑)귀리400g,7900,1+1,https://image.woodongs.com/imgsvr/item/GD_8801500158237_001.jpg
GS25,미이랑)병아리콩400g,7900,1+1,https://image.woodongs.com/imgsvr/item/GD_8801500158251_001.jpg
GS25,미이랑)찰보리400g,7900,1+1,https://image.woodongs.com/imgsvr/item/GD_8801500158275_001.jpg
GS25,미이랑)찰현미400g,7900,1+1,https://image.woodongs.com/imgsvr/item/GD_8801500158220_001.jpg
GS25,미이랑)찰흑미400g,7900,1+1,https://image.woodongs.com/imgsvr/item/GD_8801500158268_001.jpg
GS25,미이랑)찹쌀400g,7900,1+1,https://image.woodongs.com/imgsvr/item/GD_8801500158213_001.jpg
GS25,미이랑)파로400g,7900,1+1,https://image.woodongs.com/imgsvr/item/GD_8801500158244_001.jpg
GS25,거산)꿀머군고구마120G,5200,1+1,https://image.woodongs.com/imgsvr/item/GD_8809653410639_001.jpg
GS25,찰랑꿀맛고구마말랭이(45G/봉),4900,1+1,https://image.woodongs.com/imgsvr/item/GD_8809653410394_002.jpg
GS25,호풍꿀맛고구마말랭이(45G/봉),4900,1+1,https://image.woodongs.com/imgsvr/item/GD_8809653410363_002.jpg
GS25,호박꿀맛고구마말랭이(45G/봉),4900,1+1,https://image.woodongs.com/imgsvr/item/GD_8809653410387_002.jpg
GS25,산지애)자두350G(팩),6000,1+1,https://image.woodongs.com/imgsvr/item/GD_2345001813999_006.jpg
GS25,오리지널)군고구마빠50g,3900,1+1,https://image.woodongs.com/imgsvr/item/GD_8809857620414_002.jpg
GS25,라라스윗)골드키위파인파인트,11900,1+1,https://image.woodongs.com/imgsvr/item/GD_8809599361798_001.jpg
GS25,라라스윗)바닐라빈파인트474ML,11900,1+1,https://image.woodongs.com/imgsvr/item/GD_8809599360494_001.jpg
GS25,라라스윗)생요거트망고파인트474,11900,1+1,https://image.woodongs.com/imgsvr/item/GD_8809599361620_001.jpg
GS25,라라스윗)치즈케이크파인트474ML,11900,1+1,https://image.woodongs.com/imgsvr/item/GD_8809599360517_001.jpg
GS25,유어스)평양냉면육수M,1600,1+1,https://image.woodongs.com/imgsvr/item/GD_8800244140706_004.jpg
GS25,해태)생생감자칩황치즈버터맛55G,2000,2+1,https://image.woodongs.com/imgsvr/item/GD_8801019613784_002.jpg
GS25,에드워드리)김치전스낵40G,2500,1+1,https://image.woodongs.com/imgsvr/item/GD_8809682781151_001.jpg
GS25,삼양)탱글갈릭쉬림프파스타(대컵,2500,1+1,https://image.woodongs.com/imgsvr/item/GD_8801073217294_001.jpg
GS25,삼양)탱글바질토마토파스타(대컵,2500,1+1,https://image.woodongs.com/imgsvr/item/GD_8801073217201_001.jpg
GS25,베이비스타)코코이치방야카레54G,2000,2+1,https://image.woodongs.com/imgsvr/item/GD_4718005883042_001.jpg
GS25,동아제약)박카스디카페120ML,1000,2+1,https://image.woodongs.com/imgsvr/item/GD_8806011618249_001.JPG
GS25,몬치치)초코카다이프팝콘55G,2300,1+1,https://image.woodongs.com/imgsvr/item/GD_8809027555447_001.jpg
GS25,슈퍼마리오)트러플파스타팝콘55G,1800,1+1,https://image.woodongs.com/imgsvr/item/GD_8809913653011_001.jpg
GS25,흑백)중식마녀쯔란돼지껍질튀김,5900,2+1,https://image.woodongs.com/imgsvr/item/GD_8800244143905_001.jpg
GS25,선우)쿠쫀볼40G,4500,1+1,https://image.woodongs.com/imgsvr/item/GD_8809963484290_001.jpg
GS25,선우)황치즈두쫀볼40G,4500,1+1,https://image.woodongs.com/imgsvr/item/GD_8809963484399_001.jpg
GS25,대광)연유크림슈,2700,1+1,https://image.woodongs.com/imgsvr/item/GD_8809243177188_001.jpg
GS25,대광)에그타르트,2400,1+1,https://image.woodongs.com/imgsvr/item/GD_8809243176976_001.jpg
GS25,롯데)ABC초코187G,8000,2+1,https://image.woodongs.com/imgsvr/item/GD_8801062629992_002.jpg
GS25,농심)포테토칩엽떡로제맛55G,1700,2+1,https://image.woodongs.com/imgsvr/item/GD_8801043067799_002.jpg
GS25,롯데)솔의눈500ML,2200,2+1,https://image.woodongs.com/imgsvr/item/GD_8801056228927_001.JPG
GS25,삼립)NEW불고기치즈부리또,3500,2+1,https://image.woodongs.com/imgsvr/item/GD_8801068932164_003.jpg
GS25,삼립)NEW슈퍼슈프림부리또,3500,2+1,https://image.woodongs.com/imgsvr/item/GD_8801068932157_002.jpg
GS25,삼립)멕시칸스파이시치킨부리또,3500,2+1,https://image.woodongs.com/imgsvr/item/GD_8801068938692_002.jpg
GS25,삼립)아메리칸딥치즈소시지부리,3500,2+1,https://image.woodongs.com/imgsvr/item/GD_8801068941746_001.jpg
GS25,삼립)캐네디언그레이비해쉬부리,3500,2+1,https://image.woodongs.com/imgsvr/item/GD_8801068941739_001.jpg
GS25,삼립)트리플치즈부리또,3500,2+1,https://image.woodongs.com/imgsvr/item/GD_8801068921403_003.jpg
GS25,유신우)바다속젤리130G,2000,1+1,https://image.woodongs.com/imgsvr/item/GD_6973160172273_001.jpg
GS25,엠탑)하프앤하프스틱(커피)33G,1000,1+1,https://image.woodongs.com/imgsvr/item/GD_8800269970319_001.jpg
GS25,핑구)핑구르르르젤리45G,1800,1+1,https://image.woodongs.com/imgsvr/item/GD_8809704433501_001.jpg
GS25,머거본)김스칼몬드35G,3000,1+1,https://image.woodongs.com/imgsvr/item/GD_8801133012197_001.jpg
GS25,몽뜨)푸르츠사워패치젤리80G,2000,1+1,https://image.woodongs.com/imgsvr/item/GD_8809429533555_001.jpg
GS25,크라운)버터와플이즈니158G,4100,1+1,https://image.woodongs.com/imgsvr/item/GD_8801111963589_001.jpg
GS25,스마일)두바이타입초콜릿바,1900,1+1,https://image.woodongs.com/imgsvr/item/GD_8809853060559_001.jpg
GS25,BR)뉴욕치즈케이크크런치55G,2000,1+1,https://image.woodongs.com/imgsvr/item/GD_8809288636756_002.jpg
GS25,BR)그린티크런치55G,2000,1+1,https://image.woodongs.com/imgsvr/item/GD_8809288636763_002.jpg
GS25,흥선)워헤즈젤리빈45G,1500,1+1,https://image.woodongs.com/imgsvr/item/GD_8809841062473_001.jpg
GS25,스마일)빠스틱치킨맛50G,2000,1+1,https://image.woodongs.com/imgsvr/item/GD_8809909840463_001.jpg
GS25,밀크클래식)오꼬시흑설탕맛66G,1800,1+1,https://image.woodongs.com/imgsvr/item/GD_8809560522258_001.jpg
GS25,BBQ마시멜로오징어모양40G,1800,1+1,https://image.woodongs.com/imgsvr/item/GD_6976541220013_001.jpg
GS25,하림)더미식제육볶음양념140G,3500,1+1,https://image.woodongs.com/imgsvr/item/GD_8809778496693_002.jpg
GS25,미스티)콜라푸쉬팝15G,1500,1+1,https://image.woodongs.com/imgsvr/item/GD_52071034_001.jpg
GS25,흥선)워헤즈아토믹피즈42G,3500,1+1,https://image.woodongs.com/imgsvr/item/GD_8809841062787_002.jpg
GS25,하늘처럼)무화과블랙베이글칩60G,2800,1+1,https://image.woodongs.com/imgsvr/item/GD_8809247976275_001.jpg
GS25,CJ)바삭팝콘스팸맛55G,1900,1+1,https://image.woodongs.com/imgsvr/item/GD_8801392158940_001.jpg
GS25,Y(P)육즙팡팡정통프랑크100G,2600,2+1,https://image.woodongs.com/imgsvr/item/GD_8809038475437_002.jpg
GS25,CJ)바삭팝콘허브솔트맛55G,1900,1+1,https://image.woodongs.com/imgsvr/item/GD_8801392158964_001.jpg
GS25,만전)명란김자반40G[D2],2400,1+1,https://image.woodongs.com/imgsvr/item/GD_8802241902318_001.jpg
GS25,미스티)제로콜라푸쉬팝15G,1500,1+1,https://image.woodongs.com/imgsvr/item/GD_52071041_001.jpg
GS25,훼밀리)구슬라볶이(오리지날),3900,1+1,https://image.woodongs.com/imgsvr/item/GD_8809418081845_001.jpg
GS25,피치)구퍼즈피클모양구미18G,1000,1+1,https://image.woodongs.com/imgsvr/item/GD_8809971932134_001.jpg
GS25,미스티)산리오롤업젤리40G,1500,1+1,https://image.woodongs.com/imgsvr/item/GD_8809788013224_001.jpg
GS25,서주)제로백젤리42G,2000,1+1,https://image.woodongs.com/imgsvr/item/GD_8809592641941_001.jpg
GS25,아이비)짱구립스틱캔디5G,2000,1+1,https://image.woodongs.com/imgsvr/item/GD_8809930530098_003.jpg
GS25,바이오)부각믹스100G[D2],5900,1+1,https://image.woodongs.com/imgsvr/item/GD_8800244142977_001.jpg
GS25,훼밀리)유기농올리브유8G[D2],1000,1+1,https://image.woodongs.com/imgsvr/item/GD_8809234904618_001.jpg
GS25,미성)헌트토마토페이스트340G,9000,1+1,https://image.woodongs.com/imgsvr/item/GD_027000388112_001.jpg
GS25,피스터블)밀크초콜릿60G,8000,1+1,https://image.woodongs.com/imgsvr/item/GD_850027880129_002.jpg
GS25,동서)맥스웰하우스라떼500ML,2900,1+1,https://image.woodongs.com/imgsvr/item/GD_8801037093766_004.jpg
GS25,동서)맥스웰하우스블랙500ML,2900,1+1,https://image.woodongs.com/imgsvr/item/GD_8801037093742_004.jpg
GS25,동서)맥스웰하우스헤이즐넛500ML,2900,1+1,https://image.woodongs.com/imgsvr/item/GD_8801037096446_003.jpg
GS25,넷플릭스)에너지레몬라임500ML,2500,1+1,https://image.woodongs.com/imgsvr/item/GD_8809495079131_002.jpg
GS25,넷플릭스)에너지오렌지망고500ML,2500,1+1,https://image.woodongs.com/imgsvr/item/GD_8809495079148_002.jpg
GS25,넷플릭스)에너지패션후르츠500ML,2500,1+1,https://image.woodongs.com/imgsvr/item/GD_8801147126125_001.jpg
GS25,코카)닥터페퍼500ML,2200,2+1,https://image.woodongs.com/imgsvr/item/GD_8801094052607_002.jpg
GS25,코카)암바사제로500ML,2200,2+1,https://image.woodongs.com/imgsvr/item/GD_8801094000431_001.jpg
GS25,에비앙생수500ML,2200,2+1,https://image.woodongs.com/imgsvr/item/GD_3068320024400_401.jpg
GS25,롯데)오트몬드프로틴커피250ML,2900,1+1,https://image.woodongs.com/imgsvr/item/GD_8801056911799_001.jpg
GS25,광동)V라인슬림핏150ML,2500,1+1,https://image.woodongs.com/imgsvr/item/GD_8806002026039_001.jpg
GS25,녹차원)제로슈가쌍화차(원컵),1800,2+1,https://image.woodongs.com/imgsvr/item/GD_8801767341199_002.jpg
GS25,녹차원)제로슈가율무차(원컵),1800,2+1,https://image.woodongs.com/imgsvr/item/GD_8801767341182_002.jpg
GS25,바프)와삭콘치킨맛땅콩30G,1500,2+1,https://image.woodongs.com/imgsvr/item/GD_8800279453291_001.jpg
GS25,바이오)오징어카츠청양마요40G,6300,2+1,https://image.woodongs.com/imgsvr/item/GD_8800244144155_001.jpg
GS25,몽뜨)설곤약마라탕맛30G,1200,1+1,https://image.woodongs.com/imgsvr/item/GD_6940434621065_001.jpg
GS25,고운벗)복주머니골든초콜릿30GD2,3000,1+1,https://image.woodongs.com/imgsvr/item/GD_8809943280829_001.jpg
GS25,깨끗한나라)쿨링타올레몬그라스,1500,2+1,https://image.woodongs.com/imgsvr/item/GD_8801260610945_002.jpg
GS25,일신)바주카츄바사우어애플14G,1200,1+1,https://image.woodongs.com/imgsvr/item/GD_5011053026232_001.jpg
GS25,스위트조이)주토피아구슬젤리60G,5800,1+1,https://image.woodongs.com/imgsvr/item/GD_8809402811342_002.jpg
GS25,피스터블)쿠키앤크림60G,8000,1+1,https://image.woodongs.com/imgsvr/item/GD_850027880303_002.jpg
GS25,아이비젼)운세부적키링팝핑캔디,3000,1+1,https://image.woodongs.com/imgsvr/item/GD_8809146203724_002.jpg
GS25,비달)자이언트바나나젤리필드80G,2500,1+1,https://image.woodongs.com/imgsvr/item/GD_8413178399777_001.jpg
GS25,하늘처럼)크랜베리베이글칩60G,2800,1+1,https://image.woodongs.com/imgsvr/item/GD_8809247976268_001.jpg
GS25,일신)바주카츄바사우어망고14G,1200,1+1,https://image.woodongs.com/imgsvr/item/GD_5011053026201_002.jpg
GS25,선우)동결건조하트구미첼13G,2500,1+1,https://image.woodongs.com/imgsvr/item/GD_8809963481213_003.jpg
GS25,워헤즈)사우어솜사탕15G,1800,1+1,https://image.woodongs.com/imgsvr/item/GD_8809841062381_001.jpg
GS25,SM)안녕자두야오뚝이캔디15G,2000,1+1,https://image.woodongs.com/imgsvr/item/GD_8809648262557_001.jpg
GS25,미성)헌트토마토홀411G,9000,1+1,https://image.woodongs.com/imgsvr/item/GD_027000380109_001.jpg
GS25,피스터블)다크씨솔트60G[D2],8000,1+1,https://image.woodongs.com/imgsvr/item/GD_850027880143_002.jpg
GS25,훼밀리)닛신돈베이템푸라우동83G,3900,1+1,https://image.woodongs.com/imgsvr/item/GD_4897878470051_001.jpg
GS25,스마일)쫀득꿀사과젤리50G[D2],2500,1+1,https://image.woodongs.com/imgsvr/item/GD_8809682781281_001.jpg
GS25,CJ)비비고오마이갓김치팝콘80G,1900,1+1,https://image.woodongs.com/imgsvr/item/GD_8801392155307_001.jpg
GS25,선우)동결건조스노우볼7.2G[D2],2000,1+1,https://image.woodongs.com/imgsvr/item/GD_8809963481831_002.jpg
GS25,코주부)통오징어45G,7400,1+1,https://image.woodongs.com/imgsvr/item/GD_8804888003328_001.jpg
GS25,에이스)두바이초코30G,2500,1+1,https://image.woodongs.com/imgsvr/item/GD_8809248770506_001.jpg
GS25,선우)초코두쫀볼40G,4500,1+1,https://image.woodongs.com/imgsvr/item/GD_8809963483774_003.jpg
GS25,서울우유)왕짜요짜요(딸기)120ML,2400,2+1,https://image.woodongs.com/imgsvr/item/GD_8801115720560_001.jpg
GS25,서울우유)왕짜요짜요(포도)120ML,2400,2+1,https://image.woodongs.com/imgsvr/item/GD_8801115720577_001.jpg
GS25,대상푸드)26년순살갈비탕300G,5900,덤증정,https://image.woodongs.com/imgsvr/item/GD_8809730372102_001.jpg
GS25,대상푸드)26년스지도가니탕300G,5900,덤증정,https://image.woodongs.com/imgsvr/item/GD_8809730372119_003.jpg
GS25,씨티)26Y닭다리누룽지삼계죽540G,6900,덤증정,https://image.woodongs.com/imgsvr/item/GD_8809396243525_002.jpg
GS25,씨티)26년닭곰탕칼국수500G,5900,덤증정,https://image.woodongs.com/imgsvr/item/GD_8809396243532_001.jpg
GS25,씨티)9900닭볶음탕650G,9900,덤증정,https://image.woodongs.com/imgsvr/item/GD_8809396244041_001.jpg
GS25,씨티)9900전기구이한마리통닭,9900,덤증정,https://image.woodongs.com/imgsvr/item/GD_8809396243549_003.jpg
GS25,스위트)말차크림롤60G,2500,2+1,https://image.woodongs.com/imgsvr/item/GD_8809402813438_001.jpg
GS25,스위트)코코넛버터크림롤60G,2500,2+1,https://image.woodongs.com/imgsvr/item/GD_8809402813445_001.jpg
GS25,서주)앤디스민트웨하스45G,2200,2+1,https://image.woodongs.com/imgsvr/item/GD_8809592642245_001.jpg
GS25,CARE)BIG사이즈콘돔(2XL),6500,1+1,https://image.woodongs.com/imgsvr/item/GD_8809822510504_001.jpg
GS25,타월빌리)휴대용타월그란데,3200,2+1,https://image.woodongs.com/imgsvr/item/GD_8809840780576_001.jpg
GS25,타월빌리)휴대용압축수건(10매),8800,2+1,https://image.woodongs.com/imgsvr/item/GD_8809840780729_001.jpg
GS25,롯데)칠성사이다제로유자500ML,2500,1+1,https://image.woodongs.com/imgsvr/item/GD_8801056911270_001.jpg
GS25,링티)비타제로레몬에이드L,2000,덤증정,https://image.woodongs.com/imgsvr/item/GD_8809626921933_001.jpg
GS25,링티)비타제로복숭아에이드L,2000,덤증정,https://image.woodongs.com/imgsvr/item/GD_8809626921957_001.jpg
GS25,유어스)비타500이온액티브L,2000,덤증정,https://image.woodongs.com/imgsvr/item/GD_8806002024516_002.jpg
GS25,정식품)베지밀바나나피넛버터240,2300,덤증정,https://image.woodongs.com/imgsvr/item/GD_8801033812934_001.jpg
GS25,코카)환타멜론PET600ML,2200,1+1,https://image.woodongs.com/imgsvr/item/GD_8801094000394_001.jpg
GS25,롯데)펩시엑스트라피즈500ML,2500,1+1,https://image.woodongs.com/imgsvr/item/GD_8801056911782_001.jpg
GS25,롯데)펩시제로라임500ML,2500,1+1,https://image.woodongs.com/imgsvr/item/GD_8801056175955_004.jpg
GS25,롯데)펩시제로제로500ML,2500,1+1,https://image.woodongs.com/imgsvr/item/GD_8801056245085_002.jpg
GS25,롯데)펩시제로피치500ML,2500,1+1,https://image.woodongs.com/imgsvr/item/GD_8801056911027_001.jpg
GS25,동원)야채참치90G,3300,2+1,https://image.woodongs.com/imgsvr/item/GD_8801047121312_003.jpg
GS25,동원)고추참치150G,4400,2+1,https://image.woodongs.com/imgsvr/item/GD_8801047123750_753.jpg
GS25,동원)야채참치150G,4400,2+1,https://image.woodongs.com/imgsvr/item/GD_8801047121350_351.jpg
GS25,샤프란)냄새뺌담배냄새,4200,1+1,https://image.woodongs.com/imgsvr/item/GD_8801051262681_686.jpg
GS25,샤프란)스타일러섬유탈취(은은),4200,1+1,https://image.woodongs.com/imgsvr/item/GD_8801051262995_002.jpg
GS25,돌)건망고(80G/봉),5000,2+1,https://image.woodongs.com/imgsvr/item/GD_8809069308469_001.jpg
GS25,오뚜기)순후추나쵸60G,1800,2+1,https://image.woodongs.com/imgsvr/item/GD_8801045797212_001.jpg
GS25,오뚜기)순후추팝콘(봉지),1800,2+1,https://image.woodongs.com/imgsvr/item/GD_8801045652573_002.jpg
GS25,프링글스)버터카라멜110G,4200,2+1,https://image.woodongs.com/imgsvr/item/GD_8886467104725_002.jpg
GS25,프링글스)스윗어니언48G,2100,2+1,https://image.woodongs.com/imgsvr/item/GD_8886467130076_001.jpg
GS25,선우)황치즈퍼프볼40G,3600,2+1,https://image.woodongs.com/imgsvr/item/GD_8809963484337_001.jpg
GS25,동원)상상육포30G(비프앤치즈),4600,2+1,https://image.woodongs.com/imgsvr/item/GD_8801047183860_002.jpg
GS25,동원)상상육포30G(안심),4600,2+1,https://image.woodongs.com/imgsvr/item/GD_8801047183877_002.jpg
GS25,동원)상상육포페퍼앤솔트30G,4600,2+1,https://image.woodongs.com/imgsvr/item/GD_8801047183891_002.jpg
GS25,청우)쫀득초코칩90G,2000,2+1,https://image.woodongs.com/imgsvr/item/GD_8801204008708_002.jpg
GS25,흑백)최강록떡볶이맛두부바100G,3700,1+1,https://image.woodongs.com/imgsvr/item/GD_8809331461083_001.jpg
GS25,해태)고향왕교자340G,7600,1+1,https://image.woodongs.com/imgsvr/item/GD_8801019516085_001.jpg
GS25,하림)오늘단백카라멜바48G,2900,2+1,https://image.woodongs.com/imgsvr/item/GD_8801492392398_003.jpg
GS25,하림)오늘단백피스타치오바48G,2900,2+1,https://image.woodongs.com/imgsvr/item/GD_8801492392411_002.jpg
GS25,유어스)페이스6일회용면도기1입,3200,1+1,https://image.woodongs.com/imgsvr/item/GD_8801038572291_001.jpg
GS25,유어스)터치쓰리일회용면도기1입,1200,1+1,https://image.woodongs.com/imgsvr/item/GD_8801038572260_001.jpg
GS25,브이톡)블루앤톡레몬에이드500ML,2400,1+1,https://image.woodongs.com/imgsvr/item/GD_8809859782240_001.jpg
GS25,웅진)초록매실PET500ML,2350,2+1,https://image.woodongs.com/imgsvr/item/GD_8801382126560_562.jpg
GS25,웅진)푸룬부스터200ML,4500,2+1,https://image.woodongs.com/imgsvr/item/GD_8801382150626_002.jpg
GS25,위찌)글로스01멜바시럽,3000,2+1,https://image.woodongs.com/imgsvr/item/GD_8800305281386_002.jpg
GS25,위찌)글로스02피오니드리즐,3000,2+1,https://image.woodongs.com/imgsvr/item/GD_8800305281393_002.jpg
GS25,위찌)글로스03체리글레이즈,3000,2+1,https://image.woodongs.com/imgsvr/item/GD_8800305281409_002.jpg
GS25,위찌)글로스04피그허니,3000,2+1,https://image.woodongs.com/imgsvr/item/GD_8800305281416_002.jpg
GS25,위찌)글로스05프랄린,3000,2+1,https://image.woodongs.com/imgsvr/item/GD_8800305281423_002.jpg
GS25,미스티)사브레한입바나나(6입),2500,2+1,https://image.woodongs.com/imgsvr/item/GD_8809788013699_001.jpg
GS25,생미쉘)마들렌175G,3900,2+1,https://image.woodongs.com/imgsvr/item/GD_3178530402353_001.jpg
GS25,생미쉘)초코칩마들렌175G,3900,2+1,https://image.woodongs.com/imgsvr/item/GD_3178530407938_001.jpg
GS25,비락)야채사랑365(190ML),1700,2+1,https://image.woodongs.com/imgsvr/item/GD_8801189201767_001.jpg
GS25,비락)야채사랑당근비트180ML,1700,2+1,https://image.woodongs.com/imgsvr/item/GD_8801189204232_001.jpg
GS25,슈가로로)스파클링복숭아350,2000,1+1,https://image.woodongs.com/imgsvr/item/GD_8809403538248_001.jpg
GS25,슈가로로)애사비스파클링자몽500,2700,1+1,https://image.woodongs.com/imgsvr/item/GD_8800304450233_001.jpg
GS25,슈가로로)애사비스파클링파인500,2700,1+1,https://image.woodongs.com/imgsvr/item/GD_8800304450257_001.jpg
GS25,현대)헬씨올리고팝딸기바닐라350,2600,1+1,https://image.woodongs.com/imgsvr/item/GD_8806004001171_001.jpg
GS25,현대)헬씨올리고팝애플체리350ML,2600,1+1,https://image.woodongs.com/imgsvr/item/GD_8806004001157_001.jpg
GS25,현대)미에로화이바솔트레몬350ML,2600,1+1,https://image.woodongs.com/imgsvr/item/GD_8806004000969_001.jpg
GS25,마이노멀)저당바닐라라떼250ML,3000,1+1,https://image.woodongs.com/imgsvr/item/GD_8809634871305_001.jpg
GS25,마이노멀)저당카페라떼250ML,3000,1+1,https://image.woodongs.com/imgsvr/item/GD_8809634871312_001.jpg
GS25,현대)미에로화이바210ML,1700,2+1,https://image.woodongs.com/imgsvr/item/GD_8806004382119_122.jpg
GS25,소이조이)후르츠&베이크드치즈,1700,2+1,https://image.woodongs.com/imgsvr/item/GD_4987035682714_002.jpg
GS25,하이뮨)프로틴밸런스바나나250ML,2900,2+1,https://image.woodongs.com/imgsvr/item/GD_8801157471208_005.jpg
GS25,하이뮨)프로틴밸런스액티브250ML,2900,2+1,https://image.woodongs.com/imgsvr/item/GD_8801157470959_002.jpg
GS25,할리스)바닐라딜라이트300ML,3200,2+1,https://image.woodongs.com/imgsvr/item/GD_8809286693706_002.jpg
GS25,할리스)카라멜마끼야또300ML,3200,2+1,https://image.woodongs.com/imgsvr/item/GD_8809286694192_001.jpg
GS25,할리스)카페라떼300ML,3200,2+1,https://image.woodongs.com/imgsvr/item/GD_8809286693713_002.jpg
GS25,유어스)그릭요거트블루베리140G,3900,1+1,https://image.woodongs.com/imgsvr/item/GD_8809274516406_001.jpg
GS25,유어스)꿀쌍화150ML,1800,2+1,https://image.woodongs.com/imgsvr/item/GD_8809125060577_002.jpg
GS25,남양)십칠차500ML,2200,2+1,https://image.woodongs.com/imgsvr/item/GD_8801069174020_024.jpg
GS25,천지개벽)홍삼꿀280ML,2000,2+1,https://image.woodongs.com/imgsvr/item/GD_8809329050534_002.jpg
GS25,땡모반)수박스파클링350ML,2000,2+1,https://image.woodongs.com/imgsvr/item/GD_8809713918907_002.jpg
GS25,천지개벽)한라봉스파클링355ML,1800,2+1,https://image.woodongs.com/imgsvr/item/GD_8809329050473_002.jpg
GS25,웅진)자연은말린복숭아500ML,2500,1+1,https://image.woodongs.com/imgsvr/item/GD_8801382150206_002.jpg
GS25,웅진)자연은말린자몽500ML,2500,1+1,https://image.woodongs.com/imgsvr/item/GD_8801382150220_001.jpg
GS25,웅진)티즐제로자몽블랙티500ML,2500,1+1,https://image.woodongs.com/imgsvr/item/GD_8801382149743_003.jpg
GS25,웅진)티즐제로피치우롱티500ML,2500,1+1,https://image.woodongs.com/imgsvr/item/GD_8801382148500_003.jpg
GS25,웅진)유기농하늘보리500ML,2500,1+1,https://image.woodongs.com/imgsvr/item/GD_8801382151449_001.jpg
GS25,유어스)20가지과채와당근500ML,2400,2+1,https://image.woodongs.com/imgsvr/item/GD_8801382152309_001.jpg
GS25,유어스)20가지과채와토마토500ML,2400,2+1,https://image.woodongs.com/imgsvr/item/GD_8801382152293_001.jpg
GS25,유어스)싱그런복숭아340ML,1800,2+1,https://image.woodongs.com/imgsvr/item/GD_8801382146766_003.jpg
GS25,유어스)싱그런제주감귤340ML,1800,2+1,https://image.woodongs.com/imgsvr/item/GD_8801382146742_002.jpg
GS25,유어스)싱그런청포도340ML,1800,2+1,https://image.woodongs.com/imgsvr/item/GD_8801382147183_002.jpg
GS25,웅진)결명자차500ML,2200,1+1,https://image.woodongs.com/imgsvr/item/GD_8801382145769_002.jpg
GS25,웅진)누룽지차500ML,2200,1+1,https://image.woodongs.com/imgsvr/item/GD_8801382135036_037.jpg
GS25,웅진)옥수수수염차500ML,2200,1+1,https://image.woodongs.com/imgsvr/item/GD_8801382148449_001.jpg
GS25,태항)눈꽃내리는자스민티500ML,2200,2+1,https://image.woodongs.com/imgsvr/item/GD_6974906992384_001.jpg
GS25,태항)봄날의그린티500ML,2200,2+1,https://image.woodongs.com/imgsvr/item/GD_6974906992001_001.jpg
GS25,태항)붉은빛의우롱티500ML,2200,2+1,https://image.woodongs.com/imgsvr/item/GD_6974906992025_001.jpg
GS25,할리스)디카페인아메리카노450ML,3200,2+1,https://image.woodongs.com/imgsvr/item/GD_8809286695731_002.jpg
GS25,할리스)바닐라딜라이트로우슈거,3200,2+1,https://image.woodongs.com/imgsvr/item/GD_8809286695120_002.jpg
GS25,할리스)블랙아리아아메리카노550,3200,2+1,https://image.woodongs.com/imgsvr/item/GD_8809286695113_001.jpg
GS25,할리스)시그니처아메리카노550ML,3200,2+1,https://image.woodongs.com/imgsvr/item/GD_8809286695106_001.jpg
GS25,팔도)코코뿌요제로복숭아280ML,1900,1+1,https://image.woodongs.com/imgsvr/item/GD_8809695255076_001.jpg
GS25,팔도)코코뿌요제로애플망고280ML,1900,1+1,https://image.woodongs.com/imgsvr/item/GD_8809695255090_001.jpg
GS25,동원)샘물1.1L,1500,1+1,https://image.woodongs.com/imgsvr/item/GD_8801047288022_002.jpg
GS25,동원)양반누룽지500ML,2200,1+1,https://image.woodongs.com/imgsvr/item/GD_8809848280412_001.jpg
GS25,동원)샘물500ML(무라벨),1000,1+1,https://image.woodongs.com/imgsvr/item/GD_8801047287957_001.jpg
GS25,동원)비타C자몽에이드500ML,2200,1+1,https://image.woodongs.com/imgsvr/item/GD_8801047284642_001.jpg
GS25,유어스)동원보성녹차500ML,2200,1+1,https://image.woodongs.com/imgsvr/item/GD_8801047290421_001.jpg
GS25,동원)보성홍차샤인머스캣500ML,2500,1+1,https://image.woodongs.com/imgsvr/item/GD_8801047284598_002.jpg
GS25,동원)보성홍차아이스티레몬500,2500,1+1,https://image.woodongs.com/imgsvr/item/GD_8801047284499_003.jpg
GS25,동원)보성홍차아이스티복숭아500,2500,1+1,https://image.woodongs.com/imgsvr/item/GD_8801047284482_004.jpg
GS25,동원)보성홍차아이스티애플500ML,2500,1+1,https://image.woodongs.com/imgsvr/item/GD_8801047284550_002.jpg
GS25,동원)보성홍차아이스티한라봉500,2500,1+1,https://image.woodongs.com/imgsvr/item/GD_8801047496083_002.jpg
GS25,OKF)알로에베라킹500ML,2500,2+1,https://image.woodongs.com/imgsvr/item/GD_8809041427065_005.jpg
GS25,OKF)옐로우스무디350ML,2500,2+1,https://image.woodongs.com/imgsvr/item/GD_8809041429120_004.jpg
GS25,OKF)워터멜론500ML,2500,2+1,https://image.woodongs.com/imgsvr/item/GD_8809041429649_005.jpg
GS25,일화)맥콜500ML,2200,2+1,https://image.woodongs.com/imgsvr/item/GD_8801223100261_263.jpg
GS25,일화)천연사이다350ML,1400,2+1,https://image.woodongs.com/imgsvr/item/GD_8801223007478_002.jpg
GS25,티젠)애사비소다오리지널500ML,3000,1+1,https://image.woodongs.com/imgsvr/item/GD_8809685983774_001.jpg
GS25,서울)듀오안오리지널푸룬150ML,2300,1+1,https://image.woodongs.com/imgsvr/item/GD_8801115224617_001.jpg
GS25,서울)듀오안화이바사과150ML,2300,1+1,https://image.woodongs.com/imgsvr/item/GD_8801115224624_001.jpg
GS25,서울)멸균우유200ML,1200,2+1,https://image.woodongs.com/imgsvr/item/GD_8801115115113_001.jpg
GS25,서울)저지방멸균200ML,1200,2+1,https://image.woodongs.com/imgsvr/item/GD_8801115115809_001.jpg
GS25,서울)내안의진짜딸기280ML,2300,1+1,https://image.woodongs.com/imgsvr/item/GD_8801115118893_002.jpg
GS25,서울)내안의진짜초코280ML,2300,1+1,https://image.woodongs.com/imgsvr/item/GD_8801115118886_002.jpg
GS25,서울)말차스트로베리200ML,2900,1+1,https://image.woodongs.com/imgsvr/item/GD_8801115140214_001.jpg
GS25,서울)말차에스프레소200ML,2900,1+1,https://image.woodongs.com/imgsvr/item/GD_8801115140207_002.jpg
GS25,서울)강릉커피아인슈페너250ML,2800,2+1,https://image.woodongs.com/imgsvr/item/GD_8801115140047_001.jpg
GS25,서울)비요뜨(베리콩포트)136G,2300,2+1,https://image.woodongs.com/imgsvr/item/GD_8801115224709_001.jpg
GS25,서울)비요뜨(초코링),2300,2+1,https://image.woodongs.com/imgsvr/item/GD_8801115212713_717.jpg
GS25,서울)비요뜨(쿠키앤크림),2300,2+1,https://image.woodongs.com/imgsvr/item/GD_8801115213604_004.jpg
GS25,서울)마이픽딸기(초코링),2200,1+1,https://image.woodongs.com/imgsvr/item/GD_8801115215851_003.jpg
GS25,서울)마이픽플레인(쿠키링),2200,1+1,https://image.woodongs.com/imgsvr/item/GD_8801115224143_001.jpg
GS25,서울)딸기우유300ML,2100,2+1,https://image.woodongs.com/imgsvr/item/GD_8801115134213_003.jpg
GS25,서울)바나나우유300ML,2100,2+1,https://image.woodongs.com/imgsvr/item/GD_8801115137290_001.jpg
GS25,서울)초코우유300ML,2100,2+1,https://image.woodongs.com/imgsvr/item/GD_8801115134220_001.jpg
GS25,서울)커피우유300ML,2100,2+1,https://image.woodongs.com/imgsvr/item/GD_8801115135708_002.jpg
GS25,요즘)그릭요거트(저당말차),4700,2+1,https://image.woodongs.com/imgsvr/item/GD_8809520491518_001.jpg
GS25,요즘)그릭요거트(블루베리),4900,2+1,https://image.woodongs.com/imgsvr/item/GD_8809520490634_004.jpg
GS25,매일)셀렉스모카초코250ML,2900,2+1,https://image.woodongs.com/imgsvr/item/GD_8809846900886_001.jpg
GS25,매일)셀렉스밀크바닐라250ML,2900,2+1,https://image.woodongs.com/imgsvr/item/GD_8809846900893_002.jpg
GS25,매일)셀렉스바나나250ML,2900,2+1,https://image.woodongs.com/imgsvr/item/GD_8809846901548_002.jpg
GS25,매일)바이오딸기요거트150G,3200,1+1,https://image.woodongs.com/imgsvr/item/GD_8801121050460_001.jpg
GS25,매일)바이오백도요거트150G,3200,1+1,https://image.woodongs.com/imgsvr/item/GD_8801121050545_001.jpg
GS25,매일)허쉬우유너티300ML,2300,1+1,https://image.woodongs.com/imgsvr/item/GD_8801121051344_001.jpg
GS25,매일)허쉬우유밀크300ML,2300,1+1,https://image.woodongs.com/imgsvr/item/GD_8801121051320_001.jpg
GS25,매일)상하프로틴스트링치즈20G,1600,2+1,https://image.woodongs.com/imgsvr/item/GD_8801121050903_001.jpg
GS25,매일)어메이징오트언스위트190ML,1500,1+1,https://image.woodongs.com/imgsvr/item/GD_8801121033463_003.jpg
GS25,매일)어메이징오트오리지널190ML,1500,1+1,https://image.woodongs.com/imgsvr/item/GD_8801121033531_003.jpg
GS25,매일)상하미니칼슘체다치즈48G,2800,2+1,https://image.woodongs.com/imgsvr/item/GD_8801121020364_002.jpg
GS25,매일)상하미니크림치즈48G,2800,2+1,https://image.woodongs.com/imgsvr/item/GD_8801121020388_002.jpg
GS25,매일)바이오그릭드링크바나나190,2900,1+1,https://image.woodongs.com/imgsvr/item/GD_8801121048900_002.jpg
GS25,매일)바이오그릭드링크플레인190,2900,1+1,https://image.woodongs.com/imgsvr/item/GD_8801121048887_002.jpg
GS25,매일)그릭요거트플레인150G,3400,1+1,https://image.woodongs.com/imgsvr/item/GD_8801121046739_002.jpg
GS25,매일)바이오그릭파우치플레인,3400,1+1,https://image.woodongs.com/imgsvr/item/GD_8801121046081_003.jpg
GS25,매일)바이오그릭파우치허니,3400,1+1,https://image.woodongs.com/imgsvr/item/GD_8801121045800_003.jpg
GS25,매일)바이오드링킹딸기250ML,2400,2+1,https://image.woodongs.com/imgsvr/item/GD_8801121767139_003.jpg
GS25,매일)바이오드링킹블루베리250ML,2400,2+1,https://image.woodongs.com/imgsvr/item/GD_8801121770757_003.jpg
GS25,매일)바이오드링킹플레인250ML,2400,2+1,https://image.woodongs.com/imgsvr/item/GD_8801121767122_003.jpg
GS25,매일)엔요280ML,1700,2+1,https://image.woodongs.com/imgsvr/item/GD_8801121024737_002.jpg
GS25,매일)바나나는맛있다무가당190ML,1500,2+1,https://image.woodongs.com/imgsvr/item/GD_8801121049280_001.jpg
GS25,매일)바나나는하얗다190ML,1500,2+1,https://image.woodongs.com/imgsvr/item/GD_8801121026915_001.jpg
GS25,매일)우유속에딸기과즙우유300ML,2000,2+1,https://image.woodongs.com/imgsvr/item/GD_8801121103388_393.jpg
GS25,매일)우유속에코코아300ML,2000,2+1,https://image.woodongs.com/imgsvr/item/GD_8801121103661_665.jpg
GS25,매일)커피속에모카치노300ML,2000,2+1,https://image.woodongs.com/imgsvr/item/GD_8801121130568_574.jpg
GS25,매일)바리스타돌체라떼325ML,3500,2+1,https://image.woodongs.com/imgsvr/item/GD_8801121040416_004.jpg
GS25,매일)바리스타디카페인라떼325ML,3500,2+1,https://image.woodongs.com/imgsvr/item/GD_8801121027523_002.jpg
GS25,매일)바리스타무설탕바닐라빈325,3500,2+1,https://image.woodongs.com/imgsvr/item/GD_8801121045893_003.jpg
GS25,매일)바리스타무설탕에스프레소,3500,2+1,https://image.woodongs.com/imgsvr/item/GD_8801121046012_003.jpg
GS25,매일)바리스타바닐라빈라떼325ML,3500,2+1,https://image.woodongs.com/imgsvr/item/GD_8801121771402_004.jpg
GS25,매일)바리스타쇼콜라모카325ML,3500,2+1,https://image.woodongs.com/imgsvr/item/GD_8801121771396_008.jpg
GS25,매일)바리스타시그니처드립라떼,3500,2+1,https://image.woodongs.com/imgsvr/item/GD_8801121768167_004.jpg
GS25,매일)바리스타콜드브루블랙325ML,3500,2+1,https://image.woodongs.com/imgsvr/item/GD_8801121768174_004.jpg
GS25,매일)바리스타로슈거에스프레소,2900,2+1,https://image.woodongs.com/imgsvr/item/GD_8801121761823_006.jpg
GS25,매일)바리스타모카프레소250ML,2900,2+1,https://image.woodongs.com/imgsvr/item/GD_8801121107942_946.jpg
GS25,매일)바리스타스모키250ML,2900,2+1,https://image.woodongs.com/imgsvr/item/GD_8801121107935_939.jpg
GS25,매일)바리스타에스프레소라떼250,2900,2+1,https://image.woodongs.com/imgsvr/item/GD_8801121106792_004.jpg
GS25,매일)바리스타카라멜프레소250ML,2900,2+1,https://image.woodongs.com/imgsvr/item/GD_8801121755679_683.jpg
GS25,덴마크)요구르트딸기275ML,2400,2+1,https://image.woodongs.com/imgsvr/item/GD_8801155741822_003.jpg
GS25,덴마크)요구르트베리믹스275ML,2400,2+1,https://image.woodongs.com/imgsvr/item/GD_8801155741846_003.jpg
GS25,덴마크)요구르트복숭아275ML,2400,2+1,https://image.woodongs.com/imgsvr/item/GD_8801155741877_003.jpg
GS25,덴마크)요구르트사과275ML,2400,2+1,https://image.woodongs.com/imgsvr/item/GD_8801155741839_002.jpg
GS25,덴마크)요구르트플레인275ML,2400,2+1,https://image.woodongs.com/imgsvr/item/GD_8801155741853_004.jpg
GS25,덴마크)하이요구르트소다280ML,1700,1+1,https://image.woodongs.com/imgsvr/item/GD_8801155000523_001.jpg
GS25,덴마크)하이요구르트280ML,1700,2+1,https://image.woodongs.com/imgsvr/item/GD_8801155744502_003.jpg
GS25,덴마크)인포켓치즈20G,1700,2+1,https://image.woodongs.com/imgsvr/item/GD_8801155834616_617.jpg
GS25,덴마크)인포켓치즈라이트20G,1700,2+1,https://image.woodongs.com/imgsvr/item/GD_8801155834708_709.jpg
GS25,덴마크)테이크얼라이브망고200ML,1500,1+1,https://image.woodongs.com/imgsvr/item/GD_8801155735647_002.jpg
GS25,덴마크)테이크얼라이브자몽200ML,1500,1+1,https://image.woodongs.com/imgsvr/item/GD_8801155744762_002.jpg
GS25,동원)쿨피스에이드복숭아300ML,2000,1+1,https://image.woodongs.com/imgsvr/item/GD_8801155743758_001.jpg
GS25,동원)쿨피스에이드자두300ML,2000,1+1,https://image.woodongs.com/imgsvr/item/GD_8801155743765_001.jpg
GS25,덴마크)얼라이브망고250ML,1700,2+1,https://image.woodongs.com/imgsvr/item/GD_8801155735081_001.jpg
GS25,덴마크)얼라이브머스캣청포도250,1700,2+1,https://image.woodongs.com/imgsvr/item/GD_8801155732769_001.jpg
GS25,덴마크)얼라이브블러드오렌지250,1700,2+1,https://image.woodongs.com/imgsvr/item/GD_8801155735135_003.jpg
GS25,덴마크)얼라이브스위티자몽250ML,1700,2+1,https://image.woodongs.com/imgsvr/item/GD_8801155735074_002.jpg
GS25,매일)아몬드브리즈초코190ML,1500,2+1,https://image.woodongs.com/imgsvr/item/GD_8801121768068_004.jpg
GS25,매일)아몬드브리즈커피190ML,1500,2+1,https://image.woodongs.com/imgsvr/item/GD_8801121046142_001.jpg
GS25,매일)아몬드브리즈프로틴190ML,1500,2+1,https://image.woodongs.com/imgsvr/item/GD_8801121025666_002.jpg
GS25,서울)커피타운딥브라운모카250ML,2600,1+1,https://image.woodongs.com/imgsvr/item/GD_8801115140023_001.jpg
GS25,서울)커피타운헤이즐넛250ML,2600,1+1,https://image.woodongs.com/imgsvr/item/GD_8801115140054_001.jpg
GS25,서울)커피타운화이트바닐라250ML,2600,1+1,https://image.woodongs.com/imgsvr/item/GD_8801115140016_001.jpg
GS25,매일)럭키커피바닐라라떼250ML,2600,1+1,https://image.woodongs.com/imgsvr/item/GD_8801121039960_002.jpg
GS25,매일)럭키커피카페라떼250ML,2600,1+1,https://image.woodongs.com/imgsvr/item/GD_8801121039649_002.jpg
GS25,설빙)미숫가루우유클래식190ML,2500,2+1,https://image.woodongs.com/imgsvr/item/GD_8809350881794_001.jpg
GS25,미쯔블랙)요거트133G,2300,2+1,https://image.woodongs.com/imgsvr/item/GD_8801155745813_001.jpg
GS25,덴마크)드링킹액티브딸기210ML,2300,1+1,https://image.woodongs.com/imgsvr/item/GD_8801155000615_001.jpg
GS25,덴마크)드링킹액티브베리믹스210,2300,1+1,https://image.woodongs.com/imgsvr/item/GD_8801155000622_001.jpg
GS25,소와나무)생크림요거트150G,2900,1+1,https://image.woodongs.com/imgsvr/item/GD_8801155745141_001.jpg
GS25,소화가잘되는바닐라빈라떼350ML,3400,1+1,https://image.woodongs.com/imgsvr/item/GD_8801155745677_001.jpg
GS25,소화가잘되는시그니처라떼350ML,3400,1+1,https://image.woodongs.com/imgsvr/item/GD_8801155745660_001.jpg
GS25,소와나무)생쿨피스바나나300ML,1600,1+1,https://image.woodongs.com/imgsvr/item/GD_8801155000547_001.jpg
GS25,소와나무)생쿨피스복숭아300ML,1600,1+1,https://image.woodongs.com/imgsvr/item/GD_8801155000530_001.jpg
GS25,덴마크소화잘되는바닐라라떼250,2800,1+1,https://image.woodongs.com/imgsvr/item/GD_8801155745004_001.jpg
GS25,덴마크소화잘되는카라멜라떼250,2800,1+1,https://image.woodongs.com/imgsvr/item/GD_8801155745929_001.jpg
GS25,덴마크소화잘되는카페라떼250ML,2800,1+1,https://image.woodongs.com/imgsvr/item/GD_8801155744991_001.jpg
GS25,덴마크)딸기딸기우유300ML,2100,1+1,https://image.woodongs.com/imgsvr/item/GD_8801155731632_005.jpg
GS25,덴마크)미숫미숫우유300ML,2100,1+1,https://image.woodongs.com/imgsvr/item/GD_8801155000516_001.jpg
GS25,덴마크)바나바나우유300ML,2100,1+1,https://image.woodongs.com/imgsvr/item/GD_8801155731830_003.jpg
GS25,덴마크)초코초코우유300ML,2100,1+1,https://image.woodongs.com/imgsvr/item/GD_8801155731625_007.jpg
GS25,덴마크)커피커피우유300ML,2100,1+1,https://image.woodongs.com/imgsvr/item/GD_8801155731847_003.jpg
GS25,유어스)베지밀스위트고단백250ML,2400,1+1,https://image.woodongs.com/imgsvr/item/GD_8801033810534_001.jpg
GS25,정식품)진한콩국물950ML,3700,2+1,https://image.woodongs.com/imgsvr/item/GD_8801033804694_003.jpg
GS25,정식품)베지밀검은콩팩190ML,1400,2+1,https://image.woodongs.com/imgsvr/item/GD_8801033775031_032.jpg
GS25,정식품)베지밀데일리저당두유190,1400,2+1,https://image.woodongs.com/imgsvr/item/GD_8801033812439_004.jpg
GS25,정식품)국산검은콩두유병190ML,2100,2+1,https://image.woodongs.com/imgsvr/item/GD_8801033795916_917.jpg
GS25,정식품)베지밀A병190ML,1800,2+1,https://image.woodongs.com/imgsvr/item/GD_8801033000119_121.jpg
GS25,쟈뎅)청보리차500ML,2200,2+1,https://image.woodongs.com/imgsvr/item/GD_8808024030803_001.jpg
GS25,테일러)블루베리주스180ML,3500,1+1,https://image.woodongs.com/imgsvr/item/GD_8809170540352_001.jpg
GS25,동아제약)얼박에이드복숭아M,1800,2+1,https://image.woodongs.com/imgsvr/item/GD_8806011416241_002.jpg
GS25,동아제약)얼박에이드오리지날M,1800,2+1,https://image.woodongs.com/imgsvr/item/GD_8806011416111_002.jpg
GS25,동아제약)얼박사(6입선물세트),13800,1+1,https://image.woodongs.com/imgsvr/item/GD_8806011416708_001.jpg
GS25,동아제약)얼박사355ML,2300,1+1,https://image.woodongs.com/imgsvr/item/GD_8806011416685_001.jpg
GS25,동아제약)얼박사제로355ML,2300,1+1,https://image.woodongs.com/imgsvr/item/GD_8806011416753_001.jpg
GS25,마녀공장)리얼알로에수딩젤30ML,3000,1+1,https://image.woodongs.com/imgsvr/item/GD_8809730957569_001.jpg
GS25,일신)캇예스레인보우75G,2800,2+1,https://image.woodongs.com/imgsvr/item/GD_4037400715896_002.jpg
GS25,캇예스)베러버니구미75G,2800,2+1,https://image.woodongs.com/imgsvr/item/GD_4037400715872_004.jpg
GS25,캇예스)베러버니사우어75G,2800,2+1,https://image.woodongs.com/imgsvr/item/GD_4037400346519_001.jpg
GS25,캇예스)사우어구미75G,2800,2+1,https://image.woodongs.com/imgsvr/item/GD_4037400715889_003.jpg
GS25,바주카)푸쉬팝플립25G,4000,2+1,https://image.woodongs.com/imgsvr/item/GD_5011053012822_002.jpg
GS25,바주카)푸쉬팝플립앤딥사우어,4000,2+1,https://image.woodongs.com/imgsvr/item/GD_5011053023064_001.jpg
GS25,바주카)메가푸쉬팝30G,3000,2+1,https://image.woodongs.com/imgsvr/item/GD_5011053024214_002.jpg
GS25,매일)99.89두유190ML,1400,2+1,https://image.woodongs.com/imgsvr/item/GD_8801121768440_001.jpg
GS25,매일)검은콩두유190ML,1400,2+1,https://image.woodongs.com/imgsvr/item/GD_8801121025710_001.JPG
GS25,매일)두유식이섬유190ML,1400,2+1,https://image.woodongs.com/imgsvr/item/GD_8801121768464_003.jpg
GS25,매일)고단백두유190ML,1800,1+1,https://image.woodongs.com/imgsvr/item/GD_8801121032145_001.jpg
GS25,매일)렌틸콩두유190ML,1800,1+1,https://image.woodongs.com/imgsvr/item/GD_8801121022375_001.jpg
GS25,매일)바리스타그란데(라떼)475ML,2700,2+1,https://image.woodongs.com/imgsvr/item/GD_8801121031858_002.jpg
GS25,매일)바리스타그란데(아메)475ML,2700,2+1,https://image.woodongs.com/imgsvr/item/GD_8801121031834_002.jpg
GS25,푸르밀)가나초코우유컵200ML,2800,1+1,https://image.woodongs.com/imgsvr/item/GD_8806371360031_001.jpg
GS25,페를레디솔레)레몬스파클링500ML,2600,1+1,https://image.woodongs.com/imgsvr/item/GD_8800295820985_001.jpg
GS25,페를레디솔레)블루베리스파클링,2600,1+1,https://image.woodongs.com/imgsvr/item/GD_8800295820992_001.jpg
GS25,공차)레몬자스민티제로500ML,2700,1+1,https://image.woodongs.com/imgsvr/item/GD_8800295821012_001.jpg
GS25,공차)피치우롱티제로500ML,2700,1+1,https://image.woodongs.com/imgsvr/item/GD_8800295821005_001.jpg
GS25,프라임)MLB한정판500ML,2900,1+1,https://image.woodongs.com/imgsvr/item/GD_8885021430973_001.jpg
GS25,프라임)블루라즈베리500ML,2900,1+1,https://image.woodongs.com/imgsvr/item/GD_8885021430225_001.jpg
GS25,프라임)스트로베리워터멜론500ML,2900,1+1,https://image.woodongs.com/imgsvr/item/GD_8885021430249_001.jpg
GS25,프라임)아이스팝500ML,2900,1+1,https://image.woodongs.com/imgsvr/item/GD_8885021430201_001.jpg
GS25,광동)유기농옥수수수염차500ML,2500,1+1,https://image.woodongs.com/imgsvr/item/GD_8806002025636_001.jpg
GS25,광동)옥수수수염차라이트500ML,2200,1+1,https://image.woodongs.com/imgsvr/item/GD_8806002025063_001.jpg
GS25,광동)비타500이온킥제로1.5L,4500,1+1,https://image.woodongs.com/imgsvr/item/GD_8806002025469_001.jpg
GS25,광동)비타500이온킥제로500ML,2900,1+1,https://image.woodongs.com/imgsvr/item/GD_8806002025445_001.jpg
GS25,기가)마시멜로우마일드90G,3000,2+1,https://image.woodongs.com/imgsvr/item/GD_8809522040530_003.jpg
GS25,히치스)수수깡젤리한국에디션40G,2900,2+1,https://image.woodongs.com/imgsvr/item/GD_8809522040868_001.jpg
GS25,BR)레인보우샤베트과즙워터500ML,2500,2+1,https://image.woodongs.com/imgsvr/item/GD_8809288634967_001.jpg
GS25,BR)망고탱고과즙워터500ML,2500,2+1,https://image.woodongs.com/imgsvr/item/GD_8809288635315_003.jpg
GS25,BR)피치요거트과즙워터500ML,2500,2+1,https://image.woodongs.com/imgsvr/item/GD_8809288634974_001.jpg
GS25,DD)샤인앤라임녹차아이스티제로,2200,2+1,https://image.woodongs.com/imgsvr/item/GD_8809288635483_001.jpg
GS25,DD)화이트피치홍차아이스티제로,2200,2+1,https://image.woodongs.com/imgsvr/item/GD_8809288635476_001.jpg
GS25,종근당)아임비타에너지샷150ML,2300,1+1,https://image.woodongs.com/imgsvr/item/GD_8805915912804_001.jpg
GS25,HK)납작복숭아아이스티500ML,2500,1+1,https://image.woodongs.com/imgsvr/item/GD_8809422044447_001.jpg
GS25,HK)루비자두아이스티500ML,2500,1+1,https://image.woodongs.com/imgsvr/item/GD_8809422045932_001.jpg
GS25,HK)애플청포도아이스티500ML,2500,1+1,https://image.woodongs.com/imgsvr/item/GD_8809422045925_001.jpg
GS25,HK)티로그망고수박아이스티500ML,2500,1+1,https://image.woodongs.com/imgsvr/item/GD_8809422046991_001.jpg
GS25,HK)헛개수EX500ML,3000,1+1,https://image.woodongs.com/imgsvr/item/GD_8809422041729_004.jpg
GS25,HK)헛개수500ML,2500,1+1,https://image.woodongs.com/imgsvr/item/GD_8801007171210_214.jpg
GS25,HK)컨디션CEO150ML,10000,2+1,https://image.woodongs.com/imgsvr/item/GD_8809422040876_006.jpg
GS25,HK)컨디션100ML,5000,2+1,https://image.woodongs.com/imgsvr/item/GD_8801007071046_051.jpg
GS25,HK)컨디션레이디100ML,5000,2+1,https://image.woodongs.com/imgsvr/item/GD_8801007178233_239.jpg
GS25,유어스)커피빈디카페인아메리카,2700,1+1,https://image.woodongs.com/imgsvr/item/GD_8801104947961_002.jpg
GS25,유어스)커피빈아메리카노400ML,2700,1+1,https://image.woodongs.com/imgsvr/item/GD_8801104941174_002.jpg
GS25,유어스)하늘가득납작복숭아330ML,2100,2+1,https://image.woodongs.com/imgsvr/item/GD_8801104947794_001.jpg
GS25,유어스)하늘가득사과330ML,2100,2+1,https://image.woodongs.com/imgsvr/item/GD_8801104300421_005.jpg
GS25,유어스)하늘가득유자레몬330ML,2100,2+1,https://image.woodongs.com/imgsvr/item/GD_8801104305051_003.jpg
GS25,유어스)하늘가득자몽330ML,2100,2+1,https://image.woodongs.com/imgsvr/item/GD_8801104300445_005.jpg
GS25,유어스)하늘가득적포도330ML,2100,2+1,https://image.woodongs.com/imgsvr/item/GD_8801104947817_001.jpg
GS25,농심)파워O2(오렌지레몬)500ML,2300,2+1,https://image.woodongs.com/imgsvr/item/GD_4005906404835_837.jpg
GS25,농심)웰치스딸기탄산355ML,1500,2+1,https://image.woodongs.com/imgsvr/item/GD_8801043450706_001.jpg
GS25,농심)웰치스포도제로탄산355ML,1500,2+1,https://image.woodongs.com/imgsvr/item/GD_8801043064088_001.jpg
GS25,농심)웰치스포도탄산355ML,1500,2+1,https://image.woodongs.com/imgsvr/item/GD_8801043450690_691.jpg
GS25,농심)카프리썬오렌지200ML,1100,2+1,https://image.woodongs.com/imgsvr/item/GD_8801043650182_184.jpg
GS25,농심)백산수500ML,1000,2+1,https://image.woodongs.com/imgsvr/item/GD_8801043022781.jpg
GS25,농심)백산수2L,1900,2+1,https://image.woodongs.com/imgsvr/item/GD_8801043020473_476.jpg
GS25,유니프)그린베지터블주스200ML,2200,1+1,https://image.woodongs.com/imgsvr/item/GD_8850388541167_001.jpg
GS25,유니프)믹스베리주스200ML,2200,1+1,https://image.woodongs.com/imgsvr/item/GD_8850388540061_001.jpg
GS25,락토핏)마시는유산균130ML,2200,1+1,https://image.woodongs.com/imgsvr/item/GD_8805915909514_003.jpg
GS25,락토핏)마시는유산균저당130ML,2200,1+1,https://image.woodongs.com/imgsvr/item/GD_8805915912309_001.jpg
GS25,뉴케어)올프로틴고소한맛245ML,3300,2+1,https://image.woodongs.com/imgsvr/item/GD_8809345610859_002.jpg
GS25,다논)액티비아제로청사과150ML,2200,1+1,https://image.woodongs.com/imgsvr/item/GD_8809274517069_003.jpg
GS25,다논)액티비아제로플레인150ML,2200,1+1,https://image.woodongs.com/imgsvr/item/GD_8809274517076_004.jpg
GS25,풀무원)요프로무가당150G,3900,1+1,https://image.woodongs.com/imgsvr/item/GD_8809274516802_001.jpg
GS25,풀무원)요프로블루베리150G,3900,1+1,https://image.woodongs.com/imgsvr/item/GD_8809274516840_001.jpg
GS25,풀무원)그릭시그니처150G,3900,1+1,https://image.woodongs.com/imgsvr/item/GD_8809274516215_002.jpg
GS25,풀무원)액티비아컵딸기150G,3200,1+1,https://image.woodongs.com/imgsvr/item/GD_8809274516420_002.jpg
GS25,풀무원)액티비아컵사과150G,3200,1+1,https://image.woodongs.com/imgsvr/item/GD_8809274516413_002.jpg
GS25,다논)요거톡스타볼132G,2200,1+1,https://image.woodongs.com/imgsvr/item/GD_8809274513948_003.jpg
GS25,다논)액티비아업딸기210ML,2200,1+1,https://image.woodongs.com/imgsvr/item/GD_8809274510893_011.jpg
GS25,다논)액티비아업복숭아210ML,2200,1+1,https://image.woodongs.com/imgsvr/item/GD_8809274512651_008.jpg
GS25,다논)액티비아업플레인210ML,2200,1+1,https://image.woodongs.com/imgsvr/item/GD_8809274510916_011.jpg
GS25,풀무원)특등급국산콩두유190ML,1900,2+1,https://image.woodongs.com/imgsvr/item/GD_8801114183137_001.jpg
GS25,CLOOP)애사비감귤500ML,2800,1+1,https://image.woodongs.com/imgsvr/item/GD_8800261386781_001.jpg
GS25,CLOOP)애사비레몬비니거500ML,2800,1+1,https://image.woodongs.com/imgsvr/item/GD_8800261382240_001.jpg
GS25,CLOOP)애사비신비복숭아500ML,2800,1+1,https://image.woodongs.com/imgsvr/item/GD_8800261385913_001.jpg
GS25,CLOOP)애사비오리지널500ML,2800,1+1,https://image.woodongs.com/imgsvr/item/GD_8809495078851_001.jpg
GS25,CLOOP)애사비타트체리500ML,2800,1+1,https://image.woodongs.com/imgsvr/item/GD_8809495078868_001.jpg
GS25,CLOOP)제로소다복숭아500ML,2500,2+1,https://image.woodongs.com/imgsvr/item/GD_8809495075485_002.jpg
GS25,CLOOP)제로소다파인애플500ML,2500,2+1,https://image.woodongs.com/imgsvr/item/GD_8809495075492_002.jpg
GS25,CLOOP)제로소다포도500ML,2500,2+1,https://image.woodongs.com/imgsvr/item/GD_8809495075478_002.jpg
GS25,대상)아르포텐쿨링업355ML,2200,1+1,https://image.woodongs.com/imgsvr/item/GD_8809596937644_001.jpg
GS25,동아)모닝케어프레스온G(위),6000,1+1,https://image.woodongs.com/imgsvr/item/GD_8806011416579_001.jpg
GS25,동아)모닝케어프레스온H(간),6000,1+1,https://image.woodongs.com/imgsvr/item/GD_8806011416562_001.jpg
GS25,싱하)라임레몬소다제로355ML,2000,2+1,https://image.woodongs.com/imgsvr/item/GD_8800307633770_002.jpg
GS25,싱하)레몬소다제로355ML,2000,2+1,https://image.woodongs.com/imgsvr/item/GD_8800307632315_002.jpg
GS25,싱하)유자향소다제로355ML,2000,2+1,https://image.woodongs.com/imgsvr/item/GD_8800307632339_002.jpg
GS25,바세린)보습시트마스크1P,2000,1+1,https://image.woodongs.com/imgsvr/item/GD_8801619048108_002.jpg
GS25,바세린)영양시트마스크1P,2000,1+1,https://image.woodongs.com/imgsvr/item/GD_8801619048092_002.jpg
GS25,바세린)립테라피로지립스스틱,5000,1+1,https://image.woodongs.com/imgsvr/item/GD_8801619047545_001.jpg
GS25,바세린)립테라피오리지널스틱,5000,1+1,https://image.woodongs.com/imgsvr/item/GD_8801619047552_001.JPG
GS25,바세린)립테라피로지립스7G,5500,1+1,https://image.woodongs.com/imgsvr/item/GD_8801166270250_001.jpg
GS25,바세린)립테라피코코아버터7G,5500,1+1,https://image.woodongs.com/imgsvr/item/GD_8801619049884_002.jpg
GS25,바세린)립테라피핑크버블리7G,5500,1+1,https://image.woodongs.com/imgsvr/item/GD_8801619054031_002.jpg
GS25,순수한면)입는오버나이트중대4P,10900,1+1,https://image.woodongs.com/imgsvr/item/GD_8801260419524_002.jpg
GS25,순수한면)제로입는오버4P(대형),10900,1+1,https://image.woodongs.com/imgsvr/item/GD_8801260421497_001.jpg
GS25,디어스킨)리얼모달입는오버대4P,11200,1+1,https://image.woodongs.com/imgsvr/item/GD_8801260421176_002.jpg
GS25,디어스킨)리얼모달입는오버중4P,11200,1+1,https://image.woodongs.com/imgsvr/item/GD_8801260421183_003.jpg
GS25,순수한면)제로대형14P,8500,1+1,https://image.woodongs.com/imgsvr/item/GD_8801260417186_002.jpg
GS25,순수한면)제로중형16P,8500,1+1,https://image.woodongs.com/imgsvr/item/GD_8801260417179_002.jpg
GS25,비페스타)휴대용클렌징워터60ML,3800,1+1,https://image.woodongs.com/imgsvr/item/GD_8992222330039_003.jpg
GS25,비페스타)클렌징티슈10매,3800,2+1,https://image.woodongs.com/imgsvr/item/GD_4902806421552_003.jpg
GS25,갸스비)스파이키왁스80G,9800,2+1,https://image.woodongs.com/imgsvr/item/GD_4902806125337_002.jpg
GS25,갸스비)컬크림볼륨앤홀드60ML,6000,1+1,https://image.woodongs.com/imgsvr/item/GD_6921439806695_001.jpg
GS25,갸스비)슈퍼하드젤60G,4000,1+1,https://image.woodongs.com/imgsvr/item/GD_4902806584349.jpg
GS25,갸스비)셋앤킵스프레이67ML,4400,1+1,https://image.woodongs.com/imgsvr/item/GD_4902806584028_030.jpg
GS25,갸스비)바디페이퍼아이스10매,4800,1+1,https://image.woodongs.com/imgsvr/item/GD_4902806112726_001.jpg
GS25,메디힐)더마플러스시카마스크,2000,2+1,https://image.woodongs.com/imgsvr/item/GD_8809936740309_001.jpg
GS25,메디힐)더마플러스청귤마스크,2000,2+1,https://image.woodongs.com/imgsvr/item/GD_8809936740330_001.jpg
GS25,메디힐)더마플러스히아루론산,2000,2+1,https://image.woodongs.com/imgsvr/item/GD_8809261554824_001.jpg
GS25,메디힐)티트리에센셜마스크1P,2000,2+1,https://image.woodongs.com/imgsvr/item/GD_8809615056967_001.jpg
GS25,포인트앤)미니클렌징키트,7000,1+1,https://image.woodongs.com/imgsvr/item/GD_8801046424599_001.jpg
GS25,연세)플레인요거트300ML,2500,1+1,https://image.woodongs.com/imgsvr/item/GD_8801753111966_001.jpg
GS25,연세)과채데이레드190ML,1600,1+1,https://image.woodongs.com/imgsvr/item/GD_8801753111997_001.jpg
GS25,연세)과채데이퍼플190ML,1600,1+1,https://image.woodongs.com/imgsvr/item/GD_8801753111980_001.jpg
GS25,링티)제로레몬라임500ML,2900,1+1,https://image.woodongs.com/imgsvr/item/GD_8809799270203_003.jpg
GS25,링티)제로복숭아맛500ML,2900,1+1,https://image.woodongs.com/imgsvr/item/GD_8809626920295_004.jpg
GS25,링티)제로에너지레몬라임355ML,2300,1+1,https://image.woodongs.com/imgsvr/item/GD_8809626922008_001.jpg
GS25,링티)제로에너지피치355ML,2300,1+1,https://image.woodongs.com/imgsvr/item/GD_8809626921995_001.jpg
GS25,동화약품)제주보메차500ML,2200,1+1,https://image.woodongs.com/imgsvr/item/GD_8806016186194_001.jpg
GS25,동화약품)까스명수골드75ML,1200,2+1,https://image.woodongs.com/imgsvr/item/GD_8806102400265_004.jpg
GS25,동화약품)부채표미인활액75ML,1200,2+1,https://image.woodongs.com/imgsvr/item/GD_8806016311015_002.jpg
GS25,동화약품)비타천플러스120ML,1200,1+1,https://image.woodongs.com/imgsvr/item/GD_8806016184114_002.jpg
GS25,유어스)슈퍼히어로드링크120ML,1000,1+1,https://image.woodongs.com/imgsvr/item/GD_8806016181410_002.jpg
GS25,동화약품)배러레스트120ML,3500,1+1,https://image.woodongs.com/imgsvr/item/GD_8806016185265_002.jpg
GS25,동화약품)배러애사비120ML,3500,1+1,https://image.woodongs.com/imgsvr/item/GD_8806016186156_001.jpg
GS25,동화약품)배러텐션120ML,3500,1+1,https://image.woodongs.com/imgsvr/item/GD_8806016186170_001.jpg
GS25,동화약품)배러푸룬120ML,3500,1+1,https://image.woodongs.com/imgsvr/item/GD_8806016185289_001.jpg
GS25,동화약품)부채표소다활500ML,2500,1+1,https://image.woodongs.com/imgsvr/item/GD_8806016186491_001.jpg
GS25,진로)토닉워터600ML,2900,2+1,https://image.woodongs.com/imgsvr/item/GD_8801001236199_001.jpg
GS25,하이트)블랙보리누룽지520ML,2200,1+1,https://image.woodongs.com/imgsvr/item/GD_8801001238391_002.jpg
GS25,하이트)블랙보리라이트520ML,2200,1+1,https://image.woodongs.com/imgsvr/item/GD_8801001238179_002.jpg
GS25,하이트)블랙보리520ML,2500,1+1,https://image.woodongs.com/imgsvr/item/GD_8801001238049_004.jpg
GS25,하이트)블랙보리1.5L,3400,1+1,https://image.woodongs.com/imgsvr/item/GD_8801001238056_002.jpg
GS25,유어스)덴마크드링킹레몬500ML,2500,1+1,https://image.woodongs.com/imgsvr/item/GD_8801155745707_001.jpg
GS25,유어스)덴마크드링킹자몽청포도,2500,1+1,https://image.woodongs.com/imgsvr/item/GD_8801155745691_001.jpg
GS25,요아정드링킹요거트리치500ML,2500,1+1,https://image.woodongs.com/imgsvr/item/GD_8801155744700_003.jpg
GS25,요아정드링킹요거트피치500ML,2500,1+1,https://image.woodongs.com/imgsvr/item/GD_8801155744717_003.jpg
GS25,테이크얼라이브망고500,2500,1+1,https://image.woodongs.com/imgsvr/item/GD_8801155740061_002.jpg
GS25,테이크얼라이브자몽500,2500,1+1,https://image.woodongs.com/imgsvr/item/GD_8801155740054_002.jpg
GS25,맥심)TOP더블랙380ML,3300,2+1,https://image.woodongs.com/imgsvr/item/GD_8801037057867_004.jpg
GS25,맥심)TOP마스터라떼380ML,3300,2+1,https://image.woodongs.com/imgsvr/item/GD_8801037064346_002.jpg
GS25,맥심)TOP배럴에이지드마일드380,3300,2+1,https://image.woodongs.com/imgsvr/item/GD_8801037021981_002.jpg
GS25,맥심)TOP배럴에이지드향볼드380,3300,2+1,https://image.woodongs.com/imgsvr/item/GD_8801037022056_002.jpg
GS25,맥심)TOP스위트아메리카노380ML,3300,2+1,https://image.woodongs.com/imgsvr/item/GD_8801037057843_004.jpg
GS25,맥심)TOP돌체라떼275ML,2700,2+1,https://image.woodongs.com/imgsvr/item/GD_8801037006193_002.jpg
GS25,맥심)TOP마스터라떼275ML,2700,2+1,https://image.woodongs.com/imgsvr/item/GD_8801037087543_546.jpg
GS25,맥심)TOP스모키라떼275ML,2700,2+1,https://image.woodongs.com/imgsvr/item/GD_8801037001716_003.jpg
GS25,맥심)TOP스모키블랙275ML,2700,2+1,https://image.woodongs.com/imgsvr/item/GD_8801037001730_003.jpg
GS25,맥심)TOP더블랙200ML,1500,2+1,https://image.woodongs.com/imgsvr/item/GD_8801037042863_865.jpg
GS25,맥심)TOP마스터라떼200ML,1500,2+1,https://image.woodongs.com/imgsvr/item/GD_8801037040029_031.jpg
GS25,맥심)TOP스모키라떼200ML,1500,2+1,https://image.woodongs.com/imgsvr/item/GD_8801037009026_001.jpg
GS25,맥심)TOP스위트아메리카노200ML,1500,2+1,https://image.woodongs.com/imgsvr/item/GD_8801037039993_996.jpg
GS25,동아)데자와로얄밀크티500ML,2500,2+1,https://image.woodongs.com/imgsvr/item/GD_8801097481206_001.jpg
GS25,동아)데자와밀크티캔240ML,1600,2+1,https://image.woodongs.com/imgsvr/item/GD_8801097481015_018.jpg
GS25,동아)엑스코카스에너지캔355ML,2300,1+1,https://image.woodongs.com/imgsvr/item/GD_8801097824317_001.jpg
GS25,동아)데미소다레드애플캔350ML,1900,2+1,https://image.woodongs.com/imgsvr/item/GD_8801097168909_002.jpg
GS25,동아)오로나민C120ML,1500,2+1,https://image.woodongs.com/imgsvr/item/GD_8801097280014_002.jpg
GS25,동아)나랑드사이다그린애플500,2000,1+1,https://image.woodongs.com/imgsvr/item/GD_8801097235632_001.jpg
GS25,동아)나랑드사이다제로500ML,2000,1+1,https://image.woodongs.com/imgsvr/item/GD_8801097235014_004.jpg
GS25,동아)나랑드사이다파인애플500,2000,1+1,https://image.woodongs.com/imgsvr/item/GD_8801097235670_002.jpg
GS25,동아)나랑드사이다제로345ML,1800,1+1,https://image.woodongs.com/imgsvr/item/GD_8801097135413_001.jpg
GS25,DS)쫀득폭신마시멜로젤리사과13G,1000,1+1,https://image.woodongs.com/imgsvr/item/GD_8809913652090_001.jpg
GS25,웰그린)스위츠레몬녹차제로500ML,2500,1+1,https://image.woodongs.com/imgsvr/item/GD_8809809700645_002.jpg
GS25,웰그린)스위츠복숭아녹차제로500,2500,1+1,https://image.woodongs.com/imgsvr/item/GD_8809809700652_002.jpg
GS25,CJ)햇반레드빈호박차500ML,2500,1+1,https://image.woodongs.com/imgsvr/item/GD_8801392186400_001.jpg
GS25,CJ)햇반루피니빈보리차500ML,2500,1+1,https://image.woodongs.com/imgsvr/item/GD_8801392183874_001.jpg
GS25,CJ)햇반파로누룽지차500ML,2500,1+1,https://image.woodongs.com/imgsvr/item/GD_8801392177118_001.jpg
GS25,썬키스트)애사비레몬스파클링500,3000,1+1,https://image.woodongs.com/imgsvr/item/GD_8806002025421_002.jpg
GS25,썬키스트)애사비제로스파클링500,3000,1+1,https://image.woodongs.com/imgsvr/item/GD_8806002025346_003.jpg
GS25,광동)옥수수수염차500ML,2200,2+1,https://image.woodongs.com/imgsvr/item/GD_8806002006437_441.jpg
GS25,광동)비타500 180ML,1900,2+1,https://image.woodongs.com/imgsvr/item/GD_8806002007298_302.jpg
GS25,광동)더진한헛개차골드라벨500ML,3300,1+1,https://image.woodongs.com/imgsvr/item/GD_8806002020334_002.jpg
GS25,광동)밀싹보리차500ML,2200,1+1,https://image.woodongs.com/imgsvr/item/GD_8806002020174_001.jpg
GS25,남양)자연의불가리스(사과),2000,2+1,https://image.woodongs.com/imgsvr/item/GD_8801069175942_943.jpg
GS25,남양)아몬드데이언스위트190ML,1700,1+1,https://image.woodongs.com/imgsvr/item/GD_8801069416458_003.jpg
GS25,남양)아몬드데이오리지널190ML,1700,1+1,https://image.woodongs.com/imgsvr/item/GD_8801069416441_003.jpg
GS25,남양)과수원사과200ML,1800,1+1,https://image.woodongs.com/imgsvr/item/GD_8801069416236_002.jpg
GS25,남양)테이크핏맥스고구마250ML,2900,2+1,https://image.woodongs.com/imgsvr/item/GD_8801069419619_002.jpg
GS25,남양)테이크핏맥스고소한맛250ML,2900,2+1,https://image.woodongs.com/imgsvr/item/GD_8801069415833_004.jpg
GS25,남양)테이크핏맥스바나나250ML,2900,2+1,https://image.woodongs.com/imgsvr/item/GD_8801069417554_002.jpg
GS25,남양)테이크핏맥스초코250ML,2900,2+1,https://image.woodongs.com/imgsvr/item/GD_8801069416007_002.jpg
GS25,남양)과수원사과팩190ML,1000,1+1,https://image.woodongs.com/imgsvr/item/GD_8801069402772_001.jpg
GS25,남양)초콜릿드링크초코에몽250ML,1900,2+1,https://image.woodongs.com/imgsvr/item/GD_8801069185194_002.jpg
GS25,남양)프로바이오틱사과130ML,1200,1+1,https://image.woodongs.com/imgsvr/item/GD_8801069183565_004.jpg
GS25,반찬단지)공화춘깍둑단무지130G,1000,1+1,https://image.woodongs.com/imgsvr/item/GD_8800318210137_001.jpg
GS25,대림)숯불구이후랑크70G,2200,2+1,https://image.woodongs.com/imgsvr/item/GD_8801066019447_449.jpg
GS25,맥심)TOP심플리스무스라떼240ML,2300,2+1,https://image.woodongs.com/imgsvr/item/GD_8801037092240_001.jpg
GS25,맥심TOP)심플리스무스블랙240ML,2300,2+1,https://image.woodongs.com/imgsvr/item/GD_8801037092264_001.jpg
GS25,맥심)TOP너티카라멜라떼300ML,2900,2+1,https://image.woodongs.com/imgsvr/item/GD_8801115384250_003.jpg
GS25,맥심)TOP마일드라떼300ML(컵),2900,2+1,https://image.woodongs.com/imgsvr/item/GD_8801115381754_003.jpg
GS25,맥심)TOP볼드라떼300ML(컵),2900,2+1,https://image.woodongs.com/imgsvr/item/GD_8801115381761_002.jpg
GS25,랩노쉬)프로틴드링크그레인350ML,3800,2+1,https://image.woodongs.com/imgsvr/item/GD_8800261387467_001.jpg
GS25,랩노쉬)프로틴드링크바나나350ML,3800,2+1,https://image.woodongs.com/imgsvr/item/GD_8800261387474_001.jpg
GS25,랩노쉬)프로틴드링크초코350ML,3800,2+1,https://image.woodongs.com/imgsvr/item/GD_8800261387450_001.jpg
GS25,랩노쉬)프로틴드링크쿠앤크350ML,3800,2+1,https://image.woodongs.com/imgsvr/item/GD_8800261388594_001.jpg
GS25,바프)군옥수수맛아몬드40G,2500,2+1,https://image.woodongs.com/imgsvr/item/GD_8809617945122_001.jpg
GS25,바프)마늘빵아몬드40G,2500,2+1,https://image.woodongs.com/imgsvr/item/GD_8809617945160_001.jpg
GS25,바프)와사비맛아몬드40G,2500,2+1,https://image.woodongs.com/imgsvr/item/GD_8809617945115_001.jpg
GS25,바프)허니버터아몬드40G,2500,2+1,https://image.woodongs.com/imgsvr/item/GD_8809617945092_001.jpg
GS25,태경)핑크퐁짜장떡볶이105G,3600,2+1,https://image.woodongs.com/imgsvr/item/GD_8809061671493_001.jpg
GS25,태경)핑크퐁크림떡볶이111G,3600,2+1,https://image.woodongs.com/imgsvr/item/GD_8809832940254_001.jpg
GS25,성경)녹차전장김30G,5500,1+1,https://image.woodongs.com/imgsvr/item/GD_8807004800917_001.jpg
GS25,성경)재래전장김30G,5500,1+1,https://image.woodongs.com/imgsvr/item/GD_8807004801143_001.jpg
GS25,미성)쥬시진저레몬즙200ML,2500,2+1,https://image.woodongs.com/imgsvr/item/GD_8809827252201_001.jpg
GS25,미성)쥬시레몬즙200ML,2000,2+1,https://image.woodongs.com/imgsvr/item/GD_8809256674681_002.jpg
GS25,한일)본고장바지락칼국수200G,3900,2+1,https://image.woodongs.com/imgsvr/item/GD_8801085884644_001.jpg
GS25,본고장)매운김치우동,3500,2+1,https://image.woodongs.com/imgsvr/item/GD_8801085883210_002.jpg
GS25,본고장)가쓰오우동곱빼기,3700,2+1,https://image.woodongs.com/imgsvr/item/GD_8801085883197_002.jpg
GS25,본고장)유부우동(용기),3700,2+1,https://image.woodongs.com/imgsvr/item/GD_8801085882695_002.jpg
GS25,한일)본고장고추장장칼국수208G,4200,2+1,https://image.woodongs.com/imgsvr/item/GD_8801085884903_002.jpg
GS25,한일)본고장뚝불우동221G,4200,2+1,https://image.woodongs.com/imgsvr/item/GD_8801085884897_002.jpg
GS25,본고장)즉석매운우동한그릇2900,2900,2+1,https://image.woodongs.com/imgsvr/item/GD_8801085885085_001.jpg
GS25,본고장)즉석우동한그릇2900,2900,2+1,https://image.woodongs.com/imgsvr/item/GD_8801085885078_001.jpg
GS25,본고장)즉석짜장한그릇2900,2900,2+1,https://image.woodongs.com/imgsvr/item/GD_8801085885092_001.jpg
GS25,네슬레)프루팁스미니70G,3000,2+1,https://image.woodongs.com/imgsvr/item/GD_6917878047201_001.jpg
GS25,네슬레)프루팁스하와이안70G,3000,2+1,https://image.woodongs.com/imgsvr/item/GD_8809415439069_002.jpg
GS25,하이츄사우어파인애플맛57G,1200,2+1,https://image.woodongs.com/imgsvr/item/GD_4902888974922_001.jpg
GS25,하이츄포도맛,1200,2+1,https://image.woodongs.com/imgsvr/item/GD_6933545800030_031.jpg
GS25,크라운)땅콩카라멜2000,2000,2+1,https://image.woodongs.com/imgsvr/item/GD_8801111912075_002.jpg
GS25,크라운)마이쮸(사과)800,800,2+1,https://image.woodongs.com/imgsvr/item/GD_8801111187916_917.jpg
GS25,크라운)새콤달콤(딸기)500,500,2+1,https://image.woodongs.com/imgsvr/item/GD_8801111187992_994.jpg
GS25,크라운)새콤달콤블루베리소다29G,500,2+1,https://image.woodongs.com/imgsvr/item/GD_8801111932974_003.jpg
GS25,농심)멘토스필링베리굿30G,900,1+1,https://image.woodongs.com/imgsvr/item/GD_8801043039949_002.jpg
GS25,츄파춥스)인크레더블츄딸기45G,1200,1+1,https://image.woodongs.com/imgsvr/item/GD_8801043045551_001.jpg
GS25,츄파춥스)인크레더블츄사과45G,1200,1+1,https://image.woodongs.com/imgsvr/item/GD_8801043045803_001.jpg
GS25,퍼페티)츄파춥스사워벨트1M,1800,2+1,https://image.woodongs.com/imgsvr/item/GD_8935001714774_002.jpg
GS25,진성)구워먹는마시멜로우530G,7900,1+1,https://image.woodongs.com/imgsvr/item/GD_6927262806901_001.jpg
GS25,진성)갤럭시팝20G,1000,2+1,https://image.woodongs.com/imgsvr/item/GD_8809622222225_001.jpg
GS25,유신우)블루베리츄잉캔디12G,500,1+1,https://image.woodongs.com/imgsvr/item/GD_6977308561004_001.jpg
GS25,유신우)구워먹는마시멜로225G,3500,1+1,https://image.woodongs.com/imgsvr/item/GD_6927262800046_002.jpg
GS25,해태)연양갱900,900,2+1,https://image.woodongs.com/imgsvr/item/GD_8801019005909_910.jpg
GS25,몽뜨)말차라떼캔디27G,1500,1+1,https://image.woodongs.com/imgsvr/item/GD_8809429533722_001.jpg
GS25,몽뜨)설곤약향라맛30G,1200,2+1,https://image.woodongs.com/imgsvr/item/GD_6940434621157_004.jpg
GS25,위스트)웨이롱마라곤약마라맛20G,1200,1+1,https://image.woodongs.com/imgsvr/item/GD_6971258744319_001.jpg
GS25,위스트)웨이롱마라곤약향라맛20G,1200,1+1,https://image.woodongs.com/imgsvr/item/GD_6971258744302_001.jpg
GS25,몬델리즈)호올스스트로베리27.9G,1200,2+1,https://image.woodongs.com/imgsvr/item/GD_7622202364471_001.jpg
GS25,오)아이셔츄자두요구르트193.5G,3800,2+1,https://image.woodongs.com/imgsvr/item/GD_8801117377502_001.jpg
GS25,오리온)과일꿀꺽왕꿈틀이75G,1500,2+1,https://image.woodongs.com/imgsvr/item/GD_8801117653200_001.jpg
GS25,오리온)마이구미포도알맹이1200,1200,2+1,https://image.woodongs.com/imgsvr/item/GD_8801117359607_002.jpg
GS25,PLAY)플레이샤크젤리55G,1500,1+1,https://image.woodongs.com/imgsvr/item/GD_7702174079365_001.jpg
GS25,서주)젤리톨40G,2500,2+1,https://image.woodongs.com/imgsvr/item/GD_8809592641828_001.jpg
GS25,서주)젤리인젤리콜라사이다40G,1500,2+1,https://image.woodongs.com/imgsvr/item/GD_8809592641583_001.jpg
GS25,서주)레모넬로43G,2000,2+1,https://image.woodongs.com/imgsvr/item/GD_8809592642207_001.jpg
GS25,서주)마로마로요구르트소다40G,2000,2+1,https://image.woodongs.com/imgsvr/item/GD_8801206004289_001.jpg
GS25,서주)헬로키티베리에이스42G,2000,2+1,https://image.woodongs.com/imgsvr/item/GD_8809592641927_001.jpg
GS25,흥선)벌집모양곤약즈마장맛20G,800,2+1,https://image.woodongs.com/imgsvr/item/GD_6939424700705_001.jpg
GS25,흥선)벌집모양곤약훠궈맛20G,800,2+1,https://image.woodongs.com/imgsvr/item/GD_6939424701351_001.jpg
GS25,흥선)사워팝구미콜라향40G,1500,2+1,https://image.woodongs.com/imgsvr/item/GD_6925448151258_001.jpg
GS25,흥선)사워팝구미포도맛40G,1500,2+1,https://image.woodongs.com/imgsvr/item/GD_6925448151289_001.jpg
GS25,프리젤민트향캔디,1000,1+1,https://image.woodongs.com/imgsvr/item/GD_7891151039796_002.jpg
GS25,프리젤유칼립투스멘톨캔디,1000,1+1,https://image.woodongs.com/imgsvr/item/GD_7891151039758_001.jpg
GS25,마즈)이클립스플러스(꿀&레몬향),3500,2+1,https://image.woodongs.com/imgsvr/item/GD_8804973308789_002.jpg
GS25,마즈)이클립스플러스(배&비파향),3500,2+1,https://image.woodongs.com/imgsvr/item/GD_8804973308802_002.jpg
GS25,스키틀즈)후르츠믹스요거트향,2000,2+1,https://image.woodongs.com/imgsvr/item/GD_8804973311185_003.jpg
GS25,스키틀즈)후르츠믹스젤리,2000,2+1,https://image.woodongs.com/imgsvr/item/GD_8804973311161_003.jpg
GS25,리콜라)라즈베리민트(무설탕)40G,3300,2+1,https://image.woodongs.com/imgsvr/item/GD_7610700018996_002.jpg
GS25,리콜라)레몬민트(무설탕)40G,3300,2+1,https://image.woodongs.com/imgsvr/item/GD_7610700607046_048.jpg
GS25,리콜라)오리지널(무설탕)40G,3300,2+1,https://image.woodongs.com/imgsvr/item/GD_7610700609002_002.jpg
GS25,리콜라)크렌베리(무설탕)40G,3300,2+1,https://image.woodongs.com/imgsvr/item/GD_7610700009338_002.jpg
GS25,삼경)웨더스크림캔디슈가프리,3000,1+1,https://image.woodongs.com/imgsvr/item/GD_4014400907902_001.jpg
GS25,UHA)푸쵸스틱그레이프,2400,2+1,https://image.woodongs.com/imgsvr/item/GD_49745177_002.jpg
GS25,UHA)푸쵸스틱쥬시미라클,2400,2+1,https://image.woodongs.com/imgsvr/item/GD_49432954_002.jpg
GS25,동아)박맛젤50G,1700,2+1,https://image.woodongs.com/imgsvr/item/GD_8806011435631_006.jpg
GS25,동아)박맛젤스위트앤사워50G,1700,2+1,https://image.woodongs.com/imgsvr/item/GD_8806011435679_004.jpg
GS25,크라운)꽃게랑마라맛60G,1700,2+1,https://image.woodongs.com/imgsvr/item/GD_8801111961431_001.jpg
GS25,크라운)카라멜콘크로아상60G,1700,2+1,https://image.woodongs.com/imgsvr/item/GD_8801111961806_001.jpg
GS25,크라운)죠리퐁(봉지),1500,2+1,https://image.woodongs.com/imgsvr/item/GD_8801111610636_637.jpg
GS25,크라운)츄러스(봉지),1500,2+1,https://image.woodongs.com/imgsvr/item/GD_8801111916479_003.jpg
GS25,크라운)못말리는신짱(봉지),1500,2+1,https://image.woodongs.com/imgsvr/item/GD_8801111185066_067.jpg
GS25,크라운)콘치(봉지),1500,2+1,https://image.woodongs.com/imgsvr/item/GD_8801111183062_063.jpg
GS25,농심)닭다리66G,1700,2+1,https://image.woodongs.com/imgsvr/item/GD_8801043036535_003.jpg
GS25,농심)망고킥60G,1700,2+1,https://image.woodongs.com/imgsvr/item/GD_8801043064767_001.jpg
GS25,농심)빵부장솔티꽈배기55G,1700,2+1,https://image.woodongs.com/imgsvr/item/GD_8801043062107_001.jpg
GS25,오리온)단백질칩버터오징어60G,1700,2+1,https://image.woodongs.com/imgsvr/item/GD_8801117781804_003.jpg
GS25,오리온)단백질칩칠리살사60G,1700,2+1,https://image.woodongs.com/imgsvr/item/GD_8801117781705_003.jpg
GS25,오리온)포카칩트리플페퍼(봉지),1700,2+1,https://image.woodongs.com/imgsvr/item/GD_8801117655204_001.jpg
GS25,롯데)도리토스나쵸치즈맛(봉지),1700,2+1,https://image.woodongs.com/imgsvr/item/GD_8801062381814_816.jpg
GS25,롯데)도리토스양념갈비(봉지),1700,2+1,https://image.woodongs.com/imgsvr/item/GD_8801062014002_002.jpg
GS25,롯데)꼬깔콘고소한맛(봉지/대),3400,2+1,https://image.woodongs.com/imgsvr/item/GD_8801062010578_002.jpg
GS25,롯데)꼬깔콘군옥수수맛(봉지/대),3400,2+1,https://image.woodongs.com/imgsvr/item/GD_8801062011315_003.jpg
GS25,롯데)치토스매콤달콤(봉지),1700,2+1,https://image.woodongs.com/imgsvr/item/GD_8801062380015_017.jpg
GS25,롯데)치토스스모키바베큐(봉지),1700,2+1,https://image.woodongs.com/imgsvr/item/GD_8801062289936_938.jpg
GS25,삼양)사또밥(봉지),1500,2+1,https://image.woodongs.com/imgsvr/item/GD_8801073310711_002.jpg
GS25,마즈)비카인드씨솔트견과류바,2500,2+1,https://image.woodongs.com/imgsvr/item/GD_8804973308451_002.jpg
GS25,마즈)비카인드아몬드단백질바,2500,2+1,https://image.woodongs.com/imgsvr/item/GD_8804973309267_002.jpg
GS25,후지야)페코짱컨트리맘(딸기향),1800,2+1,https://image.woodongs.com/imgsvr/item/GD_8936235440163_001.jpg
GS25,후지야)페코짱컨트리맘(초코),1800,2+1,https://image.woodongs.com/imgsvr/item/GD_8936235440156_001.jpg
GS25,GS)XXXL웨이퍼코코아65G,1600,2+1,https://image.woodongs.com/imgsvr/item/GD_8691720004946_002.jpg
GS25,GS)XXXL웨이퍼화이트65G,1600,2+1,https://image.woodongs.com/imgsvr/item/GD_8691720004939_002.jpg
GS25,GS)XXL웨이퍼화이트50G,1200,2+1,https://image.woodongs.com/imgsvr/item/GD_8691720004960_001.jpg
GS25,짱구)21곡초코바,700,2+1,https://image.woodongs.com/imgsvr/item/GD_8809037840892_002.jpg
GS25,미성)실카아몬드초콜릿38G,1500,2+1,https://image.woodongs.com/imgsvr/item/GD_6291003087325_002.jpg
GS25,스위스미스)머쉬멜로핫초코컵,2200,2+1,https://image.woodongs.com/imgsvr/item/GD_8809256674155_001.jpg
GS25,웰그린)단백하이프로틴(딸기),3900,2+1,https://image.woodongs.com/imgsvr/item/GD_8809809701215_001.jpg
GS25,웰그린)단백하이프로틴(바나나),3900,2+1,https://image.woodongs.com/imgsvr/item/GD_8809809701239_001.jpg
GS25,웰그린)단백하이프로틴미숫가루,3900,2+1,https://image.woodongs.com/imgsvr/item/GD_8809809701253_001.jpg
GS25,웰그린)단백하이프로틴옥수수40G,3900,2+1,https://image.woodongs.com/imgsvr/item/GD_8809809701307_001.jpg
GS25,웰그린)단백하이프로틴초코40G,3900,2+1,https://image.woodongs.com/imgsvr/item/GD_8809809701277_001.jpg
GS25,웰그린)단백하이프로틴코코넛40G,3900,2+1,https://image.woodongs.com/imgsvr/item/GD_8809809701314_001.jpg
GS25,동원)리챔200G,6200,2+1,https://image.woodongs.com/imgsvr/item/GD_8801047181040_041.jpg
GS25,동원)리챔120G,4200,2+1,https://image.woodongs.com/imgsvr/item/GD_8801047181002_001.jpg
GS25,티젠)카페오르조블렌드10T,6000,1+1,https://image.woodongs.com/imgsvr/item/GD_8809685984429_001.jpg
GS25,티젠)푸룬쏙50G,4000,1+1,https://image.woodongs.com/imgsvr/item/GD_8809685982692_002.jpg
GS25,티젠)말차라떼7입,7000,1+1,https://image.woodongs.com/imgsvr/item/GD_8809071547535_003.jpg
GS25,티젠)콤부차(베리)10입,8000,1+1,https://image.woodongs.com/imgsvr/item/GD_8809071546569_002.jpg
GS25,티젠)콤부차(파인애플)10입,8000,1+1,https://image.woodongs.com/imgsvr/item/GD_8809685980810_003.jpg
GS25,티젠)콤부차(피치)10입,8000,1+1,https://image.woodongs.com/imgsvr/item/GD_8809685980674_002.jpg
GS25,티젠)콤부차10입,8000,1+1,https://image.woodongs.com/imgsvr/item/GD_8809071546552_002.jpg
GS25,티젠)콤부차요구르트(10T),8000,1+1,https://image.woodongs.com/imgsvr/item/GD_8809685983088_001.jpg
GS25,CJ)얼티브균형영양식구수한맛190,2000,1+1,https://image.woodongs.com/imgsvr/item/GD_8801392130229_001.jpg
GS25,CJ)얼티브균형영양식흑임자150ML,2000,1+1,https://image.woodongs.com/imgsvr/item/GD_8801392130205_001.jpg
GS25,CJ)얼티브프로틴로얄밀크티250ML,2900,1+1,https://image.woodongs.com/imgsvr/item/GD_8801392130069_001.jpg
GS25,CJ)얼티브프로틴맛밤맛250ML,2900,1+1,https://image.woodongs.com/imgsvr/item/GD_8801392081484_001.jpg
GS25,CJ)얼티브프로틴바나나250ML,2900,1+1,https://image.woodongs.com/imgsvr/item/GD_8801392092121_002.jpg
GS25,CJ)얼티브프로틴초코250ML,2900,1+1,https://image.woodongs.com/imgsvr/item/GD_8801392039225_003.jpg
GS25,CJ)얼티브프로틴피스타치오250ML,2900,1+1,https://image.woodongs.com/imgsvr/item/GD_8801392130045_001.jpg
GS25,CJ)얼티브프로틴햇반맛250ML,2900,1+1,https://image.woodongs.com/imgsvr/item/GD_8801392081507_002.jpg
GS25,BR)아몬드봉봉밀키드링크300ML,2900,2+1,https://image.woodongs.com/imgsvr/item/GD_8809288635384_004.jpg
GS25,BR)엄마는외계인밀키드링크300ML,2900,2+1,https://image.woodongs.com/imgsvr/item/GD_8809288635377_004.jpg
GS25,배스킨라빈스)메롱멜론우유190ML,1500,2+1,https://image.woodongs.com/imgsvr/item/GD_8809288635001_002.jpg
GS25,배스킨라빈스)민트초코우유,1500,2+1,https://image.woodongs.com/imgsvr/item/GD_8809288633038_003.jpg
GS25,배스킨라빈스)솜사탕우유,1500,2+1,https://image.woodongs.com/imgsvr/item/GD_8809288633595_002.jpg
GS25,배스킨라빈스)스트로베리우유,1500,2+1,https://image.woodongs.com/imgsvr/item/GD_8809288633045_003.jpg
GS25,배스킨라빈스)쿠키앤크림우유,1500,2+1,https://image.woodongs.com/imgsvr/item/GD_8809288633052_003.jpg
GS25,빙그레)통모짜스트링치즈18G,1600,2+1,https://image.woodongs.com/imgsvr/item/GD_8801104666428_001.jpg
GS25,빙그레)통모짜체다스트링치즈20G,1600,2+1,https://image.woodongs.com/imgsvr/item/GD_8801104950633_001.jpg
GS25,빙그레)프로틴스트링치즈20G,1600,2+1,https://image.woodongs.com/imgsvr/item/GD_8801104674027_001.jpg
GS25,빙그레)닥터캡슐베리믹스130ML,2300,2+1,https://image.woodongs.com/imgsvr/item/GD_8801104669283_001.jpg
GS25,빙그레)닥터캡슐복숭아130ML,2300,2+1,https://image.woodongs.com/imgsvr/item/GD_8801104951302_002.jpg
GS25,빙그레)닥터캡슐사과130ML,2300,2+1,https://image.woodongs.com/imgsvr/item/GD_8801104665421_001.jpg
GS25,빙그레)닥터캡슐프로텍트130ML,2300,2+1,https://image.woodongs.com/imgsvr/item/GD_8801104302739_004.jpg
GS25,빙그레)요플레그릭마일드홈180G,2200,2+1,https://image.woodongs.com/imgsvr/item/GD_8801104950787_001.jpg
GS25,빙그레)요플레그릭아몬드바나나,2200,2+1,https://image.woodongs.com/imgsvr/item/GD_8801104952699_001.jpg
GS25,빙그레)아카페라포비광화문라떼,2900,1+1,https://image.woodongs.com/imgsvr/item/GD_8801104953238_001.jpg
GS25,빙그레)아카페라포비플랫화이트,2900,1+1,https://image.woodongs.com/imgsvr/item/GD_8801104953214_001.jpg
GS25,빙그레)오늘의커피라떼250ML,2700,1+1,https://image.woodongs.com/imgsvr/item/GD_8801104666152_002.jpg
GS25,빙그레)오늘의커피바닐라250ML,2700,1+1,https://image.woodongs.com/imgsvr/item/GD_8801104666176_002.jpg
GS25,빙그레)오늘의커피연유라떼250ML,2700,1+1,https://image.woodongs.com/imgsvr/item/GD_8801104949187_001.jpg
GS25,빙그레)더단백드링크초코250ML,2900,2+1,https://image.woodongs.com/imgsvr/item/GD_8801104670876_002.jpg
GS25,빙그레)더단백딸기250ML,2900,2+1,https://image.woodongs.com/imgsvr/item/GD_8801104942935_001.jpg
GS25,빙그레)더단백멜론250ML,2900,2+1,https://image.woodongs.com/imgsvr/item/GD_8801104946179_002.jpg
GS25,빙그레)더단백카라멜250ML,2900,2+1,https://image.woodongs.com/imgsvr/item/GD_8801104673198_001.jpg
GS25,빙그레)더단백커피250ML,2900,2+1,https://image.woodongs.com/imgsvr/item/GD_8801104673211_001.jpg
GS25,빙그레)왕실말차190ML,1600,2+1,https://image.woodongs.com/imgsvr/item/GD_8801104952910_001.jpg
GS25,빙그레)왕실초코190ML,1600,2+1,https://image.woodongs.com/imgsvr/item/GD_8801104947190_001.jpg
GS25,빙그레)아카페라사이즈업돌체,2600,2+1,https://image.woodongs.com/imgsvr/item/GD_8801104940931_002.jpg
GS25,빙그레)아카페라사이즈업디카페,2600,2+1,https://image.woodongs.com/imgsvr/item/GD_8801104948005_001.jpg
GS25,빙그레)아카페라사이즈업라떼,2600,2+1,https://image.woodongs.com/imgsvr/item/GD_8801104304047_001.jpg
GS25,빙그레)아카페라사이즈업바닐라,2600,2+1,https://image.woodongs.com/imgsvr/item/GD_8801104306591_004.jpg
GS25,빙그레)아카페라사이즈업아메리,2600,2+1,https://image.woodongs.com/imgsvr/item/GD_8801104304023_001.jpg
GS25,빙그레)아카페라마끼아또240ML,2000,2+1,https://image.woodongs.com/imgsvr/item/GD_8801104212403_406.jpg
GS25,빙그레)아카페라바닐라라떼240ML,2000,2+1,https://image.woodongs.com/imgsvr/item/GD_8801104212601_604.jpg
GS25,빙그레)아카페라아메리카노240ML,2000,2+1,https://image.woodongs.com/imgsvr/item/GD_8801104212397_400.jpg
GS25,빙그레)스페셜티에티오피아460ML,3000,2+1,https://image.woodongs.com/imgsvr/item/GD_8801104667043_002.jpg
GS25,빙그레)스페셜티탄자니아460ML,3000,2+1,https://image.woodongs.com/imgsvr/item/GD_8801104667029_002.jpg
GS25,롯데)펩시제로라임캔355ML,2100,2+1,https://image.woodongs.com/imgsvr/item/GD_8801056175900_004.jpg
GS25,롯데)펩시제로제로355ML,2100,2+1,https://image.woodongs.com/imgsvr/item/GD_8801056241506_002.jpg
GS25,롯데)펩시콜라캔355ML,2100,2+1,https://image.woodongs.com/imgsvr/item/GD_8801056150013_008.jpg
GS25,칸타타)콘트라베이스라떼PET500,2900,2+1,https://image.woodongs.com/imgsvr/item/GD_8801056096052_003.jpg
GS25,칸타타)콘트라베이스블랙PET500,2900,2+1,https://image.woodongs.com/imgsvr/item/GD_8801056094591_002.jpg
GS25,칸타타)콘트라베이스블랙샷500ML,2900,2+1,https://image.woodongs.com/imgsvr/item/GD_8801056234027_001.jpg
GS25,칸타타)콘트라베이스스윗PET500,2900,2+1,https://image.woodongs.com/imgsvr/item/GD_8801056102036_002.jpg
GS25,질레트)스킨텍면도날2입,32400,2+1,https://image.woodongs.com/imgsvr/item/GD_4987176037404_002.jpg
GS25,오랄비)초극세모잇몸선케어,2900,1+1,https://image.woodongs.com/imgsvr/item/GD_4902430597289_002.jpg
GS25,오랄비크로스액션초미세모,3900,1+1,https://image.woodongs.com/imgsvr/item/GD_4902430820608_001.jpg
GS25,오랄비)프레쉬클린칫솔,2000,1+1,https://image.woodongs.com/imgsvr/item/GD_3014260844622_001.jpg
GS25,오랄비)크로스액션칫솔,3900,1+1,https://image.woodongs.com/imgsvr/item/GD_3014260781033_001.jpg
GS25,질레트)일회용면도기센서3,3000,1+1,https://image.woodongs.com/imgsvr/item/GD_4902430909303_001.jpg
GS25,포차)잔치국수191.3G,3900,2+1,https://image.woodongs.com/imgsvr/item/GD_8801085884736_002.jpg
GS25,포차)즉석우동218G,3900,2+1,https://image.woodongs.com/imgsvr/item/GD_8801085884743_001.jpg
GS25,하림)맥시칸치킨(갈릭양념)200G,9900,1+1,https://image.woodongs.com/imgsvr/item/GD_8809778497799_001.jpg
GS25,하림)맥시칸치킨(양념치킨)200G,9900,1+1,https://image.woodongs.com/imgsvr/item/GD_8809778499403_001.jpg
GS25,하림)맥시칸치킨(크리스피)250G,9900,1+1,https://image.woodongs.com/imgsvr/item/GD_8809778498314_001.jpg
GS25,하림)맥시칸치킨(핫크리스피)250,9900,1+1,https://image.woodongs.com/imgsvr/item/GD_8809778498321_001.jpg
GS25,유어스)비비안팬티스타킹(살구)L,3800,2+1,https://image.woodongs.com/imgsvr/item/GD_8801162559021_002.jpg
GS25,다우니)블루1L,15000,1+1,https://image.woodongs.com/imgsvr/item/GD_4902430311724_725.jpg
GS25,다우니)핑크1L,15000,1+1,https://image.woodongs.com/imgsvr/item/GD_4902430311625_627.jpg
GS25,페브리즈)미스티크향370ML,12000,1+1,https://image.woodongs.com/imgsvr/item/GD_4987176228109_001.jpg
GS25,페브리즈)실내건조프레시클린370,12000,1+1,https://image.woodongs.com/imgsvr/item/GD_4987176165237_004.jpg
GS25,페브리즈)포맨370ML,12000,1+1,https://image.woodongs.com/imgsvr/item/GD_4902430643191_002.jpg
GS25,페브리즈)향균깨끗한향370ML,12000,1+1,https://image.woodongs.com/imgsvr/item/GD_4902430897358_001.jpg
GS25,롯데)게토레이레몬600ML,2400,2+1,https://image.woodongs.com/imgsvr/item/GD_8801056049201_207.jpg
GS25,웰메이드)일회용마스크5매(백색),6500,1+1,https://image.woodongs.com/imgsvr/item/GD_8809683300450_001.JPG
GS25,웰메이드)일회용마스크5매(블랙),6500,1+1,https://image.woodongs.com/imgsvr/item/GD_8809683300467_001.JPG
GS25,성분에디터)그린토마토휘핑폼120,9600,1+1,https://image.woodongs.com/imgsvr/item/GD_8809684568309_001.jpg
GS25,더리얼)용가리반려멍쿠키80G,4300,2+1,https://image.woodongs.com/imgsvr/item/GD_8809551067959_001.jpg
GS25,하림)건강무스NO스트레스40G,3000,2+1,https://image.woodongs.com/imgsvr/item/GD_8809551069762_001.jpg
GS25,하림)건강무스알맞은체중40G,3000,2+1,https://image.woodongs.com/imgsvr/item/GD_8809551069779_001.jpg
GS25,하림)건강무스헤어볼케어40G,3000,2+1,https://image.woodongs.com/imgsvr/item/GD_8809551069755_001.jpg
GS25,하림)밥이보약하루양갱면역,1100,2+1,https://image.woodongs.com/imgsvr/item/GD_8809551065023_004.jpg
GS25,하림)밥이보약하루양갱장,1100,2+1,https://image.woodongs.com/imgsvr/item/GD_8809551065030_003.jpg
GS25,오뚜기)한컵코울슬로100G,2500,1+1,https://image.woodongs.com/imgsvr/item/GD_8801045018607_002.jpg
GS25,오뚜기)한컵콘샐러드100G,2500,1+1,https://image.woodongs.com/imgsvr/item/GD_8801045261379_002.jpg
GS25,빙그레)곤약젤리복숭아130ML,1900,1+1,https://image.woodongs.com/imgsvr/item/GD_8801104946117_002.jpg
GS25,빙그레)곤약젤리사과130ML,1900,1+1,https://image.woodongs.com/imgsvr/item/GD_8801104947930_001.jpg
GS25,빙그레)곤약젤리청포도130ML,1900,1+1,https://image.woodongs.com/imgsvr/item/GD_8801104946148_002.jpg
GS25,배스킨)블랙소르베워터젤리100ML,1800,1+1,https://image.woodongs.com/imgsvr/item/GD_8809288636039_001.jpg
GS25,배스킨)패션프루트워터젤리100ML,1800,1+1,https://image.woodongs.com/imgsvr/item/GD_8809288636046_001.jpg
GS25,쿠캣)직화무뼈닭발160G,12300,2+1,https://image.woodongs.com/imgsvr/item/GD_8809554250761_002.jpg
GS25,쿠캣)직화무뼈닭발160G(NEW),11900,2+1,https://image.woodongs.com/imgsvr/item/GD_8809925620117_001.jpg
GS25,쿠캣)실비김치만두(6입)168G,3900,2+1,https://image.woodongs.com/imgsvr/item/GD_8808198115221_002.jpg
GS25,오뚜기)골든후라이드치킨250G,9900,1+1,https://image.woodongs.com/imgsvr/item/GD_8801045610436_001.jpg
GS25,오뚜기)XO슈마이고기133G,4000,1+1,https://image.woodongs.com/imgsvr/item/GD_8801045935515_002.jpg
GS25,오뚜기)XO슈마이새우133G,4000,1+1,https://image.woodongs.com/imgsvr/item/GD_8801045935508_001.jpg
GS25,오뚜기)버팔로봉200G,7900,2+1,https://image.woodongs.com/imgsvr/item/GD_8801045607030_001.jpg
GS25,오뚜기)순후추닭강정180G,5600,2+1,https://image.woodongs.com/imgsvr/item/GD_8801045350790_001.jpg
GS25,오뚜기)순후추치킨180G,5600,2+1,https://image.woodongs.com/imgsvr/item/GD_8801045273570_002.jpg
GS25,오뚜기)리얼바삭한빅핫도그120G,2800,2+1,https://image.woodongs.com/imgsvr/item/GD_8801045750743_001.jpg
GS25,오뚜기)새우볶음밥230G,4500,2+1,https://image.woodongs.com/imgsvr/item/GD_8801045941103_001.jpg
GS25,오뚜기)참치김치치즈볶음밥230G,4500,2+1,https://image.woodongs.com/imgsvr/item/GD_8801045931234_003.jpg
GS25,CJ)매콤달콤닭강정200G,7800,2+1,https://image.woodongs.com/imgsvr/item/GD_8801392165696_001.jpg
GS25,템포)내추럴코튼탐폰라이트10P,11900,1+1,https://image.woodongs.com/imgsvr/item/GD_8806011638117_001.jpg
GS25,템포레귤라10입,7900,2+1,https://image.woodongs.com/imgsvr/item/GD_8806011632856_002.jpg
GS25,템포슈퍼10입,7900,2+1,https://image.woodongs.com/imgsvr/item/GD_8806011632771_775.jpg
GS25,가그린)오리지널스틱10ML,900,1+1,https://image.woodongs.com/imgsvr/item/GD_8806011617365_001.jpg
GS25,가그린)오리지널380ML,5500,2+1,https://image.woodongs.com/imgsvr/item/GD_8806011616078_002.jpg
GS25,가그린)제로380ML,5500,2+1,https://image.woodongs.com/imgsvr/item/GD_8806011616184_004.jpg
GS25,가그린)오리지널100ML,2300,2+1,https://image.woodongs.com/imgsvr/item/GD_8806011616047_003.jpg
GS25,가그린)제로100ML,2300,2+1,https://image.woodongs.com/imgsvr/item/GD_8806011616153_002.jpg
GS25,다슈)슈퍼매트왁스15ML,5000,2+1,https://image.woodongs.com/imgsvr/item/GD_8809372272051_003.jpg
GS25,다슈)홀딩파워왁스15ML,5000,2+1,https://image.woodongs.com/imgsvr/item/GD_8809372272068_003.jpg
GS25,래피젠)쇼콜라젠(임신진단키트),6000,2+1,https://image.woodongs.com/imgsvr/item/GD_8806136631239_001.jpg
GS25,래피젠)KF94마스크5매(검정),5500,2+1,https://image.woodongs.com/imgsvr/item/GD_8809692181019_001.jpg
GS25,래피젠)KF94마스크5매(베이지),5500,2+1,https://image.woodongs.com/imgsvr/item/GD_8809692181040_001.jpg
GS25,미쟝센)데미지린스530ML,18000,1+1,https://image.woodongs.com/imgsvr/item/GD_8806403068409_411.jpg
GS25,미쟝센)데미지샴푸530ML,18000,1+1,https://image.woodongs.com/imgsvr/item/GD_8806403068379_382.jpg
GS25,"시저)홀썸볼(쇠고기,고구마)85G",5000,2+1,https://image.woodongs.com/imgsvr/item/GD_8804973307874_001.jpg
GS25,"시저)홀썸볼(쇠고기,콩)85G",5000,2+1,https://image.woodongs.com/imgsvr/item/GD_8804973307904_001.jpg
GS25,시저)심플리크래프티드(닭고기),3000,2+1,https://image.woodongs.com/imgsvr/item/GD_8804973305900_003.jpg
GS25,시저)심플리크래프티드(쇠고기),3000,2+1,https://image.woodongs.com/imgsvr/item/GD_8804973305917_002.jpg
GS25,템테이션)닭고기(고양이간식),4500,2+1,https://image.woodongs.com/imgsvr/item/GD_8851393000243_002.jpg
GS25,템테이션)연어(고양이간식),4500,2+1,https://image.woodongs.com/imgsvr/item/GD_8851393000205_002.jpg
GS25,템테이션)참치(고양이간식),4500,2+1,https://image.woodongs.com/imgsvr/item/GD_8851393000212_001.jpg
GS25,위카)고등어80G(고양이/성묘),1500,2+1,https://image.woodongs.com/imgsvr/item/GD_8853301550031_001.jpg
GS25,위카)고등어와연어80G(성묘),1500,2+1,https://image.woodongs.com/imgsvr/item/GD_8853301550079_084.jpg
GS25,위카)참치80G(고양이/성묘),1500,2+1,https://image.woodongs.com/imgsvr/item/GD_8853301550017_002.jpg
GS25,위카)참치80G(고양이/자묘),1500,2+1,https://image.woodongs.com/imgsvr/item/GD_8853301550048_049.jpg
GS25,우양)클래식치즈핫도그130G,2700,2+1,https://image.woodongs.com/imgsvr/item/GD_8805489005261_001.jpg
GS25,우양)클래식핫도그130G,2500,2+1,https://image.woodongs.com/imgsvr/item/GD_8805489005025_002.jpg
GS25,종가)맛김치130G,3000,2+1,https://image.woodongs.com/imgsvr/item/GD_8801024190201_203.jpg
GS25,종가)열무김치80G,2100,2+1,https://image.woodongs.com/imgsvr/item/GD_8801024053674_676.jpg
GS25,종가)맛김치75G,1800,2+1,https://image.woodongs.com/imgsvr/item/GD_8801024190102_104.jpg
GS25,종가)맛김치80G,1800,2+1,https://image.woodongs.com/imgsvr/item/GD_8801024190218_221.jpg
GS25,끼리)단호박크림치즈수프180G,3500,2+1,https://image.woodongs.com/imgsvr/item/GD_8805489005513_001.jpg
GS25,끼리)양송이크림치즈수프180G,3500,2+1,https://image.woodongs.com/imgsvr/item/GD_8805489005537_001.jpg
GS25,통가래떡어묵바80G,3400,1+1,https://image.woodongs.com/imgsvr/item/GD_8809447501970_002.jpg
GS25,통맛살어묵바80G,3400,1+1,https://image.woodongs.com/imgsvr/item/GD_8809447501987_001.jpg
GS25,통치즈어묵바80G,3400,1+1,https://image.woodongs.com/imgsvr/item/GD_8809447501857_001.jpg
GS25,효성)프로틴두부어육바80G,3700,1+1,https://image.woodongs.com/imgsvr/item/GD_8809331461007_001.jpg
GS25,효성)땡초어묵바80G,3500,1+1,https://image.woodongs.com/imgsvr/item/GD_8803404003286_002.jpg
GS25,효성)치즈어묵바80G,3500,1+1,https://image.woodongs.com/imgsvr/item/GD_8803404002623_002.jpg
GS25,사옹원)오늘의김치전240G,9900,1+1,https://image.woodongs.com/imgsvr/item/GD_8809109110113_001.jpg
GS25,사옹원)오늘의부추전240G,9900,1+1,https://image.woodongs.com/imgsvr/item/GD_8809109110120_001.jpg
GS25,동원)개성한입쏙고기만두168G,4900,1+1,https://image.woodongs.com/imgsvr/item/GD_8801047307808_001.jpg
GS25,동원)개성한입쏙김치만두168G,4900,1+1,https://image.woodongs.com/imgsvr/item/GD_8801047307907_001.jpg
GS25,효성)김치어묵피만두(고단백),4900,1+1,https://image.woodongs.com/imgsvr/item/GD_8800259600165_001.jpg
GS25,효성)청양고기어묵피만두(고단백,4900,1+1,https://image.woodongs.com/imgsvr/item/GD_8800259600158_001.jpg
GS25,리얼)반반치즈핫도그80G,3000,1+1,https://image.woodongs.com/imgsvr/item/GD_8809173676577_002.jpg
GS25,리얼)오리지널핫도그80G(NEW),2800,1+1,https://image.woodongs.com/imgsvr/item/GD_8809173676997_001.jpg
GS25,대상)안주야직화무뼈닭발160G,9500,2+1,https://image.woodongs.com/imgsvr/item/GD_8801052043852_002.jpg
GS25,대상)안주야직화불막창160G,9500,2+1,https://image.woodongs.com/imgsvr/item/GD_8801052043845_001.jpg
GS25,대상)안주야소곱창볶음한판200G,12900,1+1,https://image.woodongs.com/imgsvr/item/GD_8801052122618_002.jpg
GS25,하림)간장닭강정220G,9900,1+1,https://image.woodongs.com/imgsvr/item/GD_8801492372482_004.jpg
GS25,하림)매콤닭강정220G,9900,1+1,https://image.woodongs.com/imgsvr/item/GD_8801492372475_004.jpg
GS25,에치와이)갓비움230ML,2400,2+1,https://image.woodongs.com/imgsvr/item/GD_8801128307239_001.jpg
GS25,메치니코프)오곡씨리얼140ML,2300,1+1,https://image.woodongs.com/imgsvr/item/GD_8801128284875_001.jpg
GS25,메치니코프)화이바애플140ML,2300,1+1,https://image.woodongs.com/imgsvr/item/GD_8801128284097_001.jpg
GS25,서울우유)저지밀크파인트474ML,14900,1+1,https://image.woodongs.com/imgsvr/item/GD_8801115720539_001.jpg
GS25,통과일)리얼레몬소르베90G,4900,1+1,https://image.woodongs.com/imgsvr/item/GD_8809720822655_001.jpg
GS25,에이스)아이스벅110G,4500,1+1,https://image.woodongs.com/imgsvr/item/GD_8809720822556_002.jpg
GS25,롯데)프리미엄가나말차크럼블바,3300,1+1,https://image.woodongs.com/imgsvr/item/GD_8802259024866_001.jpg
GS25,라라스윗)리얼망고쫀득바75ML,3000,1+1,https://image.woodongs.com/imgsvr/item/GD_8809599361705_001.jpg
GS25,라라스윗)리얼멜론쫀득바75ML,3000,1+1,https://image.woodongs.com/imgsvr/item/GD_8809599361736_001.jpg
GS25,라라스윗)피스타치오젤라또바,3000,1+1,https://image.woodongs.com/imgsvr/item/GD_8809599361392_001.jpg
GS25,랩노쉬)저당프로틴멜론바90ML,3000,1+1,https://image.woodongs.com/imgsvr/item/GD_8800261383094_002.jpg
GS25,랩노쉬)저당프로틴초코바90ML,3000,1+1,https://image.woodongs.com/imgsvr/item/GD_8800261383087_002.jpg
GS25,라라스윗)저당딸기요거트바70ML,2500,1+1,https://image.woodongs.com/imgsvr/item/GD_8809599361057_001.jpg
GS25,라라스윗)제주감귤제로바70ML,2500,1+1,https://image.woodongs.com/imgsvr/item/GD_8809599361682_001.jpg
GS25,조지아)라떼470ML,2800,2+1,https://image.woodongs.com/imgsvr/item/GD_8801094512668_007.jpg
GS25,조지아)블랙470ML,2800,2+1,https://image.woodongs.com/imgsvr/item/GD_8801094502669_007.jpg
GS25,조지아)스위트블랙470ML,2800,2+1,https://image.woodongs.com/imgsvr/item/GD_8801094542603_003.jpg
GS25,조지아)저당라떼470ML,2800,2+1,https://image.woodongs.com/imgsvr/item/GD_8801094512613_005.jpg
GS25,조지아)콜드브루블랙470ML,2800,2+1,https://image.woodongs.com/imgsvr/item/GD_8801094562601_004.jpg
GS25,영진)구론산스파클링150ML,1300,2+1,https://image.woodongs.com/imgsvr/item/GD_8801105914610_003.jpg
GS25,영진)구론산탄산비타액150ML,1300,1+1,https://image.woodongs.com/imgsvr/item/GD_8801105916829_002.jpg
GS25,매일)상하그릭아이스플레인350ML,12900,1+1,https://image.woodongs.com/imgsvr/item/GD_8801121051412_001.jpg
GS25,매일)상하그릭아이스허니유자350,12900,1+1,https://image.woodongs.com/imgsvr/item/GD_8801121051429_001.jpg
GS25,피프레도)생요거트딸기젤라또,16500,2+1,https://image.woodongs.com/imgsvr/item/GD_8809801680181_001.jpg
GS25,피프레도)생초코젤라또474ML,16500,2+1,https://image.woodongs.com/imgsvr/item/GD_8809801680174_001.jpg
GS25,코카콜라제로레몬캔350ML,2100,1+1,https://image.woodongs.com/imgsvr/item/GD_8801094063283_002.jpg
GS25,코카콜라제로제로캔350ML,2100,1+1,https://image.woodongs.com/imgsvr/item/GD_8801094023218_001.jpg
GS25,코카콜라제로캔350ML,2100,1+1,https://image.woodongs.com/imgsvr/item/GD_8801094083205_004.jpg
GS25,코카)토레타500ML,2200,1+1,https://image.woodongs.com/imgsvr/item/GD_8801094412005_002.jpg
GS25,코카)토레타제로500ML,2200,1+1,https://image.woodongs.com/imgsvr/item/GD_8801094412371_001.jpg
GS25,빙그레)따옴바배75ML,2000,1+1,https://image.woodongs.com/imgsvr/item/GD_8801104953368_001.jpg
GS25,에이스)초코맛볼을품은복숭아바,2000,1+1,https://image.woodongs.com/imgsvr/item/GD_8809720822761_001.jpg
GS25,해태)갈배사이다PET500ML,2300,1+1,https://image.woodongs.com/imgsvr/item/GD_8801105915679_003.jpg
GS25,빙그레)뽕따소다,1800,1+1,https://image.woodongs.com/imgsvr/item/GD_8801104111355_356.jpg
GS25,스마일)피치팡70ML,1800,1+1,https://image.woodongs.com/imgsvr/item/GD_8809682780987_001.jpg
GS25,해태)봉봉애사비소다500ML,2500,1+1,https://image.woodongs.com/imgsvr/item/GD_8801105916959_001.jpg
GS25,롯데)빵빠레소프트바스트로베리,1500,1+1,https://image.woodongs.com/imgsvr/item/GD_8802259021049_002.jpg
GS25,코카)환타제로오렌지350ML,1700,1+1,https://image.woodongs.com/imgsvr/item/GD_8801094347208_002.jpg
GS25,코카)환타제로파인350ML,1700,1+1,https://image.woodongs.com/imgsvr/item/GD_8801094263218_003.jpg
GS25,파워에이드)스칼렛스톰600ML,2400,1+1,https://image.woodongs.com/imgsvr/item/GD_8801094602703_001.jpg
GS25,파워에이드)제로라임600ML,2400,1+1,https://image.woodongs.com/imgsvr/item/GD_8801094000288_001.jpg
GS25,파워에이드)퍼플스톰600ML,2400,1+1,https://image.woodongs.com/imgsvr/item/GD_8801094603700_002.jpg
GS25,라벨리)아사이요거트볼180ML,4500,2+1,https://image.woodongs.com/imgsvr/item/GD_8805584224901_001.jpg
GS25,서울우유)흑임자우유파르페220ML,3800,2+1,https://image.woodongs.com/imgsvr/item/GD_8801115720553_001.jpg
GS25,코카콜라제로1.5L,4000,1+1,https://image.woodongs.com/imgsvr/item/GD_8801094082406_411.jpg
GS25,코카)스프라이트PET500ML,2200,1+1,https://image.woodongs.com/imgsvr/item/GD_8801094202606_609.jpg
GS25,코카)스프라이트제로PET500ML,2200,1+1,https://image.woodongs.com/imgsvr/item/GD_8801094962104_003.jpg
GS25,코카)스프라이트제로티PET500ML,2200,1+1,https://image.woodongs.com/imgsvr/item/GD_8801094001704_001.jpg
GS25,미미네국물떡볶이230G,3900,2+1,https://image.woodongs.com/imgsvr/item/GD_8809443710192_003.jpg
GS25,치즈라볶이230G,4000,2+1,https://image.woodongs.com/imgsvr/item/GD_8809443710185_001.jpg
GS25,떡볶퀸)로제더블토핑떡볶이,4600,2+1,https://image.woodongs.com/imgsvr/item/GD_8809443710604_001.jpg
GS25,떡볶퀸)클래식더블토핑떡볶이,4600,2+1,https://image.woodongs.com/imgsvr/item/GD_8809443710598_001.jpg
GS25,쌈장에찍어먹는모둠순대323G,6200,2+1,https://image.woodongs.com/imgsvr/item/GD_8809266251957_002.jpg
GS25,삼립)시티델리토마토미트볼150G,4500,1+1,https://image.woodongs.com/imgsvr/item/GD_8801068924893_002.jpg
GS25,예소담)특썰은김치80G,1800,1+1,https://image.woodongs.com/imgsvr/item/GD_8809414523608_001.jpg
GS25,리얼)가쓰오우동213G,3900,1+1,https://image.woodongs.com/imgsvr/item/GD_8801068936544_001.jpg
GS25,리얼)얼큰가쓰오우동213G,3900,1+1,https://image.woodongs.com/imgsvr/item/GD_8801068938609_001.jpg
GS25,삼립)갈릭후랑크65G,2400,1+1,https://image.woodongs.com/imgsvr/item/GD_8801068940411_001.jpg
GS25,추억의소시지)달콤떡갈비70G,2400,1+1,https://image.woodongs.com/imgsvr/item/GD_8809038476199_001.jpg
GS25,추억의소시지)매콤청양70G,2400,1+1,https://image.woodongs.com/imgsvr/item/GD_8809038476205_001.jpg
GS25,CJ)비비고닭가슴살김치만두168G,5900,1+1,https://image.woodongs.com/imgsvr/item/GD_8801392164934_002.jpg
GS25,CJ)비비고닭가슴살만두168G,5900,1+1,https://image.woodongs.com/imgsvr/item/GD_8801392164910_002.jpg
GS25,CJ)고메소바바치킨양념순살240G,9900,1+1,https://image.woodongs.com/imgsvr/item/GD_8801392112485_002.jpg
GS25,CJ)소바바치킨레드핫240G,9900,1+1,https://image.woodongs.com/imgsvr/item/GD_8801392159084_001.jpg
GS25,CJ)소바바치킨마쏘킥240G,9900,1+1,https://image.woodongs.com/imgsvr/item/GD_8801392151118_001.jpg
GS25,CJ)소바바치킨소이허니순살240G,9900,1+1,https://image.woodongs.com/imgsvr/item/GD_8801392087073_002.jpg
GS25,CJ)갈비만두300G,7800,1+1,https://image.woodongs.com/imgsvr/item/GD_8801007508740_003.jpg
GS25,CJ)비비고군만두315G,7800,1+1,https://image.woodongs.com/imgsvr/item/GD_8801392011528_002.jpg
GS25,CJ)비비고김치왕교자315G(NEW),7800,1+1,https://image.woodongs.com/imgsvr/item/GD_8801392011962_002.jpg
GS25,CJ)비비고왕교자315G(NEW),7800,1+1,https://image.woodongs.com/imgsvr/item/GD_8801392011887_002.jpg
GS25,CJ)비비고찰보리감자만두300G,7800,1+1,https://image.woodongs.com/imgsvr/item/GD_8801392085963_002.jpg
GS25,CJ)비비고새우왕교자315G,6500,2+1,https://image.woodongs.com/imgsvr/item/GD_8801007555676_001.jpg
GS25,CJ)수제진한고기교자327G,6500,2+1,https://image.woodongs.com/imgsvr/item/GD_8801007980683_002.jpg
GS25,CJ)비비고수제만두김치200G,4900,2+1,https://image.woodongs.com/imgsvr/item/GD_8801007836270_004.jpg
GS25,CJ)비비고수제청양고기만두200G,4900,2+1,https://image.woodongs.com/imgsvr/item/GD_8801007836294_005.jpg
GS25,CJ)비비고찐만두168G,4900,2+1,https://image.woodongs.com/imgsvr/item/GD_8801007429298_003.jpg
GS25,CJ)비비고찐만두청양고추168G,4900,2+1,https://image.woodongs.com/imgsvr/item/GD_8801007537740_003.jpg
GS25,CJ)육즙불고기찐만두168G,4900,2+1,https://image.woodongs.com/imgsvr/item/GD_8801007928906_002.jpg
GS25,라벨리)LOL바닐라파르페331ML,3500,2+1,https://image.woodongs.com/imgsvr/item/GD_8805584222174_001.jpg
GS25,라벨리)깨먹는티라미수컵120ML,3500,2+1,https://image.woodongs.com/imgsvr/item/GD_8805584224864_002.jpg
GS25,라벨리)인절미빙수220ML,3500,2+1,https://image.woodongs.com/imgsvr/item/GD_8805584224772_002.jpg
GS25,라벨리)프리미엄팥빙수230ML,3500,2+1,https://image.woodongs.com/imgsvr/item/GD_8805584224871_002.jpg
GS25,마즈)스니커즈아이스바72ML,3500,2+1,https://image.woodongs.com/imgsvr/item/GD_5000159460880_001.jpg
GS25,마즈)트윅스아이스바59ML,3500,2+1,https://image.woodongs.com/imgsvr/item/GD_5000159484640_001.jpg
GS25,유어스(P)매일카페라떼파르페,3500,2+1,https://image.woodongs.com/imgsvr/item/GD_8801121044735_002.jpg
GS25,진격의거인)레몬부스트500ML,2900,1+1,https://image.woodongs.com/imgsvr/item/GD_8800261389249_001.jpg
GS25,진격의거인)시트러스버스트500ML,2900,1+1,https://image.woodongs.com/imgsvr/item/GD_8800261389256_001.jpg
GS25,진격의거인)애플블라스트500ML,2900,1+1,https://image.woodongs.com/imgsvr/item/GD_8800261389232_001.jpg
GS25,진격의거인)오렌지임팩트500ML,2900,1+1,https://image.woodongs.com/imgsvr/item/GD_8800261389263_001.jpg
GS25,라라스윗)꿀고구마빵샌드180ML,3300,2+1,https://image.woodongs.com/imgsvr/item/GD_8809599360968_001.jpg
GS25,라라스윗)저당고구마모나카140ML,3300,2+1,https://image.woodongs.com/imgsvr/item/GD_8809599360999_002.jpg
GS25,라라스윗)저당말차초코바90ML,3300,2+1,https://image.woodongs.com/imgsvr/item/GD_8809599360593_003.jpg
GS25,라라스윗)저당바닐라초코바90ML,3300,2+1,https://image.woodongs.com/imgsvr/item/GD_8809599360470_003.jpg
GS25,라라스윗)저당초콜릿초코바90ML,3300,2+1,https://image.woodongs.com/imgsvr/item/GD_8809599360432_003.jpg
GS25,롯데)프리미엄월드콘브라우니,3300,2+1,https://image.woodongs.com/imgsvr/item/GD_8802259030614_002.jpg
GS25,롯데)프리미엄월드콘애플파이,3300,2+1,https://image.woodongs.com/imgsvr/item/GD_8802259029700_002.jpg
GS25,진격의거인)이온머스캣500ML,2800,1+1,https://image.woodongs.com/imgsvr/item/GD_8800261387580_001.jpg
GS25,진격의거인)이온자몽500ML,2800,1+1,https://image.woodongs.com/imgsvr/item/GD_8800261387573_001.jpg
GS25,에반게리온)레몬부스트제로500,2800,1+1,https://image.woodongs.com/imgsvr/item/GD_8800261385654_001.jpg
GS25,에반게리온)시트러스버스트500ML,2800,1+1,https://image.woodongs.com/imgsvr/item/GD_8800261386163_001.jpg
GS25,에반게리온)애플블라스트제로500,2800,1+1,https://image.woodongs.com/imgsvr/item/GD_8800261381946_001.jpg
GS25,에반게리온)오렌지임팩트500ML,2800,1+1,https://image.woodongs.com/imgsvr/item/GD_8800261386156_001.jpg
GS25,빙그레)끌레도르헤이즐넛초코,3000,2+1,https://image.woodongs.com/imgsvr/item/GD_8801104952880_001.jpg
GS25,서주)허쉬녹차초코바90ML,3000,2+1,https://image.woodongs.com/imgsvr/item/GD_8801206005361_001.jpg
GS25,서주)허쉬생초코바90ML,3000,2+1,https://image.woodongs.com/imgsvr/item/GD_8801206005354_001.jpg
GS25,서주)허쉬초코바90ML,3000,2+1,https://image.woodongs.com/imgsvr/item/GD_8801206004548_003.jpg
GS25,서주)허쉬초코탑콘(크리미아몬드,3000,2+1,https://image.woodongs.com/imgsvr/item/GD_8801206006238_001.jpg
GS25,서주)허쉬쿠키앤민트바90ML,3000,2+1,https://image.woodongs.com/imgsvr/item/GD_8801206006702_001.jpg
GS25,롯데)핫식스더킹제로500ML,3000,1+1,https://image.woodongs.com/imgsvr/item/GD_8801056247997_001.jpg
GS25,롯데)핫식스더킹퍼플500ML,3000,1+1,https://image.woodongs.com/imgsvr/item/GD_8801056252243_001.jpg
GS25,롯데)아이시스500ML,1100,2+1,https://image.woodongs.com/imgsvr/item/GD_8801056049881_002.jpg
GS25,스마일)퐁당쇼콜라아이스바80ML,2500,2+1,https://image.woodongs.com/imgsvr/item/GD_8800317670147_001.jpg
GS25,태극당)우유콘150ML,2500,2+1,https://image.woodongs.com/imgsvr/item/GD_8801206007075_001.jpg
GS25,롯데)아이시스2L,1950,2+1,https://image.woodongs.com/imgsvr/item/GD_8801056049904_002.jpg
GS25,롯데)핫식스더킹그레이프355ML,2500,1+1,https://image.woodongs.com/imgsvr/item/GD_8801056240998_001.jpg
GS25,롯데)핫식스더킹아이스피치355ML,2500,1+1,https://image.woodongs.com/imgsvr/item/GD_8801056251253_001.jpg
GS25,롯데)핫식스더킹애플홀릭355ML,2500,1+1,https://image.woodongs.com/imgsvr/item/GD_8801056249212_002.jpg
GS25,롯데)핫식스더킹제로355ML,2500,1+1,https://image.woodongs.com/imgsvr/item/GD_8801056228255_002.jpg
GS25,롯데)핫식스더킹크러쉬피치355ML,2500,1+1,https://image.woodongs.com/imgsvr/item/GD_8801056234423_001.JPG
GS25,롯데)핫식스더킹파워355ML,2500,1+1,https://image.woodongs.com/imgsvr/item/GD_8801056098834_004.jpg
GS25,롯데)핫식스더킹파인버스트355ML,2500,1+1,https://image.woodongs.com/imgsvr/item/GD_8801056910693_001.jpg
GS25,롯데)핫식스더킹포스355ML,2500,1+1,https://image.woodongs.com/imgsvr/item/GD_8801056171032_002.jpg
GS25,롯데)핫식스글로우애플포멜로355,2500,2+1,https://image.woodongs.com/imgsvr/item/GD_8801056911171_001.jpg
GS25,롯데)핫식스글로우피치살구355ML,2500,2+1,https://image.woodongs.com/imgsvr/item/GD_8801056911072_001.jpg
GS25,켈로그)저당그래놀라300G,7600,2+1,https://image.woodongs.com/imgsvr/item/GD_8801083422916_001.jpg
GS25,켈로그)첵스초코컵시리얼40G,2200,2+1,https://image.woodongs.com/imgsvr/item/GD_8801083323305_002.jpg
GS25,켈로그)콘푸로스트40G,2200,2+1,https://image.woodongs.com/imgsvr/item/GD_8801083333304_001.jpg
GS25,켈로그)후루트링컵시리얼40G,2200,2+1,https://image.woodongs.com/imgsvr/item/GD_8801083333007_002.jpg
GS25,켈로그)첵스초코230G,4800,2+1,https://image.woodongs.com/imgsvr/item/GD_8801083272306_002.jpg
GS25,켈로그)콘푸로스트230G,4000,2+1,https://image.woodongs.com/imgsvr/item/GD_8801083362304_002.jpg
GS25,롯데)칠성사이다제로라임캔355ML,2100,1+1,https://image.woodongs.com/imgsvr/item/GD_8801056251895_001.jpg
GS25,롯데)칠성사이다제로유자캔355ML,2100,1+1,https://image.woodongs.com/imgsvr/item/GD_8801056911249_001.jpg
GS25,롯데)칠성사이다제로캔355ML,2100,1+1,https://image.woodongs.com/imgsvr/item/GD_8801056177645_004.jpg
GS25,니베아맨)프레시킥쉐이빙폼200ML,8000,2+1,https://image.woodongs.com/imgsvr/item/GD_8806322113273_001.jpg
GS25,니베아)선로션100ML,17800,1+1,https://image.woodongs.com/imgsvr/item/GD_42467083_001.jpg
GS25,니베아)퍼펙트선세럼90ML,20800,1+1,https://image.woodongs.com/imgsvr/item/GD_4005808984763_006.jpg
GS25,니베아)데오드란트60ML(드라이),7900,2+1,https://image.woodongs.com/imgsvr/item/GD_4005808512829_831.jpg
GS25,니베아)엑스트라화이트스프레이,7900,2+1,https://image.woodongs.com/imgsvr/item/GD_4005808512836_840.jpg
GS25,니베아)데오드라이롤온50ML,10300,2+1,https://image.woodongs.com/imgsvr/item/GD_4005808725212_003.jpg
GS25,니베아)데오롤온쿨킥,10300,2+1,https://image.woodongs.com/imgsvr/item/GD_4005808321858_003.jpg
GS25,니베아)엑스트라화이트롤온50ML,10300,2+1,https://image.woodongs.com/imgsvr/item/GD_4005808355020_024.jpg
GS25,니베아)립케어모이스춰,5500,2+1,https://image.woodongs.com/imgsvr/item/GD_4005808517572_575.jpg
GS25,니베아)립케어체리,5500,2+1,https://image.woodongs.com/imgsvr/item/GD_4005808517589_590.jpg
GS25,슈가버블)주방세제라임470ML,6200,1+1,https://image.woodongs.com/imgsvr/item/GD_8809107605260_001.jpg
GS25,피죤)스프레이피죤블루비앙카120,6900,1+1,https://image.woodongs.com/imgsvr/item/GD_8801101890970_001.jpg
GS25,피죤)스프레이피죤옐로미모사120,6900,1+1,https://image.woodongs.com/imgsvr/item/GD_8801101890963_001.jpg
GS25,피죤)스프레이피죤핑크로즈120ML,6900,1+1,https://image.woodongs.com/imgsvr/item/GD_8801101890956_001.jpg
GS25,피죤)스프레이미스틱레인80ML,4200,1+1,https://image.woodongs.com/imgsvr/item/GD_8801101883996_002.jpg
GS25,피죤)스프레이아이스플라워80ML,4200,1+1,https://image.woodongs.com/imgsvr/item/GD_8801101884009_002.jpg
GS25,피죤)퓨어뽀드득레몬1.2L,7900,1+1,https://image.woodongs.com/imgsvr/item/GD_8801101889028_003.jpg
GS25,무균무때)곰팡이제거500ml,8500,1+1,https://image.woodongs.com/imgsvr/item/GD_8801101882654_002.jpg
GS25,무균무때)뿌리는락스세제500ML,8500,1+1,https://image.woodongs.com/imgsvr/item/GD_8801101889141_002.jpg
GS25,롯데)해피즈레몬라임355ML,3000,1+1,https://image.woodongs.com/imgsvr/item/GD_8801056910716_001.jpg
GS25,롯데)해피즈트로피칼믹스355ML,3000,1+1,https://image.woodongs.com/imgsvr/item/GD_8801056910723_001.jpg
GS25,롯데)해피즈팝핑체리355ML,3000,1+1,https://image.woodongs.com/imgsvr/item/GD_8801056910730_001.jpg
GS25,CJ)고메치즈함박스테이크152G,4500,1+1,https://image.woodongs.com/imgsvr/item/GD_8801007772493_002.jpg
GS25,CJ)고메함박스테이크152G,4500,1+1,https://image.woodongs.com/imgsvr/item/GD_8801007626970_003.jpg
GS25,쁘띠첼)과일젤리밀감90G,2000,2+1,https://image.woodongs.com/imgsvr/item/GD_8801007091297_299.jpg
GS25,쁘띠첼)과일젤리복숭아90G,2000,2+1,https://image.woodongs.com/imgsvr/item/GD_8801007091310_313.jpg
GS25,CJ)동치미냉면육수300G,2500,1+1,https://image.woodongs.com/imgsvr/item/GD_8801007033686_004.jpg
GS25,CJ)가쓰오우동(용기),3900,2+1,https://image.woodongs.com/imgsvr/item/GD_8801007009377_381.jpg
GS25,CJ)얼큰우동221G,3900,2+1,https://image.woodongs.com/imgsvr/item/GD_8801007065946_948.jpg
GS25,CJ)비비고김치볶음150G,3200,2+1,https://image.woodongs.com/imgsvr/item/GD_8801007636009_001.jpg
GS25,CJ)비비고김치200G,3500,2+1,https://image.woodongs.com/imgsvr/item/GD_8801007529301_001.jpg
GS25,CJ)비비고썰은배추김치100G,2000,2+1,https://image.woodongs.com/imgsvr/item/GD_8801007280431_433.jpg
GS25,CJ)더건강한오븐구이생선살87G,4500,2+1,https://image.woodongs.com/imgsvr/item/GD_8801392172670_002.jpg
GS25,CJ)모닝두부(오곡참깨),2000,2+1,https://image.woodongs.com/imgsvr/item/GD_8801007084930_931.jpg
GS25,CJ)모닝두부(클래식),2000,2+1,https://image.woodongs.com/imgsvr/item/GD_8801007069883_886.jpg
GS25,CJ)맛있는콩부침용300G,1900,2+1,https://image.woodongs.com/imgsvr/item/GD_8801007112497_502.jpg
GS25,CJ)맛있는콩찌개용300G,1800,2+1,https://image.woodongs.com/imgsvr/item/GD_8801007112480_485.jpg
GS25,CJ)고소한촌두부300G,3900,1+1,https://image.woodongs.com/imgsvr/item/GD_8801392109645_001.jpg
GS25,CJ)하루낫또(2입)91G,3900,1+1,https://image.woodongs.com/imgsvr/item/GD_8801392136122_001.jpg
GS25,CJ)국산콩연두부140G,2400,1+1,https://image.woodongs.com/imgsvr/item/GD_8801007711140_002.jpg
GS25,CJ)행복한콩유기농두부부침용300,3900,1+1,https://image.woodongs.com/imgsvr/item/GD_8801392082276_001.jpg
GS25,CJ)행복한콩유기농두부찌개용300,3900,1+1,https://image.woodongs.com/imgsvr/item/GD_8801392082290_002.jpg
GS25,CJ)닭가슴살소시지(청양)80G,2900,1+1,https://image.woodongs.com/imgsvr/item/GD_8801007951805_001.jpg
GS25,CJ)닭가슴살소시지80G,2900,1+1,https://image.woodongs.com/imgsvr/item/GD_8801007899985_001.JPG
GS25,CJ)닭가슴살스테이크100G,4500,1+1,https://image.woodongs.com/imgsvr/item/GD_8801007880402_003.jpg
GS25,CJ)숯불갈비후랑크120G,3700,1+1,https://image.woodongs.com/imgsvr/item/GD_8801007034980_983.jpg
GS25,CJ)숯불불닭맛후랑크120G,3700,1+1,https://image.woodongs.com/imgsvr/item/GD_8801392068911_001.jpg
GS25,CJ)고소치즈후랑크65G,2400,1+1,https://image.woodongs.com/imgsvr/item/GD_8801392090516_001.jpg
GS25,CJ)매콤불고기핫바65G,2400,1+1,https://image.woodongs.com/imgsvr/item/GD_8801392090530_001.jpg
GS25,CJ)맥스봉진한풍미후랑크65G,2400,1+1,https://image.woodongs.com/imgsvr/item/GD_8801392109782_001.jpg
GS25,CJ)계산대용소시지25G,1200,1+1,https://image.woodongs.com/imgsvr/item/GD_8801392059636_002.jpg
GS25,CJ)맥스봉오리지널50G,2200,1+1,https://image.woodongs.com/imgsvr/item/GD_8801007849126_001.jpg
GS25,CJ)맥스봉오리지널70G,2600,1+1,https://image.woodongs.com/imgsvr/item/GD_8801392060632_001.jpg
GS25,롯데)게토레이런600ML,2400,1+1,https://image.woodongs.com/imgsvr/item/GD_8801056911058_001.jpg
GS25,롯데)게토레이제로600ML,2400,1+1,https://image.woodongs.com/imgsvr/item/GD_8801056243258_002.jpg
GS25,롯데)레쓰비그란데라떼500ML,2200,2+1,https://image.woodongs.com/imgsvr/item/GD_8801056097899_006.jpg
GS25,롯데)레쓰비그란데헤이즐넛500ML,2200,2+1,https://image.woodongs.com/imgsvr/item/GD_8801056174149_001.jpg
GS25,롯데)칠성사이다캔355ML,2100,2+1,https://image.woodongs.com/imgsvr/item/GD_8801056040925_005.jpg
GS25,삼육)100%원액두유190ML,1600,1+1,https://image.woodongs.com/imgsvr/item/GD_8801136370676_001.jpg
GS25,삼육)검은콩호두와아몬드190ML,1600,1+1,https://image.woodongs.com/imgsvr/item/GD_8801136361780_001.jpg
GS25,삼립)미니약과70G,1200,2+1,https://image.woodongs.com/imgsvr/item/GD_8801068407501_001.jpg
GS25,삼립)시그니처카스테라(4입),3800,2+1,https://image.woodongs.com/imgsvr/item/GD_8801068929003_002.jpg
GS25,삼립)잼있는딸기쿠키,1300,2+1,https://image.woodongs.com/imgsvr/item/GD_8801068371208_002.jpg
GS25,삼립)잼있는사과쿠키,1300,2+1,https://image.woodongs.com/imgsvr/item/GD_8801068371192_002.jpg
GS25,삼립)초코블랑,1500,2+1,https://image.woodongs.com/imgsvr/item/GD_8801068392944_001.jpg
GS25,모모즈랩)두바이쫀득쿠키,4400,2+1,https://image.woodongs.com/imgsvr/item/GD_8809984170318_001.jpg
GS25,모모즈랩)헤이즐넛쫀득쿠키,4400,2+1,https://image.woodongs.com/imgsvr/item/GD_8809984170431_001.jpg
GS25,롯데)와,2200,2+1,https://image.woodongs.com/imgsvr/item/GD_8801062435951_955.jpg
GS25,쉐프엠)NEW베이컨까르보파스타,4200,2+1,https://image.woodongs.com/imgsvr/item/GD_8805684010640_001.jpg
GS25,쉐프엠)NEW투움바파스타230G,4200,2+1,https://image.woodongs.com/imgsvr/item/GD_8805684010657_001.jpg
GS25,쉐프엠)베이컨로제파스타230G,4200,2+1,https://image.woodongs.com/imgsvr/item/GD_8805684010848_002.jpg
GS25,롯데)빠삐코130ML,1800,2+1,https://image.woodongs.com/imgsvr/item/GD_8801118250996_998.jpg
GS25,콘치즈어묵바80G(모짜렐라),3500,1+1,https://image.woodongs.com/imgsvr/item/GD_8800259600301_001.jpg
GS25,콘치즈어묵바80G(체다치즈),3500,1+1,https://image.woodongs.com/imgsvr/item/GD_8800259600318_001.jpg
GS25,동원)리얼메가랍스터70G,3500,1+1,https://image.woodongs.com/imgsvr/item/GD_8801047513704_001.jpg
GS25,동원)리얼메가크랩스70G,3500,1+1,https://image.woodongs.com/imgsvr/item/GD_8801047513674_001.jpg
GS25,동원)리얼관자크랩스72G,4900,1+1,https://image.woodongs.com/imgsvr/item/GD_8801047513599_002.jpg
GS25,동원)리얼관자크랩스72G(버터),4900,1+1,https://image.woodongs.com/imgsvr/item/GD_8801047513605_002.jpg
GS25,동원)어단백닭가슴살프로틴바70G,3500,1+1,https://image.woodongs.com/imgsvr/item/GD_8801047521013_001.jpg
GS25,동원)어단백두부프로틴바70G,3500,1+1,https://image.woodongs.com/imgsvr/item/GD_8801047521006_001.jpg
GS25,동원)그릴리닭가슴살스테이크100,4500,1+1,https://image.woodongs.com/imgsvr/item/GD_8801047569800_003.jpg
GS25,직화)닭가슴살바(블랙페퍼),2900,1+1,https://image.woodongs.com/imgsvr/item/GD_8802266500735_001.jpg
GS25,직화)닭가슴살바(후라이드치킨),2900,1+1,https://image.woodongs.com/imgsvr/item/GD_8802266500742_001.jpg
GS25,리치)미니오팜270G,7300,1+1,https://image.woodongs.com/imgsvr/item/GD_8802266300281_001.jpg
GS25,우리집)새우어묵바70G,3000,2+1,https://image.woodongs.com/imgsvr/item/GD_8800259600141_001.jpg
GS25,우리집)오징어어묵바70G,3000,2+1,https://image.woodongs.com/imgsvr/item/GD_8800259600134_001.jpg
GS25,한성)돈부심후랑크바80G,3500,1+1,https://image.woodongs.com/imgsvr/item/GD_8801074010351_001.jpg
GS25,한성)갈릭어니언후랑크65G,2300,1+1,https://image.woodongs.com/imgsvr/item/GD_8801074010191_001.jpg
GS25,한성)숯불구이맛후랑크70G,2000,1+1,https://image.woodongs.com/imgsvr/item/GD_8801074006897_001.jpg
GS25,한성)킹오브크랩150G,5300,1+1,https://image.woodongs.com/imgsvr/item/GD_8801074008860_002.jpg
GS25,한성)크래미90G,3500,2+1,https://image.woodongs.com/imgsvr/item/GD_8801074255851_001.jpg
GS25,리얼)크래미S90G,3500,1+1,https://image.woodongs.com/imgsvr/item/GD_8801074006521_002.jpg
GS25,오뚜기)열라면맛치즈후랑크70G,2500,1+1,https://image.woodongs.com/imgsvr/item/GD_8801045428772_001.jpg
GS25,삼진)1953어묵순살바80G(매운맛),3500,2+1,https://image.woodongs.com/imgsvr/item/GD_8809872451239_002.jpg
GS25,삼진)1953어묵순살바80G(야채맛),3500,2+1,https://image.woodongs.com/imgsvr/item/GD_8809872451222_002.jpg
GS25,삼진)1953어묵순살바80G(오징어),3500,2+1,https://image.woodongs.com/imgsvr/item/GD_8809872451246_002.jpg
GS25,롯데)의성마늘직꾸닭100G,3200,1+1,https://image.woodongs.com/imgsvr/item/GD_8801123410347_001.jpg
GS25,롯데)의성마늘직꾸닭매콤100G,3200,1+1,https://image.woodongs.com/imgsvr/item/GD_8801123410392_001.jpg
GS25,롯데)의성마늘프랑크매콤땡초65G,2600,1+1,https://image.woodongs.com/imgsvr/item/GD_8801123311057_001.jpg
GS25,롯데)켄터키직화핫바65G,2500,1+1,https://image.woodongs.com/imgsvr/item/GD_8801123000586_004.jpg
GS25,롯데)의성마늘빅프랑크90G,2900,2+1,https://image.woodongs.com/imgsvr/item/GD_8801123309498_002.jpg
GS25,Y(P)의성마늘치즈프랑크70G,2600,2+1,https://image.woodongs.com/imgsvr/item/GD_8801123311019_001.JPG
GS25,롯데)에센뽀득프랑크70G,2600,2+1,https://image.woodongs.com/imgsvr/item/GD_8801123307630_001.jpg
GS25,롯데)의성마늘후랑크70G,2600,2+1,https://image.woodongs.com/imgsvr/item/GD_8801123307289_293.jpg
GS25,대림)불닭숯불구이맛후랑크70G,2200,1+1,https://image.woodongs.com/imgsvr/item/GD_8801066064256_002.jpg
GS25,대림)크라비아90G,3300,2+1,https://image.woodongs.com/imgsvr/item/GD_8801066310520_002.jpg
GS25,사조)닭가슴살마일드100G,5000,1+1,https://image.woodongs.com/imgsvr/item/GD_8801066056428_003.jpg
GS25,사조)닭가슴살블랙페퍼100G,5000,1+1,https://image.woodongs.com/imgsvr/item/GD_8801066056435_003.jpg
GS25,사조)닭가슴살훈제100G,5000,1+1,https://image.woodongs.com/imgsvr/item/GD_8801066056688_003.jpg
GS25,사조)직화닭가슴살마일드100G,5000,2+1,https://image.woodongs.com/imgsvr/item/GD_8801066061231_001.jpg
GS25,사조)직화닭가슴살트러플100G,5000,2+1,https://image.woodongs.com/imgsvr/item/GD_8801066061248_001.jpg
GS25,사조)로얄크랩100G,5000,2+1,https://image.woodongs.com/imgsvr/item/GD_8801066062986_001.JPG
GS25,사조)소스에퐁닭갈릭데리130G,5500,2+1,https://image.woodongs.com/imgsvr/item/GD_8801066063969_001.jpg
GS25,사조)소스에퐁닭바질크림130G,5500,2+1,https://image.woodongs.com/imgsvr/item/GD_8801066063976_001.jpg
GS25,사조)소스에퐁닭양념치킨130G,5500,2+1,https://image.woodongs.com/imgsvr/item/GD_8801066063983_001.jpg
GS25,사조)스노우크랩킹140G,5500,1+1,https://image.woodongs.com/imgsvr/item/GD_8801066055438_001.jpg
GS25,사조)스노우크랩킹버터140G,5500,1+1,https://image.woodongs.com/imgsvr/item/GD_8801066055445_001.jpg
GS25,대림)랍스터킹128G,5500,2+1,https://image.woodongs.com/imgsvr/item/GD_8801066056558_001.jpg
GS25,사조)쫄깃탱탱어묵바70G,3300,1+1,https://image.woodongs.com/imgsvr/item/GD_8801066065901_001.jpg
GS25,사조)화끈매콤어묵바70G,3300,1+1,https://image.woodongs.com/imgsvr/item/GD_8801066065918_001.jpg
GS25,사조)로얄크랩50G,3000,2+1,https://image.woodongs.com/imgsvr/item/GD_8801066062979_001.jpg
GS25,사조)구운고추맛후랑크65G,2400,1+1,https://image.woodongs.com/imgsvr/item/GD_8801066065468_001.jpg
GS25,사조)구운마늘맛후랑크65G,2400,1+1,https://image.woodongs.com/imgsvr/item/GD_8801066065451_001.jpg
GS25,CJ)동그란스팸160G,5500,2+1,https://image.woodongs.com/imgsvr/item/GD_8801392088230_003.jpg
GS25,CJ)맥스봉소시지150G,3900,1+1,https://image.woodongs.com/imgsvr/item/GD_8801007403793_001.jpg
GS25,CJ)맥스봉치즈50G,2200,2+1,https://image.woodongs.com/imgsvr/item/GD_8801007021652_656.jpg
GS25,CJ)맥스봉치즈70G,2600,2+1,https://image.woodongs.com/imgsvr/item/GD_8801007358499_002.jpg
GS25,진주)천하장사매콤그릴후랑크70G,2400,1+1,https://image.woodongs.com/imgsvr/item/GD_8801077630709_001.jpg
GS25,진주)천하장사콰트로치즈50G,2400,1+1,https://image.woodongs.com/imgsvr/item/GD_8801077384305_002.jpg
GS25,진주)천하장사50G,2400,2+1,https://image.woodongs.com/imgsvr/item/GD_8801077285800_002.jpg
GS25,진주)천하장사콰트로치즈70G,2800,2+1,https://image.woodongs.com/imgsvr/item/GD_8801077384800_001.jpg
GS25,진주)천하장사BIG70G,2800,2+1,https://image.woodongs.com/imgsvr/item/GD_8801077308608_002.jpg
GS25,진주)천하장사28G,1500,1+1,https://image.woodongs.com/imgsvr/item/GD_8801077285701_703.jpg
GS25,동원)더킹랍스터70G,2500,2+1,https://image.woodongs.com/imgsvr/item/GD_8801047511595_001.jpg
GS25,동원)더킹크랩스70G,2500,2+1,https://image.woodongs.com/imgsvr/item/GD_8801047511588_001.jpg
GS25,하림)마늘후랑크(4입)70G,2400,1+1,https://image.woodongs.com/imgsvr/item/GD_8801492392961_001.jpg
GS25,하림)매콤후랑크(4입)70G,2400,1+1,https://image.woodongs.com/imgsvr/item/GD_8801492392954_001.jpg
GS25,하림)참맛후랑크70G,2400,1+1,https://image.woodongs.com/imgsvr/item/GD_8801492392947_001.jpg
GS25,하림)돌아온매콤후랑크70G,2500,1+1,https://image.woodongs.com/imgsvr/item/GD_8801492384386_001.jpg
GS25,하림)마늘후랑크70G,2500,1+1,https://image.woodongs.com/imgsvr/item/GD_8801492391995_002.jpg
GS25,하림)직화갈비맛핫바65G,2500,1+1,https://image.woodongs.com/imgsvr/item/GD_8801492392589_001.jpg
GS25,하림)직화매콤갈비맛핫바65G,2500,1+1,https://image.woodongs.com/imgsvr/item/GD_8801492393395_001.jpg
GS25,하림)직화닭가슴살갈비구이100G,5000,2+1,https://image.woodongs.com/imgsvr/item/GD_8801492393647_002.jpg
GS25,하림)직화닭가슴살바베큐구이100,5000,2+1,https://image.woodongs.com/imgsvr/item/GD_8801492393654_002.jpg
GS25,하림)직화닭가슴살소금구이100G,5000,2+1,https://image.woodongs.com/imgsvr/item/GD_8801492393630_002.jpg
GS25,하림)닭가슴살갈릭100G,5000,2+1,https://image.woodongs.com/imgsvr/item/GD_8801492373083_004.jpg
GS25,하림)닭가슴살블랙페퍼100G,5000,2+1,https://image.woodongs.com/imgsvr/item/GD_8801492373090_003.jpg
GS25,하림)닭가슴살훈제100G,5000,2+1,https://image.woodongs.com/imgsvr/item/GD_8801492373076_003.jpg
GS25,하림)닭가슴살바베큐100G,5000,2+1,https://image.woodongs.com/imgsvr/item/GD_8801492391599_002.jpg
GS25,하림)닭가슴살새우100G,5000,2+1,https://image.woodongs.com/imgsvr/item/GD_8801492392466_001.jpg
GS25,하림)맛닭가슴살엽떡맛100G,5000,2+1,https://image.woodongs.com/imgsvr/item/GD_8801492392886_001.jpg
GS25,롯데)스크류바75ML,1500,2+1,https://image.woodongs.com/imgsvr/item/GD_8801062417018_021.jpg
GS25,롯데)죠스바80ML,1500,2+1,https://image.woodongs.com/imgsvr/item/GD_8801062417056_058.jpg
GS25,서울우유)딸기바65ML,1500,2+1,https://image.woodongs.com/imgsvr/item/GD_8801115720485_001.jpg
GS25,서울우유)우유바65ML,1500,2+1,https://image.woodongs.com/imgsvr/item/GD_8801115720461_001.jpg
GS25,서울우유)초코바65ML,1500,2+1,https://image.woodongs.com/imgsvr/item/GD_8801115720478_001.jpg
GS25,서주)초코바나나멜로바75ML,1500,2+1,https://image.woodongs.com/imgsvr/item/GD_8801206006696_001.jpg
GS25,훼밀리)K팝구슬떡볶이(딥치즈),3500,2+1,https://image.woodongs.com/imgsvr/item/GD_8809418081838_001.jpg
GS25,훼밀리)K팝구슬떡볶이(오리지날),3500,2+1,https://image.woodongs.com/imgsvr/item/GD_8809418081814_001.jpg
GS25,훼밀리)구슬라볶이(쌈장맛)[D2],3900,2+1,https://image.woodongs.com/imgsvr/item/GD_8809418081852_001.jpg
GS25,훼밀리)S&B생와사비43G,4000,2+1,https://image.woodongs.com/imgsvr/item/GD_4901002166373_002.jpg
GS25,마즈)몰티져스밀크37G,1800,2+1,https://image.woodongs.com/imgsvr/item/GD_8804973306204_003.jpg
GS25,마즈)스니커즈피넛싱글51G,1800,2+1,https://image.woodongs.com/imgsvr/item/GD_93682091_003.jpg
GS25,브라더)딸기두쫀볼50G,5500,1+1,https://image.woodongs.com/imgsvr/item/GD_8809856280862_001.jpg
GS25,진성)블랙트러플하몽소다크래커,6800,1+1,https://image.woodongs.com/imgsvr/item/GD_6977071121115_001.jpg
GS25,흥선)크래커야채맛43G,990,2+1,https://image.woodongs.com/imgsvr/item/GD_8809534150494_001.jpg
GS25,흥선)요거트타르트쿠키90G,2000,2+1,https://image.woodongs.com/imgsvr/item/GD_6978245500354_001.jpg
GS25,흥선)초콜릿타르트쿠키90G,2000,2+1,https://image.woodongs.com/imgsvr/item/GD_6978245500361_001.jpg
GS25,세아)달식이오징어한돈육포45G,6900,1+1,https://image.woodongs.com/imgsvr/item/GD_8809877690572_002.jpg
GS25,세아)달식이제주돈등심육포35G,6900,1+1,https://image.woodongs.com/imgsvr/item/GD_8809877690770_001.jpg
GS25,세아)육포진미채45G,6900,1+1,https://image.woodongs.com/imgsvr/item/GD_8809877690619_001.jpg
GS25,세아)한우떡갈비맛육포35G,6900,1+1,https://image.woodongs.com/imgsvr/item/GD_8809877690657_001.jpg
GS25,TDF)생생연어칩어니언30G,4500,2+1,https://image.woodongs.com/imgsvr/item/GD_8809090187828_001.jpg
GS25,에이스)홋카이도저지밀크푸딩,4800,2+1,https://image.woodongs.com/imgsvr/item/GD_4995913175142_001.jpg
GS25,고단백저당)베이글(올리브피자),2800,2+1,https://image.woodongs.com/imgsvr/item/GD_8809795334671_001.jpg
GS25,고단백저당)베이글(체다치즈),2800,2+1,https://image.woodongs.com/imgsvr/item/GD_8809795333117_001.jpg
GS25,고단백저당)베이글(크랜베리호두,2800,2+1,https://image.woodongs.com/imgsvr/item/GD_8809795333148_001.jpg
GS25,고단백저당)베이글(플레인),2800,2+1,https://image.woodongs.com/imgsvr/item/GD_8809795333094_002.jpg
GS25,CC)프리미엄쿨토시(검정),7500,2+1,https://image.woodongs.com/imgsvr/item/GD_8809311493370_001.jpg
GS25,CC)프리미엄쿨토시(백색),7500,2+1,https://image.woodongs.com/imgsvr/item/GD_8809311493387_001.jpg
GS25,CC)자외선차단멀티마스크,8900,2+1,https://image.woodongs.com/imgsvr/item/GD_8809311493325_001.jpg
GS25,CC)자외선차단멀티마스크(백색),8900,2+1,https://image.woodongs.com/imgsvr/item/GD_8809311493363_001.jpg
GS25,CC)남성바닥통풍페이크삭스1+1,5500,2+1,https://image.woodongs.com/imgsvr/item/GD_8809311492472_001.jpg
GS25,CC)여성바닥통풍페이크삭스1+1,5500,2+1,https://image.woodongs.com/imgsvr/item/GD_8809311492489_001.jpg
GS25,ZK)휴대용수건,2900,2+1,https://image.woodongs.com/imgsvr/item/GD_8809311492038_001.jpg
GS25,쏘피)쿨링프레쉬안심숙면팬티L5P,15900,1+1,https://image.woodongs.com/imgsvr/item/GD_8809709262656_001.jpg
GS25,쏘피)쿨링프레쉬안심숙면팬티M5P,15900,1+1,https://image.woodongs.com/imgsvr/item/GD_8809709262649_001.jpg
GS25,쏘피)쿨링프레쉬대형14P,11500,1+1,https://image.woodongs.com/imgsvr/item/GD_8809709263288_001.jpg
GS25,쏘피)쿨링프레쉬중형16P,11500,1+1,https://image.woodongs.com/imgsvr/item/GD_8809709263271_001.jpg
GS25,쏘피)쿨링프레쉬특대형12P,11500,1+1,https://image.woodongs.com/imgsvr/item/GD_8809709263400_001.jpg
GS25,쏘피)유기농대형14P,9500,1+1,https://image.woodongs.com/imgsvr/item/GD_8809709260249_001.jpg
GS25,쏘피)유기농중형16P,9500,1+1,https://image.woodongs.com/imgsvr/item/GD_8809709260232_001.jpg
GS25,쏘피)유기농슈퍼롱10P(오가닉),11900,1+1,https://image.woodongs.com/imgsvr/item/GD_8809299232879_003.jpg
GS25,쏘피)유기농슈퍼롱3P,4700,1+1,https://image.woodongs.com/imgsvr/item/GD_8809709262045_001.jpg
GS25,쏘피)안심숙면팬티유기농대형4P,10800,1+1,https://image.woodongs.com/imgsvr/item/GD_8809709261987_001.jpg
GS25,쏘피)안심숙면팬티유기농중형4P,10800,1+1,https://image.woodongs.com/imgsvr/item/GD_8809709261970_001.jpg
GS25,쏘피)안심숙면팬티4P(L),10500,1+1,https://image.woodongs.com/imgsvr/item/GD_8809709260898_001.jpg
GS25,쏘피)안심숙면팬티4P(M),10500,1+1,https://image.woodongs.com/imgsvr/item/GD_8809709260881_001.JPG
GS25,쏘피)유기농무표백라이너롱18P,5900,2+1,https://image.woodongs.com/imgsvr/item/GD_8809709261178_001.jpg
GS25,쏘피)유기농무표백대형4P,3900,1+1,https://image.woodongs.com/imgsvr/item/GD_8809709260201_004.jpg
GS25,쏘피)유기농무표백중형4P,3400,1+1,https://image.woodongs.com/imgsvr/item/GD_8809709260102_003.jpg
GS25,쏘피)순한면대형16P,9900,1+1,https://image.woodongs.com/imgsvr/item/GD_8809299234842_003.jpg
GS25,쏘피)순한면중형18P,9900,1+1,https://image.woodongs.com/imgsvr/item/GD_8809299234828_004.jpg
GS25,쏘피)순한면슈퍼롱3P,4500,2+1,https://image.woodongs.com/imgsvr/item/GD_8809299233883_005.jpg
GS25,쏘피)내몸에순한면대형4P,3400,1+1,https://image.woodongs.com/imgsvr/item/GD_8809299233807_004.jpg
GS25,쏘피)순한면중형4P,2800,1+1,https://image.woodongs.com/imgsvr/item/GD_8809299234811_004.jpg
GS25,바디피트수퍼롱&와이드10P,9400,1+1,https://image.woodongs.com/imgsvr/item/GD_8809299230820_006.jpg
GS25,쏘피)볼록맞춤대형16P,9400,1+1,https://image.woodongs.com/imgsvr/item/GD_8809016362056_003.jpg
GS25,쏘피)볼록맞춤중형16P,8400,1+1,https://image.woodongs.com/imgsvr/item/GD_8809299235399_003.jpg
GS25,쏘피)볼록맞춤중형4P,2000,1+1,https://image.woodongs.com/imgsvr/item/GD_8809016369048_051.jpg
GS25,퐁퐁)친환경주방세제1.2L(오렌지,6900,1+1,https://image.woodongs.com/imgsvr/item/GD_8801051039429_002.jpg
GS25,아우라)생화캡슐1L(프레시릴리),12900,1+1,https://image.woodongs.com/imgsvr/item/GD_8809949542013_001.jpg
GS25,샤프란)핑크센세이션1L,4300,2+1,https://image.woodongs.com/imgsvr/item/GD_8801051263558_561.jpg
GS25,LG)AURA섬유유연제1L윌유메리미,10900,1+1,https://image.woodongs.com/imgsvr/item/GD_8801051267730_003.jpg
GS25,테크750G,6500,2+1,https://image.woodongs.com/imgsvr/item/GD_8801051215632_639.jpg
GS25,샤프란핑크센세이션2100ML,7500,1+1,https://image.woodongs.com/imgsvr/item/GD_8801051275162_167.jpg
GS25,테크2KG(리필),13900,1+1,https://image.woodongs.com/imgsvr/item/GD_8801051215472_476.jpg
GS25,네슬레)킷캣녹차핑거,2200,2+1,https://image.woodongs.com/imgsvr/item/GD_9556001227539_002.jpg
GS25,스타벅스)카페모먼트브라이트10T,5900,2+1,https://image.woodongs.com/imgsvr/item/GD_8809415439199_001.jpg
GS25,스타벅스)카페모먼트스무스10T,5900,2+1,https://image.woodongs.com/imgsvr/item/GD_8809415439205_001.jpg
GS25,대상)두번달여더진한진간장200ML,2300,2+1,https://image.woodongs.com/imgsvr/item/GD_8801052036090_004.jpg
GS25,대상)양조간장500ML,5800,2+1,https://image.woodongs.com/imgsvr/item/GD_8801052036212_002.jpg
GS25,대상)국간장500ML,5500,2+1,https://image.woodongs.com/imgsvr/item/GD_8801052732343_344.jpg
GS25,대상)진간장500ML,4000,2+1,https://image.woodongs.com/imgsvr/item/GD_8801052036151_004.jpg
GS25,대상)맛선생참치액250G,5300,1+1,https://image.woodongs.com/imgsvr/item/GD_8801052040554_002.jpg
GS25,대상)맛선생코인육수(4G*15알),7900,1+1,https://image.woodongs.com/imgsvr/item/GD_8801052098913_002.jpg
GS25,대상)야채국물내기한알60G[D2],7900,1+1,https://image.woodongs.com/imgsvr/item/GD_8801052098890_001.jpg
GS25,대상)안주야달콤쫄깃육포30G,3900,2+1,https://image.woodongs.com/imgsvr/item/GD_8801052048710_002.jpg
GS25,대상)안주야매콤쫄깃육포30G,3900,2+1,https://image.woodongs.com/imgsvr/item/GD_8801052048697_002.jpg
GS25,대상)안주야치즈촘촘육포30G,3900,2+1,https://image.woodongs.com/imgsvr/item/GD_8801052060309_003.jpg
GS25,플레이브)군고구마츄60G,4200,2+1,https://image.woodongs.com/imgsvr/item/GD_8801052135205_002.jpg
GS25,리뉴)멀티플러스120ML,3600,2+1,https://image.woodongs.com/imgsvr/item/GD_310119034965.jpg
GS25,페리오휴대용치약칫솔세트,3900,2+1,https://image.woodongs.com/imgsvr/item/GD_8801051000665_667.jpg
GS25,일해)와!명태다20G,2500,2+1,https://image.woodongs.com/imgsvr/item/GD_8809042199633_001.jpg
GS25,카누)미니마일드10입,3800,2+1,https://image.woodongs.com/imgsvr/item/GD_8801037053425.jpg
GS25,카누)미니10입(디카페인),4000,2+1,https://image.woodongs.com/imgsvr/item/GD_8801037058659_002.jpg
GS25,동서)맥심모카골드제로슈거20입,7600,2+1,https://image.woodongs.com/imgsvr/item/GD_8801037015447_002.jpg
GS25,맥심)슈프림골드믹스20입,6700,2+1,https://image.woodongs.com/imgsvr/item/GD_8801037003048_002.jpg
GS25,동서)그래놀라크랜베리아몬드컵,2400,2+1,https://image.woodongs.com/imgsvr/item/GD_8801037097801_002.jpg
GS25,동서)포스트아몬드후레이크컵35G,2400,2+1,https://image.woodongs.com/imgsvr/item/GD_8801037097795_002.jpg
GS25,동서)포스트크리치오컵30G,2400,2+1,https://image.woodongs.com/imgsvr/item/GD_8801037097818_002.jpg
GS25,포스트)그래놀라저당렌틸오트컵,2400,2+1,https://image.woodongs.com/imgsvr/item/GD_8801037099768_001.jpg
GS25,포스트)오곡코코볼컵30G,2200,2+1,https://image.woodongs.com/imgsvr/item/GD_8801037096569_003.jpg
GS25,포스트)오레오오즈컵30G,2200,2+1,https://image.woodongs.com/imgsvr/item/GD_8801037096576_003.jpg
GS25,포스트)콘푸라이트컵30G,2200,2+1,https://image.woodongs.com/imgsvr/item/GD_8801037096552_003.jpg
GS25,동서)단백질바50G,2100,2+1,https://image.woodongs.com/imgsvr/item/GD_8801037094701_002.jpg
GS25,동서)포스트에너지바45G(액티브),2100,2+1,https://image.woodongs.com/imgsvr/item/GD_8801037096491_002.jpg
GS25,동서)포스트에너지바50G(밸런스),2100,2+1,https://image.woodongs.com/imgsvr/item/GD_8801037096460_002.jpg
GS25,동서)포스트오곡코코볼바33G,1900,2+1,https://image.woodongs.com/imgsvr/item/GD_8801037095876_002.jpg
GS25,동서)포스트오레오오즈바24G,1900,2+1,https://image.woodongs.com/imgsvr/item/GD_8801037099973_002.jpg
GS25,동서)포스트오레오오즈바딥초코,1900,2+1,https://image.woodongs.com/imgsvr/item/GD_8801037099966_002.jpg
GS25,동서)포스트콘푸라이트바35G,1900,2+1,https://image.woodongs.com/imgsvr/item/GD_8801037095845_002.jpg
GS25,세꼼마)항균핸드워시250ML(레몬),7900,1+1,https://image.woodongs.com/imgsvr/item/GD_8801051110098_001.jpg
GS25,동서)리츠샌드위치크래커(지함),2400,2+1,https://image.woodongs.com/imgsvr/item/GD_8801037091526_001.jpg
GS25,오레오)웨하스스틱초코(지함),3400,2+1,https://image.woodongs.com/imgsvr/item/GD_8801037090185_002.jpg
GS25,동서)리츠크래커(지함),2000,2+1,https://image.woodongs.com/imgsvr/item/GD_8801037091519_002.jpg
GS25,동서)리츠크래커멕시칸타코73G,2000,2+1,https://image.woodongs.com/imgsvr/item/GD_8801037098921_001.jpg
GS25,동서)리츠크래커바삭김73G,2000,2+1,https://image.woodongs.com/imgsvr/item/GD_8801037097900_002.jpg
GS25,동서)리츠크래커어니언(지함),2000,2+1,https://image.woodongs.com/imgsvr/item/GD_8801037096217_003.jpg
GS25,동서)리츠크래커초코(지함),2000,2+1,https://image.woodongs.com/imgsvr/item/GD_8801037094374_001.jpg
GS25,동서)오레오딸기크림100G,2300,2+1,https://image.woodongs.com/imgsvr/item/GD_8801037088243_244.jpg
GS25,오레오)민트초코(지함),2300,2+1,https://image.woodongs.com/imgsvr/item/GD_8801037094909_002.jpg
GS25,오레오)시나몬번(지함),2300,2+1,https://image.woodongs.com/imgsvr/item/GD_8801037095302_002.jpg
GS25,오레오)씬즈초코크림(지함),2300,2+1,https://image.woodongs.com/imgsvr/item/GD_8801037094763_001.jpg
GS25,오레오)씬즈화이트크림(지함),2300,2+1,https://image.woodongs.com/imgsvr/item/GD_8801037091113_001.jpg
GS25,LG)온더바디촉촉한휘핑비누90G,3000,1+1,https://image.woodongs.com/imgsvr/item/GD_8801051103632_633.jpg
GS25,비욘드)모이스춰바디워시300ML,11900,1+1,https://image.woodongs.com/imgsvr/item/GD_8801051349030_002.jpg
GS25,리엔)흑모비책염색약(자연갈색),13900,1+1,https://image.woodongs.com/imgsvr/item/GD_8801051385397_003.jpg
GS25,리엔)흑모비책크림염색흑갈색,13900,1+1,https://image.woodongs.com/imgsvr/item/GD_8801051385410_002.jpg
GS25,히말라야핑크솔트칫솔1입,4900,1+1,https://image.woodongs.com/imgsvr/item/GD_8801051015430_004.jpg
GS25,페리오)듀얼클린칫솔(1+1기획),3500,1+1,https://image.woodongs.com/imgsvr/item/GD_8801051094466_004.jpg
GS25,페리오)토탈7미세모칫솔,4500,1+1,https://image.woodongs.com/imgsvr/item/GD_8801051097597_001.jpg
GS25,히말라야)핑크솔트치약100G,6000,1+1,https://image.woodongs.com/imgsvr/item/GD_8801051109009_001.jpg
GS25,페리오)46CM치약쿨민트100G,3900,1+1,https://image.woodongs.com/imgsvr/item/GD_8801051057577_578.jpg
GS25,페리오)덴탈쿨링마우스스프레이,4200,2+1,https://image.woodongs.com/imgsvr/item/GD_8801051053234.jpg
GS25,뉴케라시스)데미지린스250ML,6000,1+1,https://image.woodongs.com/imgsvr/item/GD_8801046902073_075.jpg
GS25,뉴케라시스)데미지샴푸250ML,6000,1+1,https://image.woodongs.com/imgsvr/item/GD_8801046900932_935.jpg
GS25,유어스(P)2080하이브리드칫솔,4000,1+1,https://image.woodongs.com/imgsvr/item/GD_8801046273982_001.jpg
GS25,애경)2080진지발리스K치약120G,4400,1+1,https://image.woodongs.com/imgsvr/item/GD_8801046996799_803.jpg
GS25,덴탈크리닉2080치약125G,4400,1+1,https://image.woodongs.com/imgsvr/item/GD_8801046846087_090.jpg
GS25,덴탈크리닉2080치솔,3000,1+1,https://image.woodongs.com/imgsvr/item/GD_8801046057216_001.jpg
GS25,유어스)어드밴스그랜드치약220G,6200,1+1,https://image.woodongs.com/imgsvr/item/GD_8801046272732_002.jpg
GS25,농심)VONO콘스프(3입),4400,2+1,https://image.woodongs.com/imgsvr/item/GD_4901001021994_995.jpg
GS25,농심)VONO포르치니버섯스프(3입),4400,2+1,https://image.woodongs.com/imgsvr/item/GD_4901001022564_566.jpg
GS25,켈)에너지바K크런치넛40G,2000,2+1,https://image.woodongs.com/imgsvr/item/GD_8852756120462_001.jpg
GS25,켈로그)콘푸로스트바35G,1700,2+1,https://image.woodongs.com/imgsvr/item/GD_8852756120363_002.jpg
GS25,코주부)K육포30G,5900,2+1,https://image.woodongs.com/imgsvr/item/GD_8804888003724_001.jpg
GS25,농심)가리비관자외피살구이14G,3900,2+1,https://image.woodongs.com/imgsvr/item/GD_4902181098738_001.jpg
GS25,아라움)매콤숯불맛장어구이,5900,2+1,https://image.woodongs.com/imgsvr/item/GD_8809389494163_002.jpg
GS25,아라움)후라이드오징어별떡볶이,5900,2+1,https://image.woodongs.com/imgsvr/item/GD_8809389494149_001.jpg
GS25,정화)불닭쫄깃쥐포60G,5900,2+1,https://image.woodongs.com/imgsvr/item/GD_8801308490539_001.jpg
GS25,정화)NEW해오징어버터구이36G,3900,2+1,https://image.woodongs.com/imgsvr/item/GD_8801308490560_001.jpg
GS25,헬로)츄츄(고양이간식/참치),800,2+1,https://image.woodongs.com/imgsvr/item/GD_8809266834143_002.jpg
GS25,퍼피아이)고구마오리100G,4500,2+1,https://image.woodongs.com/imgsvr/item/GD_8809734723795_001.jpg
GS25,퍼피아이)고구마치킨100G,4500,2+1,https://image.woodongs.com/imgsvr/item/GD_8809734722705_001.jpg
GS25,퍼피아이)오리육포100G,4500,2+1,https://image.woodongs.com/imgsvr/item/GD_8809734724716_001.jpg
GS25,홍선)도톰한민속육포30G,6600,1+1,https://image.woodongs.com/imgsvr/item/GD_8802456000199_001.jpg
GS25,홍선)부드러운쇠고기육포30G,6600,1+1,https://image.woodongs.com/imgsvr/item/GD_8802456000182_001.jpg
GS25,에너자이저프라이머리알카AA4,7400,2+1,https://image.woodongs.com/imgsvr/item/GD_8888021309133_001.jpg
GS25,에너자이저프라이머리알카AAA4,7400,2+1,https://image.woodongs.com/imgsvr/item/GD_8888021309096_001.jpg
GS25,에너자이저프라이머리알카AA2입,4400,2+1,https://image.woodongs.com/imgsvr/item/GD_8888021309119_002.jpg
GS25,에너자이저프라이머리알카AAA2입,4400,2+1,https://image.woodongs.com/imgsvr/item/GD_8888021309072_002.jpg
GS25,에너자이저맥스플러스AA4입,10900,2+1,https://image.woodongs.com/imgsvr/item/GD_8809175300487_002.jpg
GS25,에너자이저맥스플러스AAA4입,10900,2+1,https://image.woodongs.com/imgsvr/item/GD_8809175300555_002.jpg
GS25,에너자이저맥스플러스AA2입,6600,2+1,https://image.woodongs.com/imgsvr/item/GD_8809175300470_002.jpg
GS25,에너자이저맥스플러스AAA2입,6600,2+1,https://image.woodongs.com/imgsvr/item/GD_8809175300548_002.jpg
GS25,뉴트리플랜)라이트팝단호박,4500,2+1,https://image.woodongs.com/imgsvr/item/GD_8801047644637_001.jpg
GS25,뉴트리플랜)라이트팝자색고구마,4500,2+1,https://image.woodongs.com/imgsvr/item/GD_8801047644613_001.jpg
GS25,뉴트리플랜)소프트뮨닭가슴100G,2500,1+1,https://image.woodongs.com/imgsvr/item/GD_8801047648871_001.jpg
GS25,뉴트리플랜)소프트뮨참치&닭가슴,2500,1+1,https://image.woodongs.com/imgsvr/item/GD_8801047648864_001.jpg
GS25,동원)애묘프로틴스틱참치&닭5입,4000,1+1,https://image.woodongs.com/imgsvr/item/GD_8801047647881_001.jpg
GS25,동원)애묘프로틴스틱참치5입,4000,1+1,https://image.woodongs.com/imgsvr/item/GD_8801047647874_001.jpg
GS25,뉴트리플랜)하루영양(면역/관절),2400,2+1,https://image.woodongs.com/imgsvr/item/GD_8801047646563_002.jpg
GS25,뉴트리플랜)하루영양(유리너리),2400,2+1,https://image.woodongs.com/imgsvr/item/GD_8801047646556_002.jpg
GS25,뉴트리플랜)디쉬(참치&닭가슴살),3000,2+1,https://image.woodongs.com/imgsvr/item/GD_8801047646235_001.jpg
GS25,뉴트리플랜)애견홀릭(닭가슴살),3000,2+1,https://image.woodongs.com/imgsvr/item/GD_8801047646303_002.jpg
GS25,뉴트리플랜)애견홀릭(흰살참치),3000,2+1,https://image.woodongs.com/imgsvr/item/GD_8801047646297_002.jpg
GS25,뉴트리스틱)참치&닭가슴살14G*4,3000,1+1,https://image.woodongs.com/imgsvr/item/GD_8801047648024_001.JPG
GS25,뉴트리스틱)참치&연어14G*4,3000,1+1,https://image.woodongs.com/imgsvr/item/GD_8801047648048_001.JPG
GS25,뉴트리스틱)참치14G*4,3000,1+1,https://image.woodongs.com/imgsvr/item/GD_8801047648000_001.JPG
GS25,동원)애묘파우치(참치와연어)80G,1500,2+1,https://image.woodongs.com/imgsvr/item/GD_8801047643043_001.jpg
GS25,동원)뉴트리플랜참치(닭가슴살),2000,2+1,https://image.woodongs.com/imgsvr/item/GD_8801047642015_001.jpg
GS25,동원)뉴트리플랜참치(멸치),2000,2+1,https://image.woodongs.com/imgsvr/item/GD_8801047642008_002.jpg
GS25,동원)뉴트리플랜참치(치즈),2000,2+1,https://image.woodongs.com/imgsvr/item/GD_8801047642022_002.jpg
GS25,반려동물)논슬립패드10매,1900,1+1,https://image.woodongs.com/imgsvr/item/GD_8809638137162_002.jpg
GS25,띵크독)소고기우유껌70G,3200,2+1,https://image.woodongs.com/imgsvr/item/GD_8809509987643_002.jpg
GS25,띵크독)연어우유껌70G,3200,2+1,https://image.woodongs.com/imgsvr/item/GD_8809509987650_002.jpg
GS25,수제의여왕)소고기슬라이스70G,3200,2+1,https://image.woodongs.com/imgsvr/item/GD_8809488873029_001.jpg
GS25,수제의여왕)소고기큐브70G,3200,2+1,https://image.woodongs.com/imgsvr/item/GD_8809488873005_001.jpg
GS25,온)코튼풋발을씻자여행용50ML,9900,1+1,https://image.woodongs.com/imgsvr/item/GD_8809949568570_002.jpg
GS25,오가)히말라야핑크바디워시200G,5500,1+1,https://image.woodongs.com/imgsvr/item/GD_8801051298970_001.jpg
GS25,오가니스트)크랜베리바디워시500,9900,1+1,https://image.woodongs.com/imgsvr/item/GD_8801051107289_002.jpg
GS25,페리오)이지클리닉미세모칫솔,2200,1+1,https://image.woodongs.com/imgsvr/item/GD_8801051010367_368.jpg
GS25,LG)페리오토탈7오리지널120G,4700,1+1,https://image.woodongs.com/imgsvr/item/GD_8801051064223_225.jpg
GS25,오가)핑크솔트시카샴푸,7000,1+1,https://image.woodongs.com/imgsvr/item/GD_8801051299274_001.jpg
GS25,엘)프로틴트리트먼트200ML,12900,1+1,https://image.woodongs.com/imgsvr/item/GD_8809949543881_001.jpg
GS25,엘)프로틴헤어세럼100ML,12900,1+1,https://image.woodongs.com/imgsvr/item/GD_8809949543898_001.jpg
GS25,엘라스틴)프로틴볼륨샴푸480ML,12900,1+1,https://image.woodongs.com/imgsvr/item/GD_8801051307023_001.jpg
GS25,엘라스틴)프로틴샴푸480ML,12900,1+1,https://image.woodongs.com/imgsvr/item/GD_8801051292916_001.jpg
GS25,엘라스틴)퍼퓸러브미샴푸400ML,11900,1+1,https://image.woodongs.com/imgsvr/item/GD_8801051152845_846.jpg
GS25,뉴트로지나데일리립밤,5100,2+1,https://image.woodongs.com/imgsvr/item/GD_8801008004876_002.jpg
GS25,리스테린)토탈케어100ML,2700,2+1,https://image.woodongs.com/imgsvr/item/GD_8801008002131_003.jpg
GS25,리스테린)토탈케어마일드100ML,2700,2+1,https://image.woodongs.com/imgsvr/item/GD_8801108005803_001.jpg
GS25,리스테린)그린티100ML,2400,2+1,https://image.woodongs.com/imgsvr/item/GD_8801008700389_003.jpg
GS25,리스테린)쿨민트100ML,2400,2+1,https://image.woodongs.com/imgsvr/item/GD_8801008700174_175.jpg
GS25,리스테린)쿨민트마일드100ML,2400,2+1,https://image.woodongs.com/imgsvr/item/GD_8801108000273_002.jpg
GS25,리스테린)그린티250ML,5000,2+1,https://image.woodongs.com/imgsvr/item/GD_8801008700358_002.jpg
GS25,리스테린)쿨민트250ML,5000,2+1,https://image.woodongs.com/imgsvr/item/GD_8801008700105_107.jpg
GS25,리스테린)쿨민트마일드250ML,5000,2+1,https://image.woodongs.com/imgsvr/item/GD_8801008003848_003.jpg
GS25,존슨즈)베이비베드타임로션100ML,6000,2+1,https://image.woodongs.com/imgsvr/item/GD_8801008006344_002.jpg
GS25,존슨즈)베이비오일125ML,6000,2+1,https://image.woodongs.com/imgsvr/item/GD_8801008021200_003.jpg
GS25,존슨즈베이비핑크로션100ML,6000,2+1,https://image.woodongs.com/imgsvr/item/GD_8801008002858_004.jpg
GS25,오일컨트롤필름60입,5000,2+1,https://image.woodongs.com/imgsvr/item/GD_8801008200629_632.jpg
GS25,봄날)소소한입군고구마20G,1500,2+1,https://image.woodongs.com/imgsvr/item/GD_8809437450462_002.jpg
GS25,봄날)군고구마말랭이60G,3400,2+1,https://image.woodongs.com/imgsvr/item/GD_8809437450257_001.jpg
GS25,CJ)맛밤60G*4번들,14500,1+1,https://image.woodongs.com/imgsvr/item/GD_8801007908861_003.jpg
GS25,세이면)우리쌀떡국181G,3500,2+1,https://image.woodongs.com/imgsvr/item/GD_8809393810539_002.jpg
GS25,폰타나뽀모도로파스타소스150G,4100,2+1,https://image.woodongs.com/imgsvr/item/GD_8801005961585_002.jpg
GS25,크라운)빅파이3200,3200,2+1,https://image.woodongs.com/imgsvr/item/GD_8801111180481_483.jpg
GS25,크라운)쿠크다스3000,3000,2+1,https://image.woodongs.com/imgsvr/item/GD_8801111186117_119.jpg
GS25,크라운)산도(딸기)161G,2500,2+1,https://image.woodongs.com/imgsvr/item/GD_8801111917421_002.jpg
GS25,해태)프리츠발효버터(지함),1500,2+1,https://image.woodongs.com/imgsvr/item/GD_8801019317774_004.jpg
GS25,해태)프리츠토마토(지함),1500,2+1,https://image.woodongs.com/imgsvr/item/GD_8801019317767_005.jpg
GS25,해태)에이스씬솔티카라멜145G,2500,2+1,https://image.woodongs.com/imgsvr/item/GD_8801019320347_001.jpg
GS25,해태)샌드에이스연세우유크림51G,1500,2+1,https://image.woodongs.com/imgsvr/item/GD_8801019320125_001.jpg
GS25,해태)미니자유시간200G,6000,2+1,https://image.woodongs.com/imgsvr/item/GD_8801019207693_001.jpg
GS25,해태)화이트엔젤큐티슈27G,1700,2+1,https://image.woodongs.com/imgsvr/item/GD_8801019209277_001.jpg
GS25,담터)자판기우유맛한잔(원컵),1800,2+1,https://image.woodongs.com/imgsvr/item/GD_8809257335314_002.jpg
GS25,담터)쌍화차(원컵),1800,2+1,https://image.woodongs.com/imgsvr/item/GD_8803284610994_002.jpg
GS25,담터)포켓몬핫초코10입 [D2],7000,1+1,https://image.woodongs.com/imgsvr/item/GD_8809257334003_002.jpg
GS25,샘표)우리엄마메추리알장조림,3800,2+1,https://image.woodongs.com/imgsvr/item/GD_8801005484824_825.jpg
GS25,샘표)우리엄마깨끗한깻잎70G,3200,2+1,https://image.woodongs.com/imgsvr/item/GD_8801005302838_002.jpg
GS25,한성)런천미트340G,5900,2+1,https://image.woodongs.com/imgsvr/item/GD_8801074259637_002.jpg
GS25,한성)런천미트200G[D2],3900,2+1,https://image.woodongs.com/imgsvr/item/GD_8801074256308_001.jpg
GS25,한성)고미트햄340G[D2],8200,2+1,https://image.woodongs.com/imgsvr/item/GD_8801074006385_002.jpg
GS25,사조)살코기참치150G,4300,2+1,https://image.woodongs.com/imgsvr/item/GD_8801075010923_924.jpg
GS25,사조)살코기참치100G,3300,2+1,https://image.woodongs.com/imgsvr/item/GD_8801075011630_631.jpg
GS25,한성)쇠고기육포30G,5500,2+1,https://image.woodongs.com/imgsvr/item/GD_8801074008280_002.jpg
GS25,한성)일품도톰육포45G,5500,2+1,https://image.woodongs.com/imgsvr/item/GD_8801074006439_001.jpg
GS25,한성)일품쇠고기육포30G,5500,2+1,https://image.woodongs.com/imgsvr/item/GD_8801074009508_002.jpg
GS25,한성)일품실오징어30G,6600,2+1,https://image.woodongs.com/imgsvr/item/GD_8801074010207_001.jpg
GS25,한성)일품촉촉매콤스틱오징어30G,6600,2+1,https://image.woodongs.com/imgsvr/item/GD_8801074010535_001.jpg
GS25,한성)일품촉촉스틱오징어30G,6600,2+1,https://image.woodongs.com/imgsvr/item/GD_8801074010528_001.jpg
GS25,한성)철판구이오징어30G,6600,2+1,https://image.woodongs.com/imgsvr/item/GD_8801074007627_002.jpg
GS25,샘표)질러우육포라이트30G,5400,2+1,https://image.woodongs.com/imgsvr/item/GD_8801005014281_001.jpg
GS25,샘표)질러크레이지핫육포30G,4900,2+1,https://image.woodongs.com/imgsvr/item/GD_8801005013215_001.jpg
GS25,바이오)솔티드고구마스틱90G,5900,2+1,https://image.woodongs.com/imgsvr/item/GD_8800244143929_001.jpg
GS25,사조)쥐포후라이드불닭맛40G,5900,2+1,https://image.woodongs.com/imgsvr/item/GD_8801039011782_001.jpg
GS25,사조)쥐포후라이드허니소이맛40G,5900,2+1,https://image.woodongs.com/imgsvr/item/GD_8801039011775_001.jpg
GS25,CJ)맛콩검은콩50G,2900,1+1,https://image.woodongs.com/imgsvr/item/GD_8801392158353_002.jpg
GS25,CJ)맛콩병아리콩50G,2900,1+1,https://image.woodongs.com/imgsvr/item/GD_8801392158278_002.jpg
GS25,이모카세)김자반50G,5000,1+1,https://image.woodongs.com/imgsvr/item/GD_8809041725284_002.jpg
GS25,이모카세)도시락김(12봉),10500,1+1,https://image.woodongs.com/imgsvr/item/GD_8809041724805_003.jpg
GS25,성경)곱창김14G,2000,2+1,https://image.woodongs.com/imgsvr/item/GD_8807004004063_002.jpg
GS25,성경)재래도시락김(10봉),5000,1+1,https://image.woodongs.com/imgsvr/item/GD_8807004111242_001.jpg
GS25,성경)참돌자반70G,6000,1+1,https://image.woodongs.com/imgsvr/item/GD_8807004804762_002.jpg
GS25,성경)세번구운김밥김22G,5000,2+1,https://image.woodongs.com/imgsvr/item/GD_8807004000904_002.jpg
GS25,CJ)햇반귀리소고기죽265G,6900,1+1,https://image.woodongs.com/imgsvr/item/GD_8801392149917_002.jpg
GS25,CJ)햇반파로녹두닭죽265G,6900,1+1,https://image.woodongs.com/imgsvr/item/GD_8801392149870_002.jpg
GS25,CJ)햇반파로통곡물죽265G,6900,1+1,https://image.woodongs.com/imgsvr/item/GD_8801392149894_002.jpg
GS25,CJ)햇반누룽지닭백숙죽267G,5500,2+1,https://image.woodongs.com/imgsvr/item/GD_8801392114519_002.jpg
GS25,CJ)햇반단호박죽267G,5500,2+1,https://image.woodongs.com/imgsvr/item/GD_8801392114458_002.jpg
GS25,CJ)햇반버섯야채죽268G,5500,2+1,https://image.woodongs.com/imgsvr/item/GD_8801392114151_002.jpg
GS25,CJ)햇반소고기죽268G,5500,2+1,https://image.woodongs.com/imgsvr/item/GD_8801392114496_002.jpg
GS25,CJ)햇반통단팥죽267G,5500,2+1,https://image.woodongs.com/imgsvr/item/GD_8801392114434_002.jpg
GS25,동원)상상육포40G(스테이크),5900,2+1,https://image.woodongs.com/imgsvr/item/GD_8801047183655_002.jpg
GS25,동원)상상육포클래식40G,5900,2+1,https://image.woodongs.com/imgsvr/item/GD_8801047182948_002.jpg
GS25,CJ)맛군밤60G,3900,2+1,https://image.woodongs.com/imgsvr/item/GD_8801007427386_002.jpg
GS25,CJ)맛밤80G,3900,2+1,https://image.woodongs.com/imgsvr/item/GD_8801007022635_639.jpg
GS25,세아)킹오쨩103G,15900,2+1,https://image.woodongs.com/imgsvr/item/GD_8809877690459_002.jpg
GS25,세아)NEW바베큐조미오징어50G,6900,2+1,https://image.woodongs.com/imgsvr/item/GD_8809877690176_002.jpg
GS25,세아)매콤달콤먹태구이40G,6900,2+1,https://image.woodongs.com/imgsvr/item/GD_8809877690589_002.jpg
GS25,세아)삼천포맛오징어32G,6900,2+1,https://image.woodongs.com/imgsvr/item/GD_8809877690374_003.jpg
GS25,세아)킹오쨩32G,6900,2+1,https://image.woodongs.com/imgsvr/item/GD_8809877690442_002.jpg
GS25,오리온)다이제초코미니(6입),4000,2+1,https://image.woodongs.com/imgsvr/item/GD_8801117280611_001.jpg
GS25,오리온)쉘위카카오408G,6000,2+1,https://image.woodongs.com/imgsvr/item/GD_8801117561314_002.jpg
GS25,오리온)쉘위클래식408G,6000,2+1,https://image.woodongs.com/imgsvr/item/GD_8801117559519_002.jpg
GS25,오리온)카스타드276G,5400,2+1,https://image.woodongs.com/imgsvr/item/GD_8801117948511_002.jpg
GS25,오리온)마켓오한끼바40G,1500,2+1,https://image.woodongs.com/imgsvr/item/GD_8801117162306_001.jpg
GS25,오)오!그래놀라저당통보리255G,6200,2+1,https://image.woodongs.com/imgsvr/item/GD_8801117184605_002.jpg
GS25,동원)참치튜나페(갈릭마요),4900,2+1,https://image.woodongs.com/imgsvr/item/GD_8801047854128_001.jpg
GS25,동원)참치튜나페(고소마요),4900,2+1,https://image.woodongs.com/imgsvr/item/GD_8801047828396_003.jpg
GS25,CJ)스팸25%라이트340G[D2],8900,2+1,https://image.woodongs.com/imgsvr/item/GD_8801007029641_007.jpg
GS25,CJ)스팸340G,8900,2+1,https://image.woodongs.com/imgsvr/item/GD_8801007512235_237.jpg
GS25,CJ)스팸200G,6900,2+1,https://image.woodongs.com/imgsvr/item/GD_8801007512259_262.jpg
GS25,CJ)스팸120G,4700,2+1,https://image.woodongs.com/imgsvr/item/GD_8801007314891_001.jpg
GS25,오뚜기)가벼운참치135G[D2],3900,2+1,https://image.woodongs.com/imgsvr/item/GD_8801045429557_002.jpg
GS25,오뚜기)마일드참치135G[D2],3900,2+1,https://image.woodongs.com/imgsvr/item/GD_8801045501895_001.jpg
GS25,오뚜기)살코기참치135G,3900,2+1,https://image.woodongs.com/imgsvr/item/GD_8801045233444_001.jpg
GS25,오리온)핫브레이크416G,10000,2+1,https://image.woodongs.com/imgsvr/item/GD_8801117498405_001.jpg
GS25,허쉬)레귤러바쿠앤크카라멜38G,2000,2+1,https://image.woodongs.com/imgsvr/item/GD_6942836725181_001.jpg
GS25,허쉬)밀크초콜릿40G,2000,2+1,https://image.woodongs.com/imgsvr/item/GD_03424005_007.jpg
GS25,허쉬)아몬드초콜릿40G,2000,2+1,https://image.woodongs.com/imgsvr/item/GD_03424102_104.jpg
GS25,허쉬)쿠키앤크림초콜릿40G,2000,2+1,https://image.woodongs.com/imgsvr/item/GD_034000239344_348.jpg
GS25,롯데)허쉬너겟밀크56G,3000,2+1,https://image.woodongs.com/imgsvr/item/GD_6942836724825_001.jpg
GS25,롯데)허쉬너겟쿠앤크56G,3000,2+1,https://image.woodongs.com/imgsvr/item/GD_6942836725082_001.jpg
GS25,롯데)키세스밀크52G,2700,2+1,https://image.woodongs.com/imgsvr/item/GD_8801062641826_003.jpg
GS25,롯데)키세스아몬드52G,2700,2+1,https://image.woodongs.com/imgsvr/item/GD_8801062641895_004.jpg
GS25,롯데)키세스쿠키앤크림52G,2700,2+1,https://image.woodongs.com/imgsvr/item/GD_8801062642021_004.jpg
GS25,하림)더미식경상도소고기뭇국,7500,1+1,https://image.woodongs.com/imgsvr/item/GD_8809778498710_002.jpg
GS25,하림)더미식큼직한두부김치찌개,7500,1+1,https://image.woodongs.com/imgsvr/item/GD_8809778499236_001.jpg
GS25,하림)더미식큼직한두부된장찌개,7500,1+1,https://image.woodongs.com/imgsvr/item/GD_8809778499243_001.jpg
GS25,동원)양반전통김17G,2000,2+1,https://image.woodongs.com/imgsvr/item/GD_8801047222118_119.jpg
GS25,동원)양반김(들기름김)4.5G,800,2+1,https://image.woodongs.com/imgsvr/item/GD_8801047224341_343.jpg
GS25,동원)더바삭한양반김5G,1000,2+1,https://image.woodongs.com/imgsvr/item/GD_8801047224259_002.jpg
GS25,삼양)스틱불닭소스16G(1포),700,1+1,https://image.woodongs.com/imgsvr/item/GD_8801073411517_002.jpg
GS25,삼양)까르보불닭소스200G,5000,2+1,https://image.woodongs.com/imgsvr/item/GD_8801073411425_002.jpg
GS25,삼양)불닭소스200G,5000,2+1,https://image.woodongs.com/imgsvr/item/GD_8801073910263_002.jpg
GS25,삼양)까르보불닭떡볶이179G,3500,2+1,https://image.woodongs.com/imgsvr/item/GD_8801073310933_001.jpg
GS25,삼양)로제불닭떡볶이183G,3500,2+1,https://image.woodongs.com/imgsvr/item/GD_8801073311299_002.jpg
GS25,삼양)불닭떡볶이185G,3500,2+1,https://image.woodongs.com/imgsvr/item/GD_8801073310926_002.jpg
GS25,CJ)햇반(발아현미밥)130G(3입),5950,2+1,https://image.woodongs.com/imgsvr/item/GD_8801007281223_224.jpg
GS25,CJ)햇반(흑미밥)130G(3입),5950,2+1,https://image.woodongs.com/imgsvr/item/GD_8801007281247_248.jpg
GS25,CJ)10분쿡간장찜닭소스100G,4500,1+1,https://image.woodongs.com/imgsvr/item/GD_8801392122842_002.jpg
GS25,CJ)10분쿡고등어조림소스120G,4500,1+1,https://image.woodongs.com/imgsvr/item/GD_8801392122903_002.jpg
GS25,CJ)10분쿡된장보쌈소스120G,4500,1+1,https://image.woodongs.com/imgsvr/item/GD_8801392122705_002.jpg
GS25,CJ)꾸덕납작누들(매콤로제),4500,2+1,https://image.woodongs.com/imgsvr/item/GD_8801392162015_002.jpg
GS25,CJ)꾸덕납작누들(숯불치킨맛),4500,2+1,https://image.woodongs.com/imgsvr/item/GD_8801392158391_001.jpg
GS25,CJ)비비고닭곰탕500G,5900,2+1,https://image.woodongs.com/imgsvr/item/GD_8801007556376_002.jpg
GS25,CJ)비비고설렁탕500G,5900,2+1,https://image.woodongs.com/imgsvr/item/GD_8801007560922_002.jpg
GS25,CJ)비비고소고기미역국500G,5900,2+1,https://image.woodongs.com/imgsvr/item/GD_8801007561677_002.jpg
GS25,CJ)비비고육개장500G,5900,2+1,https://image.woodongs.com/imgsvr/item/GD_8801007526515_001.jpg
GS25,CJ)햇반파로누룽지30G,2400,2+1,https://image.woodongs.com/imgsvr/item/GD_8801392154942_002.jpg
GS25,CJ)햇반현미누룽지30G,2400,2+1,https://image.woodongs.com/imgsvr/item/GD_8801392154966_002.jpg
GS25,CJ)비비고떡볶이컵110G,3900,2+1,https://image.woodongs.com/imgsvr/item/GD_8801392090455_003.jpg
GS25,CJ)햇반발아현미밥작은공기130G,2100,2+1,https://image.woodongs.com/imgsvr/item/GD_8801007915364_002.jpg
GS25,CJ)햇반흑미밥작은공기130G,2100,2+1,https://image.woodongs.com/imgsvr/item/GD_8801007915340_002.jpg
GS25,CJ)말차햇반150G,2800,2+1,https://image.woodongs.com/imgsvr/item/GD_8801392179099_001.jpg
GS25,CJ)햇반(발아현미밥)210G,2800,2+1,https://image.woodongs.com/imgsvr/item/GD_8801007010410.jpg
GS25,CJ)햇반(찰잡곡밥)210G,2800,2+1,https://image.woodongs.com/imgsvr/item/GD_8801007818955_001.jpg
GS25,CJ)햇반매일잡곡밥210G,2800,2+1,https://image.woodongs.com/imgsvr/item/GD_8801007684543_003.jpg
GS25,CJ)큰햇반300G(3입),8300,2+1,https://image.woodongs.com/imgsvr/item/GD_8801007289649.jpg
GS25,CJ)햇반작은공기130G(3입),5100,2+1,https://image.woodongs.com/imgsvr/item/GD_8801007256238_002.jpg
GS25,CJ)햇반반공기130G,1700,2+1,https://image.woodongs.com/imgsvr/item/GD_8801007002989_990.jpg
GS25,CJ)큰햇반300G,2900,2+1,https://image.woodongs.com/imgsvr/item/GD_8801007054186_001.jpg
GS25,CJ)햇반(원형)210G,2100,2+1,https://image.woodongs.com/imgsvr/item/GD_8801007310572_573.jpg
GS25,오뚜기)바몬드고형카레약매,5500,2+1,https://image.woodongs.com/imgsvr/item/GD_8801045010182_001.jpg
GS25,오뚜기)컵떡볶이로제140G,3900,2+1,https://image.woodongs.com/imgsvr/item/GD_8801045906560_001.jpg
GS25,오뚜기)컵떡볶이오리지널136G,3900,2+1,https://image.woodongs.com/imgsvr/item/GD_8801045676869_001.jpg
GS25,오뚜기)이금기동파육180G,6500,1+1,https://image.woodongs.com/imgsvr/item/GD_8801045904801_002.jpg
GS25,오뚜기)이금기순살사태불족발,6500,1+1,https://image.woodongs.com/imgsvr/item/GD_8801045941592_002.jpg
GS25,오뚜기)간편육수링(멸치&디포리),7900,1+1,https://image.woodongs.com/imgsvr/item/GD_8801045500973_002.jpg
GS25,오뚜기)로스티드콘스프24G(3입),4400,1+1,https://image.woodongs.com/imgsvr/item/GD_8801045599533_002.jpg
GS25,오뚜기)마포식차돌된장찌개500G,8500,1+1,https://image.woodongs.com/imgsvr/item/GD_8801045634630_002.jpg
GS25,오뚜기)의정부식부대찌개500G,8500,1+1,https://image.woodongs.com/imgsvr/item/GD_8801045290973_002.jpg
GS25,오뚜기)종로식도가니탕500G,10900,1+1,https://image.woodongs.com/imgsvr/item/GD_8801045290829_002.jpg
GS25,오뚜기)사골곰탕500G,3000,1+1,https://image.woodongs.com/imgsvr/item/GD_8801045290102_001.jpg
GS25,오뚜기)미역국밥(컵밥),4800,1+1,https://image.woodongs.com/imgsvr/item/GD_8801045447063_002.jpg
GS25,오뚜기)사골곰탕밥(컵밥),4800,1+1,https://image.woodongs.com/imgsvr/item/GD_8801045681849_002.jpg
GS25,오뚜기)순후추돼지국밥(컵밥),4800,1+1,https://image.woodongs.com/imgsvr/item/GD_8801045897585_002.jpg
GS25,오뚜기)진짬뽕밥(컵밥),4800,1+1,https://image.woodongs.com/imgsvr/item/GD_8801045892276_002.jpg
GS25,오뚜기)계란야채죽285G,4500,1+1,https://image.woodongs.com/imgsvr/item/GD_8801045303055_003.jpg
GS25,오뚜기)단호박죽285G,4500,1+1,https://image.woodongs.com/imgsvr/item/GD_8801045303048_001.jpg
GS25,오뚜기)쇠고기죽285G,4500,1+1,https://image.woodongs.com/imgsvr/item/GD_8801045303017_003.jpg
GS25,오뚜기)영양닭죽285G,4500,1+1,https://image.woodongs.com/imgsvr/item/GD_8801045303062_001.jpg
GS25,오뚜기)통단팥죽285G,4500,1+1,https://image.woodongs.com/imgsvr/item/GD_8801045303031_001.jpg
GS25,오뚜기)전복죽285G,4500,2+1,https://image.woodongs.com/imgsvr/item/GD_8801045303000_001.jpg
GS25,농심)배홍동막국수(봉지),1700,2+1,https://image.woodongs.com/imgsvr/item/GD_8801043060127_001.jpg
GS25,농심)배홍동쫄쫄면(봉지),1700,2+1,https://image.woodongs.com/imgsvr/item/GD_8801043067430_003.jpg
GS25,농심)배홍동칼빔면(봉지),1700,2+1,https://image.woodongs.com/imgsvr/item/GD_8801043029964_002.jpg
GS25,농심)배홍동비빔면(봉지),1250,2+1,https://image.woodongs.com/imgsvr/item/GD_8801043060356_001.jpg
GS25,농심)신라면로제(봉지),1500,2+1,https://image.woodongs.com/imgsvr/item/GD_8801043065368_001.jpg
GS25,농심)신라면툼바(봉지),1500,2+1,https://image.woodongs.com/imgsvr/item/GD_8801043018951_002.jpg
GS25,농심)라뽁구리큰사발면(대컵),1900,2+1,https://image.woodongs.com/imgsvr/item/GD_8801043044592_001.jpg
GS25,농심)누들핏새우탕맛(소컵),1800,2+1,https://image.woodongs.com/imgsvr/item/GD_8801043047838_001.jpg
GS25,농심)누들핏육개장사발면맛,1800,2+1,https://image.woodongs.com/imgsvr/item/GD_8801043006460_002.jpg
GS25,농심)배홍동큰사발(대컵),1800,2+1,https://image.woodongs.com/imgsvr/item/GD_8801043011235_001.jpg
GS25,농심)신라면건면사발(대컵),1800,2+1,https://image.woodongs.com/imgsvr/item/GD_8801043056489_002.jpg
GS25,농심)신라면로제큰사발면(대컵),1800,2+1,https://image.woodongs.com/imgsvr/item/GD_8801043062435_001.jpg
GS25,농심)신라면툼바큰사발(대컵),1800,2+1,https://image.woodongs.com/imgsvr/item/GD_8801043017022_002.jpg
GS25,농심)짜파게티더블랙사발(대컵),1800,2+1,https://image.woodongs.com/imgsvr/item/GD_8801043022262_002.jpg
GS25,농심)김치큰사발(대컵),1500,2+1,https://image.woodongs.com/imgsvr/item/GD_8801043015929_931.jpg
GS25,농심)사리곰탕큰사발(대컵),1500,2+1,https://image.woodongs.com/imgsvr/item/GD_8801043015943_945.jpg
GS25,농심)새우탕(소컵),1250,2+1,https://image.woodongs.com/imgsvr/item/GD_8801043015776_778.jpg
GS25,농심)튀김우동(소컵),1250,2+1,https://image.woodongs.com/imgsvr/item/GD_8801043015813_001.jpg
GS25,하림)장인라면담백한맛(대컵),2800,2+1,https://image.woodongs.com/imgsvr/item/GD_8801492380357_002.jpg
GS25,하림)장인라면맵싸한맛(대컵),2800,2+1,https://image.woodongs.com/imgsvr/item/GD_8809778496075_002.jpg
GS25,하림)치킨왕라면(대컵),1800,2+1,https://image.woodongs.com/imgsvr/item/GD_8800354750277_001.jpg
GS25,하림)훌라면(봉지),1600,2+1,https://image.woodongs.com/imgsvr/item/GD_8800354750161_001.jpg
GS25,삼양)맵탱김치비빔면(봉지),1400,1+1,https://image.woodongs.com/imgsvr/item/GD_8801073116856_002.jpg
GS25,삼양)맵탱마늘조개라면(봉),1500,2+1,https://image.woodongs.com/imgsvr/item/GD_8801073116269_001.jpg
GS25,삼양)맵탱청양대파라면(봉),1500,2+1,https://image.woodongs.com/imgsvr/item/GD_8801073116290_001.jpg
GS25,삼양)탱글갈릭오일파스타(봉지),2200,2+1,https://image.woodongs.com/imgsvr/item/GD_8801073116849_001.jpg
GS25,삼양)탱글머쉬룸크림파스타(봉지,2200,2+1,https://image.woodongs.com/imgsvr/item/GD_8801073116832_001.jpg
GS25,삼양)1963삼양라면(봉지),1900,2+1,https://image.woodongs.com/imgsvr/item/GD_8801073117037_001.jpg
GS25,삼양)1963우지파개장(대컵),1950,2+1,https://image.woodongs.com/imgsvr/item/GD_8801073217270_001.jpg
GS25,삼양)맵탱마늘조개라면(대컵),1800,1+1,https://image.woodongs.com/imgsvr/item/GD_8801073216198_004.jpg
GS25,삼양)맵탱청양고추대파(대컵),1800,1+1,https://image.woodongs.com/imgsvr/item/GD_8801073216204_003.jpg
GS25,삼양)탱글갈릭오일파스타(대컵),2500,2+1,https://image.woodongs.com/imgsvr/item/GD_8801073216570_001.jpg
GS25,삼양)탱글머쉬룸파스타(대컵),2500,2+1,https://image.woodongs.com/imgsvr/item/GD_8801073216563_001.jpg
GS25,오뚜기)진밀면(봉지),1700,2+1,https://image.woodongs.com/imgsvr/item/GD_8801045161020_001.jpg
GS25,오뚜기)짜슐랭(봉지),1200,2+1,https://image.woodongs.com/imgsvr/item/GD_8801045033181_001.jpg
GS25,오뚜기)진비빔면(봉지),1250,2+1,https://image.woodongs.com/imgsvr/item/GD_8801045526294_001.jpg
GS25,오뚜기)육개장(소컵),1100,2+1,https://image.woodongs.com/imgsvr/item/GD_8801045702643_004.jpg
GS25,오뚜기)진라면약간매운맛(소컵),1100,2+1,https://image.woodongs.com/imgsvr/item/GD_8801045643359_001.jpg
GS25,오뚜기)컵누들마라탕(소컵),1800,2+1,https://image.woodongs.com/imgsvr/item/GD_8801045512518_005.jpg
GS25,오뚜기)컵누들저당불닭(소컵),1800,2+1,https://image.woodongs.com/imgsvr/item/GD_8801045779959_001.jpg
GS25,오뚜기)컵누들진짬뽕(소컵),1800,2+1,https://image.woodongs.com/imgsvr/item/GD_8801045315072_003.jpg
GS25,오뚜기)컵누들참깨라면(소컵),1800,2+1,https://image.woodongs.com/imgsvr/item/GD_8801045684192_002.jpg
GS25,오뚜기)제주라면(대컵),2300,2+1,https://image.woodongs.com/imgsvr/item/GD_8801045833934_001.jpg
GS25,오뚜기)로제열라면(대컵),2000,2+1,https://image.woodongs.com/imgsvr/item/GD_8801045654348_001.jpg
GS25,오뚜기)진짬뽕(대컵),2000,2+1,https://image.woodongs.com/imgsvr/item/GD_8801045574585_002.jpg
GS25,오뚜기)짜슐랭(대컵),2000,2+1,https://image.woodongs.com/imgsvr/item/GD_8801045167237_002.jpg
GS25,오뚜기)진비빔면(대컵),1800,2+1,https://image.woodongs.com/imgsvr/item/GD_8801045431314_003.jpg
GS25,오뚜기)진라면순한맛(대컵),1400,2+1,https://image.woodongs.com/imgsvr/item/GD_8801045571362_003.jpg
GS25,오뚜기)진라면약간매운맛(대컵),1400,2+1,https://image.woodongs.com/imgsvr/item/GD_8801045823898_001.jpg
GS25,크리넥스)여행용티슈70매,1400,1+1,https://image.woodongs.com/imgsvr/item/GD_8801166029681_002.jpg
GS25,디어스킨)리얼모달대14P,8600,1+1,https://image.woodongs.com/imgsvr/item/GD_8801260420339_002.jpg
GS25,디어스킨)리얼모달중16P,8600,1+1,https://image.woodongs.com/imgsvr/item/GD_8801260420322_002.jpg
GS25,깨끗한나라)LG트윈스쿨링타올1매,1500,2+1,https://image.woodongs.com/imgsvr/item/GD_8801260611072_001.jpg
GS25,순수한면)쿨링브리즈중형4P,3600,1+1,https://image.woodongs.com/imgsvr/item/GD_8801260422210_001.jpg
GS25,순수한면)실키소프트라이너20P,5800,1+1,https://image.woodongs.com/imgsvr/item/GD_8801260421930_001.jpg
GS25,순수한면)실키소프트대14P,8700,1+1,https://image.woodongs.com/imgsvr/item/GD_8801260421923_001.jpg
GS25,순수한면)실키소프트중16P,8700,1+1,https://image.woodongs.com/imgsvr/item/GD_8801260421916_001.jpg
GS25,유어스)보솜이물티슈20매,2100,2+1,https://image.woodongs.com/imgsvr/item/GD_8801260604654_655.jpg
GS25,디어스킨)에어쿨링대형14P,8900,1+1,https://image.woodongs.com/imgsvr/item/GD_8801260421596_001.jpg
GS25,디어스킨)에어쿨링중형16P,8900,1+1,https://image.woodongs.com/imgsvr/item/GD_8801260421589_001.jpg
GS25,깨끗한나라)순수프리미엄와이드,39800,1+1,https://image.woodongs.com/imgsvr/item/GD_8801260114948_001.jpg
GS25,건강한)순수한면대형14P,8900,1+1,https://image.woodongs.com/imgsvr/item/GD_8801260418602_005.jpg
GS25,건강한)순수한면소형18P,8900,1+1,https://image.woodongs.com/imgsvr/item/GD_8801260418589_003.jpg
GS25,건강한)순수한면중형16P,8900,1+1,https://image.woodongs.com/imgsvr/item/GD_8801260418596_003.jpg
GS25,유어스)보솜이물티슈60매(캡형),6000,1+1,https://image.woodongs.com/imgsvr/item/GD_8801260603855_857.jpg
GS25,유어스)페퍼민트물티슈60매,5200,1+1,https://image.woodongs.com/imgsvr/item/GD_8801260603831_834.jpg
GS25,슈가버블)주방세제레몬민트1.2L,6900,1+1,https://image.woodongs.com/imgsvr/item/GD_8809107607684_001.jpg
GS25,슈가버블)버블원샷클린핏1.7L,8900,1+1,https://image.woodongs.com/imgsvr/item/GD_8800248540342_002.jpg
GS25,라엘)순면커버대형14P,11900,1+1,https://image.woodongs.com/imgsvr/item/GD_8809641113344_001.jpg
GS25,라엘)순면커버중형16P,11900,1+1,https://image.woodongs.com/imgsvr/item/GD_8809641113337_001.jpg
GS25,라엘)유기농순면롱라이너18P,5900,1+1,https://image.woodongs.com/imgsvr/item/GD_859306006526_002.jpg
GS25,대상)로우앤컷저당애사비(애플),12900,1+1,https://image.woodongs.com/imgsvr/item/GD_8805999612874_001.jpg
GS25,대상)로우앤컷저당애사비(피치),12900,1+1,https://image.woodongs.com/imgsvr/item/GD_8805999612881_001.jpg
GS25,CJ)밸런스밀바말차초코38G,2900,1+1,https://image.woodongs.com/imgsvr/item/GD_8801392154379_003.jpg
GS25,CJ)밸런스밀바피넛버터34G,2900,1+1,https://image.woodongs.com/imgsvr/item/GD_8801392154393_003.jpg
GS25,CJ)밸런스밀쉐이크견과45G,4500,1+1,https://image.woodongs.com/imgsvr/item/GD_8801392154577_001.jpg
GS25,CJ)밸런스밀쉐이크귀리45G,4500,1+1,https://image.woodongs.com/imgsvr/item/GD_8801392154553_001.jpg
GS25,CJ)밸런스밀쉐이크카카오45G,4500,1+1,https://image.woodongs.com/imgsvr/item/GD_8801392154591_001.jpg
GS25,스너글)멜로우선샤인퀵드라이150,6900,1+1,https://image.woodongs.com/imgsvr/item/GD_8801619945353_001.jpg
GS25,스너글)블루스파클플러스150ML,6900,1+1,https://image.woodongs.com/imgsvr/item/GD_8801619945377_001.jpg
GS25,스너글)시트러스더블소프트150ML,6900,1+1,https://image.woodongs.com/imgsvr/item/GD_8801619945292_001.jpg
GS25,스너글)허거블선샤인퀵드라이150,6900,1+1,https://image.woodongs.com/imgsvr/item/GD_8801619945339_001.jpg
GS25,스너글)허거블코튼더블소프트150,6900,1+1,https://image.woodongs.com/imgsvr/item/GD_8801619945278_001.jpg
GS25,이너시아)더프리즘3P대형,4900,1+1,https://image.woodongs.com/imgsvr/item/GD_8809890840749_001.jpg
GS25,이너시아)더프리즘3P중형,4900,1+1,https://image.woodongs.com/imgsvr/item/GD_8809890840732_001.jpg
GS25,CJ)백설1분링(멸치디포리)40G,4900,1+1,https://image.woodongs.com/imgsvr/item/GD_8801392107542_002.jpg
GS25,CJ)백설1분링(사골)40G[D2],4900,1+1,https://image.woodongs.com/imgsvr/item/GD_8801392107566_001.jpg
GS25,네이즈)블루미물티슈80매(캡),6000,1+1,https://image.woodongs.com/imgsvr/item/GD_8809848531903_001.jpg
GS25,네이즈)노블물티슈20매(캡),2800,1+1,https://image.woodongs.com/imgsvr/item/GD_8809848530388_001.jpg
GS25,백설)멸치디포리1분링80G,8900,1+1,https://image.woodongs.com/imgsvr/item/GD_8801392061622_002.jpg
GS25,백설)사골가득1분링80G,8900,1+1,https://image.woodongs.com/imgsvr/item/GD_8801392061646_002.jpg
GS25,네이즈)그랑물티슈120매(캡),6500,1+1,https://image.woodongs.com/imgsvr/item/GD_8809848530401_001.jpg
GS25,나무야키친타월150매*4롤,10000,1+1,https://image.woodongs.com/imgsvr/item/GD_8809180746232_233.jpg
GS25,잘풀리는집클래식9롤,15900,1+1,https://image.woodongs.com/imgsvr/item/GD_8809848530029_001.jpg
GS25,CJ)비비고직화들기름김(12봉),10800,1+1,https://image.woodongs.com/imgsvr/item/GD_8801007683522_002.jpg
GS25,유어스)나무야천연3겹25M30롤,33800,1+1,https://image.woodongs.com/imgsvr/item/GD_8809848531446_001.jpg
GS25,CJ)명가김자반(한식간장)20G,3200,1+1,https://image.woodongs.com/imgsvr/item/GD_8801007373218_002.jpg
GS25,CJ)비비고갈비탕400G,11900,1+1,https://image.woodongs.com/imgsvr/item/GD_8801007712079_004.jpg
GS25,CJ)비비고도가니곰탕460G,11900,1+1,https://image.woodongs.com/imgsvr/item/GD_8801007923000_002.jpg
GS25,CJ)비비고추어탕460G,11900,1+1,https://image.woodongs.com/imgsvr/item/GD_8801007769868_003.jpg
GS25,좋은느낌)센서티브스킨라이너36P,8600,1+1,https://image.woodongs.com/imgsvr/item/GD_8801166093781_004.jpg
GS25,좋은느낌)센서티브스킨수퍼롱10P,10800,1+1,https://image.woodongs.com/imgsvr/item/GD_8801166094269_005.jpg
GS25,화이트)제로필라이너롱36P,8800,1+1,https://image.woodongs.com/imgsvr/item/GD_8801166095150_004.jpg
GS25,좋은느낌)썸머입오버대형4P,12000,1+1,https://image.woodongs.com/imgsvr/item/GD_8801166097765_002.jpg
GS25,좋은느낌)썸머입오버중형4P,12000,1+1,https://image.woodongs.com/imgsvr/item/GD_8801166097758_003.jpg
GS25,좋은느낌)입는오버나이트L4P,10500,1+1,https://image.woodongs.com/imgsvr/item/GD_8801166230476_003.jpg
GS25,좋은느낌)입는오버나이트M4P,10500,1+1,https://image.woodongs.com/imgsvr/item/GD_8801166230469_003.jpg
GS25,크리넥스)뽑아쓰는키친타월흑백,4000,1+1,https://image.woodongs.com/imgsvr/item/GD_8801166034609_001.jpg
GS25,유어스)크리넥스쁘띠물티슈,500,1+1,https://image.woodongs.com/imgsvr/item/GD_8801166056380_001.jpg
GS25,좋은느낌)울트라날개오버14P,10900,1+1,https://image.woodongs.com/imgsvr/item/GD_8801166234221_003.jpg
GS25,화이트)제로필특대형15P,13800,1+1,https://image.woodongs.com/imgsvr/item/GD_8801166094917_002.jpg
GS25,화이트)제로필대형14P,10000,1+1,https://image.woodongs.com/imgsvr/item/GD_8801166094894_002.jpg
GS25,하기스)네이처메이드물티슈70매,5800,1+1,https://image.woodongs.com/imgsvr/item/GD_8801166389129_002.jpg
GS25,애니데이)패드중용량12P,7900,1+1,https://image.woodongs.com/imgsvr/item/GD_8801166241618_001.jpg
GS25,애니데이)라이너수퍼롱21P,8800,1+1,https://image.woodongs.com/imgsvr/item/GD_8801166250856_002.jpg
GS25,그린핑거)산리오물티슈20매,2000,1+1,https://image.woodongs.com/imgsvr/item/GD_8801166406574_001.jpg
GS25,그린핑거)산리오물티슈100매,5800,1+1,https://image.woodongs.com/imgsvr/item/GD_8801166405126_001.jpg
GS25,CJ)비비고돼지고기김치찌개460G,9900,1+1,https://image.woodongs.com/imgsvr/item/GD_8801007761749_003.jpg
GS25,CJ)비비고두부듬뿍김치찌개460G,9900,1+1,https://image.woodongs.com/imgsvr/item/GD_8801007528557_002.jpg
GS25,CJ)비비고두부듬뿍된장찌개460G,9900,1+1,https://image.woodongs.com/imgsvr/item/GD_8801007528595_002.jpg
GS25,CJ)비비고두부청국장찌개460G,9900,1+1,https://image.woodongs.com/imgsvr/item/GD_8801392123405_002.jpg
GS25,CJ)비비고소고기듬뿍무국500G,9900,1+1,https://image.woodongs.com/imgsvr/item/GD_8801392114779_002.jpg
GS25,CJ)비비고소고기듬뿍미역국460G,9900,1+1,https://image.woodongs.com/imgsvr/item/GD_8801392032998_002.jpg
GS25,CJ)비비고소고기듬뿍설렁탕460G,9900,1+1,https://image.woodongs.com/imgsvr/item/GD_8801392032950_002.jpg
GS25,CJ)비비고시래기듬뿍된장국460G,9900,1+1,https://image.woodongs.com/imgsvr/item/GD_8801392123320_002.jpg
GS25,CJ)비비고시래기듬뿍장터국500G,9900,1+1,https://image.woodongs.com/imgsvr/item/GD_8801392123429_002.jpg
GS25,CJ)비비고차돌된장찌개460G,9900,1+1,https://image.woodongs.com/imgsvr/item/GD_8801007737089_003.jpg
GS25,CJ)비비고황태듬뿍해장국460G,9900,1+1,https://image.woodongs.com/imgsvr/item/GD_8801392114755_002.jpg
GS25,스카트)생분해세정티슈60매,7500,1+1,https://image.woodongs.com/imgsvr/item/GD_8801166034401_001.jpg
GS25,크리넥스)클래식소프트180매X3입,16800,1+1,https://image.woodongs.com/imgsvr/item/GD_8801166021807_002.jpg
GS25,크리넥스)수앤수물티슈96매(캡),6100,1+1,https://image.woodongs.com/imgsvr/item/GD_8801166059671_003.jpg
GS25,CJ)비비고저나트륨사골곰탕500G,3200,1+1,https://image.woodongs.com/imgsvr/item/GD_8801392110733_002.jpg
GS25,CJ)비비고한우사골곰탕500G,3200,1+1,https://image.woodongs.com/imgsvr/item/GD_8801007849805_001.jpg
GS25,크리넥스)마이비데클린케어10매,1600,1+1,https://image.woodongs.com/imgsvr/item/GD_8801166055123_001.jpg
GS25,크리넥스)안심물티슈10매,2000,1+1,https://image.woodongs.com/imgsvr/item/GD_8801166053365_001.JPG
GS25,CJ)비비고사골곰탕500G,2900,1+1,https://image.woodongs.com/imgsvr/item/GD_8801007526492_001.jpg
GS25,크리넥스)안심3겹키친타월150*2R,9400,1+1,https://image.woodongs.com/imgsvr/item/GD_8801166034197_001.jpg
GS25,크리넥스3겹데코(12롤*35M),28800,1+1,https://image.woodongs.com/imgsvr/item/GD_8801166012126_131.jpg
GS25,화이트)오마이유기농탐폰8P레귤,10900,1+1,https://image.woodongs.com/imgsvr/item/GD_8801166093200_001.jpg
GS25,화이트)오마이유기농탐폰8P슈퍼,10900,1+1,https://image.woodongs.com/imgsvr/item/GD_8801166093217_001.jpg
GS25,CJ)햇반(매일잡곡밥)210G(3입),7900,2+1,https://image.woodongs.com/imgsvr/item/GD_8801007684567_003.jpg
GS25,CJ)햇반(발아현미밥)210G(3입),7900,2+1,https://image.woodongs.com/imgsvr/item/GD_8801007216294_003.jpg
GS25,CJ)햇반(흑미밥)210G(3입),7900,2+1,https://image.woodongs.com/imgsvr/item/GD_8801007216317_002.jpg
GS25,좋은느낌)유기농무표백라이너27,7800,1+1,https://image.woodongs.com/imgsvr/item/GD_8801166090018_002.jpg
GS25,CJ)햇반100%현미밥130G(3입),7500,1+1,https://image.woodongs.com/imgsvr/item/GD_8801007327372_002.jpg
GS25,CJ)햇반푸키루키유기농쌀밥(3입),7500,1+1,https://image.woodongs.com/imgsvr/item/GD_8801392155710_001.jpg
GS25,화이트)드림가드수퍼롱3P,3900,1+1,https://image.woodongs.com/imgsvr/item/GD_8801166099004_002.jpg
GS25,화이트)수퍼흡수드림핏수퍼롱8p,8400,1+1,https://image.woodongs.com/imgsvr/item/GD_8801166092357_001.jpg
GS25,CJ)100%통곡물밥130G,2600,1+1,https://image.woodongs.com/imgsvr/item/GD_8801392101724_003.jpg
GS25,CJ)햇반100%현미밥130G,2600,1+1,https://image.woodongs.com/imgsvr/item/GD_8801392023200_002.jpg
GS25,좋은느낌)유기농순면뉴수퍼롱8P,10600,1+1,https://image.woodongs.com/imgsvr/item/GD_8801166239172_005.jpg
GS25,동원)참치액진500ML,8900,1+1,https://image.woodongs.com/imgsvr/item/GD_8801047216414_002.jpg
GS25,동원)양반수라보양추어탕460G,11900,1+1,https://image.woodongs.com/imgsvr/item/GD_8801047168300_002.jpg
GS25,좋은느낌)수퍼롱4P,4100,1+1,https://image.woodongs.com/imgsvr/item/GD_8801166234412_006.jpg
GS25,동원)진한사골쌀떡국151G,3900,2+1,https://image.woodongs.com/imgsvr/item/GD_8801047416395_002.jpg
GS25,좋은느낌)유기농무표백입는오버L,11200,1+1,https://image.woodongs.com/imgsvr/item/GD_8801166239912_003.jpg
GS25,좋은느낌)유기농무표백입오버M4P,11200,1+1,https://image.woodongs.com/imgsvr/item/GD_8801166239738_001.jpg
GS25,좋은느낌)입는데이팬티L4P,10900,1+1,https://image.woodongs.com/imgsvr/item/GD_8801166098991_002.jpg
GS25,좋은느낌)입는데이팬티M4P,10900,1+1,https://image.woodongs.com/imgsvr/item/GD_8801166098984_002.jpg
GS25,동원)양반나주식곰탕460G,3900,1+1,https://image.woodongs.com/imgsvr/item/GD_8801047168263_003.jpg
GS25,좋은느낌)썸머대형16P,11000,1+1,https://image.woodongs.com/imgsvr/item/GD_8801166097789_002.jpg
GS25,좋은느낌)수퍼소프트대형4P,3000,1+1,https://image.woodongs.com/imgsvr/item/GD_8801166099745_001.jpg
GS25,좋은느낌)수퍼소프트중형4P,3000,1+1,https://image.woodongs.com/imgsvr/item/GD_8801166093477_001.jpg
GS25,동원)양반쇠고기죽287G,4500,1+1,https://image.woodongs.com/imgsvr/item/GD_8801047161608_610.jpg
GS25,동원)양반야채죽287G,4500,1+1,https://image.woodongs.com/imgsvr/item/GD_8801047161646_649.jpg
GS25,화이트)스테이쿨대형3P,2600,1+1,https://image.woodongs.com/imgsvr/item/GD_8801166093156_001.jpg
GS25,동원)양반누룽지닭죽285G,4500,2+1,https://image.woodongs.com/imgsvr/item/GD_8801047161677_680.jpg
GS25,동원)양반단호박죽285G,4500,2+1,https://image.woodongs.com/imgsvr/item/GD_8801047161592_596.jpg
GS25,동원)양반밤단팥죽285G,4500,2+1,https://image.woodongs.com/imgsvr/item/GD_8801047161653_655.jpg
GS25,동원)양반전복죽287G,4500,2+1,https://image.woodongs.com/imgsvr/item/GD_8801047161578_579.jpg
GS25,동원)양반참치죽287G,4500,2+1,https://image.woodongs.com/imgsvr/item/GD_8801047161585_588.jpg
GS25,화이트)스테이쿨대형16P,12500,1+1,https://image.woodongs.com/imgsvr/item/GD_8801166099196_001.jpg
GS25,화이트)스테이쿨입는오버대형4P,12500,1+1,https://image.woodongs.com/imgsvr/item/GD_8801166099028_001.jpg
GS25,화이트)스테이쿨입는오버중형4P,12500,1+1,https://image.woodongs.com/imgsvr/item/GD_8801166099011_001.jpg
GS25,화이트)스테이쿨중형18P,12500,1+1,https://image.woodongs.com/imgsvr/item/GD_8801166099189_001.jpg
GS25,좋은느낌)유기농무표백대형4P,3900,1+1,https://image.woodongs.com/imgsvr/item/GD_8801166091244_003.jpg
GS25,좋은느낌)유기농무표백중형4P,3900,1+1,https://image.woodongs.com/imgsvr/item/GD_8801166092401_002.jpg
GS25,좋은느낌)유기농순면뉴슬날대14P,12000,1+1,https://image.woodongs.com/imgsvr/item/GD_8801166239134_004.jpg
GS25,좋은느낌)유기농순면뉴슬날중14P,10300,1+1,https://image.woodongs.com/imgsvr/item/GD_8801166239110_004.jpg
GS25,좋은느낌)좋은순면수퍼롱10P,10400,1+1,https://image.woodongs.com/imgsvr/item/GD_8801166234122_004.jpg
GS25,좋은느낌)좋은순면울날대16P,10400,1+1,https://image.woodongs.com/imgsvr/item/GD_8801166231367_005.jpg
GS25,좋은느낌)좋은순면울날중18P,10400,1+1,https://image.woodongs.com/imgsvr/item/GD_8801166234153_005.jpg
GS25,좋은느낌)에어핏쿠션울날대16P,9900,1+1,https://image.woodongs.com/imgsvr/item/GD_8801166234214_004.jpg
GS25,좋은느낌)울트라날개중18P,9900,1+1,https://image.woodongs.com/imgsvr/item/GD_8801166234023_003.jpg
GS25,좋은느낌)울트라날개대4P,2800,1+1,https://image.woodongs.com/imgsvr/item/GD_8801166094054_002.jpg
GS25,좋은느낌)울트라날개중4P,2000,1+1,https://image.woodongs.com/imgsvr/item/GD_8801166234399_006.jpg
GS25,화이트)수퍼흡수대형16P,9700,1+1,https://image.woodongs.com/imgsvr/item/GD_8801166238786_002.jpg
GS25,화이트)수퍼흡수중형18P,9700,1+1,https://image.woodongs.com/imgsvr/item/GD_8801166238762_002.jpg
GS25,키다리)세이면소고기쌀국수(대컵,2600,2+1,https://image.woodongs.com/imgsvr/item/GD_8809393810584_001.jpg
GS25,키다리)세이면잔치쌀국수(대컵),2600,2+1,https://image.woodongs.com/imgsvr/item/GD_8809393810676_001.jpg
GS25,키다리)세이면중화쌀짬뽕(대컵),2600,2+1,https://image.woodongs.com/imgsvr/item/GD_8809393810683_001.jpg
GS25,온작)이영자PICK통통돈육포,5900,1+1,https://image.woodongs.com/imgsvr/item/GD_8809150679430_002.jpg
GS25,온작)이영자PICK매콤우육포,6600,1+1,https://image.woodongs.com/imgsvr/item/GD_8809150679409_002.jpg
GS25,온작)이영자PICK통통우육포,6600,1+1,https://image.woodongs.com/imgsvr/item/GD_8809150679393_002.jpg
GS25,한독)레디큐프로120ML[D2],6000,1+1,https://image.woodongs.com/imgsvr/item/GD_8806107614018_002.jpg
